INSERT INTO author (id, name, password) VALUES ('5044ebea-085c-44a4-a601-6feaa8e6afef', 'author0', 'qwerty');
INSERT INTO questionnaire (id, name, question, author_id, multiple) VALUES ('cb70c074-82ef-4114-aabc-e940a19b5bb0', 'Граница обучения кадров сделала своё дело', 'Как принято считать, элементы политического процесса и по сей день остаются уделом либералов, которые жаждут быть превращены в посмешище, хотя само их существование приносит несомненную пользу обществу. Однозначно, сторонники тоталитаризма в науке будут разоблачены.', '5044ebea-085c-44a4-a601-6feaa8e6afef', True);
INSERT INTO option (id, text, questionnaire_id) VALUES ('b2aebe06-b155-47cd-a39d-b9c1beabb465', 'Нет звука приятнее, чем гитарный перебор', 'cb70c074-82ef-4114-aabc-e940a19b5bb0');
INSERT INTO option (id, text, questionnaire_id) VALUES ('c2db2843-0153-4422-8aa4-c4c9e640418d', 'Никто не вправе осуждать гитарный перебор', 'cb70c074-82ef-4114-aabc-e940a19b5bb0');
INSERT INTO option (id, text, questionnaire_id) VALUES ('a6011a1c-260b-45fb-ad13-b09674b0b968', 'Сложно сказать, почему был сорван доклад председателя совхоза', 'cb70c074-82ef-4114-aabc-e940a19b5bb0');
INSERT INTO option (id, text, questionnaire_id) VALUES ('4f47a30f-5169-4bf3-a6a9-f9777225a72d', 'Новая модель организационной деятельности стала доступной ширнармассам', 'cb70c074-82ef-4114-aabc-e940a19b5bb0');
INSERT INTO option (id, text, questionnaire_id) VALUES ('4fbbc5c4-5cc1-4421-86a2-d7151c56a9df', 'Дурное дело нехитрое: постоянный количественный рост обнадёживает', 'cb70c074-82ef-4114-aabc-e940a19b5bb0');
INSERT INTO questionnaire (id, name, question, author_id, multiple) VALUES ('bf8da1bc-7284-44d0-a7c0-4e0321978aa0', 'Благородные стремления не спасут: помыслы поколения чисты', 'В рамках спецификации современных стандартов, непосредственные участники технического прогресса представлены в исключительно положительном свете! Мы вынуждены отталкиваться от того, что понимание сути ресурсосберегающих технологий является качественно новой ступенью первоочередных требований. Сложно', '5044ebea-085c-44a4-a601-6feaa8e6afef', False);
INSERT INTO option (id, text, questionnaire_id) VALUES ('fbbdfd34-e2c5-4e0b-b98a-d33f6f4fac06', 'Частотность поисковых запросов бодрит', 'bf8da1bc-7284-44d0-a7c0-4e0321978aa0');
INSERT INTO option (id, text, questionnaire_id) VALUES ('1690438b-db39-4933-b62c-4f692bce0c76', 'Прототип нового сервиса — это как глас грядущего поколения', 'bf8da1bc-7284-44d0-a7c0-4e0321978aa0');
INSERT INTO option (id, text, questionnaire_id) VALUES ('9bdf6935-cda0-4d8b-82bb-51be50aece89', 'Финансовый мир очнулся: светлый лик правового взаимодействия обнадёживает', 'bf8da1bc-7284-44d0-a7c0-4e0321978aa0');
INSERT INTO questionnaire (id, name, question, author_id, multiple) VALUES ('af6f1431-a90e-4919-83a4-359d6a8a7d22', 'Светлый лик правового взаимодействия даёт нам право принимать самостоятельные решения', 'Как принято считать, представители современных социальных резервов, которые представляют собой яркий пример континентально-европейского типа политической культуры, будут объективно рассмотрены соответствующими инстанциями. Кстати,  непосредственные участники технического прогресса, превозмогая сложи', '5044ebea-085c-44a4-a601-6feaa8e6afef', True);
INSERT INTO option (id, text, questionnaire_id) VALUES ('14b9069e-cc19-448a-96f6-c333a9a53635', 'Прототип нового сервиса — это как далёкий барабанный бой', 'af6f1431-a90e-4919-83a4-359d6a8a7d22');
INSERT INTO option (id, text, questionnaire_id) VALUES ('b6cea016-cb83-4752-bbc0-0e2a71b294d6', 'Дурное дело нехитрое: органический трафик бодрит', 'af6f1431-a90e-4919-83a4-359d6a8a7d22');
INSERT INTO option (id, text, questionnaire_id) VALUES ('1d5c1c89-2fbe-4efd-aab1-12329e29ad0f', 'Давайте не забывать, что добрая половина выводов станет частью наших традиц', 'af6f1431-a90e-4919-83a4-359d6a8a7d22');
INSERT INTO option (id, text, questionnaire_id) VALUES ('e6932ff8-921c-4ab7-b5c5-37e59ea816fd', 'Сложно сказать, почему героям были возданы соответствующие почести', 'af6f1431-a90e-4919-83a4-359d6a8a7d22');
INSERT INTO option (id, text, questionnaire_id) VALUES ('a3c0df26-f677-4a76-9fc9-e8bcb2a586ec', 'Только граница обучения кадров позволила расправить крылья', 'af6f1431-a90e-4919-83a4-359d6a8a7d22');
INSERT INTO option (id, text, questionnaire_id) VALUES ('d6e4609d-6705-4cc8-b83a-4786ea4f6ad6', 'В провинции никого не пугает звон колоколов', 'af6f1431-a90e-4919-83a4-359d6a8a7d22');
INSERT INTO option (id, text, questionnaire_id) VALUES ('e41b3b09-f2a6-4206-bfde-743557a31646', 'Базовый вектор развития продолжает удивлять', 'af6f1431-a90e-4919-83a4-359d6a8a7d22');
INSERT INTO questionnaire (id, name, question, author_id, multiple) VALUES ('6a34c81d-d686-4ce4-8e2f-ec3d2ba47346', 'Есть над чем задуматься: в провинциях ещё есть чем поживиться', 'Ясность нашей позиции очевидна: базовый вектор развития не оставляет шанса для приоретизации разума над эмоциями. Предварительные выводы неутешительны: современная методология разработки требует анализа благоприятных перспектив. Сложно сказать, почему тщательные исследования конкурентов лишь добавля', '5044ebea-085c-44a4-a601-6feaa8e6afef', False);
INSERT INTO option (id, text, questionnaire_id) VALUES ('f7043315-74b1-4456-92cc-0c7dc1e0dd21', 'Есть над чем задуматься: небо темнеет', '6a34c81d-d686-4ce4-8e2f-ec3d2ba47346');
INSERT INTO option (id, text, questionnaire_id) VALUES ('7a83da6c-611b-4c33-a2e2-ddf398a170bc', 'Нет звука приятнее, чем боевой клич героев', '6a34c81d-d686-4ce4-8e2f-ec3d2ba47346');
INSERT INTO option (id, text, questionnaire_id) VALUES ('39c56f53-1cf2-4487-83be-4d75b94ce4df', 'Светлый лик правового взаимодействия стал нашим флагом в борьбе с ложью', '6a34c81d-d686-4ce4-8e2f-ec3d2ba47346');
INSERT INTO option (id, text, questionnaire_id) VALUES ('553e0886-1a11-4d34-ad3c-c3ee745c28c8', 'Случайный текст похож на ласковый перезвон вертикали власти', '6a34c81d-d686-4ce4-8e2f-ec3d2ba47346');
INSERT INTO questionnaire (id, name, question, author_id, multiple) VALUES ('0b6580ec-1374-4a48-ad1d-b1fa316ad9be', 'Добрая половина выводов ни к чему нас не обязывает!', 'В целом, конечно, базовый вектор развития прекрасно подходит для реализации экспериментов, поражающих по своей масштабности и грандиозности. Являясь всего лишь частью общей картины, явные признаки победы институционализации будут призваны к ответу.', '5044ebea-085c-44a4-a601-6feaa8e6afef', True);
INSERT INTO option (id, text, questionnaire_id) VALUES ('82be4575-892d-453a-b3d9-0827c6b6d6df', 'Свободу слова не задушить, пусть даже жизнь прекрасна', '0b6580ec-1374-4a48-ad1d-b1fa316ad9be');
INSERT INTO option (id, text, questionnaire_id) VALUES ('82cec316-48c4-48d4-9d69-8a67e9d22eca', 'Коронованный герцог графства даёт нам право принимать самостоятельные решен', '0b6580ec-1374-4a48-ad1d-b1fa316ad9be');
INSERT INTO option (id, text, questionnaire_id) VALUES ('a518cc4d-143a-45ca-b29f-a7c53dacc773', 'Инцидент не исчерпан: обучение кадров — приоритетная задача', '0b6580ec-1374-4a48-ad1d-b1fa316ad9be');
INSERT INTO option (id, text, questionnaire_id) VALUES ('68263915-d7e9-4ac6-9c14-f48cf8807857', 'Оказывается, курс на социально-ориентированный национальный проект станет ч', '0b6580ec-1374-4a48-ad1d-b1fa316ad9be');
INSERT INTO questionnaire (id, name, question, author_id, multiple) VALUES ('b5ae5620-2d58-48f5-a060-28e8fd1859dd', 'Дурное дело нехитрое: курс на социально-ориентированный национальный проект оправдал надежды граждан', 'А также акционеры крупнейших компаний и по сей день остаются уделом либералов, которые жаждут быть ограничены исключительно образом мышления. Прежде всего, повышение уровня гражданского сознания прекрасно подходит для реализации направлений прогрессивного развития.', '5044ebea-085c-44a4-a601-6feaa8e6afef', False);
INSERT INTO option (id, text, questionnaire_id) VALUES ('fc3d8e7d-c82b-4208-82dd-e6917cf8765e', 'Нынче никто не может себе позволить инициировать треск разлетающихся скреп', 'b5ae5620-2d58-48f5-a060-28e8fd1859dd');
INSERT INTO option (id, text, questionnaire_id) VALUES ('fecb111c-77d6-4b66-b728-32011b5211c0', 'Инцидент не исчерпан: кровь стынет в жилах', 'b5ae5620-2d58-48f5-a060-28e8fd1859dd');
INSERT INTO option (id, text, questionnaire_id) VALUES ('68702e14-fb48-4755-b6ec-11c860048f90', 'Мелочь, а приятно: обереги никого не защитили', 'b5ae5620-2d58-48f5-a060-28e8fd1859dd');
INSERT INTO option (id, text, questionnaire_id) VALUES ('6d0af933-e0cd-405e-8ecb-b04a62b5d13f', 'Тяжёлое машиностроение — это вам не печальный плач оппозиции!', 'b5ae5620-2d58-48f5-a060-28e8fd1859dd');
INSERT INTO option (id, text, questionnaire_id) VALUES ('a5e432ce-d2c6-4c6b-912f-dd0aa7f19d87', 'Смешно, но в провинциях ещё есть чем поживиться', 'b5ae5620-2d58-48f5-a060-28e8fd1859dd');
INSERT INTO option (id, text, questionnaire_id) VALUES ('346ef5d2-77a0-4ce4-a407-38382a94f28d', 'Постоянный количественный рост связывает нас с нашим прошлым', 'b5ae5620-2d58-48f5-a060-28e8fd1859dd');
INSERT INTO author (id, name, password) VALUES ('602545dd-6454-4f6a-8087-07c6a402d45f', 'author1', 'qwerty');
INSERT INTO author (id, name, password) VALUES ('d90b7659-72b0-49cd-92d7-c467d256908d', 'author2', 'qwerty');
INSERT INTO questionnaire (id, name, question, author_id, multiple) VALUES ('91a16ec4-1a91-44d1-bb08-6e9fc823c230', 'Очевидцы сообщают, что слышали шёпот бессменных лидеров', 'В целом, конечно, экономическая повестка сегодняшнего дня обеспечивает актуальность модели развития. Однозначно, стремящиеся вытеснить традиционное производство, нанотехнологии освещают чрезвычайно интересные особенности картины в целом, однако конкретные выводы, разумеется, объективно рассмотрены с', 'd90b7659-72b0-49cd-92d7-c467d256908d', True);
INSERT INTO option (id, text, questionnaire_id) VALUES ('cab8632d-19dd-4ddc-9c90-669949088fa5', 'Допустим, потускнели светлые лики икон', '91a16ec4-1a91-44d1-bb08-6e9fc823c230');
INSERT INTO option (id, text, questionnaire_id) VALUES ('5b32da45-be75-42c8-8fa7-ba776167a759', 'Только частотность поисковых запросов показала себя во всей красе', '91a16ec4-1a91-44d1-bb08-6e9fc823c230');
INSERT INTO option (id, text, questionnaire_id) VALUES ('fbc23714-2c99-4441-8130-94075c78f6e8', 'Мелочь, а приятно: героям были возданы соответствующие почести', '91a16ec4-1a91-44d1-bb08-6e9fc823c230');
INSERT INTO option (id, text, questionnaire_id) VALUES ('690b73cc-52e3-435d-a3bd-78733e5fdeaf', 'Реализация намеченных плановых заданий  расставила все точки над i', '91a16ec4-1a91-44d1-bb08-6e9fc823c230');
INSERT INTO questionnaire (id, name, question, author_id, multiple) VALUES ('21abb345-1235-4f5e-8b5b-2f6f89f30fee', 'Внезапно, солнечных дней всё меньше', 'Внезапно, некоторые особенности внутренней политики разоблачены. В частности, внедрение современных методик говорит о возможностях модели развития.', 'd90b7659-72b0-49cd-92d7-c467d256908d', False);
INSERT INTO option (id, text, questionnaire_id) VALUES ('fa871bfe-a04e-4297-af08-80cc94ccf337', 'Сложившаяся структура организации показала себя во всей красе', '21abb345-1235-4f5e-8b5b-2f6f89f30fee');
INSERT INTO option (id, text, questionnaire_id) VALUES ('bf5bc6ce-b791-45ed-9dbe-fe939c3ccd4b', 'Новая парадигма реальности: помыслы поколения чисты', '21abb345-1235-4f5e-8b5b-2f6f89f30fee');
INSERT INTO option (id, text, questionnaire_id) VALUES ('40408222-66d0-42a2-ad65-3a6b1158d780', 'Давайте не забывать, что сплочённость команды профессионалов бодрит', '21abb345-1235-4f5e-8b5b-2f6f89f30fee');
INSERT INTO option (id, text, questionnaire_id) VALUES ('4953e37a-2891-460f-84ea-4bd510463bab', 'Оказывается, курс ценных бумаг бодрит', '21abb345-1235-4f5e-8b5b-2f6f89f30fee');
INSERT INTO option (id, text, questionnaire_id) VALUES ('89025574-1604-4050-9786-3bf06cdb36eb', 'Все чаще появляется информация о том, что глубокий уровень погружения даёт ', '21abb345-1235-4f5e-8b5b-2f6f89f30fee');
INSERT INTO option (id, text, questionnaire_id) VALUES ('785185e3-f7db-4c98-901d-0cf973d9050c', 'Окрестности Тулы оросил шёпот бессменных лидеров', '21abb345-1235-4f5e-8b5b-2f6f89f30fee');
INSERT INTO questionnaire (id, name, question, author_id, multiple) VALUES ('1a336595-020d-4026-a389-afd9a80cf707', 'Новый закон накладывает вето на детский заливистый смех', 'Разнообразный и богатый опыт говорит нам, что новая модель организационной деятельности влечет за собой процесс внедрения и модернизации существующих финансовых и административных условий. Учитывая ключевые сценарии поведения, базовый вектор развития однозначно определяет каждого участника как спосо', 'd90b7659-72b0-49cd-92d7-c467d256908d', False);
INSERT INTO option (id, text, questionnaire_id) VALUES ('fb8edb03-709f-43c3-9875-7ba762e529a6', 'Господа, чистосердечное признание облегчает душу', '1a336595-020d-4026-a389-afd9a80cf707');
INSERT INTO option (id, text, questionnaire_id) VALUES ('17fa6a45-befd-4756-95f2-c6c400c916a8', 'Никто не вправе осуждать треск разлетающихся скреп', '1a336595-020d-4026-a389-afd9a80cf707');
INSERT INTO option (id, text, questionnaire_id) VALUES ('22762ef8-944e-46b0-a7e0-4e990383e528', 'Господа, чистый разум не скован границами', '1a336595-020d-4026-a389-afd9a80cf707');
INSERT INTO option (id, text, questionnaire_id) VALUES ('15439bd9-6ff1-4651-a545-60ef7679f375', 'Курс ценных бумаг даёт нам право принимать самостоятельные решения', '1a336595-020d-4026-a389-afd9a80cf707');
INSERT INTO option (id, text, questionnaire_id) VALUES ('026e21bd-77e7-46bc-85ba-c7e5eea39031', 'Финансовый мир очнулся: выбранный нами инновационный путь станет частью наш', '1a336595-020d-4026-a389-afd9a80cf707');
INSERT INTO questionnaire (id, name, question, author_id, multiple) VALUES ('d05638df-f11c-413d-8456-ee036bed2914', 'Постоянный количественный рост развеял последние сомнения', 'В целом, конечно, дальнейшее развитие различных форм деятельности требует от нас анализа укрепления моральных ценностей. Мы вынуждены отталкиваться от того, что повышение уровня гражданского сознания прекрасно подходит для реализации приоретизации разума над эмоциями. Ясность нашей позиции очевидна:', 'd90b7659-72b0-49cd-92d7-c467d256908d', False);
INSERT INTO option (id, text, questionnaire_id) VALUES ('b0557de3-6b66-4e79-b1ac-c2b8f0a5096b', 'Главные «СМИ» предупреждают: младая поросль матереет', 'd05638df-f11c-413d-8456-ee036bed2914');
INSERT INTO option (id, text, questionnaire_id) VALUES ('b4b64304-6288-40df-8120-283c58db8d1a', 'Нашу победу сопровождал гитарный перебор', 'd05638df-f11c-413d-8456-ee036bed2914');
INSERT INTO questionnaire (id, name, question, author_id, multiple) VALUES ('e2cf177f-e49f-4aef-99a6-095d711c6ec2', 'Логотип крупнейшей компании по производству мыльных пузырей не позволил союзу развалиться', 'Повседневная практика показывает, что экономическая повестка сегодняшнего дня напрямую зависит от стандартных подходов. Идейные соображения высшего порядка, а также сложившаяся структура организации в значительной степени обусловливает важность своевременного выполнения сверхзадачи.', 'd90b7659-72b0-49cd-92d7-c467d256908d', False);
INSERT INTO option (id, text, questionnaire_id) VALUES ('1b5e4a41-da4c-4845-8698-5ed9deee3ca2', 'Финансовый мир очнулся: светлый лик правового взаимодействия бодрит', 'e2cf177f-e49f-4aef-99a6-095d711c6ec2');
INSERT INTO option (id, text, questionnaire_id) VALUES ('242c02d5-0f4b-4e89-976f-3754854f478c', 'Все чаще появляется информация о том, что органический трафик стал нашим фл', 'e2cf177f-e49f-4aef-99a6-095d711c6ec2');
INSERT INTO questionnaire (id, name, question, author_id, multiple) VALUES ('8adfa259-7459-4497-b994-7101058c39c1', 'Сложно сказать, почему коронованный герцог графства развеял последние сомнения', 'Сложно сказать, почему сторонники тоталитаризма в науке, превозмогая сложившуюся непростую экономическую ситуацию, представлены в исключительно положительном свете. Вот вам яркий пример современных тенденций — дальнейшее развитие различных форм деятельности напрямую зависит от направлений прогрессив', 'd90b7659-72b0-49cd-92d7-c467d256908d', True);
INSERT INTO option (id, text, questionnaire_id) VALUES ('9e45c288-be30-427f-be35-83a5171e2b4d', 'Только доблесть наших правозащитников стала доступной ширнармассам', '8adfa259-7459-4497-b994-7101058c39c1');
INSERT INTO option (id, text, questionnaire_id) VALUES ('7d64ec60-4b16-49eb-a0c6-4af24c3b1767', 'Внезапно, объемы выросли', '8adfa259-7459-4497-b994-7101058c39c1');
INSERT INTO option (id, text, questionnaire_id) VALUES ('0c96072b-cf70-4fde-8afb-27bf8c3f7a8b', 'Новая модель организационной деятельности оказалась чрезвычайно полезной', '8adfa259-7459-4497-b994-7101058c39c1');
INSERT INTO option (id, text, questionnaire_id) VALUES ('3e047d89-087c-45bd-82d6-38c4acd5c609', 'Современная методология разработки станет частью наших традиций', '8adfa259-7459-4497-b994-7101058c39c1');
INSERT INTO option (id, text, questionnaire_id) VALUES ('502fb96b-685d-47da-86bb-f40e1e8f57ef', 'Как бы то ни было, неподкупность государственных СМИ стала доступной ширнар', '8adfa259-7459-4497-b994-7101058c39c1');
INSERT INTO option (id, text, questionnaire_id) VALUES ('968d6b86-376e-4d23-9555-89ee1d638c1c', 'Коронованный герцог графства станет частью наших традиций', '8adfa259-7459-4497-b994-7101058c39c1');
INSERT INTO author (id, name, password) VALUES ('412899ff-9169-429c-8905-aa9a14fa2f5a', 'author3', 'qwerty');
INSERT INTO author (id, name, password) VALUES ('97e32db8-6f6a-4474-bb5d-1952b2e4f35a', 'author4', 'qwerty');
INSERT INTO questionnaire (id, name, question, author_id, multiple) VALUES ('309e872a-e145-4926-998b-ec0fdb62466a', 'Звук клавиш печатной машинки обнадёживает', 'Современные технологии достигли такого уровня, что экономическая повестка сегодняшнего дня предполагает независимые способы реализации кластеризации усилий. Наше дело не так однозначно, как может показаться: постоянный количественный рост и сфера нашей активности обеспечивает актуальность экономичес', '97e32db8-6f6a-4474-bb5d-1952b2e4f35a', True);
INSERT INTO option (id, text, questionnaire_id) VALUES ('926da358-7388-4aea-b601-42bcfcd8c071', 'Коронованный герцог графства стал нашим флагом в борьбе с ложью', '309e872a-e145-4926-998b-ec0fdb62466a');
INSERT INTO option (id, text, questionnaire_id) VALUES ('8ccfc598-c3a0-4ad2-a052-f4e6e3edc252', 'Воистину радостный звук: глас грядущего поколения', '309e872a-e145-4926-998b-ec0fdb62466a');
INSERT INTO option (id, text, questionnaire_id) VALUES ('4579f5ab-3007-4302-aa53-456cd440599b', 'Свободу слова не задушить, пусть даже ночь оказалась долгой', '309e872a-e145-4926-998b-ec0fdb62466a');
INSERT INTO option (id, text, questionnaire_id) VALUES ('1dcd1e79-636e-4d6c-b9b4-dcf0da4fdaaa', 'Только небо темнеет', '309e872a-e145-4926-998b-ec0fdb62466a');
INSERT INTO author (id, name, password) VALUES ('55a0b4c9-043b-4ea4-b6f6-efb38cf2a6d7', 'author5', 'qwerty');
INSERT INTO questionnaire (id, name, question, author_id, multiple) VALUES ('afb83fe3-e755-403b-9a15-c18b3782c012', 'Очевидцы сообщают, что слышали гитарный перебор', 'В своём стремлении улучшить пользовательский опыт мы упускаем, что реплицированные с зарубежных источников, современные исследования набирают популярность среди определенных слоев населения, а значит, должны быть функционально разнесены на независимые элементы. Банальные, но неопровержимые выводы, а', '55a0b4c9-043b-4ea4-b6f6-efb38cf2a6d7', False);
INSERT INTO option (id, text, questionnaire_id) VALUES ('db1f1f55-651e-4dd8-b4c1-deb2f26216b2', 'На двадцатом съезде партии прозвучало поразительное заявление: современная ', 'afb83fe3-e755-403b-9a15-c18b3782c012');
INSERT INTO option (id, text, questionnaire_id) VALUES ('20880a56-05fa-464a-90ad-faf02a83fa77', 'Сложно сказать, почему светлый лик правового взаимодействия стал нашим флаг', 'afb83fe3-e755-403b-9a15-c18b3782c012');
INSERT INTO questionnaire (id, name, question, author_id, multiple) VALUES ('56c296cd-7c3b-4eb1-90cb-745e555a098c', 'Как бы то ни было, неподкупность государственных СМИ станет частью наших традиций', 'Разнообразный и богатый опыт говорит нам, что существующая теория требует анализа первоочередных требований. Для современного мира глубокий уровень погружения обеспечивает широкому кругу (специалистов) участие в формировании дальнейших направлений развития. В своём стремлении повысить качество жизни', '55a0b4c9-043b-4ea4-b6f6-efb38cf2a6d7', True);
INSERT INTO option (id, text, questionnaire_id) VALUES ('d583c2c9-6998-483b-a5e4-67068e974d6f', 'Нашу победу сопровождал ласковый перезвон вертикали власти', '56c296cd-7c3b-4eb1-90cb-745e555a098c');
INSERT INTO option (id, text, questionnaire_id) VALUES ('0e27133d-354c-4e2d-af9f-e74397954328', 'Сложно сказать, почему небо темнеет', '56c296cd-7c3b-4eb1-90cb-745e555a098c');
INSERT INTO option (id, text, questionnaire_id) VALUES ('00605853-328c-4a30-9227-5513208ca17e', 'В провинции никого не пугает грохот грома грядущих изменений', '56c296cd-7c3b-4eb1-90cb-745e555a098c');
INSERT INTO option (id, text, questionnaire_id) VALUES ('e2f977a1-4767-4f5b-b056-27e45348cf1a', 'Выбранный нами инновационный путь определил дальнейшее развитие!', '56c296cd-7c3b-4eb1-90cb-745e555a098c');
INSERT INTO option (id, text, questionnaire_id) VALUES ('75d9d333-93f8-42f6-be3b-9a5a24aa476c', 'Только близость к государственным границам позволила расправить крылья', '56c296cd-7c3b-4eb1-90cb-745e555a098c');
INSERT INTO questionnaire (id, name, question, author_id, multiple) VALUES ('f680addd-a0b2-4101-9e1f-5e0870943c68', 'Есть над чем задуматься: прототип — не панацея!', 'Прежде всего, глубокий уровень погружения не оставляет шанса для поэтапного и последовательного развития общества. Есть над чем задуматься: сделанные на базе интернет-аналитики выводы призывают нас к новым свершениям, которые, в свою очередь, должны быть смешаны с не уникальными данными до степени с', '55a0b4c9-043b-4ea4-b6f6-efb38cf2a6d7', True);
INSERT INTO option (id, text, questionnaire_id) VALUES ('5e0b63d0-2a10-4ab5-a66a-a47615b50b03', 'Только консультация с широким активом станет частью наших традиций', 'f680addd-a0b2-4101-9e1f-5e0870943c68');
INSERT INTO option (id, text, questionnaire_id) VALUES ('cfde0373-91b9-46f9-bc0d-a137a713d2d7', 'Случайный текст похож на ласковый перезвон вертикали власти', 'f680addd-a0b2-4101-9e1f-5e0870943c68');
INSERT INTO option (id, text, questionnaire_id) VALUES ('521ef3a0-411b-4392-8393-62ed9a638949', 'В провинции никого не пугает грохот грома грядущих изменений', 'f680addd-a0b2-4101-9e1f-5e0870943c68');
INSERT INTO author (id, name, password) VALUES ('c47b3eeb-0a5b-4941-b560-ff980f883313', 'author6', 'qwerty');
INSERT INTO questionnaire (id, name, question, author_id, multiple) VALUES ('a7e484ae-fb91-4ddf-a8c0-869a7f4ad0ee', 'Господа, сознание наших соотечественников не замутнено пропагандой', 'Высокий уровень вовлечения представителей целевой аудитории является четким доказательством простого факта: понимание сути ресурсосберегающих технологий является качественно новой ступенью модели развития. Таким образом, дальнейшее развитие различных форм деятельности предопределяет высокую востребо', 'c47b3eeb-0a5b-4941-b560-ff980f883313', False);
INSERT INTO option (id, text, questionnaire_id) VALUES ('5833b1ae-14b5-474e-8178-69dc98fc720e', 'Цена вопроса не важна, когда в провинциях ещё есть чем поживиться', 'a7e484ae-fb91-4ddf-a8c0-869a7f4ad0ee');
INSERT INTO option (id, text, questionnaire_id) VALUES ('4331f8de-01b0-4500-b3ce-a712074f2e20', 'Воистину радостный звук: детский заливистый смех', 'a7e484ae-fb91-4ddf-a8c0-869a7f4ad0ee');
INSERT INTO option (id, text, questionnaire_id) VALUES ('c2e66b7f-cc24-45a4-a017-7a4d25149a85', 'Реализация намеченных плановых заданий  одухотворила всех причастных', 'a7e484ae-fb91-4ddf-a8c0-869a7f4ad0ee');
INSERT INTO questionnaire (id, name, question, author_id, multiple) VALUES ('a345b682-c7ac-49ac-9f14-4f5173a872d8', 'Оказывается, кровь стынет в жилах', 'Также как понимание сути ресурсосберегающих технологий, а также свежий взгляд на привычные вещи — безусловно открывает новые горизонты для приоретизации разума над эмоциями. Картельные сговоры не допускают ситуации, при которой некоторые особенности внутренней политики могут быть подвергнуты целой с', 'c47b3eeb-0a5b-4941-b560-ff980f883313', False);
INSERT INTO option (id, text, questionnaire_id) VALUES ('4389db4e-2a8b-43f8-8643-dd6f5a5f160e', 'Никто не вправе осуждать трубный призыв', 'a345b682-c7ac-49ac-9f14-4f5173a872d8');
INSERT INTO option (id, text, questionnaire_id) VALUES ('faa6ab11-59ef-4e3b-aa30-88fe576f7451', 'Только крепость духовных «скреп» бодрит', 'a345b682-c7ac-49ac-9f14-4f5173a872d8');
INSERT INTO questionnaire (id, name, question, author_id, multiple) VALUES ('557cb630-d2f4-4e11-afe9-d50534deb525', 'Британские «ученые» заявили, что сознание наших соотечественников не замутнено пропагандой', 'Господа, существующая теория предполагает независимые способы реализации форм воздействия. Противоположная точка зрения подразумевает, что представители современных социальных резервов и по сей день остаются уделом либералов, которые жаждут быть описаны максимально подробно. Учитывая ключевые сценар', 'c47b3eeb-0a5b-4941-b560-ff980f883313', False);
INSERT INTO option (id, text, questionnaire_id) VALUES ('3495c366-5183-4e9e-856e-8a1c40f7bab1', 'Только сложившаяся структура организации сделала своё дело', '557cb630-d2f4-4e11-afe9-d50534deb525');
INSERT INTO option (id, text, questionnaire_id) VALUES ('b633afa9-c11d-4aab-b450-ffbcfde02318', 'Цена вопроса не важна, когда помыслы поколения чисты', '557cb630-d2f4-4e11-afe9-d50534deb525');
INSERT INTO option (id, text, questionnaire_id) VALUES ('a143441c-01fe-4ebf-95df-3b5e2d100514', 'Оказывается, звук клавиш печатной машинки обнадёживает', '557cb630-d2f4-4e11-afe9-d50534deb525');
INSERT INTO option (id, text, questionnaire_id) VALUES ('78cbec79-315d-4cd7-92bb-beb18eab98e5', 'Новый закон накладывает вето на печальный плач оппозиции', '557cb630-d2f4-4e11-afe9-d50534deb525');
INSERT INTO option (id, text, questionnaire_id) VALUES ('84999604-dd85-4536-a3fc-0dc6006d4d23', 'Курс ценных бумаг даёт нам право принимать самостоятельные решения!', '557cb630-d2f4-4e11-afe9-d50534deb525');
INSERT INTO option (id, text, questionnaire_id) VALUES ('00c926c5-0a12-4a44-9ada-24439d217263', 'Новый закон накладывает вето на звон колоколов', '557cb630-d2f4-4e11-afe9-d50534deb525');
INSERT INTO option (id, text, questionnaire_id) VALUES ('338fc3c2-48fc-411f-ab74-61fbb6f73594', 'Новый закон накладывает вето на грохот грома грядущих изменений', '557cb630-d2f4-4e11-afe9-d50534deb525');
INSERT INTO option (id, text, questionnaire_id) VALUES ('e7f8d933-d81f-4080-9dd3-d1b981b9cd11', 'Давайте разбираться: герцог графства коронован', '557cb630-d2f4-4e11-afe9-d50534deb525');
INSERT INTO author (id, name, password) VALUES ('6e6f87da-78a0-4be9-bce2-3f565206718d', 'author7', 'qwerty');
INSERT INTO questionnaire (id, name, question, author_id, multiple) VALUES ('8902d50d-0421-4680-82f2-f2b1b667e3fd', 'Давайте разбираться: обереги никого не защитили', 'Имеется спорная точка зрения, гласящая примерно следующее: активно развивающиеся страны третьего мира призывают нас к новым свершениям, которые, в свою очередь, должны быть объективно рассмотрены соответствующими инстанциями. Как принято считать, реплицированные с зарубежных источников, современные ', '6e6f87da-78a0-4be9-bce2-3f565206718d', False);
INSERT INTO option (id, text, questionnaire_id) VALUES ('ac0c373d-7749-4908-8091-d580700cabb0', 'Близость к государственным границам одухотворила всех причастных', '8902d50d-0421-4680-82f2-f2b1b667e3fd');
INSERT INTO option (id, text, questionnaire_id) VALUES ('b9a164f5-2a94-487b-874f-f3bdc79ee4e3', 'Да, ночь оказалась долгой', '8902d50d-0421-4680-82f2-f2b1b667e3fd');
INSERT INTO option (id, text, questionnaire_id) VALUES ('cbdaf253-f6a6-406f-a288-e0397682e9f8', 'Консультация с широким активом позволила расправить крылья', '8902d50d-0421-4680-82f2-f2b1b667e3fd');
INSERT INTO option (id, text, questionnaire_id) VALUES ('699e6428-3838-43e4-88f0-8fa31ae6d648', 'Глубокий уровень погружения оправдал надежды граждан', '8902d50d-0421-4680-82f2-f2b1b667e3fd');
INSERT INTO questionnaire (id, name, question, author_id, multiple) VALUES ('83dbd16d-6765-468d-944f-022d10d042e5', 'Воистину радостный звук: детский заливистый смех', 'Имеется спорная точка зрения, гласящая примерно следующее: действия представителей оппозиции ограничены исключительно образом мышления. Но базовые сценарии поведения пользователей будут ограничены исключительно образом мышления. Как уже неоднократно упомянуто, тщательные исследования конкурентов мог', '6e6f87da-78a0-4be9-bce2-3f565206718d', True);
INSERT INTO option (id, text, questionnaire_id) VALUES ('d8a63395-3425-4d1b-95be-b38dc31cb0af', 'На двадцатом съезде партии прозвучало поразительное заявление: частотность ', '83dbd16d-6765-468d-944f-022d10d042e5');
INSERT INTO option (id, text, questionnaire_id) VALUES ('176e8036-bece-46c0-beb2-71eb28a41f51', 'В провинции никого не пугает полуночный пёсий вой', '83dbd16d-6765-468d-944f-022d10d042e5');
INSERT INTO option (id, text, questionnaire_id) VALUES ('d6416cf3-39f7-4cf9-ba84-314605b84d03', 'Цена вопроса не важна, когда зима близко', '83dbd16d-6765-468d-944f-022d10d042e5');
INSERT INTO option (id, text, questionnaire_id) VALUES ('eee0aab7-8b77-4c19-b028-648aa7e303ed', 'В провинции никого не пугает грохот грома грядущих изменений', '83dbd16d-6765-468d-944f-022d10d042e5');
INSERT INTO questionnaire (id, name, question, author_id, multiple) VALUES ('e679f6e5-388e-4679-9f14-15a0896d2816', 'Консультация с широким активом станет частью наших традиций', 'Есть над чем задуматься: независимые государства, вне зависимости от их уровня, должны быть ассоциативно распределены по отраслям. В своём стремлении улучшить пользовательский опыт мы упускаем, что предприниматели в сети интернет функционально разнесены на независимые элементы. И нет сомнений, что с', '6e6f87da-78a0-4be9-bce2-3f565206718d', True);
INSERT INTO option (id, text, questionnaire_id) VALUES ('3ee9dd0f-6306-4f8b-bdec-27347884621a', 'Подтверждено: объемы выросли', 'e679f6e5-388e-4679-9f14-15a0896d2816');
INSERT INTO option (id, text, questionnaire_id) VALUES ('01fc26e1-e8f8-407f-a1b8-6af243e9c3dd', 'Только неподкупность государственных СМИ процветает, как ни в чем не бывало', 'e679f6e5-388e-4679-9f14-15a0896d2816');
INSERT INTO option (id, text, questionnaire_id) VALUES ('ae13d28d-5670-495b-a9e0-d0949dab86e3', 'Прототип нового сервиса — это как боевой клич героев', 'e679f6e5-388e-4679-9f14-15a0896d2816');
INSERT INTO option (id, text, questionnaire_id) VALUES ('f62b7b4d-17f1-4686-9782-f0b454d6f390', 'Преступность никогда не была такой неорганизованной', 'e679f6e5-388e-4679-9f14-15a0896d2816');
INSERT INTO option (id, text, questionnaire_id) VALUES ('7fc08a6e-900b-45ea-b455-29a8eb343039', 'Случайный текст похож на звон колоколов', 'e679f6e5-388e-4679-9f14-15a0896d2816');
INSERT INTO option (id, text, questionnaire_id) VALUES ('5169914a-cf41-4077-8993-1322df09c3da', 'Благородные стремления не спасут: парад бытовой техники оказался началом ве', 'e679f6e5-388e-4679-9f14-15a0896d2816');
INSERT INTO questionnaire (id, name, question, author_id, multiple) VALUES ('342b973f-a1d1-4062-a073-fb80b6195e1a', 'Сейчас всё чаще звучит старческий скрип Амстердама', 'Для современного мира убеждённость некоторых оппонентов напрямую зависит от модели развития. Сложно сказать, почему некоторые особенности внутренней политики обнародованы. В рамках спецификации современных стандартов, действия представителей оппозиции формируют глобальную экономическую сеть и при эт', '6e6f87da-78a0-4be9-bce2-3f565206718d', True);
INSERT INTO option (id, text, questionnaire_id) VALUES ('d84282d4-6002-4289-bb10-cb7bfd2e906b', 'Сложно сказать, почему коронованный герцог графства стал нашим флагом в бор', '342b973f-a1d1-4062-a073-fb80b6195e1a');
INSERT INTO option (id, text, questionnaire_id) VALUES ('a95386af-e627-4a57-adc2-0009818da88b', 'Нет звука приятнее, чем боевой клич героев', '342b973f-a1d1-4062-a073-fb80b6195e1a');
INSERT INTO option (id, text, questionnaire_id) VALUES ('47afaa62-a5ba-4be6-81b8-673fae59c987', 'Да, объем доходов населения сократился!', '342b973f-a1d1-4062-a073-fb80b6195e1a');
INSERT INTO questionnaire (id, name, question, author_id, multiple) VALUES ('b6588e29-37de-425f-834e-e867f77794ce', 'Сложно сказать, почему потускнели светлые лики икон', 'Наше дело не так однозначно, как может показаться: экономическая повестка сегодняшнего дня создаёт необходимость включения в производственный план целого ряда внеочередных мероприятий с учётом комплекса распределения внутренних резервов и ресурсов. Банальные, но неопровержимые выводы, а также элемен', '6e6f87da-78a0-4be9-bce2-3f565206718d', True);
INSERT INTO option (id, text, questionnaire_id) VALUES ('460ff4a7-d376-4dc8-b5bb-9ab1989fbb31', 'Ночь оказалась долгой', 'b6588e29-37de-425f-834e-e867f77794ce');
INSERT INTO option (id, text, questionnaire_id) VALUES ('5b82f100-bb0f-47ec-9395-7a0409f4b7ef', 'Прототип — не панацея', 'b6588e29-37de-425f-834e-e867f77794ce');
INSERT INTO option (id, text, questionnaire_id) VALUES ('46bd1403-2ee0-4145-8014-8dd4fafcb8af', 'Крепость духовных «скреп» разочаровала', 'b6588e29-37de-425f-834e-e867f77794ce');
INSERT INTO option (id, text, questionnaire_id) VALUES ('07e7a8bf-65e2-41d5-aeef-91bcbe765392', 'Солнечных дней всё меньше', 'b6588e29-37de-425f-834e-e867f77794ce');
INSERT INTO option (id, text, questionnaire_id) VALUES ('ec37510e-f2a1-4e16-ae94-e9ea2c4461e3', 'Внезапно, спикеры палаты госдумы негодуют', 'b6588e29-37de-425f-834e-e867f77794ce');
INSERT INTO option (id, text, questionnaire_id) VALUES ('40c301f5-13ed-4b94-85aa-e1c562adce4d', 'Граница обучения кадров даёт нам право принимать самостоятельные решения', 'b6588e29-37de-425f-834e-e867f77794ce');
INSERT INTO option (id, text, questionnaire_id) VALUES ('7f0bbd14-8cfc-4a28-88f7-5af992a4c02b', 'Смешно, но был сорван доклад председателя совхоза', 'b6588e29-37de-425f-834e-e867f77794ce');
INSERT INTO option (id, text, questionnaire_id) VALUES ('4bde418e-a165-43f7-ac7b-c6d2ab034e2e', 'Новый закон накладывает вето на полуночный пёсий вой', 'b6588e29-37de-425f-834e-e867f77794ce');
INSERT INTO author (id, name, password) VALUES ('7995608b-691a-4c15-b532-ffd477c48496', 'author8', 'qwerty');
INSERT INTO questionnaire (id, name, question, author_id, multiple) VALUES ('a2f7d656-4675-4d99-9435-95cbe535c6c1', 'Внезапно, в провинциях ещё есть чем поживиться', 'Лишь независимые государства, превозмогая сложившуюся непростую экономическую ситуацию, представлены в исключительно положительном свете. С другой стороны, реализация намеченных плановых заданий способствует повышению качества экономической целесообразности принимаемых решений. Господа, реализация н', '7995608b-691a-4c15-b532-ffd477c48496', True);
INSERT INTO option (id, text, questionnaire_id) VALUES ('930526a4-2714-4f39-831c-55b3185bd967', 'Высококачественный прототип будущего проекта так же органично вписывается в', 'a2f7d656-4675-4d99-9435-95cbe535c6c1');
INSERT INTO option (id, text, questionnaire_id) VALUES ('d3d55bb1-ef9d-4b9a-b1b9-8e4375e7dbd0', 'Очевидцы сообщают, что слышали звон колоколов', 'a2f7d656-4675-4d99-9435-95cbe535c6c1');
INSERT INTO option (id, text, questionnaire_id) VALUES ('ced72831-705a-4153-849e-71a73e5a7d3c', 'Нынче никто не может себе позволить инициировать печальный плач оппозиции', 'a2f7d656-4675-4d99-9435-95cbe535c6c1');
INSERT INTO option (id, text, questionnaire_id) VALUES ('394c3616-edd7-4820-aa09-f4425e4f774c', 'В провинции никого не пугает треск разлетающихся скреп', 'a2f7d656-4675-4d99-9435-95cbe535c6c1');
INSERT INTO option (id, text, questionnaire_id) VALUES ('c6bb5cf5-3828-4747-8bb2-776e9deaeb04', 'Давайте не забывать, что убеждённость некоторых оппонентов оказалась ошибоч', 'a2f7d656-4675-4d99-9435-95cbe535c6c1');
INSERT INTO option (id, text, questionnaire_id) VALUES ('2366bc8e-690e-4739-b5f2-cf491cd8107c', 'Небо темнеет', 'a2f7d656-4675-4d99-9435-95cbe535c6c1');
INSERT INTO option (id, text, questionnaire_id) VALUES ('110b73fb-e57f-409d-83dc-0d81bdd20a44', 'И по сей день в центральных регионах звучит перекатами грохот грома грядущи', 'a2f7d656-4675-4d99-9435-95cbe535c6c1');
INSERT INTO author (id, name, password) VALUES ('7e45f580-4e0b-42ba-b512-b9abe3e52300', 'author9', 'qwerty');
INSERT INTO country ("id", "value") VALUES ('AF', 'Afghanistan');
INSERT INTO country ("id", "value") VALUES ('AX', 'Åland Islands');
INSERT INTO country ("id", "value") VALUES ('AL', 'Albania');
INSERT INTO country ("id", "value") VALUES ('DZ', 'Algeria');
INSERT INTO country ("id", "value") VALUES ('AS', 'American Samoa');
INSERT INTO country ("id", "value") VALUES ('AD', 'Andorra');
INSERT INTO country ("id", "value") VALUES ('AO', 'Angola');
INSERT INTO country ("id", "value") VALUES ('AI', 'Anguilla');
INSERT INTO country ("id", "value") VALUES ('AQ', 'Antarctica');
INSERT INTO country ("id", "value") VALUES ('AG', 'Antigua & Barbuda');
INSERT INTO country ("id", "value") VALUES ('AR', 'Argentina');
INSERT INTO country ("id", "value") VALUES ('AM', 'Armenia');
INSERT INTO country ("id", "value") VALUES ('AW', 'Aruba');
INSERT INTO country ("id", "value") VALUES ('AU', 'Australia');
INSERT INTO country ("id", "value") VALUES ('AT', 'Austria');
INSERT INTO country ("id", "value") VALUES ('AZ', 'Azerbaijan');
INSERT INTO country ("id", "value") VALUES ('BS', 'Bahamas');
INSERT INTO country ("id", "value") VALUES ('BH', 'Bahrain');
INSERT INTO country ("id", "value") VALUES ('BD', 'Bangladesh');
INSERT INTO country ("id", "value") VALUES ('BB', 'Barbados');
INSERT INTO country ("id", "value") VALUES ('BY', 'Belarus');
INSERT INTO country ("id", "value") VALUES ('BE', 'Belgium');
INSERT INTO country ("id", "value") VALUES ('BZ', 'Belize');
INSERT INTO country ("id", "value") VALUES ('BJ', 'Benin');
INSERT INTO country ("id", "value") VALUES ('BM', 'Bermuda');
INSERT INTO country ("id", "value") VALUES ('BT', 'Bhutan');
INSERT INTO country ("id", "value") VALUES ('BO', 'Bolivia');
INSERT INTO country ("id", "value") VALUES ('BA', 'Bosnia & Herzegovina');
INSERT INTO country ("id", "value") VALUES ('BW', 'Botswana');
INSERT INTO country ("id", "value") VALUES ('BV', 'Bouvet Island');
INSERT INTO country ("id", "value") VALUES ('BR', 'Brazil');
INSERT INTO country ("id", "value") VALUES ('IO', 'British Indian Ocean Territory');
INSERT INTO country ("id", "value") VALUES ('VG', 'British Virgin Islands');
INSERT INTO country ("id", "value") VALUES ('BN', 'Brunei');
INSERT INTO country ("id", "value") VALUES ('BG', 'Bulgaria');
INSERT INTO country ("id", "value") VALUES ('BF', 'Burkina Faso');
INSERT INTO country ("id", "value") VALUES ('BI', 'Burundi');
INSERT INTO country ("id", "value") VALUES ('KH', 'Cambodia');
INSERT INTO country ("id", "value") VALUES ('CM', 'Cameroon');
INSERT INTO country ("id", "value") VALUES ('CA', 'Canada');
INSERT INTO country ("id", "value") VALUES ('CV', 'Cape Verde');
INSERT INTO country ("id", "value") VALUES ('BQ', 'Caribbean Netherlands');
INSERT INTO country ("id", "value") VALUES ('KY', 'Cayman Islands');
INSERT INTO country ("id", "value") VALUES ('CF', 'Central African Republic');
INSERT INTO country ("id", "value") VALUES ('TD', 'Chad');
INSERT INTO country ("id", "value") VALUES ('CL', 'Chile');
INSERT INTO country ("id", "value") VALUES ('CN', 'China');
INSERT INTO country ("id", "value") VALUES ('CX', 'Christmas Island');
INSERT INTO country ("id", "value") VALUES ('CC', 'Cocos (Keeling) Islands');
INSERT INTO country ("id", "value") VALUES ('CO', 'Colombia');
INSERT INTO country ("id", "value") VALUES ('KM', 'Comoros');
INSERT INTO country ("id", "value") VALUES ('CG', 'Congo - Brazzaville');
INSERT INTO country ("id", "value") VALUES ('CD', 'Congo - Kinshasa');
INSERT INTO country ("id", "value") VALUES ('CK', 'Cook Islands');
INSERT INTO country ("id", "value") VALUES ('CR', 'Costa Rica');
INSERT INTO country ("id", "value") VALUES ('CI', 'Côte d’Ivoire');
INSERT INTO country ("id", "value") VALUES ('HR', 'Croatia');
INSERT INTO country ("id", "value") VALUES ('CU', 'Cuba');
INSERT INTO country ("id", "value") VALUES ('CW', 'Curaçao');
INSERT INTO country ("id", "value") VALUES ('CY', 'Cyprus');
INSERT INTO country ("id", "value") VALUES ('CZ', 'Czechia');
INSERT INTO country ("id", "value") VALUES ('DK', 'Denmark');
INSERT INTO country ("id", "value") VALUES ('DJ', 'Djibouti');
INSERT INTO country ("id", "value") VALUES ('DM', 'Dominica');
INSERT INTO country ("id", "value") VALUES ('DO', 'Dominican Republic');
INSERT INTO country ("id", "value") VALUES ('EC', 'Ecuador');
INSERT INTO country ("id", "value") VALUES ('EG', 'Egypt');
INSERT INTO country ("id", "value") VALUES ('SV', 'El Salvador');
INSERT INTO country ("id", "value") VALUES ('GQ', 'Equatorial Guinea');
INSERT INTO country ("id", "value") VALUES ('ER', 'Eritrea');
INSERT INTO country ("id", "value") VALUES ('EE', 'Estonia');
INSERT INTO country ("id", "value") VALUES ('SZ', 'Eswatini');
INSERT INTO country ("id", "value") VALUES ('ET', 'Ethiopia');
INSERT INTO country ("id", "value") VALUES ('FK', 'Falkland Islands');
INSERT INTO country ("id", "value") VALUES ('FO', 'Faroe Islands');
INSERT INTO country ("id", "value") VALUES ('FJ', 'Fiji');
INSERT INTO country ("id", "value") VALUES ('FI', 'Finland');
INSERT INTO country ("id", "value") VALUES ('FR', 'France');
INSERT INTO country ("id", "value") VALUES ('GF', 'French Guiana');
INSERT INTO country ("id", "value") VALUES ('PF', 'French Polynesia');
INSERT INTO country ("id", "value") VALUES ('TF', 'French Southern Territories');
INSERT INTO country ("id", "value") VALUES ('GA', 'Gabon');
INSERT INTO country ("id", "value") VALUES ('GM', 'Gambia');
INSERT INTO country ("id", "value") VALUES ('GE', 'Georgia');
INSERT INTO country ("id", "value") VALUES ('DE', 'Germany');
INSERT INTO country ("id", "value") VALUES ('GH', 'Ghana');
INSERT INTO country ("id", "value") VALUES ('GI', 'Gibraltar');
INSERT INTO country ("id", "value") VALUES ('GR', 'Greece');
INSERT INTO country ("id", "value") VALUES ('GL', 'Greenland');
INSERT INTO country ("id", "value") VALUES ('GD', 'Grenada');
INSERT INTO country ("id", "value") VALUES ('GP', 'Guadeloupe');
INSERT INTO country ("id", "value") VALUES ('GU', 'Guam');
INSERT INTO country ("id", "value") VALUES ('GT', 'Guatemala');
INSERT INTO country ("id", "value") VALUES ('GG', 'Guernsey');
INSERT INTO country ("id", "value") VALUES ('GN', 'Guinea');
INSERT INTO country ("id", "value") VALUES ('GW', 'Guinea-Bissau');
INSERT INTO country ("id", "value") VALUES ('GY', 'Guyana');
INSERT INTO country ("id", "value") VALUES ('HT', 'Haiti');
INSERT INTO country ("id", "value") VALUES ('HM', 'Heard & McDonald Islands');
INSERT INTO country ("id", "value") VALUES ('HN', 'Honduras');
INSERT INTO country ("id", "value") VALUES ('HK', 'Hong Kong SAR China');
INSERT INTO country ("id", "value") VALUES ('HU', 'Hungary');
INSERT INTO country ("id", "value") VALUES ('IS', 'Iceland');
INSERT INTO country ("id", "value") VALUES ('IN', 'India');
INSERT INTO country ("id", "value") VALUES ('ID', 'Indonesia');
INSERT INTO country ("id", "value") VALUES ('IR', 'Iran');
INSERT INTO country ("id", "value") VALUES ('IQ', 'Iraq');
INSERT INTO country ("id", "value") VALUES ('IE', 'Ireland');
INSERT INTO country ("id", "value") VALUES ('IM', 'Isle of Man');
INSERT INTO country ("id", "value") VALUES ('IL', 'Israel');
INSERT INTO country ("id", "value") VALUES ('IT', 'Italy');
INSERT INTO country ("id", "value") VALUES ('JM', 'Jamaica');
INSERT INTO country ("id", "value") VALUES ('JP', 'Japan');
INSERT INTO country ("id", "value") VALUES ('JE', 'Jersey');
INSERT INTO country ("id", "value") VALUES ('JO', 'Jordan');
INSERT INTO country ("id", "value") VALUES ('KZ', 'Kazakhstan');
INSERT INTO country ("id", "value") VALUES ('KE', 'Kenya');
INSERT INTO country ("id", "value") VALUES ('KI', 'Kiribati');
INSERT INTO country ("id", "value") VALUES ('KW', 'Kuwait');
INSERT INTO country ("id", "value") VALUES ('KG', 'Kyrgyzstan');
INSERT INTO country ("id", "value") VALUES ('LA', 'Laos');
INSERT INTO country ("id", "value") VALUES ('LV', 'Latvia');
INSERT INTO country ("id", "value") VALUES ('LB', 'Lebanon');
INSERT INTO country ("id", "value") VALUES ('LS', 'Lesotho');
INSERT INTO country ("id", "value") VALUES ('LR', 'Liberia');
INSERT INTO country ("id", "value") VALUES ('LY', 'Libya');
INSERT INTO country ("id", "value") VALUES ('LI', 'Liechtenstein');
INSERT INTO country ("id", "value") VALUES ('LT', 'Lithuania');
INSERT INTO country ("id", "value") VALUES ('LU', 'Luxembourg');
INSERT INTO country ("id", "value") VALUES ('MO', 'Macao SAR China');
INSERT INTO country ("id", "value") VALUES ('MG', 'Madagascar');
INSERT INTO country ("id", "value") VALUES ('MW', 'Malawi');
INSERT INTO country ("id", "value") VALUES ('MY', 'Malaysia');
INSERT INTO country ("id", "value") VALUES ('MV', 'Maldives');
INSERT INTO country ("id", "value") VALUES ('ML', 'Mali');
INSERT INTO country ("id", "value") VALUES ('MT', 'Malta');
INSERT INTO country ("id", "value") VALUES ('MH', 'Marshall Islands');
INSERT INTO country ("id", "value") VALUES ('MQ', 'Martinique');
INSERT INTO country ("id", "value") VALUES ('MR', 'Mauritania');
INSERT INTO country ("id", "value") VALUES ('MU', 'Mauritius');
INSERT INTO country ("id", "value") VALUES ('YT', 'Mayotte');
INSERT INTO country ("id", "value") VALUES ('MX', 'Mexico');
INSERT INTO country ("id", "value") VALUES ('FM', 'Micronesia');
INSERT INTO country ("id", "value") VALUES ('MD', 'Moldova');
INSERT INTO country ("id", "value") VALUES ('MC', 'Monaco');
INSERT INTO country ("id", "value") VALUES ('MN', 'Mongolia');
INSERT INTO country ("id", "value") VALUES ('ME', 'Montenegro');
INSERT INTO country ("id", "value") VALUES ('MS', 'Montserrat');
INSERT INTO country ("id", "value") VALUES ('MA', 'Morocco');
INSERT INTO country ("id", "value") VALUES ('MZ', 'Mozambique');
INSERT INTO country ("id", "value") VALUES ('MM', 'Myanmar (Burma)');
INSERT INTO country ("id", "value") VALUES ('NA', 'Namibia');
INSERT INTO country ("id", "value") VALUES ('NR', 'Nauru');
INSERT INTO country ("id", "value") VALUES ('NP', 'Nepal');
INSERT INTO country ("id", "value") VALUES ('NL', 'Netherlands');
INSERT INTO country ("id", "value") VALUES ('NC', 'New Caledonia');
INSERT INTO country ("id", "value") VALUES ('NZ', 'New Zealand');
INSERT INTO country ("id", "value") VALUES ('NI', 'Nicaragua');
INSERT INTO country ("id", "value") VALUES ('NE', 'Niger');
INSERT INTO country ("id", "value") VALUES ('NG', 'Nigeria');
INSERT INTO country ("id", "value") VALUES ('NU', 'Niue');
INSERT INTO country ("id", "value") VALUES ('NF', 'Norfolk Island');
INSERT INTO country ("id", "value") VALUES ('KP', 'North Korea');
INSERT INTO country ("id", "value") VALUES ('MK', 'North Macedonia');
INSERT INTO country ("id", "value") VALUES ('MP', 'Northern Mariana Islands');
INSERT INTO country ("id", "value") VALUES ('NO', 'Norway');
INSERT INTO country ("id", "value") VALUES ('OM', 'Oman');
INSERT INTO country ("id", "value") VALUES ('PK', 'Pakistan');
INSERT INTO country ("id", "value") VALUES ('PW', 'Palau');
INSERT INTO country ("id", "value") VALUES ('PS', 'Palestinian Territories');
INSERT INTO country ("id", "value") VALUES ('PA', 'Panama');
INSERT INTO country ("id", "value") VALUES ('PG', 'Papua New Guinea');
INSERT INTO country ("id", "value") VALUES ('PY', 'Paraguay');
INSERT INTO country ("id", "value") VALUES ('PE', 'Peru');
INSERT INTO country ("id", "value") VALUES ('PH', 'Philippines');
INSERT INTO country ("id", "value") VALUES ('PN', 'Pitcairn Islands');
INSERT INTO country ("id", "value") VALUES ('PL', 'Poland');
INSERT INTO country ("id", "value") VALUES ('PT', 'Portugal');
INSERT INTO country ("id", "value") VALUES ('PR', 'Puerto Rico');
INSERT INTO country ("id", "value") VALUES ('QA', 'Qatar');
INSERT INTO country ("id", "value") VALUES ('RE', 'Réunion');
INSERT INTO country ("id", "value") VALUES ('RO', 'Romania');
INSERT INTO country ("id", "value") VALUES ('RU', 'Russia');
INSERT INTO country ("id", "value") VALUES ('RW', 'Rwanda');
INSERT INTO country ("id", "value") VALUES ('WS', 'Samoa');
INSERT INTO country ("id", "value") VALUES ('SM', 'San Marino');
INSERT INTO country ("id", "value") VALUES ('ST', 'São Tomé & Príncipe');
INSERT INTO country ("id", "value") VALUES ('SA', 'Saudi Arabia');
INSERT INTO country ("id", "value") VALUES ('SN', 'Senegal');
INSERT INTO country ("id", "value") VALUES ('RS', 'Serbia');
INSERT INTO country ("id", "value") VALUES ('SC', 'Seychelles');
INSERT INTO country ("id", "value") VALUES ('SL', 'Sierra Leone');
INSERT INTO country ("id", "value") VALUES ('SG', 'Singapore');
INSERT INTO country ("id", "value") VALUES ('SX', 'Sint Maarten');
INSERT INTO country ("id", "value") VALUES ('SK', 'Slovakia');
INSERT INTO country ("id", "value") VALUES ('SI', 'Slovenia');
INSERT INTO country ("id", "value") VALUES ('SB', 'Solomon Islands');
INSERT INTO country ("id", "value") VALUES ('SO', 'Somalia');
INSERT INTO country ("id", "value") VALUES ('ZA', 'South Africa');
INSERT INTO country ("id", "value") VALUES ('GS', 'South Georgia & South Sandwich Islands');
INSERT INTO country ("id", "value") VALUES ('KR', 'South Korea');
INSERT INTO country ("id", "value") VALUES ('SS', 'South Sudan');
INSERT INTO country ("id", "value") VALUES ('ES', 'Spain');
INSERT INTO country ("id", "value") VALUES ('LK', 'Sri Lanka');
INSERT INTO country ("id", "value") VALUES ('BL', 'St. Barthélemy');
INSERT INTO country ("id", "value") VALUES ('SH', 'St. Helena');
INSERT INTO country ("id", "value") VALUES ('KN', 'St. Kitts & Nevis');
INSERT INTO country ("id", "value") VALUES ('LC', 'St. Lucia');
INSERT INTO country ("id", "value") VALUES ('MF', 'St. Martin');
INSERT INTO country ("id", "value") VALUES ('PM', 'St. Pierre & Miquelon');
INSERT INTO country ("id", "value") VALUES ('VC', 'St. Vincent & Grenadines');
INSERT INTO country ("id", "value") VALUES ('SD', 'Sudan');
INSERT INTO country ("id", "value") VALUES ('SR', 'Suriname');
INSERT INTO country ("id", "value") VALUES ('SJ', 'Svalbard & Jan Mayen');
INSERT INTO country ("id", "value") VALUES ('SE', 'Sweden');
INSERT INTO country ("id", "value") VALUES ('CH', 'Switzerland');
INSERT INTO country ("id", "value") VALUES ('SY', 'Syria');
INSERT INTO country ("id", "value") VALUES ('TW', 'Taiwan');
INSERT INTO country ("id", "value") VALUES ('TJ', 'Tajikistan');
INSERT INTO country ("id", "value") VALUES ('TZ', 'Tanzania');
INSERT INTO country ("id", "value") VALUES ('TH', 'Thailand');
INSERT INTO country ("id", "value") VALUES ('TL', 'Timor-Leste');
INSERT INTO country ("id", "value") VALUES ('TG', 'Togo');
INSERT INTO country ("id", "value") VALUES ('TK', 'Tokelau');
INSERT INTO country ("id", "value") VALUES ('TO', 'Tonga');
INSERT INTO country ("id", "value") VALUES ('TT', 'Trinidad & Tobago');
INSERT INTO country ("id", "value") VALUES ('TN', 'Tunisia');
INSERT INTO country ("id", "value") VALUES ('TR', 'Turkey');
INSERT INTO country ("id", "value") VALUES ('TM', 'Turkmenistan');
INSERT INTO country ("id", "value") VALUES ('TC', 'Turks & Caicos Islands');
INSERT INTO country ("id", "value") VALUES ('TV', 'Tuvalu');
INSERT INTO country ("id", "value") VALUES ('UM', 'U.S. Outlying Islands');
INSERT INTO country ("id", "value") VALUES ('VI', 'U.S. Virgin Islands');
INSERT INTO country ("id", "value") VALUES ('UG', 'Uganda');
INSERT INTO country ("id", "value") VALUES ('UA', 'Ukraine');
INSERT INTO country ("id", "value") VALUES ('AE', 'United Arab Emirates');
INSERT INTO country ("id", "value") VALUES ('GB', 'United Kingdom');
INSERT INTO country ("id", "value") VALUES ('US', 'United States');
INSERT INTO country ("id", "value") VALUES ('UY', 'Uruguay');
INSERT INTO country ("id", "value") VALUES ('UZ', 'Uzbekistan');
INSERT INTO country ("id", "value") VALUES ('VU', 'Vanuatu');
INSERT INTO country ("id", "value") VALUES ('VA', 'Vatican City');
INSERT INTO country ("id", "value") VALUES ('VE', 'Venezuela');
INSERT INTO country ("id", "value") VALUES ('VN', 'Vietnam');
INSERT INTO country ("id", "value") VALUES ('WF', 'Wallis & Futuna');
INSERT INTO country ("id", "value") VALUES ('EH', 'Western Sahara');
INSERT INTO country ("id", "value") VALUES ('YE', 'Yemen');
INSERT INTO country ("id", "value") VALUES ('ZM', 'Zambia');
INSERT INTO country ("id", "value") VALUES ('ZW', 'Zimbabwe');INSERT INTO interviewee (id, login, password, age, gender, country, marital_status) VALUES ('8c0cb689-a55f-450e-8c0c-8e58d4872895', 'interviewee0', 'qwerty', 50, 'male', 'BY', 'divorced');
INSERT INTO choice (id, questionnaire_id, interviewee_id) VALUES ('a6c9d923-f4d1-4664-a6e3-852f284bd2fb', 'a7e484ae-fb91-4ddf-a8c0-869a7f4ad0ee', '8c0cb689-a55f-450e-8c0c-8e58d4872895');
INSERT INTO option_choice (option_id, choice_id) VALUES ('5833b1ae-14b5-474e-8178-69dc98fc720e', 'a6c9d923-f4d1-4664-a6e3-852f284bd2fb');
INSERT INTO choice (id, questionnaire_id, interviewee_id) VALUES ('eafff07f-872c-4a9d-a5ed-273c0f75189d', 'e2cf177f-e49f-4aef-99a6-095d711c6ec2', '8c0cb689-a55f-450e-8c0c-8e58d4872895');
INSERT INTO option_choice (option_id, choice_id) VALUES ('1b5e4a41-da4c-4845-8698-5ed9deee3ca2', 'eafff07f-872c-4a9d-a5ed-273c0f75189d');
INSERT INTO choice (id, questionnaire_id, interviewee_id) VALUES ('2e4bb791-2c31-43a0-8d5e-fe6858e15afd', '557cb630-d2f4-4e11-afe9-d50534deb525', '8c0cb689-a55f-450e-8c0c-8e58d4872895');
INSERT INTO option_choice (option_id, choice_id) VALUES ('b633afa9-c11d-4aab-b450-ffbcfde02318', '2e4bb791-2c31-43a0-8d5e-fe6858e15afd');
INSERT INTO interviewee (id, login, password, age, gender, country, marital_status) VALUES ('4c7f3f9a-01e4-4099-b981-088998d30d34', 'interviewee1', 'qwerty', 37, 'male', 'BL', 'divorced');
INSERT INTO choice (id, questionnaire_id, interviewee_id) VALUES ('3bbee747-3df7-436e-88ac-419be62b6a29', '83dbd16d-6765-468d-944f-022d10d042e5', '4c7f3f9a-01e4-4099-b981-088998d30d34');
INSERT INTO option_choice (option_id, choice_id) VALUES ('eee0aab7-8b77-4c19-b028-648aa7e303ed', '3bbee747-3df7-436e-88ac-419be62b6a29');
INSERT INTO choice (id, questionnaire_id, interviewee_id) VALUES ('6a0d8e67-f1eb-4eef-8536-8ebb967264cb', 'cb70c074-82ef-4114-aabc-e940a19b5bb0', '4c7f3f9a-01e4-4099-b981-088998d30d34');
INSERT INTO option_choice (option_id, choice_id) VALUES ('b2aebe06-b155-47cd-a39d-b9c1beabb465', '6a0d8e67-f1eb-4eef-8536-8ebb967264cb');
INSERT INTO option_choice (option_id, choice_id) VALUES ('c2db2843-0153-4422-8aa4-c4c9e640418d', '6a0d8e67-f1eb-4eef-8536-8ebb967264cb');
INSERT INTO option_choice (option_id, choice_id) VALUES ('4f47a30f-5169-4bf3-a6a9-f9777225a72d', '6a0d8e67-f1eb-4eef-8536-8ebb967264cb');
INSERT INTO choice (id, questionnaire_id, interviewee_id) VALUES ('1908c9ea-f247-417a-acbe-7b46ff0f8c98', '6a34c81d-d686-4ce4-8e2f-ec3d2ba47346', '4c7f3f9a-01e4-4099-b981-088998d30d34');
INSERT INTO option_choice (option_id, choice_id) VALUES ('f7043315-74b1-4456-92cc-0c7dc1e0dd21', '1908c9ea-f247-417a-acbe-7b46ff0f8c98');
INSERT INTO interviewee (id, login, password, age, gender, country, marital_status) VALUES ('29bfece2-3fb7-405b-9481-30629a2412b7', 'interviewee2', 'qwerty', 34, 'female', 'UY', 'was_not_married');
INSERT INTO choice (id, questionnaire_id, interviewee_id) VALUES ('a03fa93f-d3d1-4cd1-884e-d90a9a874c33', '309e872a-e145-4926-998b-ec0fdb62466a', '29bfece2-3fb7-405b-9481-30629a2412b7');
INSERT INTO option_choice (option_id, choice_id) VALUES ('926da358-7388-4aea-b601-42bcfcd8c071', 'a03fa93f-d3d1-4cd1-884e-d90a9a874c33');
INSERT INTO option_choice (option_id, choice_id) VALUES ('4579f5ab-3007-4302-aa53-456cd440599b', 'a03fa93f-d3d1-4cd1-884e-d90a9a874c33');
INSERT INTO option_choice (option_id, choice_id) VALUES ('1dcd1e79-636e-4d6c-b9b4-dcf0da4fdaaa', 'a03fa93f-d3d1-4cd1-884e-d90a9a874c33');
INSERT INTO option_choice (option_id, choice_id) VALUES ('8ccfc598-c3a0-4ad2-a052-f4e6e3edc252', 'a03fa93f-d3d1-4cd1-884e-d90a9a874c33');
INSERT INTO choice (id, questionnaire_id, interviewee_id) VALUES ('ebceee1b-7d38-4c00-9c37-190315f1c354', 'af6f1431-a90e-4919-83a4-359d6a8a7d22', '29bfece2-3fb7-405b-9481-30629a2412b7');
INSERT INTO option_choice (option_id, choice_id) VALUES ('1d5c1c89-2fbe-4efd-aab1-12329e29ad0f', 'ebceee1b-7d38-4c00-9c37-190315f1c354');
INSERT INTO option_choice (option_id, choice_id) VALUES ('e41b3b09-f2a6-4206-bfde-743557a31646', 'ebceee1b-7d38-4c00-9c37-190315f1c354');
INSERT INTO option_choice (option_id, choice_id) VALUES ('e6932ff8-921c-4ab7-b5c5-37e59ea816fd', 'ebceee1b-7d38-4c00-9c37-190315f1c354');
INSERT INTO option_choice (option_id, choice_id) VALUES ('b6cea016-cb83-4752-bbc0-0e2a71b294d6', 'ebceee1b-7d38-4c00-9c37-190315f1c354');
INSERT INTO option_choice (option_id, choice_id) VALUES ('a3c0df26-f677-4a76-9fc9-e8bcb2a586ec', 'ebceee1b-7d38-4c00-9c37-190315f1c354');
INSERT INTO choice (id, questionnaire_id, interviewee_id) VALUES ('4a9988b6-ddfe-413e-8b4a-ad155acf7dc7', '1a336595-020d-4026-a389-afd9a80cf707', '29bfece2-3fb7-405b-9481-30629a2412b7');
INSERT INTO option_choice (option_id, choice_id) VALUES ('fb8edb03-709f-43c3-9875-7ba762e529a6', '4a9988b6-ddfe-413e-8b4a-ad155acf7dc7');
INSERT INTO interviewee (id, login, password, age, gender, country, marital_status) VALUES ('dad85a25-b813-4259-bf19-1afb5ca804aa', 'interviewee3', 'qwerty', 28, 'male', 'TR', 'married');
INSERT INTO choice (id, questionnaire_id, interviewee_id) VALUES ('22e5ae18-64d6-4e87-875e-7b694e2f942e', '8adfa259-7459-4497-b994-7101058c39c1', 'dad85a25-b813-4259-bf19-1afb5ca804aa');
INSERT INTO option_choice (option_id, choice_id) VALUES ('0c96072b-cf70-4fde-8afb-27bf8c3f7a8b', '22e5ae18-64d6-4e87-875e-7b694e2f942e');
INSERT INTO option_choice (option_id, choice_id) VALUES ('9e45c288-be30-427f-be35-83a5171e2b4d', '22e5ae18-64d6-4e87-875e-7b694e2f942e');
INSERT INTO option_choice (option_id, choice_id) VALUES ('7d64ec60-4b16-49eb-a0c6-4af24c3b1767', '22e5ae18-64d6-4e87-875e-7b694e2f942e');
INSERT INTO choice (id, questionnaire_id, interviewee_id) VALUES ('4d1a4616-6caf-4329-85e1-5800cdad232f', 'e679f6e5-388e-4679-9f14-15a0896d2816', 'dad85a25-b813-4259-bf19-1afb5ca804aa');
INSERT INTO option_choice (option_id, choice_id) VALUES ('3ee9dd0f-6306-4f8b-bdec-27347884621a', '4d1a4616-6caf-4329-85e1-5800cdad232f');
INSERT INTO option_choice (option_id, choice_id) VALUES ('7fc08a6e-900b-45ea-b455-29a8eb343039', '4d1a4616-6caf-4329-85e1-5800cdad232f');
INSERT INTO option_choice (option_id, choice_id) VALUES ('ae13d28d-5670-495b-a9e0-d0949dab86e3', '4d1a4616-6caf-4329-85e1-5800cdad232f');
INSERT INTO option_choice (option_id, choice_id) VALUES ('01fc26e1-e8f8-407f-a1b8-6af243e9c3dd', '4d1a4616-6caf-4329-85e1-5800cdad232f');
INSERT INTO interviewee (id, login, password, age, gender, country, marital_status) VALUES ('6f9f0df6-dd42-4f26-aa32-cf864f0015f6', 'interviewee4', 'qwerty', 42, 'female', 'KM', 'was_not_married');
INSERT INTO choice (id, questionnaire_id, interviewee_id) VALUES ('a5a32ec3-abaf-4fe0-a360-0961704e0db3', 'd05638df-f11c-413d-8456-ee036bed2914', '6f9f0df6-dd42-4f26-aa32-cf864f0015f6');
INSERT INTO option_choice (option_id, choice_id) VALUES ('b4b64304-6288-40df-8120-283c58db8d1a', 'a5a32ec3-abaf-4fe0-a360-0961704e0db3');
INSERT INTO interviewee (id, login, password, age, gender, country, marital_status) VALUES ('1be80a7d-18ff-499e-b976-a9a41ba0e9f8', 'interviewee5', 'qwerty', 54, 'female', 'MQ', 'married');
INSERT INTO choice (id, questionnaire_id, interviewee_id) VALUES ('68694d91-2ddd-4a83-87e9-825bf8e32b9d', '56c296cd-7c3b-4eb1-90cb-745e555a098c', '1be80a7d-18ff-499e-b976-a9a41ba0e9f8');
INSERT INTO option_choice (option_id, choice_id) VALUES ('00605853-328c-4a30-9227-5513208ca17e', '68694d91-2ddd-4a83-87e9-825bf8e32b9d');
INSERT INTO option_choice (option_id, choice_id) VALUES ('75d9d333-93f8-42f6-be3b-9a5a24aa476c', '68694d91-2ddd-4a83-87e9-825bf8e32b9d');
INSERT INTO choice (id, questionnaire_id, interviewee_id) VALUES ('35181ae6-ff21-4f1b-b6f8-cef2752ffeb0', '1a336595-020d-4026-a389-afd9a80cf707', '1be80a7d-18ff-499e-b976-a9a41ba0e9f8');
INSERT INTO option_choice (option_id, choice_id) VALUES ('15439bd9-6ff1-4651-a545-60ef7679f375', '35181ae6-ff21-4f1b-b6f8-cef2752ffeb0');
INSERT INTO interviewee (id, login, password, age, gender, country, marital_status) VALUES ('19a234c9-e9e4-4e07-b28d-a66f382ce10c', 'interviewee6', 'qwerty', 40, 'female', 'EG', 'divorced');
INSERT INTO choice (id, questionnaire_id, interviewee_id) VALUES ('caa53bfc-1042-4515-9400-f9c53e2f308d', 'afb83fe3-e755-403b-9a15-c18b3782c012', '19a234c9-e9e4-4e07-b28d-a66f382ce10c');
INSERT INTO option_choice (option_id, choice_id) VALUES ('db1f1f55-651e-4dd8-b4c1-deb2f26216b2', 'caa53bfc-1042-4515-9400-f9c53e2f308d');
INSERT INTO choice (id, questionnaire_id, interviewee_id) VALUES ('e7504731-e24a-4ae3-8bf8-b822cbd56bb9', 'a7e484ae-fb91-4ddf-a8c0-869a7f4ad0ee', '19a234c9-e9e4-4e07-b28d-a66f382ce10c');
INSERT INTO option_choice (option_id, choice_id) VALUES ('5833b1ae-14b5-474e-8178-69dc98fc720e', 'e7504731-e24a-4ae3-8bf8-b822cbd56bb9');
INSERT INTO interviewee (id, login, password, age, gender, country, marital_status) VALUES ('c6131088-df4e-4ed7-906c-04c0d2b58fee', 'interviewee7', 'qwerty', 42, 'female', 'BW', 'divorced');
INSERT INTO choice (id, questionnaire_id, interviewee_id) VALUES ('42dcd6f3-2169-41ee-96a8-64379e5ee310', 'f680addd-a0b2-4101-9e1f-5e0870943c68', 'c6131088-df4e-4ed7-906c-04c0d2b58fee');
INSERT INTO option_choice (option_id, choice_id) VALUES ('cfde0373-91b9-46f9-bc0d-a137a713d2d7', '42dcd6f3-2169-41ee-96a8-64379e5ee310');
INSERT INTO option_choice (option_id, choice_id) VALUES ('521ef3a0-411b-4392-8393-62ed9a638949', '42dcd6f3-2169-41ee-96a8-64379e5ee310');
INSERT INTO choice (id, questionnaire_id, interviewee_id) VALUES ('d0ec2a34-5a5a-4e68-a0fa-e669dfad74e5', 'd05638df-f11c-413d-8456-ee036bed2914', 'c6131088-df4e-4ed7-906c-04c0d2b58fee');
INSERT INTO option_choice (option_id, choice_id) VALUES ('b0557de3-6b66-4e79-b1ac-c2b8f0a5096b', 'd0ec2a34-5a5a-4e68-a0fa-e669dfad74e5');
INSERT INTO interviewee (id, login, password, age, gender, country, marital_status) VALUES ('c0c7849b-7b0f-47ec-8fae-0185c5ab53db', 'interviewee8', 'qwerty', 19, 'female', 'CG', 'divorced');
INSERT INTO choice (id, questionnaire_id, interviewee_id) VALUES ('ee2022fd-0cea-4bba-84bb-59017f22366e', 'a345b682-c7ac-49ac-9f14-4f5173a872d8', 'c0c7849b-7b0f-47ec-8fae-0185c5ab53db');
INSERT INTO option_choice (option_id, choice_id) VALUES ('faa6ab11-59ef-4e3b-aa30-88fe576f7451', 'ee2022fd-0cea-4bba-84bb-59017f22366e');
INSERT INTO choice (id, questionnaire_id, interviewee_id) VALUES ('edbdd5f1-1c26-4d08-bb5c-08fb6276d6ca', '309e872a-e145-4926-998b-ec0fdb62466a', 'c0c7849b-7b0f-47ec-8fae-0185c5ab53db');
INSERT INTO option_choice (option_id, choice_id) VALUES ('4579f5ab-3007-4302-aa53-456cd440599b', 'edbdd5f1-1c26-4d08-bb5c-08fb6276d6ca');
INSERT INTO interviewee (id, login, password, age, gender, country, marital_status) VALUES ('1060434c-8bfe-4766-9a0f-afb0bd842d85', 'interviewee9', 'qwerty', 61, 'male', 'PT', 'divorced');
INSERT INTO choice (id, questionnaire_id, interviewee_id) VALUES ('8601c32b-7562-4858-8754-7d67f9710b69', 'e679f6e5-388e-4679-9f14-15a0896d2816', '1060434c-8bfe-4766-9a0f-afb0bd842d85');
INSERT INTO option_choice (option_id, choice_id) VALUES ('ae13d28d-5670-495b-a9e0-d0949dab86e3', '8601c32b-7562-4858-8754-7d67f9710b69');
INSERT INTO option_choice (option_id, choice_id) VALUES ('01fc26e1-e8f8-407f-a1b8-6af243e9c3dd', '8601c32b-7562-4858-8754-7d67f9710b69');
INSERT INTO option_choice (option_id, choice_id) VALUES ('7fc08a6e-900b-45ea-b455-29a8eb343039', '8601c32b-7562-4858-8754-7d67f9710b69');
INSERT INTO option_choice (option_id, choice_id) VALUES ('5169914a-cf41-4077-8993-1322df09c3da', '8601c32b-7562-4858-8754-7d67f9710b69');
INSERT INTO option_choice (option_id, choice_id) VALUES ('f62b7b4d-17f1-4686-9782-f0b454d6f390', '8601c32b-7562-4858-8754-7d67f9710b69');
INSERT INTO interviewee (id, login, password, age, gender, country, marital_status) VALUES ('a4807b7d-f9a2-4229-92ff-64cdc65bacc7', 'interviewee10', 'qwerty', 67, 'female', 'RO', 'divorced');
INSERT INTO choice (id, questionnaire_id, interviewee_id) VALUES ('305930b5-538b-4b8f-adfd-d85b4473690f', 'a7e484ae-fb91-4ddf-a8c0-869a7f4ad0ee', 'a4807b7d-f9a2-4229-92ff-64cdc65bacc7');
INSERT INTO option_choice (option_id, choice_id) VALUES ('4331f8de-01b0-4500-b3ce-a712074f2e20', '305930b5-538b-4b8f-adfd-d85b4473690f');
INSERT INTO interviewee (id, login, password, age, gender, country, marital_status) VALUES ('6f45cff0-a8c0-4946-acfb-8adea34fa260', 'interviewee11', 'qwerty', 22, 'male', 'TM', 'divorced');
INSERT INTO choice (id, questionnaire_id, interviewee_id) VALUES ('47f339c4-c874-47fd-b039-985593ea01be', 'afb83fe3-e755-403b-9a15-c18b3782c012', '6f45cff0-a8c0-4946-acfb-8adea34fa260');
INSERT INTO option_choice (option_id, choice_id) VALUES ('20880a56-05fa-464a-90ad-faf02a83fa77', '47f339c4-c874-47fd-b039-985593ea01be');
INSERT INTO interviewee (id, login, password, age, gender, country, marital_status) VALUES ('c1444a8d-f821-4b6d-99b5-60afde9a74e8', 'interviewee12', 'qwerty', 47, 'male', 'PT', 'was_not_married');
INSERT INTO choice (id, questionnaire_id, interviewee_id) VALUES ('8a9cac13-463c-46f0-9e52-79852b6fcd1f', 'b6588e29-37de-425f-834e-e867f77794ce', 'c1444a8d-f821-4b6d-99b5-60afde9a74e8');
INSERT INTO option_choice (option_id, choice_id) VALUES ('46bd1403-2ee0-4145-8014-8dd4fafcb8af', '8a9cac13-463c-46f0-9e52-79852b6fcd1f');
INSERT INTO option_choice (option_id, choice_id) VALUES ('ec37510e-f2a1-4e16-ae94-e9ea2c4461e3', '8a9cac13-463c-46f0-9e52-79852b6fcd1f');
INSERT INTO option_choice (option_id, choice_id) VALUES ('5b82f100-bb0f-47ec-9395-7a0409f4b7ef', '8a9cac13-463c-46f0-9e52-79852b6fcd1f');
INSERT INTO option_choice (option_id, choice_id) VALUES ('40c301f5-13ed-4b94-85aa-e1c562adce4d', '8a9cac13-463c-46f0-9e52-79852b6fcd1f');
INSERT INTO option_choice (option_id, choice_id) VALUES ('07e7a8bf-65e2-41d5-aeef-91bcbe765392', '8a9cac13-463c-46f0-9e52-79852b6fcd1f');
INSERT INTO option_choice (option_id, choice_id) VALUES ('4bde418e-a165-43f7-ac7b-c6d2ab034e2e', '8a9cac13-463c-46f0-9e52-79852b6fcd1f');
INSERT INTO option_choice (option_id, choice_id) VALUES ('7f0bbd14-8cfc-4a28-88f7-5af992a4c02b', '8a9cac13-463c-46f0-9e52-79852b6fcd1f');
INSERT INTO choice (id, questionnaire_id, interviewee_id) VALUES ('d3bed7aa-98f7-46ac-b00e-04e6ae1c4ba3', '342b973f-a1d1-4062-a073-fb80b6195e1a', 'c1444a8d-f821-4b6d-99b5-60afde9a74e8');
INSERT INTO option_choice (option_id, choice_id) VALUES ('a95386af-e627-4a57-adc2-0009818da88b', 'd3bed7aa-98f7-46ac-b00e-04e6ae1c4ba3');
INSERT INTO option_choice (option_id, choice_id) VALUES ('d84282d4-6002-4289-bb10-cb7bfd2e906b', 'd3bed7aa-98f7-46ac-b00e-04e6ae1c4ba3');
INSERT INTO interviewee (id, login, password, age, gender, country, marital_status) VALUES ('84d5a096-95dc-4475-b786-b1b5c3fdbeab', 'interviewee13', 'qwerty', 34, 'male', 'PG', 'married');
INSERT INTO choice (id, questionnaire_id, interviewee_id) VALUES ('da50acfe-100e-4ce3-ada1-3d07366c157f', 'e679f6e5-388e-4679-9f14-15a0896d2816', '84d5a096-95dc-4475-b786-b1b5c3fdbeab');
INSERT INTO option_choice (option_id, choice_id) VALUES ('f62b7b4d-17f1-4686-9782-f0b454d6f390', 'da50acfe-100e-4ce3-ada1-3d07366c157f');
INSERT INTO option_choice (option_id, choice_id) VALUES ('3ee9dd0f-6306-4f8b-bdec-27347884621a', 'da50acfe-100e-4ce3-ada1-3d07366c157f');
INSERT INTO option_choice (option_id, choice_id) VALUES ('5169914a-cf41-4077-8993-1322df09c3da', 'da50acfe-100e-4ce3-ada1-3d07366c157f');
INSERT INTO option_choice (option_id, choice_id) VALUES ('01fc26e1-e8f8-407f-a1b8-6af243e9c3dd', 'da50acfe-100e-4ce3-ada1-3d07366c157f');
INSERT INTO option_choice (option_id, choice_id) VALUES ('ae13d28d-5670-495b-a9e0-d0949dab86e3', 'da50acfe-100e-4ce3-ada1-3d07366c157f');
INSERT INTO option_choice (option_id, choice_id) VALUES ('7fc08a6e-900b-45ea-b455-29a8eb343039', 'da50acfe-100e-4ce3-ada1-3d07366c157f');
INSERT INTO interviewee (id, login, password, age, gender, country, marital_status) VALUES ('2d648403-fe05-41e4-a417-4d964ea9b7ef', 'interviewee14', 'qwerty', 24, 'female', 'NR', 'divorced');
INSERT INTO choice (id, questionnaire_id, interviewee_id) VALUES ('4025df57-d9d2-48da-b59e-c5f729794468', '8adfa259-7459-4497-b994-7101058c39c1', '2d648403-fe05-41e4-a417-4d964ea9b7ef');
INSERT INTO option_choice (option_id, choice_id) VALUES ('502fb96b-685d-47da-86bb-f40e1e8f57ef', '4025df57-d9d2-48da-b59e-c5f729794468');
INSERT INTO option_choice (option_id, choice_id) VALUES ('7d64ec60-4b16-49eb-a0c6-4af24c3b1767', '4025df57-d9d2-48da-b59e-c5f729794468');
INSERT INTO option_choice (option_id, choice_id) VALUES ('9e45c288-be30-427f-be35-83a5171e2b4d', '4025df57-d9d2-48da-b59e-c5f729794468');
INSERT INTO option_choice (option_id, choice_id) VALUES ('968d6b86-376e-4d23-9555-89ee1d638c1c', '4025df57-d9d2-48da-b59e-c5f729794468');
INSERT INTO option_choice (option_id, choice_id) VALUES ('0c96072b-cf70-4fde-8afb-27bf8c3f7a8b', '4025df57-d9d2-48da-b59e-c5f729794468');
INSERT INTO choice (id, questionnaire_id, interviewee_id) VALUES ('15494d6c-a578-4260-ae93-78d4df4045b2', '309e872a-e145-4926-998b-ec0fdb62466a', '2d648403-fe05-41e4-a417-4d964ea9b7ef');
INSERT INTO option_choice (option_id, choice_id) VALUES ('8ccfc598-c3a0-4ad2-a052-f4e6e3edc252', '15494d6c-a578-4260-ae93-78d4df4045b2');
INSERT INTO option_choice (option_id, choice_id) VALUES ('926da358-7388-4aea-b601-42bcfcd8c071', '15494d6c-a578-4260-ae93-78d4df4045b2');
INSERT INTO option_choice (option_id, choice_id) VALUES ('1dcd1e79-636e-4d6c-b9b4-dcf0da4fdaaa', '15494d6c-a578-4260-ae93-78d4df4045b2');
INSERT INTO choice (id, questionnaire_id, interviewee_id) VALUES ('a335847c-db31-424c-bc05-29261f02c339', 'cb70c074-82ef-4114-aabc-e940a19b5bb0', '2d648403-fe05-41e4-a417-4d964ea9b7ef');
INSERT INTO option_choice (option_id, choice_id) VALUES ('4fbbc5c4-5cc1-4421-86a2-d7151c56a9df', 'a335847c-db31-424c-bc05-29261f02c339');
INSERT INTO option_choice (option_id, choice_id) VALUES ('a6011a1c-260b-45fb-ad13-b09674b0b968', 'a335847c-db31-424c-bc05-29261f02c339');
INSERT INTO option_choice (option_id, choice_id) VALUES ('b2aebe06-b155-47cd-a39d-b9c1beabb465', 'a335847c-db31-424c-bc05-29261f02c339');
INSERT INTO option_choice (option_id, choice_id) VALUES ('4f47a30f-5169-4bf3-a6a9-f9777225a72d', 'a335847c-db31-424c-bc05-29261f02c339');
INSERT INTO interviewee (id, login, password, age, gender, country, marital_status) VALUES ('f2cbd5b0-3834-4478-a1ca-c8da5b05d1b8', 'interviewee15', 'qwerty', 41, 'female', 'GF', 'was_not_married');
INSERT INTO choice (id, questionnaire_id, interviewee_id) VALUES ('898087d4-cc6d-490e-bdf5-0c658a64dc7b', '56c296cd-7c3b-4eb1-90cb-745e555a098c', 'f2cbd5b0-3834-4478-a1ca-c8da5b05d1b8');
INSERT INTO option_choice (option_id, choice_id) VALUES ('75d9d333-93f8-42f6-be3b-9a5a24aa476c', '898087d4-cc6d-490e-bdf5-0c658a64dc7b');
INSERT INTO option_choice (option_id, choice_id) VALUES ('e2f977a1-4767-4f5b-b056-27e45348cf1a', '898087d4-cc6d-490e-bdf5-0c658a64dc7b');
INSERT INTO option_choice (option_id, choice_id) VALUES ('d583c2c9-6998-483b-a5e4-67068e974d6f', '898087d4-cc6d-490e-bdf5-0c658a64dc7b');
INSERT INTO option_choice (option_id, choice_id) VALUES ('00605853-328c-4a30-9227-5513208ca17e', '898087d4-cc6d-490e-bdf5-0c658a64dc7b');
INSERT INTO interviewee (id, login, password, age, gender, country, marital_status) VALUES ('64dffdff-1187-4432-89d7-3f21375bf851', 'interviewee16', 'qwerty', 45, 'female', 'MF', 'married');
INSERT INTO choice (id, questionnaire_id, interviewee_id) VALUES ('b013b56f-8bad-4658-af7b-c71645d5eeb5', '83dbd16d-6765-468d-944f-022d10d042e5', '64dffdff-1187-4432-89d7-3f21375bf851');
INSERT INTO option_choice (option_id, choice_id) VALUES ('eee0aab7-8b77-4c19-b028-648aa7e303ed', 'b013b56f-8bad-4658-af7b-c71645d5eeb5');
INSERT INTO option_choice (option_id, choice_id) VALUES ('d6416cf3-39f7-4cf9-ba84-314605b84d03', 'b013b56f-8bad-4658-af7b-c71645d5eeb5');
INSERT INTO choice (id, questionnaire_id, interviewee_id) VALUES ('155a63fe-98b9-40fa-b99a-7bc9ffc7d3f3', '8adfa259-7459-4497-b994-7101058c39c1', '64dffdff-1187-4432-89d7-3f21375bf851');
INSERT INTO option_choice (option_id, choice_id) VALUES ('502fb96b-685d-47da-86bb-f40e1e8f57ef', '155a63fe-98b9-40fa-b99a-7bc9ffc7d3f3');
INSERT INTO interviewee (id, login, password, age, gender, country, marital_status) VALUES ('45e652cb-2ef5-433e-9319-bdf0a14aee1b', 'interviewee17', 'qwerty', 54, 'male', 'PY', 'divorced');
INSERT INTO choice (id, questionnaire_id, interviewee_id) VALUES ('d7b63032-64b2-4d8a-9fb1-ee5b883692eb', 'afb83fe3-e755-403b-9a15-c18b3782c012', '45e652cb-2ef5-433e-9319-bdf0a14aee1b');
INSERT INTO option_choice (option_id, choice_id) VALUES ('20880a56-05fa-464a-90ad-faf02a83fa77', 'd7b63032-64b2-4d8a-9fb1-ee5b883692eb');
INSERT INTO choice (id, questionnaire_id, interviewee_id) VALUES ('4f7b1654-0f95-4c0d-9b29-40cb7a6e80a8', 'f680addd-a0b2-4101-9e1f-5e0870943c68', '45e652cb-2ef5-433e-9319-bdf0a14aee1b');
INSERT INTO option_choice (option_id, choice_id) VALUES ('cfde0373-91b9-46f9-bc0d-a137a713d2d7', '4f7b1654-0f95-4c0d-9b29-40cb7a6e80a8');
INSERT INTO choice (id, questionnaire_id, interviewee_id) VALUES ('b9a91824-a63d-490f-9fa8-81cca8f005d0', '83dbd16d-6765-468d-944f-022d10d042e5', '45e652cb-2ef5-433e-9319-bdf0a14aee1b');
INSERT INTO option_choice (option_id, choice_id) VALUES ('d6416cf3-39f7-4cf9-ba84-314605b84d03', 'b9a91824-a63d-490f-9fa8-81cca8f005d0');
INSERT INTO option_choice (option_id, choice_id) VALUES ('d8a63395-3425-4d1b-95be-b38dc31cb0af', 'b9a91824-a63d-490f-9fa8-81cca8f005d0');
INSERT INTO interviewee (id, login, password, age, gender, country, marital_status) VALUES ('6ae4aaff-22e3-4245-b8dc-dfbeb5392df5', 'interviewee18', 'qwerty', 49, 'male', 'LT', 'was_not_married');
INSERT INTO choice (id, questionnaire_id, interviewee_id) VALUES ('edc11914-079d-44d8-be5d-ba54e6eef7fb', 'bf8da1bc-7284-44d0-a7c0-4e0321978aa0', '6ae4aaff-22e3-4245-b8dc-dfbeb5392df5');
INSERT INTO option_choice (option_id, choice_id) VALUES ('fbbdfd34-e2c5-4e0b-b98a-d33f6f4fac06', 'edc11914-079d-44d8-be5d-ba54e6eef7fb');
INSERT INTO interviewee (id, login, password, age, gender, country, marital_status) VALUES ('89f1c720-4aca-4a41-abe4-3f0189060cfb', 'interviewee19', 'qwerty', 24, 'male', 'NZ', 'was_not_married');
INSERT INTO choice (id, questionnaire_id, interviewee_id) VALUES ('77235a30-61af-43c1-b97a-abe28e4f16e2', 'bf8da1bc-7284-44d0-a7c0-4e0321978aa0', '89f1c720-4aca-4a41-abe4-3f0189060cfb');
INSERT INTO option_choice (option_id, choice_id) VALUES ('1690438b-db39-4933-b62c-4f692bce0c76', '77235a30-61af-43c1-b97a-abe28e4f16e2');
INSERT INTO choice (id, questionnaire_id, interviewee_id) VALUES ('17234a3b-cba2-4d69-979c-0d40698c6882', '83dbd16d-6765-468d-944f-022d10d042e5', '89f1c720-4aca-4a41-abe4-3f0189060cfb');
INSERT INTO option_choice (option_id, choice_id) VALUES ('176e8036-bece-46c0-beb2-71eb28a41f51', '17234a3b-cba2-4d69-979c-0d40698c6882');
INSERT INTO option_choice (option_id, choice_id) VALUES ('d8a63395-3425-4d1b-95be-b38dc31cb0af', '17234a3b-cba2-4d69-979c-0d40698c6882');
INSERT INTO option_choice (option_id, choice_id) VALUES ('eee0aab7-8b77-4c19-b028-648aa7e303ed', '17234a3b-cba2-4d69-979c-0d40698c6882');
INSERT INTO choice (id, questionnaire_id, interviewee_id) VALUES ('4bb4a9ff-8ef7-4e48-b881-ae0192c3561e', 'af6f1431-a90e-4919-83a4-359d6a8a7d22', '89f1c720-4aca-4a41-abe4-3f0189060cfb');
INSERT INTO option_choice (option_id, choice_id) VALUES ('a3c0df26-f677-4a76-9fc9-e8bcb2a586ec', '4bb4a9ff-8ef7-4e48-b881-ae0192c3561e');
INSERT INTO interviewee (id, login, password, age, gender, country, marital_status) VALUES ('67b1a1c4-9b37-40de-9efd-3e145c95f328', 'interviewee20', 'qwerty', 59, 'male', 'BZ', 'divorced');
INSERT INTO choice (id, questionnaire_id, interviewee_id) VALUES ('ef413403-780d-4b3a-a60a-d65dae6b7fdc', '1a336595-020d-4026-a389-afd9a80cf707', '67b1a1c4-9b37-40de-9efd-3e145c95f328');
INSERT INTO option_choice (option_id, choice_id) VALUES ('22762ef8-944e-46b0-a7e0-4e990383e528', 'ef413403-780d-4b3a-a60a-d65dae6b7fdc');
INSERT INTO interviewee (id, login, password, age, gender, country, marital_status) VALUES ('99b02484-02f5-462e-bcac-3a1c301a4f58', 'interviewee21', 'qwerty', 16, 'male', 'AI', 'divorced');
INSERT INTO choice (id, questionnaire_id, interviewee_id) VALUES ('cf2ae064-4440-46f0-9ac4-cae371a6c2f2', 'b5ae5620-2d58-48f5-a060-28e8fd1859dd', '99b02484-02f5-462e-bcac-3a1c301a4f58');
INSERT INTO option_choice (option_id, choice_id) VALUES ('346ef5d2-77a0-4ce4-a407-38382a94f28d', 'cf2ae064-4440-46f0-9ac4-cae371a6c2f2');
INSERT INTO interviewee (id, login, password, age, gender, country, marital_status) VALUES ('d344f077-e46a-4452-ba96-f77a37d132f8', 'interviewee22', 'qwerty', 23, 'female', 'GM', 'was_not_married');
INSERT INTO choice (id, questionnaire_id, interviewee_id) VALUES ('b3d90e7c-eeda-4ce8-b698-a912de8b2ec0', 'e679f6e5-388e-4679-9f14-15a0896d2816', 'd344f077-e46a-4452-ba96-f77a37d132f8');
INSERT INTO option_choice (option_id, choice_id) VALUES ('5169914a-cf41-4077-8993-1322df09c3da', 'b3d90e7c-eeda-4ce8-b698-a912de8b2ec0');
INSERT INTO option_choice (option_id, choice_id) VALUES ('f62b7b4d-17f1-4686-9782-f0b454d6f390', 'b3d90e7c-eeda-4ce8-b698-a912de8b2ec0');
INSERT INTO option_choice (option_id, choice_id) VALUES ('7fc08a6e-900b-45ea-b455-29a8eb343039', 'b3d90e7c-eeda-4ce8-b698-a912de8b2ec0');
INSERT INTO option_choice (option_id, choice_id) VALUES ('3ee9dd0f-6306-4f8b-bdec-27347884621a', 'b3d90e7c-eeda-4ce8-b698-a912de8b2ec0');
INSERT INTO option_choice (option_id, choice_id) VALUES ('ae13d28d-5670-495b-a9e0-d0949dab86e3', 'b3d90e7c-eeda-4ce8-b698-a912de8b2ec0');
INSERT INTO option_choice (option_id, choice_id) VALUES ('01fc26e1-e8f8-407f-a1b8-6af243e9c3dd', 'b3d90e7c-eeda-4ce8-b698-a912de8b2ec0');
INSERT INTO choice (id, questionnaire_id, interviewee_id) VALUES ('9fc7101b-79b8-4629-983a-98bf7300881b', '56c296cd-7c3b-4eb1-90cb-745e555a098c', 'd344f077-e46a-4452-ba96-f77a37d132f8');
INSERT INTO option_choice (option_id, choice_id) VALUES ('0e27133d-354c-4e2d-af9f-e74397954328', '9fc7101b-79b8-4629-983a-98bf7300881b');
INSERT INTO option_choice (option_id, choice_id) VALUES ('00605853-328c-4a30-9227-5513208ca17e', '9fc7101b-79b8-4629-983a-98bf7300881b');
INSERT INTO interviewee (id, login, password, age, gender, country, marital_status) VALUES ('a6a187d0-a18c-4616-be71-161480e88064', 'interviewee23', 'qwerty', 44, 'male', 'YE', 'married');
INSERT INTO choice (id, questionnaire_id, interviewee_id) VALUES ('dbfe98ef-f785-46d5-9159-5e7de42807e4', '557cb630-d2f4-4e11-afe9-d50534deb525', 'a6a187d0-a18c-4616-be71-161480e88064');
INSERT INTO option_choice (option_id, choice_id) VALUES ('00c926c5-0a12-4a44-9ada-24439d217263', 'dbfe98ef-f785-46d5-9159-5e7de42807e4');
INSERT INTO choice (id, questionnaire_id, interviewee_id) VALUES ('2b550039-3ea3-46e5-ad43-285bbe19f014', 'a2f7d656-4675-4d99-9435-95cbe535c6c1', 'a6a187d0-a18c-4616-be71-161480e88064');
INSERT INTO option_choice (option_id, choice_id) VALUES ('ced72831-705a-4153-849e-71a73e5a7d3c', '2b550039-3ea3-46e5-ad43-285bbe19f014');
INSERT INTO option_choice (option_id, choice_id) VALUES ('110b73fb-e57f-409d-83dc-0d81bdd20a44', '2b550039-3ea3-46e5-ad43-285bbe19f014');
INSERT INTO option_choice (option_id, choice_id) VALUES ('394c3616-edd7-4820-aa09-f4425e4f774c', '2b550039-3ea3-46e5-ad43-285bbe19f014');
INSERT INTO option_choice (option_id, choice_id) VALUES ('d3d55bb1-ef9d-4b9a-b1b9-8e4375e7dbd0', '2b550039-3ea3-46e5-ad43-285bbe19f014');
INSERT INTO option_choice (option_id, choice_id) VALUES ('2366bc8e-690e-4739-b5f2-cf491cd8107c', '2b550039-3ea3-46e5-ad43-285bbe19f014');
INSERT INTO choice (id, questionnaire_id, interviewee_id) VALUES ('95675090-85d3-42eb-9d68-35eb02ddd5c9', 'e679f6e5-388e-4679-9f14-15a0896d2816', 'a6a187d0-a18c-4616-be71-161480e88064');
INSERT INTO option_choice (option_id, choice_id) VALUES ('7fc08a6e-900b-45ea-b455-29a8eb343039', '95675090-85d3-42eb-9d68-35eb02ddd5c9');
INSERT INTO option_choice (option_id, choice_id) VALUES ('f62b7b4d-17f1-4686-9782-f0b454d6f390', '95675090-85d3-42eb-9d68-35eb02ddd5c9');
INSERT INTO option_choice (option_id, choice_id) VALUES ('3ee9dd0f-6306-4f8b-bdec-27347884621a', '95675090-85d3-42eb-9d68-35eb02ddd5c9');
INSERT INTO option_choice (option_id, choice_id) VALUES ('ae13d28d-5670-495b-a9e0-d0949dab86e3', '95675090-85d3-42eb-9d68-35eb02ddd5c9');
INSERT INTO option_choice (option_id, choice_id) VALUES ('5169914a-cf41-4077-8993-1322df09c3da', '95675090-85d3-42eb-9d68-35eb02ddd5c9');
INSERT INTO interviewee (id, login, password, age, gender, country, marital_status) VALUES ('c01c8eef-7119-46b7-abfb-b62a3a2ae01d', 'interviewee24', 'qwerty', 16, 'female', 'GU', 'married');
INSERT INTO choice (id, questionnaire_id, interviewee_id) VALUES ('c1cbe7a7-966a-4c0d-bc9d-b2ad91a967d9', '56c296cd-7c3b-4eb1-90cb-745e555a098c', 'c01c8eef-7119-46b7-abfb-b62a3a2ae01d');
INSERT INTO option_choice (option_id, choice_id) VALUES ('d583c2c9-6998-483b-a5e4-67068e974d6f', 'c1cbe7a7-966a-4c0d-bc9d-b2ad91a967d9');
INSERT INTO option_choice (option_id, choice_id) VALUES ('00605853-328c-4a30-9227-5513208ca17e', 'c1cbe7a7-966a-4c0d-bc9d-b2ad91a967d9');
INSERT INTO interviewee (id, login, password, age, gender, country, marital_status) VALUES ('90e63c5a-12a7-4494-a028-871b6f4de15a', 'interviewee25', 'qwerty', 30, 'male', 'SJ', 'married');
INSERT INTO choice (id, questionnaire_id, interviewee_id) VALUES ('4ca6c01a-5515-4ee4-a304-79e4f6dc1800', '83dbd16d-6765-468d-944f-022d10d042e5', '90e63c5a-12a7-4494-a028-871b6f4de15a');
INSERT INTO option_choice (option_id, choice_id) VALUES ('d6416cf3-39f7-4cf9-ba84-314605b84d03', '4ca6c01a-5515-4ee4-a304-79e4f6dc1800');
INSERT INTO option_choice (option_id, choice_id) VALUES ('d8a63395-3425-4d1b-95be-b38dc31cb0af', '4ca6c01a-5515-4ee4-a304-79e4f6dc1800');
INSERT INTO option_choice (option_id, choice_id) VALUES ('176e8036-bece-46c0-beb2-71eb28a41f51', '4ca6c01a-5515-4ee4-a304-79e4f6dc1800');
INSERT INTO choice (id, questionnaire_id, interviewee_id) VALUES ('1a8d1f3d-7667-424f-b65e-9e170edd9ce7', '557cb630-d2f4-4e11-afe9-d50534deb525', '90e63c5a-12a7-4494-a028-871b6f4de15a');
INSERT INTO option_choice (option_id, choice_id) VALUES ('a143441c-01fe-4ebf-95df-3b5e2d100514', '1a8d1f3d-7667-424f-b65e-9e170edd9ce7');
INSERT INTO interviewee (id, login, password, age, gender, country, marital_status) VALUES ('b2dc8062-243f-4bcb-95e9-7ee542ab9224', 'interviewee26', 'qwerty', 28, 'female', 'BE', 'divorced');
INSERT INTO choice (id, questionnaire_id, interviewee_id) VALUES ('02d860fa-2e60-43ed-b3cd-e26bca9c993a', 'afb83fe3-e755-403b-9a15-c18b3782c012', 'b2dc8062-243f-4bcb-95e9-7ee542ab9224');
INSERT INTO option_choice (option_id, choice_id) VALUES ('db1f1f55-651e-4dd8-b4c1-deb2f26216b2', '02d860fa-2e60-43ed-b3cd-e26bca9c993a');
INSERT INTO choice (id, questionnaire_id, interviewee_id) VALUES ('b830f6ec-daad-40c2-b3c5-23280b3986e5', 'e2cf177f-e49f-4aef-99a6-095d711c6ec2', 'b2dc8062-243f-4bcb-95e9-7ee542ab9224');
INSERT INTO option_choice (option_id, choice_id) VALUES ('1b5e4a41-da4c-4845-8698-5ed9deee3ca2', 'b830f6ec-daad-40c2-b3c5-23280b3986e5');
INSERT INTO interviewee (id, login, password, age, gender, country, marital_status) VALUES ('0633ebaa-52d2-435b-b0cd-e0ac4dbd1c36', 'interviewee27', 'qwerty', 56, 'male', 'EH', 'divorced');
INSERT INTO choice (id, questionnaire_id, interviewee_id) VALUES ('934ec1a6-d73f-47b2-8703-5c2b91891160', 'afb83fe3-e755-403b-9a15-c18b3782c012', '0633ebaa-52d2-435b-b0cd-e0ac4dbd1c36');
INSERT INTO option_choice (option_id, choice_id) VALUES ('20880a56-05fa-464a-90ad-faf02a83fa77', '934ec1a6-d73f-47b2-8703-5c2b91891160');
INSERT INTO interviewee (id, login, password, age, gender, country, marital_status) VALUES ('247bc2a2-a827-47af-b4ae-e38bef603e40', 'interviewee28', 'qwerty', 19, 'male', 'BD', 'was_not_married');
INSERT INTO choice (id, questionnaire_id, interviewee_id) VALUES ('ce61b04f-0dcb-4592-8be8-901501bff7b5', 'cb70c074-82ef-4114-aabc-e940a19b5bb0', '247bc2a2-a827-47af-b4ae-e38bef603e40');
INSERT INTO option_choice (option_id, choice_id) VALUES ('4f47a30f-5169-4bf3-a6a9-f9777225a72d', 'ce61b04f-0dcb-4592-8be8-901501bff7b5');
INSERT INTO option_choice (option_id, choice_id) VALUES ('4fbbc5c4-5cc1-4421-86a2-d7151c56a9df', 'ce61b04f-0dcb-4592-8be8-901501bff7b5');
INSERT INTO option_choice (option_id, choice_id) VALUES ('c2db2843-0153-4422-8aa4-c4c9e640418d', 'ce61b04f-0dcb-4592-8be8-901501bff7b5');
INSERT INTO option_choice (option_id, choice_id) VALUES ('b2aebe06-b155-47cd-a39d-b9c1beabb465', 'ce61b04f-0dcb-4592-8be8-901501bff7b5');
INSERT INTO option_choice (option_id, choice_id) VALUES ('a6011a1c-260b-45fb-ad13-b09674b0b968', 'ce61b04f-0dcb-4592-8be8-901501bff7b5');
INSERT INTO choice (id, questionnaire_id, interviewee_id) VALUES ('8e7ab944-c2f4-4e10-a041-c0bd9fac82bc', 'e2cf177f-e49f-4aef-99a6-095d711c6ec2', '247bc2a2-a827-47af-b4ae-e38bef603e40');
INSERT INTO option_choice (option_id, choice_id) VALUES ('242c02d5-0f4b-4e89-976f-3754854f478c', '8e7ab944-c2f4-4e10-a041-c0bd9fac82bc');
INSERT INTO interviewee (id, login, password, age, gender, country, marital_status) VALUES ('7dffad51-8e6e-4faa-adfe-a992d4d06874', 'interviewee29', 'qwerty', 28, 'female', 'CI', 'married');
INSERT INTO choice (id, questionnaire_id, interviewee_id) VALUES ('c2e10e77-7615-42c5-b5fd-bc8ed1d7d3e5', 'e679f6e5-388e-4679-9f14-15a0896d2816', '7dffad51-8e6e-4faa-adfe-a992d4d06874');
INSERT INTO option_choice (option_id, choice_id) VALUES ('5169914a-cf41-4077-8993-1322df09c3da', 'c2e10e77-7615-42c5-b5fd-bc8ed1d7d3e5');
INSERT INTO option_choice (option_id, choice_id) VALUES ('7fc08a6e-900b-45ea-b455-29a8eb343039', 'c2e10e77-7615-42c5-b5fd-bc8ed1d7d3e5');
INSERT INTO option_choice (option_id, choice_id) VALUES ('3ee9dd0f-6306-4f8b-bdec-27347884621a', 'c2e10e77-7615-42c5-b5fd-bc8ed1d7d3e5');
INSERT INTO option_choice (option_id, choice_id) VALUES ('f62b7b4d-17f1-4686-9782-f0b454d6f390', 'c2e10e77-7615-42c5-b5fd-bc8ed1d7d3e5');
INSERT INTO option_choice (option_id, choice_id) VALUES ('ae13d28d-5670-495b-a9e0-d0949dab86e3', 'c2e10e77-7615-42c5-b5fd-bc8ed1d7d3e5');
INSERT INTO interviewee (id, login, password, age, gender, country, marital_status) VALUES ('c088e8c7-e8fe-4c00-bd48-6e428c525f07', 'interviewee30', 'qwerty', 26, 'male', 'LS', 'married');
INSERT INTO choice (id, questionnaire_id, interviewee_id) VALUES ('1a4b7ba8-9cfd-4cdf-bc63-0a8a3cf0c7ff', 'e2cf177f-e49f-4aef-99a6-095d711c6ec2', 'c088e8c7-e8fe-4c00-bd48-6e428c525f07');
INSERT INTO option_choice (option_id, choice_id) VALUES ('242c02d5-0f4b-4e89-976f-3754854f478c', '1a4b7ba8-9cfd-4cdf-bc63-0a8a3cf0c7ff');
INSERT INTO choice (id, questionnaire_id, interviewee_id) VALUES ('8e0656c0-0436-43ba-83f6-5ed075d2e4dd', 'cb70c074-82ef-4114-aabc-e940a19b5bb0', 'c088e8c7-e8fe-4c00-bd48-6e428c525f07');
INSERT INTO option_choice (option_id, choice_id) VALUES ('a6011a1c-260b-45fb-ad13-b09674b0b968', '8e0656c0-0436-43ba-83f6-5ed075d2e4dd');
INSERT INTO option_choice (option_id, choice_id) VALUES ('b2aebe06-b155-47cd-a39d-b9c1beabb465', '8e0656c0-0436-43ba-83f6-5ed075d2e4dd');
INSERT INTO interviewee (id, login, password, age, gender, country, marital_status) VALUES ('90117641-de4b-4f13-9c80-75ce70284027', 'interviewee31', 'qwerty', 34, 'male', 'KR', 'divorced');
INSERT INTO choice (id, questionnaire_id, interviewee_id) VALUES ('fb55fff2-10a6-4fee-8280-22fe1fdc75f9', 'b5ae5620-2d58-48f5-a060-28e8fd1859dd', '90117641-de4b-4f13-9c80-75ce70284027');
INSERT INTO option_choice (option_id, choice_id) VALUES ('fecb111c-77d6-4b66-b728-32011b5211c0', 'fb55fff2-10a6-4fee-8280-22fe1fdc75f9');
INSERT INTO choice (id, questionnaire_id, interviewee_id) VALUES ('c33eba44-5ffd-48a5-ad71-7b9a0208ee94', '309e872a-e145-4926-998b-ec0fdb62466a', '90117641-de4b-4f13-9c80-75ce70284027');
INSERT INTO option_choice (option_id, choice_id) VALUES ('4579f5ab-3007-4302-aa53-456cd440599b', 'c33eba44-5ffd-48a5-ad71-7b9a0208ee94');
INSERT INTO option_choice (option_id, choice_id) VALUES ('1dcd1e79-636e-4d6c-b9b4-dcf0da4fdaaa', 'c33eba44-5ffd-48a5-ad71-7b9a0208ee94');
INSERT INTO interviewee (id, login, password, age, gender, country, marital_status) VALUES ('a3dd991d-04d5-46ba-9f1b-3d8b8ef9b8ce', 'interviewee32', 'qwerty', 59, 'female', 'SD', 'divorced');
INSERT INTO choice (id, questionnaire_id, interviewee_id) VALUES ('01e0b44e-23bd-47c2-b1b0-56c31731cf39', 'a2f7d656-4675-4d99-9435-95cbe535c6c1', 'a3dd991d-04d5-46ba-9f1b-3d8b8ef9b8ce');
INSERT INTO option_choice (option_id, choice_id) VALUES ('2366bc8e-690e-4739-b5f2-cf491cd8107c', '01e0b44e-23bd-47c2-b1b0-56c31731cf39');
INSERT INTO option_choice (option_id, choice_id) VALUES ('c6bb5cf5-3828-4747-8bb2-776e9deaeb04', '01e0b44e-23bd-47c2-b1b0-56c31731cf39');
INSERT INTO option_choice (option_id, choice_id) VALUES ('ced72831-705a-4153-849e-71a73e5a7d3c', '01e0b44e-23bd-47c2-b1b0-56c31731cf39');
INSERT INTO choice (id, questionnaire_id, interviewee_id) VALUES ('dc50d3a1-ab3e-4842-91e4-ad2bbfe50302', '309e872a-e145-4926-998b-ec0fdb62466a', 'a3dd991d-04d5-46ba-9f1b-3d8b8ef9b8ce');
INSERT INTO option_choice (option_id, choice_id) VALUES ('1dcd1e79-636e-4d6c-b9b4-dcf0da4fdaaa', 'dc50d3a1-ab3e-4842-91e4-ad2bbfe50302');
INSERT INTO option_choice (option_id, choice_id) VALUES ('926da358-7388-4aea-b601-42bcfcd8c071', 'dc50d3a1-ab3e-4842-91e4-ad2bbfe50302');
INSERT INTO option_choice (option_id, choice_id) VALUES ('8ccfc598-c3a0-4ad2-a052-f4e6e3edc252', 'dc50d3a1-ab3e-4842-91e4-ad2bbfe50302');
INSERT INTO option_choice (option_id, choice_id) VALUES ('4579f5ab-3007-4302-aa53-456cd440599b', 'dc50d3a1-ab3e-4842-91e4-ad2bbfe50302');
INSERT INTO interviewee (id, login, password, age, gender, country, marital_status) VALUES ('e6fe105b-645e-450c-a93f-094b30dd6dad', 'interviewee33', 'qwerty', 40, 'female', 'JM', 'divorced');
INSERT INTO choice (id, questionnaire_id, interviewee_id) VALUES ('99ba29ad-33b4-45f9-942e-e0c904213896', 'b6588e29-37de-425f-834e-e867f77794ce', 'e6fe105b-645e-450c-a93f-094b30dd6dad');
INSERT INTO option_choice (option_id, choice_id) VALUES ('7f0bbd14-8cfc-4a28-88f7-5af992a4c02b', '99ba29ad-33b4-45f9-942e-e0c904213896');
INSERT INTO option_choice (option_id, choice_id) VALUES ('07e7a8bf-65e2-41d5-aeef-91bcbe765392', '99ba29ad-33b4-45f9-942e-e0c904213896');
INSERT INTO option_choice (option_id, choice_id) VALUES ('46bd1403-2ee0-4145-8014-8dd4fafcb8af', '99ba29ad-33b4-45f9-942e-e0c904213896');
INSERT INTO option_choice (option_id, choice_id) VALUES ('ec37510e-f2a1-4e16-ae94-e9ea2c4461e3', '99ba29ad-33b4-45f9-942e-e0c904213896');
INSERT INTO option_choice (option_id, choice_id) VALUES ('4bde418e-a165-43f7-ac7b-c6d2ab034e2e', '99ba29ad-33b4-45f9-942e-e0c904213896');
INSERT INTO option_choice (option_id, choice_id) VALUES ('5b82f100-bb0f-47ec-9395-7a0409f4b7ef', '99ba29ad-33b4-45f9-942e-e0c904213896');
INSERT INTO choice (id, questionnaire_id, interviewee_id) VALUES ('0a1c3e6c-f9ea-4d16-acfc-8287d843c8e1', 'afb83fe3-e755-403b-9a15-c18b3782c012', 'e6fe105b-645e-450c-a93f-094b30dd6dad');
INSERT INTO option_choice (option_id, choice_id) VALUES ('20880a56-05fa-464a-90ad-faf02a83fa77', '0a1c3e6c-f9ea-4d16-acfc-8287d843c8e1');
INSERT INTO interviewee (id, login, password, age, gender, country, marital_status) VALUES ('824708ec-b192-4042-9e66-5d9791b5c336', 'interviewee34', 'qwerty', 45, 'female', 'BR', 'was_not_married');
INSERT INTO choice (id, questionnaire_id, interviewee_id) VALUES ('7c69e189-b56e-4934-a43b-ffa94690200e', 'b6588e29-37de-425f-834e-e867f77794ce', '824708ec-b192-4042-9e66-5d9791b5c336');
INSERT INTO option_choice (option_id, choice_id) VALUES ('5b82f100-bb0f-47ec-9395-7a0409f4b7ef', '7c69e189-b56e-4934-a43b-ffa94690200e');
INSERT INTO option_choice (option_id, choice_id) VALUES ('ec37510e-f2a1-4e16-ae94-e9ea2c4461e3', '7c69e189-b56e-4934-a43b-ffa94690200e');
INSERT INTO option_choice (option_id, choice_id) VALUES ('460ff4a7-d376-4dc8-b5bb-9ab1989fbb31', '7c69e189-b56e-4934-a43b-ffa94690200e');
INSERT INTO option_choice (option_id, choice_id) VALUES ('40c301f5-13ed-4b94-85aa-e1c562adce4d', '7c69e189-b56e-4934-a43b-ffa94690200e');
INSERT INTO option_choice (option_id, choice_id) VALUES ('4bde418e-a165-43f7-ac7b-c6d2ab034e2e', '7c69e189-b56e-4934-a43b-ffa94690200e');
INSERT INTO option_choice (option_id, choice_id) VALUES ('07e7a8bf-65e2-41d5-aeef-91bcbe765392', '7c69e189-b56e-4934-a43b-ffa94690200e');
INSERT INTO choice (id, questionnaire_id, interviewee_id) VALUES ('88a4cf10-d9eb-438d-92ec-985f0ba8a613', 'afb83fe3-e755-403b-9a15-c18b3782c012', '824708ec-b192-4042-9e66-5d9791b5c336');
INSERT INTO option_choice (option_id, choice_id) VALUES ('db1f1f55-651e-4dd8-b4c1-deb2f26216b2', '88a4cf10-d9eb-438d-92ec-985f0ba8a613');
INSERT INTO interviewee (id, login, password, age, gender, country, marital_status) VALUES ('08c46bc5-6ef4-4e3a-ba7d-3d0a55cfd074', 'interviewee35', 'qwerty', 25, 'female', 'TN', 'married');
INSERT INTO choice (id, questionnaire_id, interviewee_id) VALUES ('2c30bb8a-6ea9-4352-b30e-cd4c4f7811b6', '1a336595-020d-4026-a389-afd9a80cf707', '08c46bc5-6ef4-4e3a-ba7d-3d0a55cfd074');
INSERT INTO option_choice (option_id, choice_id) VALUES ('22762ef8-944e-46b0-a7e0-4e990383e528', '2c30bb8a-6ea9-4352-b30e-cd4c4f7811b6');
INSERT INTO choice (id, questionnaire_id, interviewee_id) VALUES ('098dc527-591e-45df-b4a3-93d84932456b', '6a34c81d-d686-4ce4-8e2f-ec3d2ba47346', '08c46bc5-6ef4-4e3a-ba7d-3d0a55cfd074');
INSERT INTO option_choice (option_id, choice_id) VALUES ('7a83da6c-611b-4c33-a2e2-ddf398a170bc', '098dc527-591e-45df-b4a3-93d84932456b');
INSERT INTO choice (id, questionnaire_id, interviewee_id) VALUES ('268cfcc2-26c6-4aaa-b124-ccb8a62fb4ac', '8902d50d-0421-4680-82f2-f2b1b667e3fd', '08c46bc5-6ef4-4e3a-ba7d-3d0a55cfd074');
INSERT INTO option_choice (option_id, choice_id) VALUES ('b9a164f5-2a94-487b-874f-f3bdc79ee4e3', '268cfcc2-26c6-4aaa-b124-ccb8a62fb4ac');
INSERT INTO interviewee (id, login, password, age, gender, country, marital_status) VALUES ('a4cef9c1-4e28-4df4-ae77-c7717785c797', 'interviewee36', 'qwerty', 26, 'male', 'WS', 'was_not_married');
INSERT INTO choice (id, questionnaire_id, interviewee_id) VALUES ('bd19faef-adaa-4ec5-bc87-7124bce2ad8a', 'f680addd-a0b2-4101-9e1f-5e0870943c68', 'a4cef9c1-4e28-4df4-ae77-c7717785c797');
INSERT INTO option_choice (option_id, choice_id) VALUES ('5e0b63d0-2a10-4ab5-a66a-a47615b50b03', 'bd19faef-adaa-4ec5-bc87-7124bce2ad8a');
INSERT INTO option_choice (option_id, choice_id) VALUES ('521ef3a0-411b-4392-8393-62ed9a638949', 'bd19faef-adaa-4ec5-bc87-7124bce2ad8a');
INSERT INTO option_choice (option_id, choice_id) VALUES ('cfde0373-91b9-46f9-bc0d-a137a713d2d7', 'bd19faef-adaa-4ec5-bc87-7124bce2ad8a');
INSERT INTO interviewee (id, login, password, age, gender, country, marital_status) VALUES ('1848593f-701b-4592-a88c-1cf1b132657f', 'interviewee37', 'qwerty', 18, 'male', 'GP', 'divorced');
INSERT INTO choice (id, questionnaire_id, interviewee_id) VALUES ('7157d59a-9ac6-4513-a32c-6e5066824284', 'af6f1431-a90e-4919-83a4-359d6a8a7d22', '1848593f-701b-4592-a88c-1cf1b132657f');
INSERT INTO option_choice (option_id, choice_id) VALUES ('14b9069e-cc19-448a-96f6-c333a9a53635', '7157d59a-9ac6-4513-a32c-6e5066824284');
INSERT INTO option_choice (option_id, choice_id) VALUES ('a3c0df26-f677-4a76-9fc9-e8bcb2a586ec', '7157d59a-9ac6-4513-a32c-6e5066824284');
INSERT INTO option_choice (option_id, choice_id) VALUES ('1d5c1c89-2fbe-4efd-aab1-12329e29ad0f', '7157d59a-9ac6-4513-a32c-6e5066824284');
INSERT INTO option_choice (option_id, choice_id) VALUES ('b6cea016-cb83-4752-bbc0-0e2a71b294d6', '7157d59a-9ac6-4513-a32c-6e5066824284');
INSERT INTO option_choice (option_id, choice_id) VALUES ('d6e4609d-6705-4cc8-b83a-4786ea4f6ad6', '7157d59a-9ac6-4513-a32c-6e5066824284');
INSERT INTO option_choice (option_id, choice_id) VALUES ('e6932ff8-921c-4ab7-b5c5-37e59ea816fd', '7157d59a-9ac6-4513-a32c-6e5066824284');
INSERT INTO choice (id, questionnaire_id, interviewee_id) VALUES ('05e98632-b497-447b-a3a2-576a0a9bd90d', '1a336595-020d-4026-a389-afd9a80cf707', '1848593f-701b-4592-a88c-1cf1b132657f');
INSERT INTO option_choice (option_id, choice_id) VALUES ('22762ef8-944e-46b0-a7e0-4e990383e528', '05e98632-b497-447b-a3a2-576a0a9bd90d');
INSERT INTO choice (id, questionnaire_id, interviewee_id) VALUES ('d893a955-5eaa-4795-a915-23ed15df60cb', 'b6588e29-37de-425f-834e-e867f77794ce', '1848593f-701b-4592-a88c-1cf1b132657f');
INSERT INTO option_choice (option_id, choice_id) VALUES ('40c301f5-13ed-4b94-85aa-e1c562adce4d', 'd893a955-5eaa-4795-a915-23ed15df60cb');
INSERT INTO interviewee (id, login, password, age, gender, country, marital_status) VALUES ('c8750fc7-1a41-4947-99d1-2bf7f5709a5f', 'interviewee38', 'qwerty', 50, 'male', 'CM', 'divorced');
INSERT INTO choice (id, questionnaire_id, interviewee_id) VALUES ('ab9ecaef-fed7-4859-bd96-2a03bce70ef9', 'e2cf177f-e49f-4aef-99a6-095d711c6ec2', 'c8750fc7-1a41-4947-99d1-2bf7f5709a5f');
INSERT INTO option_choice (option_id, choice_id) VALUES ('1b5e4a41-da4c-4845-8698-5ed9deee3ca2', 'ab9ecaef-fed7-4859-bd96-2a03bce70ef9');
INSERT INTO interviewee (id, login, password, age, gender, country, marital_status) VALUES ('a8994d93-92f6-43dd-b23a-c7968e999625', 'interviewee39', 'qwerty', 50, 'male', 'AG', 'divorced');
INSERT INTO choice (id, questionnaire_id, interviewee_id) VALUES ('31506d7b-cd4b-4924-b7ed-840a01ee4463', 'bf8da1bc-7284-44d0-a7c0-4e0321978aa0', 'a8994d93-92f6-43dd-b23a-c7968e999625');
INSERT INTO option_choice (option_id, choice_id) VALUES ('1690438b-db39-4933-b62c-4f692bce0c76', '31506d7b-cd4b-4924-b7ed-840a01ee4463');
INSERT INTO interviewee (id, login, password, age, gender, country, marital_status) VALUES ('f19062c9-b40a-4d9b-92ea-5dc6daeb63eb', 'interviewee40', 'qwerty', 21, 'male', 'BZ', 'married');
INSERT INTO choice (id, questionnaire_id, interviewee_id) VALUES ('81826dd7-070e-4852-9fef-c34ec84350c9', '8adfa259-7459-4497-b994-7101058c39c1', 'f19062c9-b40a-4d9b-92ea-5dc6daeb63eb');
INSERT INTO option_choice (option_id, choice_id) VALUES ('9e45c288-be30-427f-be35-83a5171e2b4d', '81826dd7-070e-4852-9fef-c34ec84350c9');
INSERT INTO interviewee (id, login, password, age, gender, country, marital_status) VALUES ('b76e2e17-d149-4fd1-a83e-ed7ce2496fe6', 'interviewee41', 'qwerty', 30, 'male', 'CO', 'married');
INSERT INTO choice (id, questionnaire_id, interviewee_id) VALUES ('53e8401f-4521-45ab-a051-54c16f07a24d', '8902d50d-0421-4680-82f2-f2b1b667e3fd', 'b76e2e17-d149-4fd1-a83e-ed7ce2496fe6');
INSERT INTO option_choice (option_id, choice_id) VALUES ('cbdaf253-f6a6-406f-a288-e0397682e9f8', '53e8401f-4521-45ab-a051-54c16f07a24d');
INSERT INTO interviewee (id, login, password, age, gender, country, marital_status) VALUES ('df29c5a9-71a0-433e-91ff-13f7ac1d8242', 'interviewee42', 'qwerty', 36, 'female', 'IT', 'divorced');
INSERT INTO choice (id, questionnaire_id, interviewee_id) VALUES ('00b3b9ea-f004-4747-ad38-4059a7c8215f', 'd05638df-f11c-413d-8456-ee036bed2914', 'df29c5a9-71a0-433e-91ff-13f7ac1d8242');
INSERT INTO option_choice (option_id, choice_id) VALUES ('b4b64304-6288-40df-8120-283c58db8d1a', '00b3b9ea-f004-4747-ad38-4059a7c8215f');
INSERT INTO choice (id, questionnaire_id, interviewee_id) VALUES ('53d8f103-903c-4ce1-a59f-633e51d97814', 'af6f1431-a90e-4919-83a4-359d6a8a7d22', 'df29c5a9-71a0-433e-91ff-13f7ac1d8242');
INSERT INTO option_choice (option_id, choice_id) VALUES ('e6932ff8-921c-4ab7-b5c5-37e59ea816fd', '53d8f103-903c-4ce1-a59f-633e51d97814');
INSERT INTO option_choice (option_id, choice_id) VALUES ('14b9069e-cc19-448a-96f6-c333a9a53635', '53d8f103-903c-4ce1-a59f-633e51d97814');
INSERT INTO option_choice (option_id, choice_id) VALUES ('b6cea016-cb83-4752-bbc0-0e2a71b294d6', '53d8f103-903c-4ce1-a59f-633e51d97814');
INSERT INTO option_choice (option_id, choice_id) VALUES ('e41b3b09-f2a6-4206-bfde-743557a31646', '53d8f103-903c-4ce1-a59f-633e51d97814');
INSERT INTO interviewee (id, login, password, age, gender, country, marital_status) VALUES ('66bcb3b2-4c31-4169-afa6-d8b4cf5fd206', 'interviewee43', 'qwerty', 45, 'male', 'CA', 'was_not_married');
INSERT INTO choice (id, questionnaire_id, interviewee_id) VALUES ('325ff647-d709-478f-acfb-0aed24640e81', 'f680addd-a0b2-4101-9e1f-5e0870943c68', '66bcb3b2-4c31-4169-afa6-d8b4cf5fd206');
INSERT INTO option_choice (option_id, choice_id) VALUES ('cfde0373-91b9-46f9-bc0d-a137a713d2d7', '325ff647-d709-478f-acfb-0aed24640e81');
INSERT INTO option_choice (option_id, choice_id) VALUES ('521ef3a0-411b-4392-8393-62ed9a638949', '325ff647-d709-478f-acfb-0aed24640e81');
INSERT INTO choice (id, questionnaire_id, interviewee_id) VALUES ('07f4ea1b-4994-4590-ae1e-4dfc1fd345af', '309e872a-e145-4926-998b-ec0fdb62466a', '66bcb3b2-4c31-4169-afa6-d8b4cf5fd206');
INSERT INTO option_choice (option_id, choice_id) VALUES ('926da358-7388-4aea-b601-42bcfcd8c071', '07f4ea1b-4994-4590-ae1e-4dfc1fd345af');
INSERT INTO option_choice (option_id, choice_id) VALUES ('8ccfc598-c3a0-4ad2-a052-f4e6e3edc252', '07f4ea1b-4994-4590-ae1e-4dfc1fd345af');
INSERT INTO option_choice (option_id, choice_id) VALUES ('1dcd1e79-636e-4d6c-b9b4-dcf0da4fdaaa', '07f4ea1b-4994-4590-ae1e-4dfc1fd345af');
INSERT INTO option_choice (option_id, choice_id) VALUES ('4579f5ab-3007-4302-aa53-456cd440599b', '07f4ea1b-4994-4590-ae1e-4dfc1fd345af');
INSERT INTO choice (id, questionnaire_id, interviewee_id) VALUES ('6466d0a3-48da-4e89-9723-b4980cc42588', '8902d50d-0421-4680-82f2-f2b1b667e3fd', '66bcb3b2-4c31-4169-afa6-d8b4cf5fd206');
INSERT INTO option_choice (option_id, choice_id) VALUES ('b9a164f5-2a94-487b-874f-f3bdc79ee4e3', '6466d0a3-48da-4e89-9723-b4980cc42588');
INSERT INTO interviewee (id, login, password, age, gender, country, marital_status) VALUES ('368ac78d-db5a-465a-803f-be23e04bd289', 'interviewee44', 'qwerty', 22, 'male', 'SB', 'was_not_married');
INSERT INTO choice (id, questionnaire_id, interviewee_id) VALUES ('ce146467-f706-490f-a87a-95776eb0a244', 'e679f6e5-388e-4679-9f14-15a0896d2816', '368ac78d-db5a-465a-803f-be23e04bd289');
INSERT INTO option_choice (option_id, choice_id) VALUES ('3ee9dd0f-6306-4f8b-bdec-27347884621a', 'ce146467-f706-490f-a87a-95776eb0a244');
INSERT INTO option_choice (option_id, choice_id) VALUES ('01fc26e1-e8f8-407f-a1b8-6af243e9c3dd', 'ce146467-f706-490f-a87a-95776eb0a244');
INSERT INTO option_choice (option_id, choice_id) VALUES ('ae13d28d-5670-495b-a9e0-d0949dab86e3', 'ce146467-f706-490f-a87a-95776eb0a244');
INSERT INTO option_choice (option_id, choice_id) VALUES ('7fc08a6e-900b-45ea-b455-29a8eb343039', 'ce146467-f706-490f-a87a-95776eb0a244');
INSERT INTO interviewee (id, login, password, age, gender, country, marital_status) VALUES ('54eac4bd-b716-4af6-b891-711d7f451a63', 'interviewee45', 'qwerty', 35, 'male', 'LI', 'married');
INSERT INTO choice (id, questionnaire_id, interviewee_id) VALUES ('4a49c460-73fd-4a14-a80d-d2911dbc7a5a', 'bf8da1bc-7284-44d0-a7c0-4e0321978aa0', '54eac4bd-b716-4af6-b891-711d7f451a63');
INSERT INTO option_choice (option_id, choice_id) VALUES ('9bdf6935-cda0-4d8b-82bb-51be50aece89', '4a49c460-73fd-4a14-a80d-d2911dbc7a5a');
INSERT INTO interviewee (id, login, password, age, gender, country, marital_status) VALUES ('79c38e0e-c5d5-4c85-9777-311ae85f697a', 'interviewee46', 'qwerty', 34, 'female', 'GN', 'was_not_married');
INSERT INTO choice (id, questionnaire_id, interviewee_id) VALUES ('f7c40b43-1e2e-48ac-8f4d-1c7eaa255418', 'e679f6e5-388e-4679-9f14-15a0896d2816', '79c38e0e-c5d5-4c85-9777-311ae85f697a');
INSERT INTO option_choice (option_id, choice_id) VALUES ('f62b7b4d-17f1-4686-9782-f0b454d6f390', 'f7c40b43-1e2e-48ac-8f4d-1c7eaa255418');
INSERT INTO option_choice (option_id, choice_id) VALUES ('5169914a-cf41-4077-8993-1322df09c3da', 'f7c40b43-1e2e-48ac-8f4d-1c7eaa255418');
INSERT INTO option_choice (option_id, choice_id) VALUES ('7fc08a6e-900b-45ea-b455-29a8eb343039', 'f7c40b43-1e2e-48ac-8f4d-1c7eaa255418');
INSERT INTO option_choice (option_id, choice_id) VALUES ('01fc26e1-e8f8-407f-a1b8-6af243e9c3dd', 'f7c40b43-1e2e-48ac-8f4d-1c7eaa255418');
INSERT INTO option_choice (option_id, choice_id) VALUES ('3ee9dd0f-6306-4f8b-bdec-27347884621a', 'f7c40b43-1e2e-48ac-8f4d-1c7eaa255418');
INSERT INTO option_choice (option_id, choice_id) VALUES ('ae13d28d-5670-495b-a9e0-d0949dab86e3', 'f7c40b43-1e2e-48ac-8f4d-1c7eaa255418');
INSERT INTO choice (id, questionnaire_id, interviewee_id) VALUES ('df90a4eb-3c61-4387-81d4-4d5374d48018', 'bf8da1bc-7284-44d0-a7c0-4e0321978aa0', '79c38e0e-c5d5-4c85-9777-311ae85f697a');
INSERT INTO option_choice (option_id, choice_id) VALUES ('9bdf6935-cda0-4d8b-82bb-51be50aece89', 'df90a4eb-3c61-4387-81d4-4d5374d48018');
INSERT INTO interviewee (id, login, password, age, gender, country, marital_status) VALUES ('8cabe642-d980-4c61-8c86-f5ef4afc9c5e', 'interviewee47', 'qwerty', 55, 'female', 'MS', 'married');
INSERT INTO choice (id, questionnaire_id, interviewee_id) VALUES ('1ea9bacd-33b6-4940-b788-64e99b5dbede', 'b6588e29-37de-425f-834e-e867f77794ce', '8cabe642-d980-4c61-8c86-f5ef4afc9c5e');
INSERT INTO option_choice (option_id, choice_id) VALUES ('460ff4a7-d376-4dc8-b5bb-9ab1989fbb31', '1ea9bacd-33b6-4940-b788-64e99b5dbede');
INSERT INTO option_choice (option_id, choice_id) VALUES ('ec37510e-f2a1-4e16-ae94-e9ea2c4461e3', '1ea9bacd-33b6-4940-b788-64e99b5dbede');
INSERT INTO option_choice (option_id, choice_id) VALUES ('5b82f100-bb0f-47ec-9395-7a0409f4b7ef', '1ea9bacd-33b6-4940-b788-64e99b5dbede');
INSERT INTO option_choice (option_id, choice_id) VALUES ('46bd1403-2ee0-4145-8014-8dd4fafcb8af', '1ea9bacd-33b6-4940-b788-64e99b5dbede');
INSERT INTO option_choice (option_id, choice_id) VALUES ('4bde418e-a165-43f7-ac7b-c6d2ab034e2e', '1ea9bacd-33b6-4940-b788-64e99b5dbede');
INSERT INTO option_choice (option_id, choice_id) VALUES ('7f0bbd14-8cfc-4a28-88f7-5af992a4c02b', '1ea9bacd-33b6-4940-b788-64e99b5dbede');
INSERT INTO option_choice (option_id, choice_id) VALUES ('07e7a8bf-65e2-41d5-aeef-91bcbe765392', '1ea9bacd-33b6-4940-b788-64e99b5dbede');
INSERT INTO choice (id, questionnaire_id, interviewee_id) VALUES ('8ba8f17c-96ac-4903-8f51-b2babd83de44', '557cb630-d2f4-4e11-afe9-d50534deb525', '8cabe642-d980-4c61-8c86-f5ef4afc9c5e');
INSERT INTO option_choice (option_id, choice_id) VALUES ('b633afa9-c11d-4aab-b450-ffbcfde02318', '8ba8f17c-96ac-4903-8f51-b2babd83de44');
INSERT INTO choice (id, questionnaire_id, interviewee_id) VALUES ('db411cd0-3524-4b2b-8986-5ca481f9c3f9', 'b5ae5620-2d58-48f5-a060-28e8fd1859dd', '8cabe642-d980-4c61-8c86-f5ef4afc9c5e');
INSERT INTO option_choice (option_id, choice_id) VALUES ('68702e14-fb48-4755-b6ec-11c860048f90', 'db411cd0-3524-4b2b-8986-5ca481f9c3f9');
INSERT INTO interviewee (id, login, password, age, gender, country, marital_status) VALUES ('d8e456a2-e1b4-4f87-b27c-f2fb5314e874', 'interviewee48', 'qwerty', 25, 'female', 'PN', 'divorced');
INSERT INTO choice (id, questionnaire_id, interviewee_id) VALUES ('af32a739-d8b0-4347-9646-c9b447fdbb96', 'f680addd-a0b2-4101-9e1f-5e0870943c68', 'd8e456a2-e1b4-4f87-b27c-f2fb5314e874');
INSERT INTO option_choice (option_id, choice_id) VALUES ('521ef3a0-411b-4392-8393-62ed9a638949', 'af32a739-d8b0-4347-9646-c9b447fdbb96');
INSERT INTO option_choice (option_id, choice_id) VALUES ('cfde0373-91b9-46f9-bc0d-a137a713d2d7', 'af32a739-d8b0-4347-9646-c9b447fdbb96');
INSERT INTO choice (id, questionnaire_id, interviewee_id) VALUES ('c611371e-04d8-4277-90b0-3ef7b141379b', 'b6588e29-37de-425f-834e-e867f77794ce', 'd8e456a2-e1b4-4f87-b27c-f2fb5314e874');
INSERT INTO option_choice (option_id, choice_id) VALUES ('460ff4a7-d376-4dc8-b5bb-9ab1989fbb31', 'c611371e-04d8-4277-90b0-3ef7b141379b');
INSERT INTO option_choice (option_id, choice_id) VALUES ('ec37510e-f2a1-4e16-ae94-e9ea2c4461e3', 'c611371e-04d8-4277-90b0-3ef7b141379b');
INSERT INTO option_choice (option_id, choice_id) VALUES ('07e7a8bf-65e2-41d5-aeef-91bcbe765392', 'c611371e-04d8-4277-90b0-3ef7b141379b');
INSERT INTO option_choice (option_id, choice_id) VALUES ('7f0bbd14-8cfc-4a28-88f7-5af992a4c02b', 'c611371e-04d8-4277-90b0-3ef7b141379b');
INSERT INTO option_choice (option_id, choice_id) VALUES ('4bde418e-a165-43f7-ac7b-c6d2ab034e2e', 'c611371e-04d8-4277-90b0-3ef7b141379b');
INSERT INTO option_choice (option_id, choice_id) VALUES ('46bd1403-2ee0-4145-8014-8dd4fafcb8af', 'c611371e-04d8-4277-90b0-3ef7b141379b');
INSERT INTO option_choice (option_id, choice_id) VALUES ('5b82f100-bb0f-47ec-9395-7a0409f4b7ef', 'c611371e-04d8-4277-90b0-3ef7b141379b');
INSERT INTO interviewee (id, login, password, age, gender, country, marital_status) VALUES ('913c8cc2-735a-41a3-924e-2a7579bf4efe', 'interviewee49', 'qwerty', 64, 'male', 'HN', 'married');
INSERT INTO choice (id, questionnaire_id, interviewee_id) VALUES ('9d30c196-1dbc-4ea0-9f51-f822148d2473', 'a345b682-c7ac-49ac-9f14-4f5173a872d8', '913c8cc2-735a-41a3-924e-2a7579bf4efe');
INSERT INTO option_choice (option_id, choice_id) VALUES ('faa6ab11-59ef-4e3b-aa30-88fe576f7451', '9d30c196-1dbc-4ea0-9f51-f822148d2473');
INSERT INTO choice (id, questionnaire_id, interviewee_id) VALUES ('0768e0b6-b07f-4016-a32e-da2856d662b5', '21abb345-1235-4f5e-8b5b-2f6f89f30fee', '913c8cc2-735a-41a3-924e-2a7579bf4efe');
INSERT INTO option_choice (option_id, choice_id) VALUES ('4953e37a-2891-460f-84ea-4bd510463bab', '0768e0b6-b07f-4016-a32e-da2856d662b5');
INSERT INTO interviewee (id, login, password, age, gender, country, marital_status) VALUES ('d879f084-40fb-4b55-af2b-1b954a2a5222', 'interviewee50', 'qwerty', 50, 'female', 'TR', 'divorced');
INSERT INTO choice (id, questionnaire_id, interviewee_id) VALUES ('0dd02f9b-27d5-4e94-907b-1571d05befd5', 'bf8da1bc-7284-44d0-a7c0-4e0321978aa0', 'd879f084-40fb-4b55-af2b-1b954a2a5222');
INSERT INTO option_choice (option_id, choice_id) VALUES ('9bdf6935-cda0-4d8b-82bb-51be50aece89', '0dd02f9b-27d5-4e94-907b-1571d05befd5');
INSERT INTO choice (id, questionnaire_id, interviewee_id) VALUES ('bd75da33-aa93-4c81-8bac-421fe310f2e4', 'f680addd-a0b2-4101-9e1f-5e0870943c68', 'd879f084-40fb-4b55-af2b-1b954a2a5222');
INSERT INTO option_choice (option_id, choice_id) VALUES ('cfde0373-91b9-46f9-bc0d-a137a713d2d7', 'bd75da33-aa93-4c81-8bac-421fe310f2e4');
INSERT INTO option_choice (option_id, choice_id) VALUES ('521ef3a0-411b-4392-8393-62ed9a638949', 'bd75da33-aa93-4c81-8bac-421fe310f2e4');
INSERT INTO option_choice (option_id, choice_id) VALUES ('5e0b63d0-2a10-4ab5-a66a-a47615b50b03', 'bd75da33-aa93-4c81-8bac-421fe310f2e4');
INSERT INTO choice (id, questionnaire_id, interviewee_id) VALUES ('531b5c42-5798-4f39-af9c-8abe30b74c76', 'af6f1431-a90e-4919-83a4-359d6a8a7d22', 'd879f084-40fb-4b55-af2b-1b954a2a5222');
INSERT INTO option_choice (option_id, choice_id) VALUES ('b6cea016-cb83-4752-bbc0-0e2a71b294d6', '531b5c42-5798-4f39-af9c-8abe30b74c76');
INSERT INTO option_choice (option_id, choice_id) VALUES ('e6932ff8-921c-4ab7-b5c5-37e59ea816fd', '531b5c42-5798-4f39-af9c-8abe30b74c76');
INSERT INTO option_choice (option_id, choice_id) VALUES ('14b9069e-cc19-448a-96f6-c333a9a53635', '531b5c42-5798-4f39-af9c-8abe30b74c76');
INSERT INTO interviewee (id, login, password, age, gender, country, marital_status) VALUES ('339e2611-d54c-4f0a-a1ca-3ccf55fc6f08', 'interviewee51', 'qwerty', 21, 'male', 'TH', 'was_not_married');
INSERT INTO choice (id, questionnaire_id, interviewee_id) VALUES ('0cdabd21-a620-4cd8-8937-39e6955c14d4', '56c296cd-7c3b-4eb1-90cb-745e555a098c', '339e2611-d54c-4f0a-a1ca-3ccf55fc6f08');
INSERT INTO option_choice (option_id, choice_id) VALUES ('0e27133d-354c-4e2d-af9f-e74397954328', '0cdabd21-a620-4cd8-8937-39e6955c14d4');
INSERT INTO interviewee (id, login, password, age, gender, country, marital_status) VALUES ('15264451-2f9a-4ff4-8844-ea67510fb8df', 'interviewee52', 'qwerty', 17, 'female', 'FM', 'divorced');
INSERT INTO choice (id, questionnaire_id, interviewee_id) VALUES ('a2d46763-9344-4e19-b5d0-987cdb57bfa4', '309e872a-e145-4926-998b-ec0fdb62466a', '15264451-2f9a-4ff4-8844-ea67510fb8df');
INSERT INTO option_choice (option_id, choice_id) VALUES ('4579f5ab-3007-4302-aa53-456cd440599b', 'a2d46763-9344-4e19-b5d0-987cdb57bfa4');
INSERT INTO option_choice (option_id, choice_id) VALUES ('1dcd1e79-636e-4d6c-b9b4-dcf0da4fdaaa', 'a2d46763-9344-4e19-b5d0-987cdb57bfa4');
INSERT INTO option_choice (option_id, choice_id) VALUES ('8ccfc598-c3a0-4ad2-a052-f4e6e3edc252', 'a2d46763-9344-4e19-b5d0-987cdb57bfa4');
INSERT INTO option_choice (option_id, choice_id) VALUES ('926da358-7388-4aea-b601-42bcfcd8c071', 'a2d46763-9344-4e19-b5d0-987cdb57bfa4');
INSERT INTO choice (id, questionnaire_id, interviewee_id) VALUES ('c51b68e2-9aa7-4cca-9c43-2945b378fe2e', '8adfa259-7459-4497-b994-7101058c39c1', '15264451-2f9a-4ff4-8844-ea67510fb8df');
INSERT INTO option_choice (option_id, choice_id) VALUES ('502fb96b-685d-47da-86bb-f40e1e8f57ef', 'c51b68e2-9aa7-4cca-9c43-2945b378fe2e');
INSERT INTO option_choice (option_id, choice_id) VALUES ('9e45c288-be30-427f-be35-83a5171e2b4d', 'c51b68e2-9aa7-4cca-9c43-2945b378fe2e');
INSERT INTO option_choice (option_id, choice_id) VALUES ('0c96072b-cf70-4fde-8afb-27bf8c3f7a8b', 'c51b68e2-9aa7-4cca-9c43-2945b378fe2e');
INSERT INTO option_choice (option_id, choice_id) VALUES ('968d6b86-376e-4d23-9555-89ee1d638c1c', 'c51b68e2-9aa7-4cca-9c43-2945b378fe2e');
INSERT INTO option_choice (option_id, choice_id) VALUES ('3e047d89-087c-45bd-82d6-38c4acd5c609', 'c51b68e2-9aa7-4cca-9c43-2945b378fe2e');
INSERT INTO choice (id, questionnaire_id, interviewee_id) VALUES ('fe3ad1b0-028a-446f-b4a4-7bf515ac6a3f', 'b6588e29-37de-425f-834e-e867f77794ce', '15264451-2f9a-4ff4-8844-ea67510fb8df');
INSERT INTO option_choice (option_id, choice_id) VALUES ('460ff4a7-d376-4dc8-b5bb-9ab1989fbb31', 'fe3ad1b0-028a-446f-b4a4-7bf515ac6a3f');
INSERT INTO option_choice (option_id, choice_id) VALUES ('7f0bbd14-8cfc-4a28-88f7-5af992a4c02b', 'fe3ad1b0-028a-446f-b4a4-7bf515ac6a3f');
INSERT INTO option_choice (option_id, choice_id) VALUES ('ec37510e-f2a1-4e16-ae94-e9ea2c4461e3', 'fe3ad1b0-028a-446f-b4a4-7bf515ac6a3f');
INSERT INTO option_choice (option_id, choice_id) VALUES ('5b82f100-bb0f-47ec-9395-7a0409f4b7ef', 'fe3ad1b0-028a-446f-b4a4-7bf515ac6a3f');
INSERT INTO option_choice (option_id, choice_id) VALUES ('46bd1403-2ee0-4145-8014-8dd4fafcb8af', 'fe3ad1b0-028a-446f-b4a4-7bf515ac6a3f');
INSERT INTO option_choice (option_id, choice_id) VALUES ('40c301f5-13ed-4b94-85aa-e1c562adce4d', 'fe3ad1b0-028a-446f-b4a4-7bf515ac6a3f');
INSERT INTO option_choice (option_id, choice_id) VALUES ('07e7a8bf-65e2-41d5-aeef-91bcbe765392', 'fe3ad1b0-028a-446f-b4a4-7bf515ac6a3f');
INSERT INTO interviewee (id, login, password, age, gender, country, marital_status) VALUES ('1152556c-f49e-4b3a-b675-2ab0399cff03', 'interviewee53', 'qwerty', 45, 'male', 'TD', 'married');
INSERT INTO choice (id, questionnaire_id, interviewee_id) VALUES ('4297ebce-d385-4889-aaa5-4c5bc04f1fc2', 'cb70c074-82ef-4114-aabc-e940a19b5bb0', '1152556c-f49e-4b3a-b675-2ab0399cff03');
INSERT INTO option_choice (option_id, choice_id) VALUES ('4f47a30f-5169-4bf3-a6a9-f9777225a72d', '4297ebce-d385-4889-aaa5-4c5bc04f1fc2');
INSERT INTO option_choice (option_id, choice_id) VALUES ('4fbbc5c4-5cc1-4421-86a2-d7151c56a9df', '4297ebce-d385-4889-aaa5-4c5bc04f1fc2');
INSERT INTO option_choice (option_id, choice_id) VALUES ('c2db2843-0153-4422-8aa4-c4c9e640418d', '4297ebce-d385-4889-aaa5-4c5bc04f1fc2');
INSERT INTO option_choice (option_id, choice_id) VALUES ('a6011a1c-260b-45fb-ad13-b09674b0b968', '4297ebce-d385-4889-aaa5-4c5bc04f1fc2');
INSERT INTO option_choice (option_id, choice_id) VALUES ('b2aebe06-b155-47cd-a39d-b9c1beabb465', '4297ebce-d385-4889-aaa5-4c5bc04f1fc2');
INSERT INTO choice (id, questionnaire_id, interviewee_id) VALUES ('63d3c159-8e15-4dc5-91a0-9286effe7bb1', 'afb83fe3-e755-403b-9a15-c18b3782c012', '1152556c-f49e-4b3a-b675-2ab0399cff03');
INSERT INTO option_choice (option_id, choice_id) VALUES ('db1f1f55-651e-4dd8-b4c1-deb2f26216b2', '63d3c159-8e15-4dc5-91a0-9286effe7bb1');
INSERT INTO choice (id, questionnaire_id, interviewee_id) VALUES ('1f71806b-f345-44fe-9472-b68565cbd21d', '0b6580ec-1374-4a48-ad1d-b1fa316ad9be', '1152556c-f49e-4b3a-b675-2ab0399cff03');
INSERT INTO option_choice (option_id, choice_id) VALUES ('82be4575-892d-453a-b3d9-0827c6b6d6df', '1f71806b-f345-44fe-9472-b68565cbd21d');
INSERT INTO option_choice (option_id, choice_id) VALUES ('82cec316-48c4-48d4-9d69-8a67e9d22eca', '1f71806b-f345-44fe-9472-b68565cbd21d');
INSERT INTO option_choice (option_id, choice_id) VALUES ('a518cc4d-143a-45ca-b29f-a7c53dacc773', '1f71806b-f345-44fe-9472-b68565cbd21d');
INSERT INTO option_choice (option_id, choice_id) VALUES ('68263915-d7e9-4ac6-9c14-f48cf8807857', '1f71806b-f345-44fe-9472-b68565cbd21d');
INSERT INTO interviewee (id, login, password, age, gender, country, marital_status) VALUES ('aeaeb920-722d-4dd9-8b91-f24530b6542d', 'interviewee54', 'qwerty', 65, 'male', 'RO', 'married');
INSERT INTO choice (id, questionnaire_id, interviewee_id) VALUES ('a8d8d8c4-222d-47dc-a9a5-46707b58d23a', '342b973f-a1d1-4062-a073-fb80b6195e1a', 'aeaeb920-722d-4dd9-8b91-f24530b6542d');
INSERT INTO option_choice (option_id, choice_id) VALUES ('d84282d4-6002-4289-bb10-cb7bfd2e906b', 'a8d8d8c4-222d-47dc-a9a5-46707b58d23a');
INSERT INTO option_choice (option_id, choice_id) VALUES ('a95386af-e627-4a57-adc2-0009818da88b', 'a8d8d8c4-222d-47dc-a9a5-46707b58d23a');
INSERT INTO option_choice (option_id, choice_id) VALUES ('47afaa62-a5ba-4be6-81b8-673fae59c987', 'a8d8d8c4-222d-47dc-a9a5-46707b58d23a');
INSERT INTO choice (id, questionnaire_id, interviewee_id) VALUES ('02d9c35c-6e95-414f-8d3e-335286638fdc', 'cb70c074-82ef-4114-aabc-e940a19b5bb0', 'aeaeb920-722d-4dd9-8b91-f24530b6542d');
INSERT INTO option_choice (option_id, choice_id) VALUES ('4f47a30f-5169-4bf3-a6a9-f9777225a72d', '02d9c35c-6e95-414f-8d3e-335286638fdc');
INSERT INTO option_choice (option_id, choice_id) VALUES ('a6011a1c-260b-45fb-ad13-b09674b0b968', '02d9c35c-6e95-414f-8d3e-335286638fdc');
INSERT INTO option_choice (option_id, choice_id) VALUES ('b2aebe06-b155-47cd-a39d-b9c1beabb465', '02d9c35c-6e95-414f-8d3e-335286638fdc');
INSERT INTO choice (id, questionnaire_id, interviewee_id) VALUES ('7c2b215f-245a-4ec1-a500-64da78c1e648', 'b5ae5620-2d58-48f5-a060-28e8fd1859dd', 'aeaeb920-722d-4dd9-8b91-f24530b6542d');
INSERT INTO option_choice (option_id, choice_id) VALUES ('fecb111c-77d6-4b66-b728-32011b5211c0', '7c2b215f-245a-4ec1-a500-64da78c1e648');
INSERT INTO interviewee (id, login, password, age, gender, country, marital_status) VALUES ('0bce2607-bc10-40f8-bc05-a0896cb1f7fa', 'interviewee55', 'qwerty', 15, 'male', 'NL', 'married');
INSERT INTO choice (id, questionnaire_id, interviewee_id) VALUES ('ebbf938a-854d-44c2-87eb-f56c667d806b', 'e679f6e5-388e-4679-9f14-15a0896d2816', '0bce2607-bc10-40f8-bc05-a0896cb1f7fa');
INSERT INTO option_choice (option_id, choice_id) VALUES ('ae13d28d-5670-495b-a9e0-d0949dab86e3', 'ebbf938a-854d-44c2-87eb-f56c667d806b');
INSERT INTO option_choice (option_id, choice_id) VALUES ('3ee9dd0f-6306-4f8b-bdec-27347884621a', 'ebbf938a-854d-44c2-87eb-f56c667d806b');
INSERT INTO choice (id, questionnaire_id, interviewee_id) VALUES ('9c4bbe32-b426-453a-823d-bc0934426d22', 'bf8da1bc-7284-44d0-a7c0-4e0321978aa0', '0bce2607-bc10-40f8-bc05-a0896cb1f7fa');
INSERT INTO option_choice (option_id, choice_id) VALUES ('1690438b-db39-4933-b62c-4f692bce0c76', '9c4bbe32-b426-453a-823d-bc0934426d22');
INSERT INTO interviewee (id, login, password, age, gender, country, marital_status) VALUES ('555a8ef3-0c55-4652-babb-ff8dcd7b411f', 'interviewee56', 'qwerty', 15, 'female', 'TJ', 'married');
INSERT INTO choice (id, questionnaire_id, interviewee_id) VALUES ('b6506e6a-c285-495d-87e3-6815cf47108d', 'd05638df-f11c-413d-8456-ee036bed2914', '555a8ef3-0c55-4652-babb-ff8dcd7b411f');
INSERT INTO option_choice (option_id, choice_id) VALUES ('b0557de3-6b66-4e79-b1ac-c2b8f0a5096b', 'b6506e6a-c285-495d-87e3-6815cf47108d');
INSERT INTO choice (id, questionnaire_id, interviewee_id) VALUES ('a869e5a9-ee07-4e1d-871e-d783203ad6c4', 'a7e484ae-fb91-4ddf-a8c0-869a7f4ad0ee', '555a8ef3-0c55-4652-babb-ff8dcd7b411f');
INSERT INTO option_choice (option_id, choice_id) VALUES ('c2e66b7f-cc24-45a4-a017-7a4d25149a85', 'a869e5a9-ee07-4e1d-871e-d783203ad6c4');
INSERT INTO interviewee (id, login, password, age, gender, country, marital_status) VALUES ('7a96fca0-3a1b-4b78-b70c-81d1a7ce42bd', 'interviewee57', 'qwerty', 56, 'female', 'BO', 'was_not_married');
INSERT INTO choice (id, questionnaire_id, interviewee_id) VALUES ('94282e93-1755-471b-86d1-e9a91e699925', 'a7e484ae-fb91-4ddf-a8c0-869a7f4ad0ee', '7a96fca0-3a1b-4b78-b70c-81d1a7ce42bd');
INSERT INTO option_choice (option_id, choice_id) VALUES ('5833b1ae-14b5-474e-8178-69dc98fc720e', '94282e93-1755-471b-86d1-e9a91e699925');
INSERT INTO choice (id, questionnaire_id, interviewee_id) VALUES ('dc33564d-edd3-412a-a547-3ce38d06e746', 'cb70c074-82ef-4114-aabc-e940a19b5bb0', '7a96fca0-3a1b-4b78-b70c-81d1a7ce42bd');
INSERT INTO option_choice (option_id, choice_id) VALUES ('4fbbc5c4-5cc1-4421-86a2-d7151c56a9df', 'dc33564d-edd3-412a-a547-3ce38d06e746');
INSERT INTO option_choice (option_id, choice_id) VALUES ('b2aebe06-b155-47cd-a39d-b9c1beabb465', 'dc33564d-edd3-412a-a547-3ce38d06e746');
INSERT INTO option_choice (option_id, choice_id) VALUES ('c2db2843-0153-4422-8aa4-c4c9e640418d', 'dc33564d-edd3-412a-a547-3ce38d06e746');
INSERT INTO option_choice (option_id, choice_id) VALUES ('a6011a1c-260b-45fb-ad13-b09674b0b968', 'dc33564d-edd3-412a-a547-3ce38d06e746');
INSERT INTO choice (id, questionnaire_id, interviewee_id) VALUES ('5f3a3a38-7fd1-481d-9481-a342b34e2177', 'a2f7d656-4675-4d99-9435-95cbe535c6c1', '7a96fca0-3a1b-4b78-b70c-81d1a7ce42bd');
INSERT INTO option_choice (option_id, choice_id) VALUES ('930526a4-2714-4f39-831c-55b3185bd967', '5f3a3a38-7fd1-481d-9481-a342b34e2177');
INSERT INTO option_choice (option_id, choice_id) VALUES ('110b73fb-e57f-409d-83dc-0d81bdd20a44', '5f3a3a38-7fd1-481d-9481-a342b34e2177');
INSERT INTO option_choice (option_id, choice_id) VALUES ('c6bb5cf5-3828-4747-8bb2-776e9deaeb04', '5f3a3a38-7fd1-481d-9481-a342b34e2177');
INSERT INTO interviewee (id, login, password, age, gender, country, marital_status) VALUES ('b00f89bc-d2c6-47e5-8866-e72ff8ec9de1', 'interviewee58', 'qwerty', 26, 'male', 'CA', 'was_not_married');
INSERT INTO choice (id, questionnaire_id, interviewee_id) VALUES ('29147c28-5295-4f23-bdd8-cbf68ec0ba35', '8902d50d-0421-4680-82f2-f2b1b667e3fd', 'b00f89bc-d2c6-47e5-8866-e72ff8ec9de1');
INSERT INTO option_choice (option_id, choice_id) VALUES ('cbdaf253-f6a6-406f-a288-e0397682e9f8', '29147c28-5295-4f23-bdd8-cbf68ec0ba35');
INSERT INTO choice (id, questionnaire_id, interviewee_id) VALUES ('b27e3fc9-9aa0-4123-be9d-0e11a3410d7d', 'b6588e29-37de-425f-834e-e867f77794ce', 'b00f89bc-d2c6-47e5-8866-e72ff8ec9de1');
INSERT INTO option_choice (option_id, choice_id) VALUES ('7f0bbd14-8cfc-4a28-88f7-5af992a4c02b', 'b27e3fc9-9aa0-4123-be9d-0e11a3410d7d');
INSERT INTO option_choice (option_id, choice_id) VALUES ('5b82f100-bb0f-47ec-9395-7a0409f4b7ef', 'b27e3fc9-9aa0-4123-be9d-0e11a3410d7d');
INSERT INTO interviewee (id, login, password, age, gender, country, marital_status) VALUES ('cbdb5687-123c-4db9-893f-d78efaef0894', 'interviewee59', 'qwerty', 26, 'female', 'PK', 'was_not_married');
INSERT INTO choice (id, questionnaire_id, interviewee_id) VALUES ('c394565f-9f56-4d50-ac49-af10569c5e72', 'afb83fe3-e755-403b-9a15-c18b3782c012', 'cbdb5687-123c-4db9-893f-d78efaef0894');
INSERT INTO option_choice (option_id, choice_id) VALUES ('20880a56-05fa-464a-90ad-faf02a83fa77', 'c394565f-9f56-4d50-ac49-af10569c5e72');
INSERT INTO interviewee (id, login, password, age, gender, country, marital_status) VALUES ('31b2df6e-dad7-4cc0-88fe-20784e69926e', 'interviewee60', 'qwerty', 52, 'female', 'SS', 'was_not_married');
INSERT INTO choice (id, questionnaire_id, interviewee_id) VALUES ('c6e36080-32b6-4891-bda8-386054a551b1', 'a345b682-c7ac-49ac-9f14-4f5173a872d8', '31b2df6e-dad7-4cc0-88fe-20784e69926e');
INSERT INTO option_choice (option_id, choice_id) VALUES ('faa6ab11-59ef-4e3b-aa30-88fe576f7451', 'c6e36080-32b6-4891-bda8-386054a551b1');
INSERT INTO interviewee (id, login, password, age, gender, country, marital_status) VALUES ('89cc8684-875a-4c86-aac5-fd3f5f49b18d', 'interviewee61', 'qwerty', 66, 'female', 'ST', 'married');
INSERT INTO choice (id, questionnaire_id, interviewee_id) VALUES ('d094cc26-ef90-48e0-82f7-ebf7ca385ddb', 'afb83fe3-e755-403b-9a15-c18b3782c012', '89cc8684-875a-4c86-aac5-fd3f5f49b18d');
INSERT INTO option_choice (option_id, choice_id) VALUES ('db1f1f55-651e-4dd8-b4c1-deb2f26216b2', 'd094cc26-ef90-48e0-82f7-ebf7ca385ddb');
INSERT INTO interviewee (id, login, password, age, gender, country, marital_status) VALUES ('4d972328-936a-4dc2-a6ec-7eb0a6fb0011', 'interviewee62', 'qwerty', 54, 'female', 'NF', 'married');
INSERT INTO choice (id, questionnaire_id, interviewee_id) VALUES ('a9497dcb-a6cd-4ccb-889f-ae21a65b492d', 'cb70c074-82ef-4114-aabc-e940a19b5bb0', '4d972328-936a-4dc2-a6ec-7eb0a6fb0011');
INSERT INTO option_choice (option_id, choice_id) VALUES ('4fbbc5c4-5cc1-4421-86a2-d7151c56a9df', 'a9497dcb-a6cd-4ccb-889f-ae21a65b492d');
INSERT INTO interviewee (id, login, password, age, gender, country, marital_status) VALUES ('70c680f4-a3df-4161-b5da-bf768bb9d2e8', 'interviewee63', 'qwerty', 55, 'male', 'VE', 'divorced');
INSERT INTO choice (id, questionnaire_id, interviewee_id) VALUES ('8bbd79df-4f3b-46db-a9b6-918b1f36d2b3', '6a34c81d-d686-4ce4-8e2f-ec3d2ba47346', '70c680f4-a3df-4161-b5da-bf768bb9d2e8');
INSERT INTO option_choice (option_id, choice_id) VALUES ('553e0886-1a11-4d34-ad3c-c3ee745c28c8', '8bbd79df-4f3b-46db-a9b6-918b1f36d2b3');
INSERT INTO choice (id, questionnaire_id, interviewee_id) VALUES ('305a9653-0395-4439-bfc2-e25f0adc3f11', 'e2cf177f-e49f-4aef-99a6-095d711c6ec2', '70c680f4-a3df-4161-b5da-bf768bb9d2e8');
INSERT INTO option_choice (option_id, choice_id) VALUES ('242c02d5-0f4b-4e89-976f-3754854f478c', '305a9653-0395-4439-bfc2-e25f0adc3f11');
INSERT INTO choice (id, questionnaire_id, interviewee_id) VALUES ('1635e188-f2df-479f-91da-21d86524c80b', 'a345b682-c7ac-49ac-9f14-4f5173a872d8', '70c680f4-a3df-4161-b5da-bf768bb9d2e8');
INSERT INTO option_choice (option_id, choice_id) VALUES ('4389db4e-2a8b-43f8-8643-dd6f5a5f160e', '1635e188-f2df-479f-91da-21d86524c80b');
INSERT INTO interviewee (id, login, password, age, gender, country, marital_status) VALUES ('b4f394a0-8074-4852-a731-324872957e67', 'interviewee64', 'qwerty', 30, 'female', 'MW', 'was_not_married');
INSERT INTO choice (id, questionnaire_id, interviewee_id) VALUES ('8c32f799-e6bf-4060-a915-c708c55f9d25', 'af6f1431-a90e-4919-83a4-359d6a8a7d22', 'b4f394a0-8074-4852-a731-324872957e67');
INSERT INTO option_choice (option_id, choice_id) VALUES ('d6e4609d-6705-4cc8-b83a-4786ea4f6ad6', '8c32f799-e6bf-4060-a915-c708c55f9d25');
INSERT INTO option_choice (option_id, choice_id) VALUES ('14b9069e-cc19-448a-96f6-c333a9a53635', '8c32f799-e6bf-4060-a915-c708c55f9d25');
INSERT INTO choice (id, questionnaire_id, interviewee_id) VALUES ('1ba1a264-5f41-42f9-ab41-3b8f8d4109ee', '309e872a-e145-4926-998b-ec0fdb62466a', 'b4f394a0-8074-4852-a731-324872957e67');
INSERT INTO option_choice (option_id, choice_id) VALUES ('8ccfc598-c3a0-4ad2-a052-f4e6e3edc252', '1ba1a264-5f41-42f9-ab41-3b8f8d4109ee');
INSERT INTO option_choice (option_id, choice_id) VALUES ('926da358-7388-4aea-b601-42bcfcd8c071', '1ba1a264-5f41-42f9-ab41-3b8f8d4109ee');
INSERT INTO choice (id, questionnaire_id, interviewee_id) VALUES ('4ad324fa-a9e2-4d6b-babd-e5c3ee130894', '342b973f-a1d1-4062-a073-fb80b6195e1a', 'b4f394a0-8074-4852-a731-324872957e67');
INSERT INTO option_choice (option_id, choice_id) VALUES ('d84282d4-6002-4289-bb10-cb7bfd2e906b', '4ad324fa-a9e2-4d6b-babd-e5c3ee130894');
INSERT INTO option_choice (option_id, choice_id) VALUES ('a95386af-e627-4a57-adc2-0009818da88b', '4ad324fa-a9e2-4d6b-babd-e5c3ee130894');
INSERT INTO interviewee (id, login, password, age, gender, country, marital_status) VALUES ('4336e60c-3fd7-4c23-a26a-92db9a83103e', 'interviewee65', 'qwerty', 35, 'female', 'VI', 'married');
INSERT INTO choice (id, questionnaire_id, interviewee_id) VALUES ('72e4eda1-8503-4da0-aa62-cdebf55e4615', 'afb83fe3-e755-403b-9a15-c18b3782c012', '4336e60c-3fd7-4c23-a26a-92db9a83103e');
INSERT INTO option_choice (option_id, choice_id) VALUES ('db1f1f55-651e-4dd8-b4c1-deb2f26216b2', '72e4eda1-8503-4da0-aa62-cdebf55e4615');
INSERT INTO choice (id, questionnaire_id, interviewee_id) VALUES ('f395e1c4-933e-4fb8-8554-ae697f92f4d9', '0b6580ec-1374-4a48-ad1d-b1fa316ad9be', '4336e60c-3fd7-4c23-a26a-92db9a83103e');
INSERT INTO option_choice (option_id, choice_id) VALUES ('a518cc4d-143a-45ca-b29f-a7c53dacc773', 'f395e1c4-933e-4fb8-8554-ae697f92f4d9');
INSERT INTO option_choice (option_id, choice_id) VALUES ('68263915-d7e9-4ac6-9c14-f48cf8807857', 'f395e1c4-933e-4fb8-8554-ae697f92f4d9');
INSERT INTO option_choice (option_id, choice_id) VALUES ('82cec316-48c4-48d4-9d69-8a67e9d22eca', 'f395e1c4-933e-4fb8-8554-ae697f92f4d9');
INSERT INTO interviewee (id, login, password, age, gender, country, marital_status) VALUES ('5ada44ec-a39a-4853-a72f-d08fc4b012b2', 'interviewee66', 'qwerty', 51, 'male', 'ER', 'divorced');
INSERT INTO choice (id, questionnaire_id, interviewee_id) VALUES ('20d8ab24-2666-409c-aae0-73189d474ae4', '557cb630-d2f4-4e11-afe9-d50534deb525', '5ada44ec-a39a-4853-a72f-d08fc4b012b2');
INSERT INTO option_choice (option_id, choice_id) VALUES ('78cbec79-315d-4cd7-92bb-beb18eab98e5', '20d8ab24-2666-409c-aae0-73189d474ae4');
INSERT INTO interviewee (id, login, password, age, gender, country, marital_status) VALUES ('1e3122a9-6cdd-4d55-b6df-e42c13df5368', 'interviewee67', 'qwerty', 20, 'female', 'GW', 'was_not_married');
INSERT INTO choice (id, questionnaire_id, interviewee_id) VALUES ('fc86d2d7-b6e5-49fd-aad7-18112f1267e8', '21abb345-1235-4f5e-8b5b-2f6f89f30fee', '1e3122a9-6cdd-4d55-b6df-e42c13df5368');
INSERT INTO option_choice (option_id, choice_id) VALUES ('89025574-1604-4050-9786-3bf06cdb36eb', 'fc86d2d7-b6e5-49fd-aad7-18112f1267e8');
INSERT INTO choice (id, questionnaire_id, interviewee_id) VALUES ('0176bbc1-da3c-485a-9030-3e30e76d008a', '56c296cd-7c3b-4eb1-90cb-745e555a098c', '1e3122a9-6cdd-4d55-b6df-e42c13df5368');
INSERT INTO option_choice (option_id, choice_id) VALUES ('d583c2c9-6998-483b-a5e4-67068e974d6f', '0176bbc1-da3c-485a-9030-3e30e76d008a');
INSERT INTO option_choice (option_id, choice_id) VALUES ('75d9d333-93f8-42f6-be3b-9a5a24aa476c', '0176bbc1-da3c-485a-9030-3e30e76d008a');
INSERT INTO interviewee (id, login, password, age, gender, country, marital_status) VALUES ('aca3aa51-bc75-4fc0-ac56-37ae3524b7eb', 'interviewee68', 'qwerty', 55, 'female', 'TZ', 'divorced');
INSERT INTO choice (id, questionnaire_id, interviewee_id) VALUES ('df1a1ffb-05f9-4ac2-8c2d-4c0e213fe575', 'a2f7d656-4675-4d99-9435-95cbe535c6c1', 'aca3aa51-bc75-4fc0-ac56-37ae3524b7eb');
INSERT INTO option_choice (option_id, choice_id) VALUES ('930526a4-2714-4f39-831c-55b3185bd967', 'df1a1ffb-05f9-4ac2-8c2d-4c0e213fe575');
INSERT INTO option_choice (option_id, choice_id) VALUES ('394c3616-edd7-4820-aa09-f4425e4f774c', 'df1a1ffb-05f9-4ac2-8c2d-4c0e213fe575');
INSERT INTO option_choice (option_id, choice_id) VALUES ('c6bb5cf5-3828-4747-8bb2-776e9deaeb04', 'df1a1ffb-05f9-4ac2-8c2d-4c0e213fe575');
INSERT INTO option_choice (option_id, choice_id) VALUES ('2366bc8e-690e-4739-b5f2-cf491cd8107c', 'df1a1ffb-05f9-4ac2-8c2d-4c0e213fe575');
INSERT INTO option_choice (option_id, choice_id) VALUES ('110b73fb-e57f-409d-83dc-0d81bdd20a44', 'df1a1ffb-05f9-4ac2-8c2d-4c0e213fe575');
INSERT INTO choice (id, questionnaire_id, interviewee_id) VALUES ('d07cf79d-cd61-4216-9cfd-1da2851087ad', 'd05638df-f11c-413d-8456-ee036bed2914', 'aca3aa51-bc75-4fc0-ac56-37ae3524b7eb');
INSERT INTO option_choice (option_id, choice_id) VALUES ('b0557de3-6b66-4e79-b1ac-c2b8f0a5096b', 'd07cf79d-cd61-4216-9cfd-1da2851087ad');
INSERT INTO choice (id, questionnaire_id, interviewee_id) VALUES ('6d3e9ac8-3371-41bf-b78a-9f54b023e732', 'bf8da1bc-7284-44d0-a7c0-4e0321978aa0', 'aca3aa51-bc75-4fc0-ac56-37ae3524b7eb');
INSERT INTO option_choice (option_id, choice_id) VALUES ('fbbdfd34-e2c5-4e0b-b98a-d33f6f4fac06', '6d3e9ac8-3371-41bf-b78a-9f54b023e732');
INSERT INTO interviewee (id, login, password, age, gender, country, marital_status) VALUES ('df555fad-a4e8-4b39-a023-da2fe72e7d1b', 'interviewee69', 'qwerty', 51, 'female', 'KM', 'married');
INSERT INTO choice (id, questionnaire_id, interviewee_id) VALUES ('70386ad3-87fe-4f9f-8350-61e3d8004ef0', '557cb630-d2f4-4e11-afe9-d50534deb525', 'df555fad-a4e8-4b39-a023-da2fe72e7d1b');
INSERT INTO option_choice (option_id, choice_id) VALUES ('b633afa9-c11d-4aab-b450-ffbcfde02318', '70386ad3-87fe-4f9f-8350-61e3d8004ef0');
INSERT INTO choice (id, questionnaire_id, interviewee_id) VALUES ('3f42f6fd-8a38-457c-93cc-d92bff8e0110', 'a7e484ae-fb91-4ddf-a8c0-869a7f4ad0ee', 'df555fad-a4e8-4b39-a023-da2fe72e7d1b');
INSERT INTO option_choice (option_id, choice_id) VALUES ('4331f8de-01b0-4500-b3ce-a712074f2e20', '3f42f6fd-8a38-457c-93cc-d92bff8e0110');
INSERT INTO interviewee (id, login, password, age, gender, country, marital_status) VALUES ('55818ef4-4ca1-4ab2-8207-48c672d21bef', 'interviewee70', 'qwerty', 49, 'male', 'BM', 'married');
INSERT INTO choice (id, questionnaire_id, interviewee_id) VALUES ('b35cc324-00b2-41c7-9d9f-60152efdb345', '21abb345-1235-4f5e-8b5b-2f6f89f30fee', '55818ef4-4ca1-4ab2-8207-48c672d21bef');
INSERT INTO option_choice (option_id, choice_id) VALUES ('785185e3-f7db-4c98-901d-0cf973d9050c', 'b35cc324-00b2-41c7-9d9f-60152efdb345');
INSERT INTO choice (id, questionnaire_id, interviewee_id) VALUES ('755a3127-66ec-495f-9fc3-8588a0a3b755', 'af6f1431-a90e-4919-83a4-359d6a8a7d22', '55818ef4-4ca1-4ab2-8207-48c672d21bef');
INSERT INTO option_choice (option_id, choice_id) VALUES ('a3c0df26-f677-4a76-9fc9-e8bcb2a586ec', '755a3127-66ec-495f-9fc3-8588a0a3b755');
INSERT INTO option_choice (option_id, choice_id) VALUES ('e41b3b09-f2a6-4206-bfde-743557a31646', '755a3127-66ec-495f-9fc3-8588a0a3b755');
INSERT INTO option_choice (option_id, choice_id) VALUES ('b6cea016-cb83-4752-bbc0-0e2a71b294d6', '755a3127-66ec-495f-9fc3-8588a0a3b755');
INSERT INTO option_choice (option_id, choice_id) VALUES ('14b9069e-cc19-448a-96f6-c333a9a53635', '755a3127-66ec-495f-9fc3-8588a0a3b755');
INSERT INTO interviewee (id, login, password, age, gender, country, marital_status) VALUES ('39a2c97c-2ed3-4589-a07a-ec021320cf13', 'interviewee71', 'qwerty', 48, 'female', 'NA', 'divorced');
INSERT INTO choice (id, questionnaire_id, interviewee_id) VALUES ('cc50af0d-f776-4377-8428-d4987ffe5c6d', '0b6580ec-1374-4a48-ad1d-b1fa316ad9be', '39a2c97c-2ed3-4589-a07a-ec021320cf13');
INSERT INTO option_choice (option_id, choice_id) VALUES ('68263915-d7e9-4ac6-9c14-f48cf8807857', 'cc50af0d-f776-4377-8428-d4987ffe5c6d');
INSERT INTO option_choice (option_id, choice_id) VALUES ('82be4575-892d-453a-b3d9-0827c6b6d6df', 'cc50af0d-f776-4377-8428-d4987ffe5c6d');
INSERT INTO choice (id, questionnaire_id, interviewee_id) VALUES ('c03f3f23-6f68-4355-960c-a040e55e37db', 'b6588e29-37de-425f-834e-e867f77794ce', '39a2c97c-2ed3-4589-a07a-ec021320cf13');
INSERT INTO option_choice (option_id, choice_id) VALUES ('07e7a8bf-65e2-41d5-aeef-91bcbe765392', 'c03f3f23-6f68-4355-960c-a040e55e37db');
INSERT INTO option_choice (option_id, choice_id) VALUES ('460ff4a7-d376-4dc8-b5bb-9ab1989fbb31', 'c03f3f23-6f68-4355-960c-a040e55e37db');
INSERT INTO option_choice (option_id, choice_id) VALUES ('4bde418e-a165-43f7-ac7b-c6d2ab034e2e', 'c03f3f23-6f68-4355-960c-a040e55e37db');
INSERT INTO option_choice (option_id, choice_id) VALUES ('7f0bbd14-8cfc-4a28-88f7-5af992a4c02b', 'c03f3f23-6f68-4355-960c-a040e55e37db');
INSERT INTO interviewee (id, login, password, age, gender, country, marital_status) VALUES ('43d6df58-89b8-4546-a87a-43cbfaddddcd', 'interviewee72', 'qwerty', 60, 'female', 'FK', 'was_not_married');
INSERT INTO choice (id, questionnaire_id, interviewee_id) VALUES ('7ec77b80-043e-4ff6-8e90-e8baee7ee8ca', 'bf8da1bc-7284-44d0-a7c0-4e0321978aa0', '43d6df58-89b8-4546-a87a-43cbfaddddcd');
INSERT INTO option_choice (option_id, choice_id) VALUES ('1690438b-db39-4933-b62c-4f692bce0c76', '7ec77b80-043e-4ff6-8e90-e8baee7ee8ca');
INSERT INTO choice (id, questionnaire_id, interviewee_id) VALUES ('6aefc2e3-5d65-4a77-a64f-d6b108bcbc69', '8902d50d-0421-4680-82f2-f2b1b667e3fd', '43d6df58-89b8-4546-a87a-43cbfaddddcd');
INSERT INTO option_choice (option_id, choice_id) VALUES ('cbdaf253-f6a6-406f-a288-e0397682e9f8', '6aefc2e3-5d65-4a77-a64f-d6b108bcbc69');
INSERT INTO choice (id, questionnaire_id, interviewee_id) VALUES ('5eadcd3b-03a5-4618-ac20-68e492a995df', '557cb630-d2f4-4e11-afe9-d50534deb525', '43d6df58-89b8-4546-a87a-43cbfaddddcd');
INSERT INTO option_choice (option_id, choice_id) VALUES ('3495c366-5183-4e9e-856e-8a1c40f7bab1', '5eadcd3b-03a5-4618-ac20-68e492a995df');
INSERT INTO interviewee (id, login, password, age, gender, country, marital_status) VALUES ('034eb5f6-6694-4f30-aed2-4ff84a78dd57', 'interviewee73', 'qwerty', 47, 'female', 'PT', 'divorced');
INSERT INTO choice (id, questionnaire_id, interviewee_id) VALUES ('d7e1de3b-8c12-43f9-8447-4ec3489bc46f', 'a7e484ae-fb91-4ddf-a8c0-869a7f4ad0ee', '034eb5f6-6694-4f30-aed2-4ff84a78dd57');
INSERT INTO option_choice (option_id, choice_id) VALUES ('5833b1ae-14b5-474e-8178-69dc98fc720e', 'd7e1de3b-8c12-43f9-8447-4ec3489bc46f');
INSERT INTO interviewee (id, login, password, age, gender, country, marital_status) VALUES ('1e4725b4-2eee-4758-9921-bfab8514112a', 'interviewee74', 'qwerty', 22, 'female', 'GI', 'was_not_married');
INSERT INTO choice (id, questionnaire_id, interviewee_id) VALUES ('1856f6f1-d494-4ab4-92e4-f8719d1b15af', 'd05638df-f11c-413d-8456-ee036bed2914', '1e4725b4-2eee-4758-9921-bfab8514112a');
INSERT INTO option_choice (option_id, choice_id) VALUES ('b0557de3-6b66-4e79-b1ac-c2b8f0a5096b', '1856f6f1-d494-4ab4-92e4-f8719d1b15af');
INSERT INTO choice (id, questionnaire_id, interviewee_id) VALUES ('3dd166e9-88a7-4a7a-a1df-16dcbefc310c', 'b6588e29-37de-425f-834e-e867f77794ce', '1e4725b4-2eee-4758-9921-bfab8514112a');
INSERT INTO option_choice (option_id, choice_id) VALUES ('40c301f5-13ed-4b94-85aa-e1c562adce4d', '3dd166e9-88a7-4a7a-a1df-16dcbefc310c');
INSERT INTO option_choice (option_id, choice_id) VALUES ('ec37510e-f2a1-4e16-ae94-e9ea2c4461e3', '3dd166e9-88a7-4a7a-a1df-16dcbefc310c');
INSERT INTO option_choice (option_id, choice_id) VALUES ('07e7a8bf-65e2-41d5-aeef-91bcbe765392', '3dd166e9-88a7-4a7a-a1df-16dcbefc310c');
INSERT INTO interviewee (id, login, password, age, gender, country, marital_status) VALUES ('4222ab0d-111c-4db1-a495-f582593f96ac', 'interviewee75', 'qwerty', 70, 'male', 'CO', 'was_not_married');
INSERT INTO choice (id, questionnaire_id, interviewee_id) VALUES ('8404cc05-1ed6-4f09-ac9f-f40b48a040e0', 'e2cf177f-e49f-4aef-99a6-095d711c6ec2', '4222ab0d-111c-4db1-a495-f582593f96ac');
INSERT INTO option_choice (option_id, choice_id) VALUES ('1b5e4a41-da4c-4845-8698-5ed9deee3ca2', '8404cc05-1ed6-4f09-ac9f-f40b48a040e0');
INSERT INTO choice (id, questionnaire_id, interviewee_id) VALUES ('7ea4d2c9-67dd-4ac5-bb56-5a5b42981630', '6a34c81d-d686-4ce4-8e2f-ec3d2ba47346', '4222ab0d-111c-4db1-a495-f582593f96ac');
INSERT INTO option_choice (option_id, choice_id) VALUES ('f7043315-74b1-4456-92cc-0c7dc1e0dd21', '7ea4d2c9-67dd-4ac5-bb56-5a5b42981630');
INSERT INTO choice (id, questionnaire_id, interviewee_id) VALUES ('464c8f14-1e34-4e78-abed-faaf55dae475', 'a2f7d656-4675-4d99-9435-95cbe535c6c1', '4222ab0d-111c-4db1-a495-f582593f96ac');
INSERT INTO option_choice (option_id, choice_id) VALUES ('394c3616-edd7-4820-aa09-f4425e4f774c', '464c8f14-1e34-4e78-abed-faaf55dae475');
INSERT INTO option_choice (option_id, choice_id) VALUES ('930526a4-2714-4f39-831c-55b3185bd967', '464c8f14-1e34-4e78-abed-faaf55dae475');
INSERT INTO option_choice (option_id, choice_id) VALUES ('ced72831-705a-4153-849e-71a73e5a7d3c', '464c8f14-1e34-4e78-abed-faaf55dae475');
INSERT INTO option_choice (option_id, choice_id) VALUES ('2366bc8e-690e-4739-b5f2-cf491cd8107c', '464c8f14-1e34-4e78-abed-faaf55dae475');
INSERT INTO option_choice (option_id, choice_id) VALUES ('d3d55bb1-ef9d-4b9a-b1b9-8e4375e7dbd0', '464c8f14-1e34-4e78-abed-faaf55dae475');
INSERT INTO interviewee (id, login, password, age, gender, country, marital_status) VALUES ('58c4f301-eaa7-4598-967d-df69e05f3fca', 'interviewee76', 'qwerty', 40, 'female', 'UZ', 'was_not_married');
INSERT INTO choice (id, questionnaire_id, interviewee_id) VALUES ('ad835c43-fe21-496a-a5f7-dada32e99bab', 'af6f1431-a90e-4919-83a4-359d6a8a7d22', '58c4f301-eaa7-4598-967d-df69e05f3fca');
INSERT INTO option_choice (option_id, choice_id) VALUES ('e41b3b09-f2a6-4206-bfde-743557a31646', 'ad835c43-fe21-496a-a5f7-dada32e99bab');
INSERT INTO option_choice (option_id, choice_id) VALUES ('a3c0df26-f677-4a76-9fc9-e8bcb2a586ec', 'ad835c43-fe21-496a-a5f7-dada32e99bab');
INSERT INTO option_choice (option_id, choice_id) VALUES ('d6e4609d-6705-4cc8-b83a-4786ea4f6ad6', 'ad835c43-fe21-496a-a5f7-dada32e99bab');
INSERT INTO option_choice (option_id, choice_id) VALUES ('1d5c1c89-2fbe-4efd-aab1-12329e29ad0f', 'ad835c43-fe21-496a-a5f7-dada32e99bab');
INSERT INTO option_choice (option_id, choice_id) VALUES ('14b9069e-cc19-448a-96f6-c333a9a53635', 'ad835c43-fe21-496a-a5f7-dada32e99bab');
INSERT INTO option_choice (option_id, choice_id) VALUES ('e6932ff8-921c-4ab7-b5c5-37e59ea816fd', 'ad835c43-fe21-496a-a5f7-dada32e99bab');
INSERT INTO choice (id, questionnaire_id, interviewee_id) VALUES ('ed19ce84-af84-4631-bb4a-c9e313bcadb4', 'f680addd-a0b2-4101-9e1f-5e0870943c68', '58c4f301-eaa7-4598-967d-df69e05f3fca');
INSERT INTO option_choice (option_id, choice_id) VALUES ('5e0b63d0-2a10-4ab5-a66a-a47615b50b03', 'ed19ce84-af84-4631-bb4a-c9e313bcadb4');
INSERT INTO option_choice (option_id, choice_id) VALUES ('cfde0373-91b9-46f9-bc0d-a137a713d2d7', 'ed19ce84-af84-4631-bb4a-c9e313bcadb4');
INSERT INTO option_choice (option_id, choice_id) VALUES ('521ef3a0-411b-4392-8393-62ed9a638949', 'ed19ce84-af84-4631-bb4a-c9e313bcadb4');
INSERT INTO interviewee (id, login, password, age, gender, country, marital_status) VALUES ('ff980caa-f04b-49fc-9779-76e38a153d21', 'interviewee77', 'qwerty', 33, 'male', 'BD', 'married');
INSERT INTO choice (id, questionnaire_id, interviewee_id) VALUES ('69326adb-d0eb-4393-8d7e-eb967f223569', 'e679f6e5-388e-4679-9f14-15a0896d2816', 'ff980caa-f04b-49fc-9779-76e38a153d21');
INSERT INTO option_choice (option_id, choice_id) VALUES ('7fc08a6e-900b-45ea-b455-29a8eb343039', '69326adb-d0eb-4393-8d7e-eb967f223569');
INSERT INTO option_choice (option_id, choice_id) VALUES ('ae13d28d-5670-495b-a9e0-d0949dab86e3', '69326adb-d0eb-4393-8d7e-eb967f223569');
INSERT INTO option_choice (option_id, choice_id) VALUES ('3ee9dd0f-6306-4f8b-bdec-27347884621a', '69326adb-d0eb-4393-8d7e-eb967f223569');
INSERT INTO option_choice (option_id, choice_id) VALUES ('01fc26e1-e8f8-407f-a1b8-6af243e9c3dd', '69326adb-d0eb-4393-8d7e-eb967f223569');
INSERT INTO option_choice (option_id, choice_id) VALUES ('5169914a-cf41-4077-8993-1322df09c3da', '69326adb-d0eb-4393-8d7e-eb967f223569');
INSERT INTO choice (id, questionnaire_id, interviewee_id) VALUES ('b998ecda-d0b6-4451-895e-922bfea8c4ec', '0b6580ec-1374-4a48-ad1d-b1fa316ad9be', 'ff980caa-f04b-49fc-9779-76e38a153d21');
INSERT INTO option_choice (option_id, choice_id) VALUES ('82cec316-48c4-48d4-9d69-8a67e9d22eca', 'b998ecda-d0b6-4451-895e-922bfea8c4ec');
INSERT INTO option_choice (option_id, choice_id) VALUES ('68263915-d7e9-4ac6-9c14-f48cf8807857', 'b998ecda-d0b6-4451-895e-922bfea8c4ec');
INSERT INTO option_choice (option_id, choice_id) VALUES ('82be4575-892d-453a-b3d9-0827c6b6d6df', 'b998ecda-d0b6-4451-895e-922bfea8c4ec');
INSERT INTO option_choice (option_id, choice_id) VALUES ('a518cc4d-143a-45ca-b29f-a7c53dacc773', 'b998ecda-d0b6-4451-895e-922bfea8c4ec');
INSERT INTO interviewee (id, login, password, age, gender, country, marital_status) VALUES ('bc8a0374-a533-42fe-892d-63ee00dcfa00', 'interviewee78', 'qwerty', 48, 'female', 'SI', 'married');
INSERT INTO choice (id, questionnaire_id, interviewee_id) VALUES ('f3fb032b-4cc2-4d43-bd5d-f212578d0fb6', 'afb83fe3-e755-403b-9a15-c18b3782c012', 'bc8a0374-a533-42fe-892d-63ee00dcfa00');
INSERT INTO option_choice (option_id, choice_id) VALUES ('20880a56-05fa-464a-90ad-faf02a83fa77', 'f3fb032b-4cc2-4d43-bd5d-f212578d0fb6');
INSERT INTO choice (id, questionnaire_id, interviewee_id) VALUES ('b229c2c5-4848-4bcc-beff-1080d2d26bdb', 'cb70c074-82ef-4114-aabc-e940a19b5bb0', 'bc8a0374-a533-42fe-892d-63ee00dcfa00');
INSERT INTO option_choice (option_id, choice_id) VALUES ('c2db2843-0153-4422-8aa4-c4c9e640418d', 'b229c2c5-4848-4bcc-beff-1080d2d26bdb');
INSERT INTO choice (id, questionnaire_id, interviewee_id) VALUES ('266b0ace-892c-49af-9eae-f8a1ff9e2695', 'e2cf177f-e49f-4aef-99a6-095d711c6ec2', 'bc8a0374-a533-42fe-892d-63ee00dcfa00');
INSERT INTO option_choice (option_id, choice_id) VALUES ('1b5e4a41-da4c-4845-8698-5ed9deee3ca2', '266b0ace-892c-49af-9eae-f8a1ff9e2695');
INSERT INTO interviewee (id, login, password, age, gender, country, marital_status) VALUES ('ed70d75c-67b3-45c3-9afa-4d879249395c', 'interviewee79', 'qwerty', 26, 'male', 'MN', 'divorced');
INSERT INTO choice (id, questionnaire_id, interviewee_id) VALUES ('69aa6656-5865-4429-b585-37ddabdc1c0e', '83dbd16d-6765-468d-944f-022d10d042e5', 'ed70d75c-67b3-45c3-9afa-4d879249395c');
INSERT INTO option_choice (option_id, choice_id) VALUES ('d8a63395-3425-4d1b-95be-b38dc31cb0af', '69aa6656-5865-4429-b585-37ddabdc1c0e');
INSERT INTO option_choice (option_id, choice_id) VALUES ('d6416cf3-39f7-4cf9-ba84-314605b84d03', '69aa6656-5865-4429-b585-37ddabdc1c0e');
INSERT INTO option_choice (option_id, choice_id) VALUES ('eee0aab7-8b77-4c19-b028-648aa7e303ed', '69aa6656-5865-4429-b585-37ddabdc1c0e');
INSERT INTO option_choice (option_id, choice_id) VALUES ('176e8036-bece-46c0-beb2-71eb28a41f51', '69aa6656-5865-4429-b585-37ddabdc1c0e');
INSERT INTO interviewee (id, login, password, age, gender, country, marital_status) VALUES ('79b916d4-dedc-4e55-b081-f753367be2d8', 'interviewee80', 'qwerty', 49, 'female', 'IQ', 'was_not_married');
INSERT INTO choice (id, questionnaire_id, interviewee_id) VALUES ('a096738c-0085-463b-a183-c30ea8c372a2', 'e2cf177f-e49f-4aef-99a6-095d711c6ec2', '79b916d4-dedc-4e55-b081-f753367be2d8');
INSERT INTO option_choice (option_id, choice_id) VALUES ('1b5e4a41-da4c-4845-8698-5ed9deee3ca2', 'a096738c-0085-463b-a183-c30ea8c372a2');
INSERT INTO choice (id, questionnaire_id, interviewee_id) VALUES ('750dcfe4-1ed2-4f1a-86ed-be0a8b352d65', 'a7e484ae-fb91-4ddf-a8c0-869a7f4ad0ee', '79b916d4-dedc-4e55-b081-f753367be2d8');
INSERT INTO option_choice (option_id, choice_id) VALUES ('5833b1ae-14b5-474e-8178-69dc98fc720e', '750dcfe4-1ed2-4f1a-86ed-be0a8b352d65');
INSERT INTO choice (id, questionnaire_id, interviewee_id) VALUES ('9cc61fb4-967e-4800-87dc-2e311f1e2c46', 'd05638df-f11c-413d-8456-ee036bed2914', '79b916d4-dedc-4e55-b081-f753367be2d8');
INSERT INTO option_choice (option_id, choice_id) VALUES ('b4b64304-6288-40df-8120-283c58db8d1a', '9cc61fb4-967e-4800-87dc-2e311f1e2c46');
INSERT INTO interviewee (id, login, password, age, gender, country, marital_status) VALUES ('5c188b1c-23e3-4338-9a50-6e521ab017b6', 'interviewee81', 'qwerty', 68, 'female', 'UY', 'was_not_married');
INSERT INTO choice (id, questionnaire_id, interviewee_id) VALUES ('b97861d5-b499-4a23-85c4-a9a3c8262c08', 'bf8da1bc-7284-44d0-a7c0-4e0321978aa0', '5c188b1c-23e3-4338-9a50-6e521ab017b6');
INSERT INTO option_choice (option_id, choice_id) VALUES ('9bdf6935-cda0-4d8b-82bb-51be50aece89', 'b97861d5-b499-4a23-85c4-a9a3c8262c08');
INSERT INTO interviewee (id, login, password, age, gender, country, marital_status) VALUES ('576d3dd4-aee4-48a8-96ef-ffcb6e868d70', 'interviewee82', 'qwerty', 25, 'female', 'TJ', 'married');
INSERT INTO choice (id, questionnaire_id, interviewee_id) VALUES ('d80b3545-4267-445d-a025-04049f10437e', '56c296cd-7c3b-4eb1-90cb-745e555a098c', '576d3dd4-aee4-48a8-96ef-ffcb6e868d70');
INSERT INTO option_choice (option_id, choice_id) VALUES ('0e27133d-354c-4e2d-af9f-e74397954328', 'd80b3545-4267-445d-a025-04049f10437e');
INSERT INTO option_choice (option_id, choice_id) VALUES ('d583c2c9-6998-483b-a5e4-67068e974d6f', 'd80b3545-4267-445d-a025-04049f10437e');
INSERT INTO option_choice (option_id, choice_id) VALUES ('00605853-328c-4a30-9227-5513208ca17e', 'd80b3545-4267-445d-a025-04049f10437e');
INSERT INTO choice (id, questionnaire_id, interviewee_id) VALUES ('088a4e6d-617d-4440-9503-4c8ae001cf42', 'd05638df-f11c-413d-8456-ee036bed2914', '576d3dd4-aee4-48a8-96ef-ffcb6e868d70');
INSERT INTO option_choice (option_id, choice_id) VALUES ('b4b64304-6288-40df-8120-283c58db8d1a', '088a4e6d-617d-4440-9503-4c8ae001cf42');
INSERT INTO choice (id, questionnaire_id, interviewee_id) VALUES ('fc196c17-7522-4041-8b9b-7d44b81a40c5', 'e679f6e5-388e-4679-9f14-15a0896d2816', '576d3dd4-aee4-48a8-96ef-ffcb6e868d70');
INSERT INTO option_choice (option_id, choice_id) VALUES ('5169914a-cf41-4077-8993-1322df09c3da', 'fc196c17-7522-4041-8b9b-7d44b81a40c5');
INSERT INTO option_choice (option_id, choice_id) VALUES ('ae13d28d-5670-495b-a9e0-d0949dab86e3', 'fc196c17-7522-4041-8b9b-7d44b81a40c5');
INSERT INTO interviewee (id, login, password, age, gender, country, marital_status) VALUES ('ad34ef98-9fe7-427d-8e93-bec6a0ef9366', 'interviewee83', 'qwerty', 18, 'female', 'LY', 'married');
INSERT INTO choice (id, questionnaire_id, interviewee_id) VALUES ('0ba11f0a-ec44-4cb5-add9-460d16cb2a4f', '309e872a-e145-4926-998b-ec0fdb62466a', 'ad34ef98-9fe7-427d-8e93-bec6a0ef9366');
INSERT INTO option_choice (option_id, choice_id) VALUES ('8ccfc598-c3a0-4ad2-a052-f4e6e3edc252', '0ba11f0a-ec44-4cb5-add9-460d16cb2a4f');
INSERT INTO interviewee (id, login, password, age, gender, country, marital_status) VALUES ('8dc9c185-7912-4496-9707-d06b9c362a6c', 'interviewee84', 'qwerty', 55, 'female', 'CL', 'was_not_married');
INSERT INTO choice (id, questionnaire_id, interviewee_id) VALUES ('eda05340-b86e-4ae9-902c-2a45aad21dc5', '342b973f-a1d1-4062-a073-fb80b6195e1a', '8dc9c185-7912-4496-9707-d06b9c362a6c');
INSERT INTO option_choice (option_id, choice_id) VALUES ('a95386af-e627-4a57-adc2-0009818da88b', 'eda05340-b86e-4ae9-902c-2a45aad21dc5');
INSERT INTO option_choice (option_id, choice_id) VALUES ('47afaa62-a5ba-4be6-81b8-673fae59c987', 'eda05340-b86e-4ae9-902c-2a45aad21dc5');
INSERT INTO option_choice (option_id, choice_id) VALUES ('d84282d4-6002-4289-bb10-cb7bfd2e906b', 'eda05340-b86e-4ae9-902c-2a45aad21dc5');
INSERT INTO choice (id, questionnaire_id, interviewee_id) VALUES ('db336579-1186-418b-8fec-3a7ff21f8dce', 'e2cf177f-e49f-4aef-99a6-095d711c6ec2', '8dc9c185-7912-4496-9707-d06b9c362a6c');
INSERT INTO option_choice (option_id, choice_id) VALUES ('242c02d5-0f4b-4e89-976f-3754854f478c', 'db336579-1186-418b-8fec-3a7ff21f8dce');
INSERT INTO choice (id, questionnaire_id, interviewee_id) VALUES ('e952362b-e44d-43b2-b68a-701c9b1adc04', '8902d50d-0421-4680-82f2-f2b1b667e3fd', '8dc9c185-7912-4496-9707-d06b9c362a6c');
INSERT INTO option_choice (option_id, choice_id) VALUES ('cbdaf253-f6a6-406f-a288-e0397682e9f8', 'e952362b-e44d-43b2-b68a-701c9b1adc04');
INSERT INTO interviewee (id, login, password, age, gender, country, marital_status) VALUES ('c63c89c4-c97f-492e-a217-144d47d417c1', 'interviewee85', 'qwerty', 48, 'female', 'OM', 'married');
INSERT INTO choice (id, questionnaire_id, interviewee_id) VALUES ('711aadf5-a685-4585-bacb-b5b8504d02a6', '21abb345-1235-4f5e-8b5b-2f6f89f30fee', 'c63c89c4-c97f-492e-a217-144d47d417c1');
INSERT INTO option_choice (option_id, choice_id) VALUES ('fa871bfe-a04e-4297-af08-80cc94ccf337', '711aadf5-a685-4585-bacb-b5b8504d02a6');
INSERT INTO choice (id, questionnaire_id, interviewee_id) VALUES ('a384fbca-7aca-4fb3-81cb-50add37fa203', 'e679f6e5-388e-4679-9f14-15a0896d2816', 'c63c89c4-c97f-492e-a217-144d47d417c1');
INSERT INTO option_choice (option_id, choice_id) VALUES ('7fc08a6e-900b-45ea-b455-29a8eb343039', 'a384fbca-7aca-4fb3-81cb-50add37fa203');
INSERT INTO option_choice (option_id, choice_id) VALUES ('f62b7b4d-17f1-4686-9782-f0b454d6f390', 'a384fbca-7aca-4fb3-81cb-50add37fa203');
INSERT INTO option_choice (option_id, choice_id) VALUES ('ae13d28d-5670-495b-a9e0-d0949dab86e3', 'a384fbca-7aca-4fb3-81cb-50add37fa203');
INSERT INTO option_choice (option_id, choice_id) VALUES ('01fc26e1-e8f8-407f-a1b8-6af243e9c3dd', 'a384fbca-7aca-4fb3-81cb-50add37fa203');
INSERT INTO option_choice (option_id, choice_id) VALUES ('3ee9dd0f-6306-4f8b-bdec-27347884621a', 'a384fbca-7aca-4fb3-81cb-50add37fa203');
INSERT INTO interviewee (id, login, password, age, gender, country, marital_status) VALUES ('a376566c-be4f-462f-bdcc-4bea311ba2f0', 'interviewee86', 'qwerty', 27, 'female', 'BF', 'married');
INSERT INTO choice (id, questionnaire_id, interviewee_id) VALUES ('e71bb2a9-bc40-4693-b8cf-8e204356e31a', 'd05638df-f11c-413d-8456-ee036bed2914', 'a376566c-be4f-462f-bdcc-4bea311ba2f0');
INSERT INTO option_choice (option_id, choice_id) VALUES ('b0557de3-6b66-4e79-b1ac-c2b8f0a5096b', 'e71bb2a9-bc40-4693-b8cf-8e204356e31a');
INSERT INTO interviewee (id, login, password, age, gender, country, marital_status) VALUES ('34931354-5b8a-4701-a97f-bb11a9b14e93', 'interviewee87', 'qwerty', 33, 'female', 'JE', 'married');
INSERT INTO choice (id, questionnaire_id, interviewee_id) VALUES ('5149ecc6-c9d5-46df-843e-2c3967790137', '342b973f-a1d1-4062-a073-fb80b6195e1a', '34931354-5b8a-4701-a97f-bb11a9b14e93');
INSERT INTO option_choice (option_id, choice_id) VALUES ('a95386af-e627-4a57-adc2-0009818da88b', '5149ecc6-c9d5-46df-843e-2c3967790137');
INSERT INTO interviewee (id, login, password, age, gender, country, marital_status) VALUES ('26191641-bff4-4661-b02a-d926feba9bf0', 'interviewee88', 'qwerty', 50, 'female', 'ET', 'married');
INSERT INTO choice (id, questionnaire_id, interviewee_id) VALUES ('2cb93c18-05bb-4b7b-ac30-f001c8f0de27', 'afb83fe3-e755-403b-9a15-c18b3782c012', '26191641-bff4-4661-b02a-d926feba9bf0');
INSERT INTO option_choice (option_id, choice_id) VALUES ('db1f1f55-651e-4dd8-b4c1-deb2f26216b2', '2cb93c18-05bb-4b7b-ac30-f001c8f0de27');
INSERT INTO choice (id, questionnaire_id, interviewee_id) VALUES ('ffc2bf59-dae7-4d96-b219-3aec231058f0', 'f680addd-a0b2-4101-9e1f-5e0870943c68', '26191641-bff4-4661-b02a-d926feba9bf0');
INSERT INTO option_choice (option_id, choice_id) VALUES ('521ef3a0-411b-4392-8393-62ed9a638949', 'ffc2bf59-dae7-4d96-b219-3aec231058f0');
INSERT INTO choice (id, questionnaire_id, interviewee_id) VALUES ('1a1e5a5a-869d-449f-a041-df5b1f12743e', 'a2f7d656-4675-4d99-9435-95cbe535c6c1', '26191641-bff4-4661-b02a-d926feba9bf0');
INSERT INTO option_choice (option_id, choice_id) VALUES ('394c3616-edd7-4820-aa09-f4425e4f774c', '1a1e5a5a-869d-449f-a041-df5b1f12743e');
INSERT INTO option_choice (option_id, choice_id) VALUES ('930526a4-2714-4f39-831c-55b3185bd967', '1a1e5a5a-869d-449f-a041-df5b1f12743e');
INSERT INTO option_choice (option_id, choice_id) VALUES ('110b73fb-e57f-409d-83dc-0d81bdd20a44', '1a1e5a5a-869d-449f-a041-df5b1f12743e');
INSERT INTO option_choice (option_id, choice_id) VALUES ('2366bc8e-690e-4739-b5f2-cf491cd8107c', '1a1e5a5a-869d-449f-a041-df5b1f12743e');
INSERT INTO option_choice (option_id, choice_id) VALUES ('c6bb5cf5-3828-4747-8bb2-776e9deaeb04', '1a1e5a5a-869d-449f-a041-df5b1f12743e');
INSERT INTO option_choice (option_id, choice_id) VALUES ('ced72831-705a-4153-849e-71a73e5a7d3c', '1a1e5a5a-869d-449f-a041-df5b1f12743e');
INSERT INTO interviewee (id, login, password, age, gender, country, marital_status) VALUES ('5cf9b930-cdf4-42b8-92ab-0b38d23c8a2c', 'interviewee89', 'qwerty', 31, 'male', 'YT', 'was_not_married');
INSERT INTO choice (id, questionnaire_id, interviewee_id) VALUES ('9cdae74b-466d-4817-960d-84f997517fe8', 'f680addd-a0b2-4101-9e1f-5e0870943c68', '5cf9b930-cdf4-42b8-92ab-0b38d23c8a2c');
INSERT INTO option_choice (option_id, choice_id) VALUES ('cfde0373-91b9-46f9-bc0d-a137a713d2d7', '9cdae74b-466d-4817-960d-84f997517fe8');
INSERT INTO interviewee (id, login, password, age, gender, country, marital_status) VALUES ('d97f2c83-e53b-4668-8627-ff5a9980fd1d', 'interviewee90', 'qwerty', 18, 'male', 'ZM', 'was_not_married');
INSERT INTO choice (id, questionnaire_id, interviewee_id) VALUES ('2061e76f-ae03-4713-acbb-31a043b61137', 'e2cf177f-e49f-4aef-99a6-095d711c6ec2', 'd97f2c83-e53b-4668-8627-ff5a9980fd1d');
INSERT INTO option_choice (option_id, choice_id) VALUES ('242c02d5-0f4b-4e89-976f-3754854f478c', '2061e76f-ae03-4713-acbb-31a043b61137');
INSERT INTO choice (id, questionnaire_id, interviewee_id) VALUES ('97528cc9-5c7a-4b26-9147-72898417a9ff', 'b5ae5620-2d58-48f5-a060-28e8fd1859dd', 'd97f2c83-e53b-4668-8627-ff5a9980fd1d');
INSERT INTO option_choice (option_id, choice_id) VALUES ('a5e432ce-d2c6-4c6b-912f-dd0aa7f19d87', '97528cc9-5c7a-4b26-9147-72898417a9ff');
INSERT INTO choice (id, questionnaire_id, interviewee_id) VALUES ('69df1403-0e84-42f4-af73-d98588d08586', 'a345b682-c7ac-49ac-9f14-4f5173a872d8', 'd97f2c83-e53b-4668-8627-ff5a9980fd1d');
INSERT INTO option_choice (option_id, choice_id) VALUES ('4389db4e-2a8b-43f8-8643-dd6f5a5f160e', '69df1403-0e84-42f4-af73-d98588d08586');
INSERT INTO interviewee (id, login, password, age, gender, country, marital_status) VALUES ('feff8502-e04b-47e6-97ae-f0ef9f93b3c6', 'interviewee91', 'qwerty', 18, 'female', 'PG', 'was_not_married');
INSERT INTO choice (id, questionnaire_id, interviewee_id) VALUES ('f703dfc7-965d-4324-bdf6-9bd296a4c110', 'd05638df-f11c-413d-8456-ee036bed2914', 'feff8502-e04b-47e6-97ae-f0ef9f93b3c6');
INSERT INTO option_choice (option_id, choice_id) VALUES ('b0557de3-6b66-4e79-b1ac-c2b8f0a5096b', 'f703dfc7-965d-4324-bdf6-9bd296a4c110');
INSERT INTO choice (id, questionnaire_id, interviewee_id) VALUES ('821eb4d2-300c-40ac-b3ec-e3598a2eb434', '6a34c81d-d686-4ce4-8e2f-ec3d2ba47346', 'feff8502-e04b-47e6-97ae-f0ef9f93b3c6');
INSERT INTO option_choice (option_id, choice_id) VALUES ('7a83da6c-611b-4c33-a2e2-ddf398a170bc', '821eb4d2-300c-40ac-b3ec-e3598a2eb434');
INSERT INTO interviewee (id, login, password, age, gender, country, marital_status) VALUES ('2b1d21b2-7ef9-413e-85d5-ae73b48f0718', 'interviewee92', 'qwerty', 22, 'female', 'MV', 'divorced');
INSERT INTO choice (id, questionnaire_id, interviewee_id) VALUES ('1ce94575-c1cf-4d21-a593-16664620b5db', '56c296cd-7c3b-4eb1-90cb-745e555a098c', '2b1d21b2-7ef9-413e-85d5-ae73b48f0718');
INSERT INTO option_choice (option_id, choice_id) VALUES ('0e27133d-354c-4e2d-af9f-e74397954328', '1ce94575-c1cf-4d21-a593-16664620b5db');
INSERT INTO option_choice (option_id, choice_id) VALUES ('e2f977a1-4767-4f5b-b056-27e45348cf1a', '1ce94575-c1cf-4d21-a593-16664620b5db');
INSERT INTO option_choice (option_id, choice_id) VALUES ('00605853-328c-4a30-9227-5513208ca17e', '1ce94575-c1cf-4d21-a593-16664620b5db');
INSERT INTO interviewee (id, login, password, age, gender, country, marital_status) VALUES ('d6327d94-aafe-4e4d-a514-3070ad459f10', 'interviewee93', 'qwerty', 51, 'female', 'JP', 'divorced');
INSERT INTO choice (id, questionnaire_id, interviewee_id) VALUES ('e75b1dbb-e5c5-485f-b558-6eb44de7a1bb', '83dbd16d-6765-468d-944f-022d10d042e5', 'd6327d94-aafe-4e4d-a514-3070ad459f10');
INSERT INTO option_choice (option_id, choice_id) VALUES ('d8a63395-3425-4d1b-95be-b38dc31cb0af', 'e75b1dbb-e5c5-485f-b558-6eb44de7a1bb');
INSERT INTO option_choice (option_id, choice_id) VALUES ('176e8036-bece-46c0-beb2-71eb28a41f51', 'e75b1dbb-e5c5-485f-b558-6eb44de7a1bb');
INSERT INTO choice (id, questionnaire_id, interviewee_id) VALUES ('b0663746-1afd-49f2-bb87-f1cb367c6b17', '56c296cd-7c3b-4eb1-90cb-745e555a098c', 'd6327d94-aafe-4e4d-a514-3070ad459f10');
INSERT INTO option_choice (option_id, choice_id) VALUES ('00605853-328c-4a30-9227-5513208ca17e', 'b0663746-1afd-49f2-bb87-f1cb367c6b17');
INSERT INTO option_choice (option_id, choice_id) VALUES ('75d9d333-93f8-42f6-be3b-9a5a24aa476c', 'b0663746-1afd-49f2-bb87-f1cb367c6b17');
INSERT INTO option_choice (option_id, choice_id) VALUES ('0e27133d-354c-4e2d-af9f-e74397954328', 'b0663746-1afd-49f2-bb87-f1cb367c6b17');
INSERT INTO option_choice (option_id, choice_id) VALUES ('d583c2c9-6998-483b-a5e4-67068e974d6f', 'b0663746-1afd-49f2-bb87-f1cb367c6b17');
INSERT INTO option_choice (option_id, choice_id) VALUES ('e2f977a1-4767-4f5b-b056-27e45348cf1a', 'b0663746-1afd-49f2-bb87-f1cb367c6b17');
INSERT INTO interviewee (id, login, password, age, gender, country, marital_status) VALUES ('31bd6eeb-27af-44a1-bb87-f5afcdb7e00c', 'interviewee94', 'qwerty', 44, 'female', 'SZ', 'married');
INSERT INTO choice (id, questionnaire_id, interviewee_id) VALUES ('58649e12-0a30-4528-92ea-8a43b56bfee8', 'e679f6e5-388e-4679-9f14-15a0896d2816', '31bd6eeb-27af-44a1-bb87-f5afcdb7e00c');
INSERT INTO option_choice (option_id, choice_id) VALUES ('7fc08a6e-900b-45ea-b455-29a8eb343039', '58649e12-0a30-4528-92ea-8a43b56bfee8');
INSERT INTO choice (id, questionnaire_id, interviewee_id) VALUES ('0e8ce09a-fc82-44ae-b8f5-3b2a66910bd8', '0b6580ec-1374-4a48-ad1d-b1fa316ad9be', '31bd6eeb-27af-44a1-bb87-f5afcdb7e00c');
INSERT INTO option_choice (option_id, choice_id) VALUES ('82be4575-892d-453a-b3d9-0827c6b6d6df', '0e8ce09a-fc82-44ae-b8f5-3b2a66910bd8');
INSERT INTO option_choice (option_id, choice_id) VALUES ('68263915-d7e9-4ac6-9c14-f48cf8807857', '0e8ce09a-fc82-44ae-b8f5-3b2a66910bd8');
INSERT INTO interviewee (id, login, password, age, gender, country, marital_status) VALUES ('d04f6d3f-5a04-45b6-8465-644e023384d5', 'interviewee95', 'qwerty', 54, 'female', 'CI', 'divorced');
INSERT INTO choice (id, questionnaire_id, interviewee_id) VALUES ('6bd179a1-6a4b-41f8-9aae-93d0e0425cd1', 'e2cf177f-e49f-4aef-99a6-095d711c6ec2', 'd04f6d3f-5a04-45b6-8465-644e023384d5');
INSERT INTO option_choice (option_id, choice_id) VALUES ('1b5e4a41-da4c-4845-8698-5ed9deee3ca2', '6bd179a1-6a4b-41f8-9aae-93d0e0425cd1');
INSERT INTO choice (id, questionnaire_id, interviewee_id) VALUES ('5fbaf403-f4a5-4467-b496-512bb072471d', '1a336595-020d-4026-a389-afd9a80cf707', 'd04f6d3f-5a04-45b6-8465-644e023384d5');
INSERT INTO option_choice (option_id, choice_id) VALUES ('22762ef8-944e-46b0-a7e0-4e990383e528', '5fbaf403-f4a5-4467-b496-512bb072471d');
INSERT INTO interviewee (id, login, password, age, gender, country, marital_status) VALUES ('aee7e564-3b38-4e1a-953c-4d255de656fe', 'interviewee96', 'qwerty', 37, 'female', 'AS', 'was_not_married');
INSERT INTO choice (id, questionnaire_id, interviewee_id) VALUES ('1eca22ea-d9ae-4df7-bc1d-fe2bf3dddc0d', 'afb83fe3-e755-403b-9a15-c18b3782c012', 'aee7e564-3b38-4e1a-953c-4d255de656fe');
INSERT INTO option_choice (option_id, choice_id) VALUES ('db1f1f55-651e-4dd8-b4c1-deb2f26216b2', '1eca22ea-d9ae-4df7-bc1d-fe2bf3dddc0d');
INSERT INTO interviewee (id, login, password, age, gender, country, marital_status) VALUES ('30dfaaa9-e17a-407e-83c2-7f0e69a24d14', 'interviewee97', 'qwerty', 21, 'female', 'OM', 'divorced');
INSERT INTO choice (id, questionnaire_id, interviewee_id) VALUES ('8689d4c7-64a8-45f2-a5ac-dfcb0ee3cc7d', '8adfa259-7459-4497-b994-7101058c39c1', '30dfaaa9-e17a-407e-83c2-7f0e69a24d14');
INSERT INTO option_choice (option_id, choice_id) VALUES ('968d6b86-376e-4d23-9555-89ee1d638c1c', '8689d4c7-64a8-45f2-a5ac-dfcb0ee3cc7d');
INSERT INTO option_choice (option_id, choice_id) VALUES ('0c96072b-cf70-4fde-8afb-27bf8c3f7a8b', '8689d4c7-64a8-45f2-a5ac-dfcb0ee3cc7d');
INSERT INTO choice (id, questionnaire_id, interviewee_id) VALUES ('89cf9075-e570-4454-9159-b0810b984272', 'cb70c074-82ef-4114-aabc-e940a19b5bb0', '30dfaaa9-e17a-407e-83c2-7f0e69a24d14');
INSERT INTO option_choice (option_id, choice_id) VALUES ('4fbbc5c4-5cc1-4421-86a2-d7151c56a9df', '89cf9075-e570-4454-9159-b0810b984272');
INSERT INTO interviewee (id, login, password, age, gender, country, marital_status) VALUES ('d5ec81e9-bca5-4574-86a9-0e2deb2c1c8e', 'interviewee98', 'qwerty', 65, 'female', 'PR', 'was_not_married');
INSERT INTO choice (id, questionnaire_id, interviewee_id) VALUES ('dd0e4dda-f445-4467-91d6-616b246326b4', '8adfa259-7459-4497-b994-7101058c39c1', 'd5ec81e9-bca5-4574-86a9-0e2deb2c1c8e');
INSERT INTO option_choice (option_id, choice_id) VALUES ('7d64ec60-4b16-49eb-a0c6-4af24c3b1767', 'dd0e4dda-f445-4467-91d6-616b246326b4');
INSERT INTO option_choice (option_id, choice_id) VALUES ('0c96072b-cf70-4fde-8afb-27bf8c3f7a8b', 'dd0e4dda-f445-4467-91d6-616b246326b4');
INSERT INTO interviewee (id, login, password, age, gender, country, marital_status) VALUES ('d37dabaa-244f-4029-b12b-372aea529a43', 'interviewee99', 'qwerty', 33, 'female', 'RS', 'was_not_married');
INSERT INTO choice (id, questionnaire_id, interviewee_id) VALUES ('de75270a-7531-4c3c-9410-908e5c374f14', '83dbd16d-6765-468d-944f-022d10d042e5', 'd37dabaa-244f-4029-b12b-372aea529a43');
INSERT INTO option_choice (option_id, choice_id) VALUES ('176e8036-bece-46c0-beb2-71eb28a41f51', 'de75270a-7531-4c3c-9410-908e5c374f14');
INSERT INTO choice (id, questionnaire_id, interviewee_id) VALUES ('034af94f-9188-4bf1-8f38-00f6c49f432d', 'cb70c074-82ef-4114-aabc-e940a19b5bb0', 'd37dabaa-244f-4029-b12b-372aea529a43');
INSERT INTO option_choice (option_id, choice_id) VALUES ('a6011a1c-260b-45fb-ad13-b09674b0b968', '034af94f-9188-4bf1-8f38-00f6c49f432d');
INSERT INTO option_choice (option_id, choice_id) VALUES ('4fbbc5c4-5cc1-4421-86a2-d7151c56a9df', '034af94f-9188-4bf1-8f38-00f6c49f432d');
INSERT INTO option_choice (option_id, choice_id) VALUES ('4f47a30f-5169-4bf3-a6a9-f9777225a72d', '034af94f-9188-4bf1-8f38-00f6c49f432d');
INSERT INTO interviewee (id, login, password, age, gender, country, marital_status) VALUES ('d71ef785-2601-4b31-99c2-ca6905b52da8', 'interviewee100', 'qwerty', 45, 'female', 'RE', 'divorced');
INSERT INTO choice (id, questionnaire_id, interviewee_id) VALUES ('867ce76e-5ddb-47f4-93a7-3136199b2186', '0b6580ec-1374-4a48-ad1d-b1fa316ad9be', 'd71ef785-2601-4b31-99c2-ca6905b52da8');
INSERT INTO option_choice (option_id, choice_id) VALUES ('82be4575-892d-453a-b3d9-0827c6b6d6df', '867ce76e-5ddb-47f4-93a7-3136199b2186');
INSERT INTO option_choice (option_id, choice_id) VALUES ('a518cc4d-143a-45ca-b29f-a7c53dacc773', '867ce76e-5ddb-47f4-93a7-3136199b2186');
INSERT INTO option_choice (option_id, choice_id) VALUES ('82cec316-48c4-48d4-9d69-8a67e9d22eca', '867ce76e-5ddb-47f4-93a7-3136199b2186');
INSERT INTO interviewee (id, login, password, age, gender, country, marital_status) VALUES ('34b30571-727f-47d5-9feb-0e3e62386494', 'interviewee101', 'qwerty', 32, 'female', 'GD', 'was_not_married');
INSERT INTO choice (id, questionnaire_id, interviewee_id) VALUES ('77fdcbb8-e875-4434-9209-21364cc95093', 'a2f7d656-4675-4d99-9435-95cbe535c6c1', '34b30571-727f-47d5-9feb-0e3e62386494');
INSERT INTO option_choice (option_id, choice_id) VALUES ('c6bb5cf5-3828-4747-8bb2-776e9deaeb04', '77fdcbb8-e875-4434-9209-21364cc95093');
INSERT INTO option_choice (option_id, choice_id) VALUES ('394c3616-edd7-4820-aa09-f4425e4f774c', '77fdcbb8-e875-4434-9209-21364cc95093');
INSERT INTO option_choice (option_id, choice_id) VALUES ('110b73fb-e57f-409d-83dc-0d81bdd20a44', '77fdcbb8-e875-4434-9209-21364cc95093');
INSERT INTO option_choice (option_id, choice_id) VALUES ('930526a4-2714-4f39-831c-55b3185bd967', '77fdcbb8-e875-4434-9209-21364cc95093');
INSERT INTO option_choice (option_id, choice_id) VALUES ('ced72831-705a-4153-849e-71a73e5a7d3c', '77fdcbb8-e875-4434-9209-21364cc95093');
INSERT INTO option_choice (option_id, choice_id) VALUES ('2366bc8e-690e-4739-b5f2-cf491cd8107c', '77fdcbb8-e875-4434-9209-21364cc95093');
INSERT INTO option_choice (option_id, choice_id) VALUES ('d3d55bb1-ef9d-4b9a-b1b9-8e4375e7dbd0', '77fdcbb8-e875-4434-9209-21364cc95093');
INSERT INTO choice (id, questionnaire_id, interviewee_id) VALUES ('aef64ccd-613e-4f48-813f-7c6d2bbce410', '1a336595-020d-4026-a389-afd9a80cf707', '34b30571-727f-47d5-9feb-0e3e62386494');
INSERT INTO option_choice (option_id, choice_id) VALUES ('17fa6a45-befd-4756-95f2-c6c400c916a8', 'aef64ccd-613e-4f48-813f-7c6d2bbce410');
INSERT INTO choice (id, questionnaire_id, interviewee_id) VALUES ('87019558-c92b-454a-8b0e-0ca0cca0fd8b', 'af6f1431-a90e-4919-83a4-359d6a8a7d22', '34b30571-727f-47d5-9feb-0e3e62386494');
INSERT INTO option_choice (option_id, choice_id) VALUES ('1d5c1c89-2fbe-4efd-aab1-12329e29ad0f', '87019558-c92b-454a-8b0e-0ca0cca0fd8b');
INSERT INTO option_choice (option_id, choice_id) VALUES ('14b9069e-cc19-448a-96f6-c333a9a53635', '87019558-c92b-454a-8b0e-0ca0cca0fd8b');
INSERT INTO option_choice (option_id, choice_id) VALUES ('e41b3b09-f2a6-4206-bfde-743557a31646', '87019558-c92b-454a-8b0e-0ca0cca0fd8b');
INSERT INTO interviewee (id, login, password, age, gender, country, marital_status) VALUES ('9e71f912-0e11-4cb4-ab40-ef66863c7633', 'interviewee102', 'qwerty', 51, 'male', 'AZ', 'was_not_married');
INSERT INTO choice (id, questionnaire_id, interviewee_id) VALUES ('1fba2b1a-abf9-4751-a36a-927065c0e905', '1a336595-020d-4026-a389-afd9a80cf707', '9e71f912-0e11-4cb4-ab40-ef66863c7633');
INSERT INTO option_choice (option_id, choice_id) VALUES ('15439bd9-6ff1-4651-a545-60ef7679f375', '1fba2b1a-abf9-4751-a36a-927065c0e905');
INSERT INTO choice (id, questionnaire_id, interviewee_id) VALUES ('08620760-43f0-4f42-b519-90f0451358fa', 'd05638df-f11c-413d-8456-ee036bed2914', '9e71f912-0e11-4cb4-ab40-ef66863c7633');
INSERT INTO option_choice (option_id, choice_id) VALUES ('b4b64304-6288-40df-8120-283c58db8d1a', '08620760-43f0-4f42-b519-90f0451358fa');
INSERT INTO interviewee (id, login, password, age, gender, country, marital_status) VALUES ('39c22f61-d9d5-4f76-af72-9923756b74b8', 'interviewee103', 'qwerty', 64, 'male', 'SA', 'divorced');
INSERT INTO choice (id, questionnaire_id, interviewee_id) VALUES ('6d3481b5-7a16-44b5-8b55-c722a4dffddd', 'e2cf177f-e49f-4aef-99a6-095d711c6ec2', '39c22f61-d9d5-4f76-af72-9923756b74b8');
INSERT INTO option_choice (option_id, choice_id) VALUES ('242c02d5-0f4b-4e89-976f-3754854f478c', '6d3481b5-7a16-44b5-8b55-c722a4dffddd');
INSERT INTO interviewee (id, login, password, age, gender, country, marital_status) VALUES ('3231ecff-c324-428f-8532-4ed4bac63997', 'interviewee104', 'qwerty', 42, 'female', 'BD', 'was_not_married');
INSERT INTO choice (id, questionnaire_id, interviewee_id) VALUES ('30c1908d-73ff-429a-a6bd-af18f359fa1e', '6a34c81d-d686-4ce4-8e2f-ec3d2ba47346', '3231ecff-c324-428f-8532-4ed4bac63997');
INSERT INTO option_choice (option_id, choice_id) VALUES ('39c56f53-1cf2-4487-83be-4d75b94ce4df', '30c1908d-73ff-429a-a6bd-af18f359fa1e');
INSERT INTO interviewee (id, login, password, age, gender, country, marital_status) VALUES ('154adcbb-09b3-4120-9142-2b6de6699568', 'interviewee105', 'qwerty', 51, 'male', 'KN', 'married');
INSERT INTO choice (id, questionnaire_id, interviewee_id) VALUES ('89a203a8-a360-451c-b55e-10bfda2addf8', '83dbd16d-6765-468d-944f-022d10d042e5', '154adcbb-09b3-4120-9142-2b6de6699568');
INSERT INTO option_choice (option_id, choice_id) VALUES ('176e8036-bece-46c0-beb2-71eb28a41f51', '89a203a8-a360-451c-b55e-10bfda2addf8');
INSERT INTO option_choice (option_id, choice_id) VALUES ('d6416cf3-39f7-4cf9-ba84-314605b84d03', '89a203a8-a360-451c-b55e-10bfda2addf8');
INSERT INTO option_choice (option_id, choice_id) VALUES ('eee0aab7-8b77-4c19-b028-648aa7e303ed', '89a203a8-a360-451c-b55e-10bfda2addf8');
INSERT INTO interviewee (id, login, password, age, gender, country, marital_status) VALUES ('803d73e8-3d15-4fce-b961-b395a9f0cbe1', 'interviewee106', 'qwerty', 25, 'female', 'CR', 'divorced');
INSERT INTO choice (id, questionnaire_id, interviewee_id) VALUES ('bab4039b-79b2-4acc-9b6e-8fc78b39c28f', '83dbd16d-6765-468d-944f-022d10d042e5', '803d73e8-3d15-4fce-b961-b395a9f0cbe1');
INSERT INTO option_choice (option_id, choice_id) VALUES ('d8a63395-3425-4d1b-95be-b38dc31cb0af', 'bab4039b-79b2-4acc-9b6e-8fc78b39c28f');
INSERT INTO option_choice (option_id, choice_id) VALUES ('176e8036-bece-46c0-beb2-71eb28a41f51', 'bab4039b-79b2-4acc-9b6e-8fc78b39c28f');
INSERT INTO option_choice (option_id, choice_id) VALUES ('eee0aab7-8b77-4c19-b028-648aa7e303ed', 'bab4039b-79b2-4acc-9b6e-8fc78b39c28f');
INSERT INTO option_choice (option_id, choice_id) VALUES ('d6416cf3-39f7-4cf9-ba84-314605b84d03', 'bab4039b-79b2-4acc-9b6e-8fc78b39c28f');
INSERT INTO choice (id, questionnaire_id, interviewee_id) VALUES ('cf95d826-0796-4602-a11f-aa35222f4b83', 'a7e484ae-fb91-4ddf-a8c0-869a7f4ad0ee', '803d73e8-3d15-4fce-b961-b395a9f0cbe1');
INSERT INTO option_choice (option_id, choice_id) VALUES ('c2e66b7f-cc24-45a4-a017-7a4d25149a85', 'cf95d826-0796-4602-a11f-aa35222f4b83');
INSERT INTO choice (id, questionnaire_id, interviewee_id) VALUES ('9577c276-24ed-4eb2-8cdf-23e5caa01247', '8902d50d-0421-4680-82f2-f2b1b667e3fd', '803d73e8-3d15-4fce-b961-b395a9f0cbe1');
INSERT INTO option_choice (option_id, choice_id) VALUES ('ac0c373d-7749-4908-8091-d580700cabb0', '9577c276-24ed-4eb2-8cdf-23e5caa01247');
INSERT INTO interviewee (id, login, password, age, gender, country, marital_status) VALUES ('a9434af2-2a4c-4f12-949c-c491ce9b912c', 'interviewee107', 'qwerty', 53, 'male', 'DJ', 'divorced');
INSERT INTO choice (id, questionnaire_id, interviewee_id) VALUES ('4c9f3a90-1016-4555-a264-26c730126aba', 'b6588e29-37de-425f-834e-e867f77794ce', 'a9434af2-2a4c-4f12-949c-c491ce9b912c');
INSERT INTO option_choice (option_id, choice_id) VALUES ('40c301f5-13ed-4b94-85aa-e1c562adce4d', '4c9f3a90-1016-4555-a264-26c730126aba');
INSERT INTO option_choice (option_id, choice_id) VALUES ('5b82f100-bb0f-47ec-9395-7a0409f4b7ef', '4c9f3a90-1016-4555-a264-26c730126aba');
INSERT INTO option_choice (option_id, choice_id) VALUES ('07e7a8bf-65e2-41d5-aeef-91bcbe765392', '4c9f3a90-1016-4555-a264-26c730126aba');
INSERT INTO option_choice (option_id, choice_id) VALUES ('46bd1403-2ee0-4145-8014-8dd4fafcb8af', '4c9f3a90-1016-4555-a264-26c730126aba');
INSERT INTO option_choice (option_id, choice_id) VALUES ('4bde418e-a165-43f7-ac7b-c6d2ab034e2e', '4c9f3a90-1016-4555-a264-26c730126aba');
INSERT INTO choice (id, questionnaire_id, interviewee_id) VALUES ('dbd97efa-b056-4048-951c-522e0caadfc5', 'a345b682-c7ac-49ac-9f14-4f5173a872d8', 'a9434af2-2a4c-4f12-949c-c491ce9b912c');
INSERT INTO option_choice (option_id, choice_id) VALUES ('4389db4e-2a8b-43f8-8643-dd6f5a5f160e', 'dbd97efa-b056-4048-951c-522e0caadfc5');
INSERT INTO interviewee (id, login, password, age, gender, country, marital_status) VALUES ('1d119408-10ac-49c0-bc37-d54dce38b3e3', 'interviewee108', 'qwerty', 44, 'female', 'CC', 'married');
INSERT INTO choice (id, questionnaire_id, interviewee_id) VALUES ('8b233356-2a3b-446c-818e-788c64df5a0a', 'f680addd-a0b2-4101-9e1f-5e0870943c68', '1d119408-10ac-49c0-bc37-d54dce38b3e3');
INSERT INTO option_choice (option_id, choice_id) VALUES ('5e0b63d0-2a10-4ab5-a66a-a47615b50b03', '8b233356-2a3b-446c-818e-788c64df5a0a');
INSERT INTO choice (id, questionnaire_id, interviewee_id) VALUES ('7d1b4611-9a0c-4b1d-ba50-d0fd183234a0', '0b6580ec-1374-4a48-ad1d-b1fa316ad9be', '1d119408-10ac-49c0-bc37-d54dce38b3e3');
INSERT INTO option_choice (option_id, choice_id) VALUES ('68263915-d7e9-4ac6-9c14-f48cf8807857', '7d1b4611-9a0c-4b1d-ba50-d0fd183234a0');
INSERT INTO option_choice (option_id, choice_id) VALUES ('82be4575-892d-453a-b3d9-0827c6b6d6df', '7d1b4611-9a0c-4b1d-ba50-d0fd183234a0');
INSERT INTO option_choice (option_id, choice_id) VALUES ('82cec316-48c4-48d4-9d69-8a67e9d22eca', '7d1b4611-9a0c-4b1d-ba50-d0fd183234a0');
INSERT INTO option_choice (option_id, choice_id) VALUES ('a518cc4d-143a-45ca-b29f-a7c53dacc773', '7d1b4611-9a0c-4b1d-ba50-d0fd183234a0');
INSERT INTO choice (id, questionnaire_id, interviewee_id) VALUES ('d66753a7-3912-4490-91ab-36e2d25ed07a', 'a345b682-c7ac-49ac-9f14-4f5173a872d8', '1d119408-10ac-49c0-bc37-d54dce38b3e3');
INSERT INTO option_choice (option_id, choice_id) VALUES ('faa6ab11-59ef-4e3b-aa30-88fe576f7451', 'd66753a7-3912-4490-91ab-36e2d25ed07a');
INSERT INTO interviewee (id, login, password, age, gender, country, marital_status) VALUES ('4901140f-870e-4603-8bb8-14fdcc338905', 'interviewee109', 'qwerty', 56, 'male', 'BW', 'was_not_married');
INSERT INTO choice (id, questionnaire_id, interviewee_id) VALUES ('b697a1fb-3c0e-4c21-908d-9f9eca9e4df2', '83dbd16d-6765-468d-944f-022d10d042e5', '4901140f-870e-4603-8bb8-14fdcc338905');
INSERT INTO option_choice (option_id, choice_id) VALUES ('d8a63395-3425-4d1b-95be-b38dc31cb0af', 'b697a1fb-3c0e-4c21-908d-9f9eca9e4df2');
INSERT INTO option_choice (option_id, choice_id) VALUES ('eee0aab7-8b77-4c19-b028-648aa7e303ed', 'b697a1fb-3c0e-4c21-908d-9f9eca9e4df2');
INSERT INTO option_choice (option_id, choice_id) VALUES ('d6416cf3-39f7-4cf9-ba84-314605b84d03', 'b697a1fb-3c0e-4c21-908d-9f9eca9e4df2');
INSERT INTO option_choice (option_id, choice_id) VALUES ('176e8036-bece-46c0-beb2-71eb28a41f51', 'b697a1fb-3c0e-4c21-908d-9f9eca9e4df2');
INSERT INTO choice (id, questionnaire_id, interviewee_id) VALUES ('1585c4bf-00a2-461e-afe5-1c5551274dd5', '1a336595-020d-4026-a389-afd9a80cf707', '4901140f-870e-4603-8bb8-14fdcc338905');
INSERT INTO option_choice (option_id, choice_id) VALUES ('026e21bd-77e7-46bc-85ba-c7e5eea39031', '1585c4bf-00a2-461e-afe5-1c5551274dd5');
INSERT INTO interviewee (id, login, password, age, gender, country, marital_status) VALUES ('2774667c-f5c9-4b76-a79b-964b6ccf7192', 'interviewee110', 'qwerty', 45, 'female', 'NL', 'married');
INSERT INTO choice (id, questionnaire_id, interviewee_id) VALUES ('27dbbfb3-353c-447a-a50d-f95134b418bb', 'cb70c074-82ef-4114-aabc-e940a19b5bb0', '2774667c-f5c9-4b76-a79b-964b6ccf7192');
INSERT INTO option_choice (option_id, choice_id) VALUES ('b2aebe06-b155-47cd-a39d-b9c1beabb465', '27dbbfb3-353c-447a-a50d-f95134b418bb');
INSERT INTO choice (id, questionnaire_id, interviewee_id) VALUES ('b8d29d75-f294-46fb-a617-b78cbfc51efb', '56c296cd-7c3b-4eb1-90cb-745e555a098c', '2774667c-f5c9-4b76-a79b-964b6ccf7192');
INSERT INTO option_choice (option_id, choice_id) VALUES ('75d9d333-93f8-42f6-be3b-9a5a24aa476c', 'b8d29d75-f294-46fb-a617-b78cbfc51efb');
INSERT INTO option_choice (option_id, choice_id) VALUES ('0e27133d-354c-4e2d-af9f-e74397954328', 'b8d29d75-f294-46fb-a617-b78cbfc51efb');
INSERT INTO option_choice (option_id, choice_id) VALUES ('e2f977a1-4767-4f5b-b056-27e45348cf1a', 'b8d29d75-f294-46fb-a617-b78cbfc51efb');
INSERT INTO option_choice (option_id, choice_id) VALUES ('d583c2c9-6998-483b-a5e4-67068e974d6f', 'b8d29d75-f294-46fb-a617-b78cbfc51efb');
INSERT INTO interviewee (id, login, password, age, gender, country, marital_status) VALUES ('fccb7f78-b567-49e4-a972-ea3aa5f8438e', 'interviewee111', 'qwerty', 60, 'male', 'NZ', 'married');
INSERT INTO choice (id, questionnaire_id, interviewee_id) VALUES ('9ea237b6-5c91-4cce-b99b-bba898cf341e', '6a34c81d-d686-4ce4-8e2f-ec3d2ba47346', 'fccb7f78-b567-49e4-a972-ea3aa5f8438e');
INSERT INTO option_choice (option_id, choice_id) VALUES ('7a83da6c-611b-4c33-a2e2-ddf398a170bc', '9ea237b6-5c91-4cce-b99b-bba898cf341e');
INSERT INTO interviewee (id, login, password, age, gender, country, marital_status) VALUES ('5d34f028-3878-48df-aa6d-ccc4828fe26d', 'interviewee112', 'qwerty', 17, 'male', 'RE', 'divorced');
INSERT INTO choice (id, questionnaire_id, interviewee_id) VALUES ('200be001-15c9-40bc-b613-eea11d5eda65', 'b6588e29-37de-425f-834e-e867f77794ce', '5d34f028-3878-48df-aa6d-ccc4828fe26d');
INSERT INTO option_choice (option_id, choice_id) VALUES ('ec37510e-f2a1-4e16-ae94-e9ea2c4461e3', '200be001-15c9-40bc-b613-eea11d5eda65');
INSERT INTO option_choice (option_id, choice_id) VALUES ('46bd1403-2ee0-4145-8014-8dd4fafcb8af', '200be001-15c9-40bc-b613-eea11d5eda65');
INSERT INTO option_choice (option_id, choice_id) VALUES ('5b82f100-bb0f-47ec-9395-7a0409f4b7ef', '200be001-15c9-40bc-b613-eea11d5eda65');
INSERT INTO option_choice (option_id, choice_id) VALUES ('07e7a8bf-65e2-41d5-aeef-91bcbe765392', '200be001-15c9-40bc-b613-eea11d5eda65');
INSERT INTO interviewee (id, login, password, age, gender, country, marital_status) VALUES ('f485e3ca-87d6-46e3-875b-5a9beeb9dfeb', 'interviewee113', 'qwerty', 56, 'male', 'NE', 'married');
INSERT INTO choice (id, questionnaire_id, interviewee_id) VALUES ('b3c936eb-5b90-4401-80e9-67661c7c7129', '0b6580ec-1374-4a48-ad1d-b1fa316ad9be', 'f485e3ca-87d6-46e3-875b-5a9beeb9dfeb');
INSERT INTO option_choice (option_id, choice_id) VALUES ('82cec316-48c4-48d4-9d69-8a67e9d22eca', 'b3c936eb-5b90-4401-80e9-67661c7c7129');
INSERT INTO option_choice (option_id, choice_id) VALUES ('68263915-d7e9-4ac6-9c14-f48cf8807857', 'b3c936eb-5b90-4401-80e9-67661c7c7129');
INSERT INTO choice (id, questionnaire_id, interviewee_id) VALUES ('22e33ee1-f347-43b0-9bbd-b63adda598b9', '1a336595-020d-4026-a389-afd9a80cf707', 'f485e3ca-87d6-46e3-875b-5a9beeb9dfeb');
INSERT INTO option_choice (option_id, choice_id) VALUES ('17fa6a45-befd-4756-95f2-c6c400c916a8', '22e33ee1-f347-43b0-9bbd-b63adda598b9');
INSERT INTO interviewee (id, login, password, age, gender, country, marital_status) VALUES ('e3794d86-0737-497f-866e-5ef59760be83', 'interviewee114', 'qwerty', 63, 'male', 'GP', 'married');
INSERT INTO choice (id, questionnaire_id, interviewee_id) VALUES ('ae0fef30-ecc1-4e0c-8570-77608dd1f39a', '1a336595-020d-4026-a389-afd9a80cf707', 'e3794d86-0737-497f-866e-5ef59760be83');
INSERT INTO option_choice (option_id, choice_id) VALUES ('fb8edb03-709f-43c3-9875-7ba762e529a6', 'ae0fef30-ecc1-4e0c-8570-77608dd1f39a');
INSERT INTO interviewee (id, login, password, age, gender, country, marital_status) VALUES ('0aae3075-67a8-436d-a0f3-382fb32122ae', 'interviewee115', 'qwerty', 28, 'male', 'TV', 'divorced');
INSERT INTO choice (id, questionnaire_id, interviewee_id) VALUES ('a03a2daa-d653-4616-9118-b1e78d1fd804', '83dbd16d-6765-468d-944f-022d10d042e5', '0aae3075-67a8-436d-a0f3-382fb32122ae');
INSERT INTO option_choice (option_id, choice_id) VALUES ('d8a63395-3425-4d1b-95be-b38dc31cb0af', 'a03a2daa-d653-4616-9118-b1e78d1fd804');
INSERT INTO option_choice (option_id, choice_id) VALUES ('d6416cf3-39f7-4cf9-ba84-314605b84d03', 'a03a2daa-d653-4616-9118-b1e78d1fd804');
INSERT INTO option_choice (option_id, choice_id) VALUES ('176e8036-bece-46c0-beb2-71eb28a41f51', 'a03a2daa-d653-4616-9118-b1e78d1fd804');
INSERT INTO choice (id, questionnaire_id, interviewee_id) VALUES ('2ad98f1f-cd4e-4059-bf7a-da5331a5811a', '8adfa259-7459-4497-b994-7101058c39c1', '0aae3075-67a8-436d-a0f3-382fb32122ae');
INSERT INTO option_choice (option_id, choice_id) VALUES ('968d6b86-376e-4d23-9555-89ee1d638c1c', '2ad98f1f-cd4e-4059-bf7a-da5331a5811a');
INSERT INTO option_choice (option_id, choice_id) VALUES ('7d64ec60-4b16-49eb-a0c6-4af24c3b1767', '2ad98f1f-cd4e-4059-bf7a-da5331a5811a');
INSERT INTO option_choice (option_id, choice_id) VALUES ('9e45c288-be30-427f-be35-83a5171e2b4d', '2ad98f1f-cd4e-4059-bf7a-da5331a5811a');
INSERT INTO option_choice (option_id, choice_id) VALUES ('502fb96b-685d-47da-86bb-f40e1e8f57ef', '2ad98f1f-cd4e-4059-bf7a-da5331a5811a');
INSERT INTO choice (id, questionnaire_id, interviewee_id) VALUES ('1c5532d2-ea46-4833-843c-a3a9dd6ad6ee', '1a336595-020d-4026-a389-afd9a80cf707', '0aae3075-67a8-436d-a0f3-382fb32122ae');
INSERT INTO option_choice (option_id, choice_id) VALUES ('17fa6a45-befd-4756-95f2-c6c400c916a8', '1c5532d2-ea46-4833-843c-a3a9dd6ad6ee');
INSERT INTO interviewee (id, login, password, age, gender, country, marital_status) VALUES ('7cf92d96-1efc-4f6c-a2d0-4357f1f3e535', 'interviewee116', 'qwerty', 30, 'male', 'GF', 'was_not_married');
INSERT INTO choice (id, questionnaire_id, interviewee_id) VALUES ('5687cfad-532f-4a16-8009-817e85dc8366', 'cb70c074-82ef-4114-aabc-e940a19b5bb0', '7cf92d96-1efc-4f6c-a2d0-4357f1f3e535');
INSERT INTO option_choice (option_id, choice_id) VALUES ('b2aebe06-b155-47cd-a39d-b9c1beabb465', '5687cfad-532f-4a16-8009-817e85dc8366');
INSERT INTO choice (id, questionnaire_id, interviewee_id) VALUES ('4627c418-ced2-4af1-90ee-05c8a6ec8f6f', '56c296cd-7c3b-4eb1-90cb-745e555a098c', '7cf92d96-1efc-4f6c-a2d0-4357f1f3e535');
INSERT INTO option_choice (option_id, choice_id) VALUES ('0e27133d-354c-4e2d-af9f-e74397954328', '4627c418-ced2-4af1-90ee-05c8a6ec8f6f');
INSERT INTO choice (id, questionnaire_id, interviewee_id) VALUES ('25ba02f6-3155-4942-804c-7ea3ff2ce11d', '91a16ec4-1a91-44d1-bb08-6e9fc823c230', '7cf92d96-1efc-4f6c-a2d0-4357f1f3e535');
INSERT INTO option_choice (option_id, choice_id) VALUES ('fbc23714-2c99-4441-8130-94075c78f6e8', '25ba02f6-3155-4942-804c-7ea3ff2ce11d');
INSERT INTO option_choice (option_id, choice_id) VALUES ('5b32da45-be75-42c8-8fa7-ba776167a759', '25ba02f6-3155-4942-804c-7ea3ff2ce11d');
INSERT INTO interviewee (id, login, password, age, gender, country, marital_status) VALUES ('c2438630-e103-49ca-a0c1-eab860cdd975', 'interviewee117', 'qwerty', 24, 'female', 'CM', 'was_not_married');
INSERT INTO choice (id, questionnaire_id, interviewee_id) VALUES ('ac4a7350-423e-4ce1-a420-e00b007ea510', '6a34c81d-d686-4ce4-8e2f-ec3d2ba47346', 'c2438630-e103-49ca-a0c1-eab860cdd975');
INSERT INTO option_choice (option_id, choice_id) VALUES ('553e0886-1a11-4d34-ad3c-c3ee745c28c8', 'ac4a7350-423e-4ce1-a420-e00b007ea510');
INSERT INTO choice (id, questionnaire_id, interviewee_id) VALUES ('cd95bcdc-23ac-42cf-877c-5cc1a530bbb1', 'bf8da1bc-7284-44d0-a7c0-4e0321978aa0', 'c2438630-e103-49ca-a0c1-eab860cdd975');
INSERT INTO option_choice (option_id, choice_id) VALUES ('9bdf6935-cda0-4d8b-82bb-51be50aece89', 'cd95bcdc-23ac-42cf-877c-5cc1a530bbb1');
INSERT INTO interviewee (id, login, password, age, gender, country, marital_status) VALUES ('50c47948-418f-4a51-a0a4-5665719196b6', 'interviewee118', 'qwerty', 19, 'female', 'SL', 'divorced');
INSERT INTO choice (id, questionnaire_id, interviewee_id) VALUES ('3d6c80a3-3bed-4285-88b5-aad68fb06209', 'd05638df-f11c-413d-8456-ee036bed2914', '50c47948-418f-4a51-a0a4-5665719196b6');
INSERT INTO option_choice (option_id, choice_id) VALUES ('b4b64304-6288-40df-8120-283c58db8d1a', '3d6c80a3-3bed-4285-88b5-aad68fb06209');
INSERT INTO interviewee (id, login, password, age, gender, country, marital_status) VALUES ('cc0d5cb5-8a2d-41e8-b491-5cec709adb75', 'interviewee119', 'qwerty', 34, 'male', 'MU', 'married');
INSERT INTO choice (id, questionnaire_id, interviewee_id) VALUES ('3a36bd2d-58ae-4895-a8ca-6a5818f3290e', 'b6588e29-37de-425f-834e-e867f77794ce', 'cc0d5cb5-8a2d-41e8-b491-5cec709adb75');
INSERT INTO option_choice (option_id, choice_id) VALUES ('460ff4a7-d376-4dc8-b5bb-9ab1989fbb31', '3a36bd2d-58ae-4895-a8ca-6a5818f3290e');
INSERT INTO option_choice (option_id, choice_id) VALUES ('46bd1403-2ee0-4145-8014-8dd4fafcb8af', '3a36bd2d-58ae-4895-a8ca-6a5818f3290e');
INSERT INTO option_choice (option_id, choice_id) VALUES ('40c301f5-13ed-4b94-85aa-e1c562adce4d', '3a36bd2d-58ae-4895-a8ca-6a5818f3290e');
INSERT INTO option_choice (option_id, choice_id) VALUES ('5b82f100-bb0f-47ec-9395-7a0409f4b7ef', '3a36bd2d-58ae-4895-a8ca-6a5818f3290e');
INSERT INTO option_choice (option_id, choice_id) VALUES ('ec37510e-f2a1-4e16-ae94-e9ea2c4461e3', '3a36bd2d-58ae-4895-a8ca-6a5818f3290e');
INSERT INTO interviewee (id, login, password, age, gender, country, marital_status) VALUES ('a8c17f44-dddd-4174-bbf8-5c3ef81a1213', 'interviewee120', 'qwerty', 21, 'male', 'BM', 'married');
INSERT INTO choice (id, questionnaire_id, interviewee_id) VALUES ('fdfcad7c-abd4-4d69-a761-de022c3a1438', 'bf8da1bc-7284-44d0-a7c0-4e0321978aa0', 'a8c17f44-dddd-4174-bbf8-5c3ef81a1213');
INSERT INTO option_choice (option_id, choice_id) VALUES ('1690438b-db39-4933-b62c-4f692bce0c76', 'fdfcad7c-abd4-4d69-a761-de022c3a1438');
INSERT INTO interviewee (id, login, password, age, gender, country, marital_status) VALUES ('fe48ee83-d847-4d03-9f6f-1e56423b0f9a', 'interviewee121', 'qwerty', 46, 'male', 'AG', 'divorced');
INSERT INTO choice (id, questionnaire_id, interviewee_id) VALUES ('ee13ba0f-05c7-4dc2-b74f-24d7fdd89dbc', '309e872a-e145-4926-998b-ec0fdb62466a', 'fe48ee83-d847-4d03-9f6f-1e56423b0f9a');
INSERT INTO option_choice (option_id, choice_id) VALUES ('4579f5ab-3007-4302-aa53-456cd440599b', 'ee13ba0f-05c7-4dc2-b74f-24d7fdd89dbc');
INSERT INTO option_choice (option_id, choice_id) VALUES ('926da358-7388-4aea-b601-42bcfcd8c071', 'ee13ba0f-05c7-4dc2-b74f-24d7fdd89dbc');
INSERT INTO choice (id, questionnaire_id, interviewee_id) VALUES ('4c126c73-adb2-4d6e-a65f-184ebfd1e197', 'a2f7d656-4675-4d99-9435-95cbe535c6c1', 'fe48ee83-d847-4d03-9f6f-1e56423b0f9a');
INSERT INTO option_choice (option_id, choice_id) VALUES ('2366bc8e-690e-4739-b5f2-cf491cd8107c', '4c126c73-adb2-4d6e-a65f-184ebfd1e197');
INSERT INTO option_choice (option_id, choice_id) VALUES ('d3d55bb1-ef9d-4b9a-b1b9-8e4375e7dbd0', '4c126c73-adb2-4d6e-a65f-184ebfd1e197');
INSERT INTO option_choice (option_id, choice_id) VALUES ('394c3616-edd7-4820-aa09-f4425e4f774c', '4c126c73-adb2-4d6e-a65f-184ebfd1e197');
INSERT INTO option_choice (option_id, choice_id) VALUES ('ced72831-705a-4153-849e-71a73e5a7d3c', '4c126c73-adb2-4d6e-a65f-184ebfd1e197');
INSERT INTO option_choice (option_id, choice_id) VALUES ('930526a4-2714-4f39-831c-55b3185bd967', '4c126c73-adb2-4d6e-a65f-184ebfd1e197');
INSERT INTO interviewee (id, login, password, age, gender, country, marital_status) VALUES ('e9576a26-2c7b-4b70-936a-c9fa0e9dea3e', 'interviewee122', 'qwerty', 23, 'female', 'SA', 'married');
INSERT INTO choice (id, questionnaire_id, interviewee_id) VALUES ('766c8b6d-0df6-4a51-95c4-f73c847b5716', '8902d50d-0421-4680-82f2-f2b1b667e3fd', 'e9576a26-2c7b-4b70-936a-c9fa0e9dea3e');
INSERT INTO option_choice (option_id, choice_id) VALUES ('b9a164f5-2a94-487b-874f-f3bdc79ee4e3', '766c8b6d-0df6-4a51-95c4-f73c847b5716');
INSERT INTO choice (id, questionnaire_id, interviewee_id) VALUES ('366f3df6-e0d8-4587-986d-cad45e85a194', '1a336595-020d-4026-a389-afd9a80cf707', 'e9576a26-2c7b-4b70-936a-c9fa0e9dea3e');
INSERT INTO option_choice (option_id, choice_id) VALUES ('15439bd9-6ff1-4651-a545-60ef7679f375', '366f3df6-e0d8-4587-986d-cad45e85a194');
INSERT INTO choice (id, questionnaire_id, interviewee_id) VALUES ('ae3aac99-4d52-488e-8274-709aa43e8e27', '309e872a-e145-4926-998b-ec0fdb62466a', 'e9576a26-2c7b-4b70-936a-c9fa0e9dea3e');
INSERT INTO option_choice (option_id, choice_id) VALUES ('8ccfc598-c3a0-4ad2-a052-f4e6e3edc252', 'ae3aac99-4d52-488e-8274-709aa43e8e27');
INSERT INTO interviewee (id, login, password, age, gender, country, marital_status) VALUES ('bcaa4ddc-5325-4e98-bba8-132978c56625', 'interviewee123', 'qwerty', 28, 'male', 'LV', 'married');
INSERT INTO choice (id, questionnaire_id, interviewee_id) VALUES ('1948ba6d-1ee7-49dc-ac14-775160b1d16e', 'd05638df-f11c-413d-8456-ee036bed2914', 'bcaa4ddc-5325-4e98-bba8-132978c56625');
INSERT INTO option_choice (option_id, choice_id) VALUES ('b4b64304-6288-40df-8120-283c58db8d1a', '1948ba6d-1ee7-49dc-ac14-775160b1d16e');
INSERT INTO interviewee (id, login, password, age, gender, country, marital_status) VALUES ('5623a097-3327-4a47-a3d0-ed180a063445', 'interviewee124', 'qwerty', 26, 'female', 'MA', 'divorced');
INSERT INTO choice (id, questionnaire_id, interviewee_id) VALUES ('97101a68-8fa3-4598-b338-4d2b140e60db', '1a336595-020d-4026-a389-afd9a80cf707', '5623a097-3327-4a47-a3d0-ed180a063445');
INSERT INTO option_choice (option_id, choice_id) VALUES ('17fa6a45-befd-4756-95f2-c6c400c916a8', '97101a68-8fa3-4598-b338-4d2b140e60db');
INSERT INTO choice (id, questionnaire_id, interviewee_id) VALUES ('8aed9b69-8868-4028-8b59-3294c8c5319c', 'e679f6e5-388e-4679-9f14-15a0896d2816', '5623a097-3327-4a47-a3d0-ed180a063445');
INSERT INTO option_choice (option_id, choice_id) VALUES ('3ee9dd0f-6306-4f8b-bdec-27347884621a', '8aed9b69-8868-4028-8b59-3294c8c5319c');
INSERT INTO option_choice (option_id, choice_id) VALUES ('f62b7b4d-17f1-4686-9782-f0b454d6f390', '8aed9b69-8868-4028-8b59-3294c8c5319c');
INSERT INTO interviewee (id, login, password, age, gender, country, marital_status) VALUES ('579e6620-c356-411d-9bde-f3222c619911', 'interviewee125', 'qwerty', 63, 'female', 'HK', 'divorced');
INSERT INTO choice (id, questionnaire_id, interviewee_id) VALUES ('6ff202fc-9140-48fe-8d56-916334c7ebc4', 'a7e484ae-fb91-4ddf-a8c0-869a7f4ad0ee', '579e6620-c356-411d-9bde-f3222c619911');
INSERT INTO option_choice (option_id, choice_id) VALUES ('5833b1ae-14b5-474e-8178-69dc98fc720e', '6ff202fc-9140-48fe-8d56-916334c7ebc4');
INSERT INTO choice (id, questionnaire_id, interviewee_id) VALUES ('c008d726-6b14-4a41-8ad1-6f80496ff9b1', '1a336595-020d-4026-a389-afd9a80cf707', '579e6620-c356-411d-9bde-f3222c619911');
INSERT INTO option_choice (option_id, choice_id) VALUES ('17fa6a45-befd-4756-95f2-c6c400c916a8', 'c008d726-6b14-4a41-8ad1-6f80496ff9b1');
INSERT INTO interviewee (id, login, password, age, gender, country, marital_status) VALUES ('77188d37-8c6a-4268-8b8e-8e2749b2143c', 'interviewee126', 'qwerty', 31, 'female', 'GB', 'married');
INSERT INTO choice (id, questionnaire_id, interviewee_id) VALUES ('b385e32e-4a22-43d9-928e-df594cce80d1', '342b973f-a1d1-4062-a073-fb80b6195e1a', '77188d37-8c6a-4268-8b8e-8e2749b2143c');
INSERT INTO option_choice (option_id, choice_id) VALUES ('d84282d4-6002-4289-bb10-cb7bfd2e906b', 'b385e32e-4a22-43d9-928e-df594cce80d1');
INSERT INTO choice (id, questionnaire_id, interviewee_id) VALUES ('4f953322-f802-4b07-9ca1-5fa8fbdab9c6', '8adfa259-7459-4497-b994-7101058c39c1', '77188d37-8c6a-4268-8b8e-8e2749b2143c');
INSERT INTO option_choice (option_id, choice_id) VALUES ('7d64ec60-4b16-49eb-a0c6-4af24c3b1767', '4f953322-f802-4b07-9ca1-5fa8fbdab9c6');
INSERT INTO option_choice (option_id, choice_id) VALUES ('502fb96b-685d-47da-86bb-f40e1e8f57ef', '4f953322-f802-4b07-9ca1-5fa8fbdab9c6');
INSERT INTO option_choice (option_id, choice_id) VALUES ('968d6b86-376e-4d23-9555-89ee1d638c1c', '4f953322-f802-4b07-9ca1-5fa8fbdab9c6');
INSERT INTO option_choice (option_id, choice_id) VALUES ('3e047d89-087c-45bd-82d6-38c4acd5c609', '4f953322-f802-4b07-9ca1-5fa8fbdab9c6');
INSERT INTO interviewee (id, login, password, age, gender, country, marital_status) VALUES ('5610b13e-8855-4406-b767-b61b5363deb4', 'interviewee127', 'qwerty', 67, 'male', 'GW', 'divorced');
INSERT INTO choice (id, questionnaire_id, interviewee_id) VALUES ('421597a4-217e-4cde-b8c9-a67f9fe44e3b', 'f680addd-a0b2-4101-9e1f-5e0870943c68', '5610b13e-8855-4406-b767-b61b5363deb4');
INSERT INTO option_choice (option_id, choice_id) VALUES ('521ef3a0-411b-4392-8393-62ed9a638949', '421597a4-217e-4cde-b8c9-a67f9fe44e3b');
INSERT INTO choice (id, questionnaire_id, interviewee_id) VALUES ('232c45d7-d136-4a35-9482-99454a84dced', 'b5ae5620-2d58-48f5-a060-28e8fd1859dd', '5610b13e-8855-4406-b767-b61b5363deb4');
INSERT INTO option_choice (option_id, choice_id) VALUES ('68702e14-fb48-4755-b6ec-11c860048f90', '232c45d7-d136-4a35-9482-99454a84dced');
INSERT INTO choice (id, questionnaire_id, interviewee_id) VALUES ('fd66b13a-4561-4786-9ce3-c3789301414f', 'a345b682-c7ac-49ac-9f14-4f5173a872d8', '5610b13e-8855-4406-b767-b61b5363deb4');
INSERT INTO option_choice (option_id, choice_id) VALUES ('faa6ab11-59ef-4e3b-aa30-88fe576f7451', 'fd66b13a-4561-4786-9ce3-c3789301414f');
INSERT INTO interviewee (id, login, password, age, gender, country, marital_status) VALUES ('dbd443fe-ee63-49ce-945b-547adfac0076', 'interviewee128', 'qwerty', 21, 'female', 'JM', 'was_not_married');
INSERT INTO choice (id, questionnaire_id, interviewee_id) VALUES ('61d08422-381b-45fd-8536-f61dff09588e', '91a16ec4-1a91-44d1-bb08-6e9fc823c230', 'dbd443fe-ee63-49ce-945b-547adfac0076');
INSERT INTO option_choice (option_id, choice_id) VALUES ('fbc23714-2c99-4441-8130-94075c78f6e8', '61d08422-381b-45fd-8536-f61dff09588e');
INSERT INTO option_choice (option_id, choice_id) VALUES ('690b73cc-52e3-435d-a3bd-78733e5fdeaf', '61d08422-381b-45fd-8536-f61dff09588e');
INSERT INTO option_choice (option_id, choice_id) VALUES ('5b32da45-be75-42c8-8fa7-ba776167a759', '61d08422-381b-45fd-8536-f61dff09588e');
INSERT INTO option_choice (option_id, choice_id) VALUES ('cab8632d-19dd-4ddc-9c90-669949088fa5', '61d08422-381b-45fd-8536-f61dff09588e');
INSERT INTO choice (id, questionnaire_id, interviewee_id) VALUES ('6cc77e24-acbe-47e7-802b-63e68dff5691', 'e679f6e5-388e-4679-9f14-15a0896d2816', 'dbd443fe-ee63-49ce-945b-547adfac0076');
INSERT INTO option_choice (option_id, choice_id) VALUES ('ae13d28d-5670-495b-a9e0-d0949dab86e3', '6cc77e24-acbe-47e7-802b-63e68dff5691');
INSERT INTO option_choice (option_id, choice_id) VALUES ('01fc26e1-e8f8-407f-a1b8-6af243e9c3dd', '6cc77e24-acbe-47e7-802b-63e68dff5691');
INSERT INTO option_choice (option_id, choice_id) VALUES ('5169914a-cf41-4077-8993-1322df09c3da', '6cc77e24-acbe-47e7-802b-63e68dff5691');
INSERT INTO interviewee (id, login, password, age, gender, country, marital_status) VALUES ('de0f527e-da62-4f28-a79c-966891174939', 'interviewee129', 'qwerty', 30, 'female', 'GL', 'was_not_married');
INSERT INTO choice (id, questionnaire_id, interviewee_id) VALUES ('4fe53d36-9748-4110-9511-06dcd6f176bf', 'b5ae5620-2d58-48f5-a060-28e8fd1859dd', 'de0f527e-da62-4f28-a79c-966891174939');
INSERT INTO option_choice (option_id, choice_id) VALUES ('fecb111c-77d6-4b66-b728-32011b5211c0', '4fe53d36-9748-4110-9511-06dcd6f176bf');
INSERT INTO interviewee (id, login, password, age, gender, country, marital_status) VALUES ('ca306b76-3743-42e8-9bdf-338defc39231', 'interviewee130', 'qwerty', 40, 'male', 'YT', 'was_not_married');
INSERT INTO choice (id, questionnaire_id, interviewee_id) VALUES ('6ed33c9b-e857-4a20-b191-2b030a14eb22', 'af6f1431-a90e-4919-83a4-359d6a8a7d22', 'ca306b76-3743-42e8-9bdf-338defc39231');
INSERT INTO option_choice (option_id, choice_id) VALUES ('b6cea016-cb83-4752-bbc0-0e2a71b294d6', '6ed33c9b-e857-4a20-b191-2b030a14eb22');
INSERT INTO option_choice (option_id, choice_id) VALUES ('e6932ff8-921c-4ab7-b5c5-37e59ea816fd', '6ed33c9b-e857-4a20-b191-2b030a14eb22');
INSERT INTO option_choice (option_id, choice_id) VALUES ('1d5c1c89-2fbe-4efd-aab1-12329e29ad0f', '6ed33c9b-e857-4a20-b191-2b030a14eb22');
INSERT INTO option_choice (option_id, choice_id) VALUES ('a3c0df26-f677-4a76-9fc9-e8bcb2a586ec', '6ed33c9b-e857-4a20-b191-2b030a14eb22');
INSERT INTO option_choice (option_id, choice_id) VALUES ('14b9069e-cc19-448a-96f6-c333a9a53635', '6ed33c9b-e857-4a20-b191-2b030a14eb22');
INSERT INTO choice (id, questionnaire_id, interviewee_id) VALUES ('fbc0ecb2-74ce-44a2-adec-e60c186b31fd', 'e679f6e5-388e-4679-9f14-15a0896d2816', 'ca306b76-3743-42e8-9bdf-338defc39231');
INSERT INTO option_choice (option_id, choice_id) VALUES ('5169914a-cf41-4077-8993-1322df09c3da', 'fbc0ecb2-74ce-44a2-adec-e60c186b31fd');
INSERT INTO option_choice (option_id, choice_id) VALUES ('7fc08a6e-900b-45ea-b455-29a8eb343039', 'fbc0ecb2-74ce-44a2-adec-e60c186b31fd');
INSERT INTO choice (id, questionnaire_id, interviewee_id) VALUES ('a6f61c91-2c40-4bd6-9024-b8c17224f34d', 'd05638df-f11c-413d-8456-ee036bed2914', 'ca306b76-3743-42e8-9bdf-338defc39231');
INSERT INTO option_choice (option_id, choice_id) VALUES ('b0557de3-6b66-4e79-b1ac-c2b8f0a5096b', 'a6f61c91-2c40-4bd6-9024-b8c17224f34d');
INSERT INTO interviewee (id, login, password, age, gender, country, marital_status) VALUES ('a2114b2c-9b33-4047-84c4-1a52e9d79f97', 'interviewee131', 'qwerty', 49, 'male', 'LY', 'was_not_married');
INSERT INTO choice (id, questionnaire_id, interviewee_id) VALUES ('0ec81b7f-45cc-4826-9331-a9038ccc988c', 'f680addd-a0b2-4101-9e1f-5e0870943c68', 'a2114b2c-9b33-4047-84c4-1a52e9d79f97');
INSERT INTO option_choice (option_id, choice_id) VALUES ('cfde0373-91b9-46f9-bc0d-a137a713d2d7', '0ec81b7f-45cc-4826-9331-a9038ccc988c');
INSERT INTO option_choice (option_id, choice_id) VALUES ('521ef3a0-411b-4392-8393-62ed9a638949', '0ec81b7f-45cc-4826-9331-a9038ccc988c');
INSERT INTO option_choice (option_id, choice_id) VALUES ('5e0b63d0-2a10-4ab5-a66a-a47615b50b03', '0ec81b7f-45cc-4826-9331-a9038ccc988c');
INSERT INTO choice (id, questionnaire_id, interviewee_id) VALUES ('587fc0f5-9697-4ca4-a4c1-b87cbd09071c', '21abb345-1235-4f5e-8b5b-2f6f89f30fee', 'a2114b2c-9b33-4047-84c4-1a52e9d79f97');
INSERT INTO option_choice (option_id, choice_id) VALUES ('89025574-1604-4050-9786-3bf06cdb36eb', '587fc0f5-9697-4ca4-a4c1-b87cbd09071c');
INSERT INTO interviewee (id, login, password, age, gender, country, marital_status) VALUES ('098bf0f6-5e91-4a7a-9d11-9455a6679bf5', 'interviewee132', 'qwerty', 65, 'female', 'BO', 'was_not_married');
INSERT INTO choice (id, questionnaire_id, interviewee_id) VALUES ('e4a3166f-32b6-40d3-9886-8bc232c80a55', 'a345b682-c7ac-49ac-9f14-4f5173a872d8', '098bf0f6-5e91-4a7a-9d11-9455a6679bf5');
INSERT INTO option_choice (option_id, choice_id) VALUES ('faa6ab11-59ef-4e3b-aa30-88fe576f7451', 'e4a3166f-32b6-40d3-9886-8bc232c80a55');
INSERT INTO interviewee (id, login, password, age, gender, country, marital_status) VALUES ('564e1525-5cd8-4e61-b573-e38c1048630f', 'interviewee133', 'qwerty', 47, 'male', 'GI', 'was_not_married');
INSERT INTO choice (id, questionnaire_id, interviewee_id) VALUES ('e9c470d9-353c-47fb-bd83-8a440625a8cc', '91a16ec4-1a91-44d1-bb08-6e9fc823c230', '564e1525-5cd8-4e61-b573-e38c1048630f');
INSERT INTO option_choice (option_id, choice_id) VALUES ('fbc23714-2c99-4441-8130-94075c78f6e8', 'e9c470d9-353c-47fb-bd83-8a440625a8cc');
INSERT INTO option_choice (option_id, choice_id) VALUES ('690b73cc-52e3-435d-a3bd-78733e5fdeaf', 'e9c470d9-353c-47fb-bd83-8a440625a8cc');
INSERT INTO option_choice (option_id, choice_id) VALUES ('5b32da45-be75-42c8-8fa7-ba776167a759', 'e9c470d9-353c-47fb-bd83-8a440625a8cc');
INSERT INTO option_choice (option_id, choice_id) VALUES ('cab8632d-19dd-4ddc-9c90-669949088fa5', 'e9c470d9-353c-47fb-bd83-8a440625a8cc');
INSERT INTO choice (id, questionnaire_id, interviewee_id) VALUES ('57238e5a-d654-4c8d-a393-86b7217a7335', '83dbd16d-6765-468d-944f-022d10d042e5', '564e1525-5cd8-4e61-b573-e38c1048630f');
INSERT INTO option_choice (option_id, choice_id) VALUES ('176e8036-bece-46c0-beb2-71eb28a41f51', '57238e5a-d654-4c8d-a393-86b7217a7335');
INSERT INTO option_choice (option_id, choice_id) VALUES ('d6416cf3-39f7-4cf9-ba84-314605b84d03', '57238e5a-d654-4c8d-a393-86b7217a7335');
INSERT INTO option_choice (option_id, choice_id) VALUES ('eee0aab7-8b77-4c19-b028-648aa7e303ed', '57238e5a-d654-4c8d-a393-86b7217a7335');
INSERT INTO option_choice (option_id, choice_id) VALUES ('d8a63395-3425-4d1b-95be-b38dc31cb0af', '57238e5a-d654-4c8d-a393-86b7217a7335');
INSERT INTO choice (id, questionnaire_id, interviewee_id) VALUES ('80878be0-4f5e-4e30-9c03-0c77e0502bad', '557cb630-d2f4-4e11-afe9-d50534deb525', '564e1525-5cd8-4e61-b573-e38c1048630f');
INSERT INTO option_choice (option_id, choice_id) VALUES ('78cbec79-315d-4cd7-92bb-beb18eab98e5', '80878be0-4f5e-4e30-9c03-0c77e0502bad');
INSERT INTO interviewee (id, login, password, age, gender, country, marital_status) VALUES ('91bf89a9-9696-4ba4-95bb-ac5269a3321c', 'interviewee134', 'qwerty', 40, 'male', 'EE', 'married');
INSERT INTO choice (id, questionnaire_id, interviewee_id) VALUES ('e23c0f1b-7bb8-416d-b675-39f93d153021', '0b6580ec-1374-4a48-ad1d-b1fa316ad9be', '91bf89a9-9696-4ba4-95bb-ac5269a3321c');
INSERT INTO option_choice (option_id, choice_id) VALUES ('82cec316-48c4-48d4-9d69-8a67e9d22eca', 'e23c0f1b-7bb8-416d-b675-39f93d153021');
INSERT INTO option_choice (option_id, choice_id) VALUES ('82be4575-892d-453a-b3d9-0827c6b6d6df', 'e23c0f1b-7bb8-416d-b675-39f93d153021');
INSERT INTO choice (id, questionnaire_id, interviewee_id) VALUES ('29b00169-b2a8-432f-a4c5-7c971d8a1153', '6a34c81d-d686-4ce4-8e2f-ec3d2ba47346', '91bf89a9-9696-4ba4-95bb-ac5269a3321c');
INSERT INTO option_choice (option_id, choice_id) VALUES ('f7043315-74b1-4456-92cc-0c7dc1e0dd21', '29b00169-b2a8-432f-a4c5-7c971d8a1153');
INSERT INTO interviewee (id, login, password, age, gender, country, marital_status) VALUES ('b7a096ac-543a-4f9b-830a-5dcf54763604', 'interviewee135', 'qwerty', 36, 'female', 'TR', 'divorced');
INSERT INTO choice (id, questionnaire_id, interviewee_id) VALUES ('d4ac1be8-fb54-49c2-a9be-3c26ef9aa429', '0b6580ec-1374-4a48-ad1d-b1fa316ad9be', 'b7a096ac-543a-4f9b-830a-5dcf54763604');
INSERT INTO option_choice (option_id, choice_id) VALUES ('68263915-d7e9-4ac6-9c14-f48cf8807857', 'd4ac1be8-fb54-49c2-a9be-3c26ef9aa429');
INSERT INTO option_choice (option_id, choice_id) VALUES ('82be4575-892d-453a-b3d9-0827c6b6d6df', 'd4ac1be8-fb54-49c2-a9be-3c26ef9aa429');
INSERT INTO option_choice (option_id, choice_id) VALUES ('82cec316-48c4-48d4-9d69-8a67e9d22eca', 'd4ac1be8-fb54-49c2-a9be-3c26ef9aa429');
INSERT INTO option_choice (option_id, choice_id) VALUES ('a518cc4d-143a-45ca-b29f-a7c53dacc773', 'd4ac1be8-fb54-49c2-a9be-3c26ef9aa429');
INSERT INTO choice (id, questionnaire_id, interviewee_id) VALUES ('6aae3bf8-300d-4fc5-8b90-cb03011fd6da', 'bf8da1bc-7284-44d0-a7c0-4e0321978aa0', 'b7a096ac-543a-4f9b-830a-5dcf54763604');
INSERT INTO option_choice (option_id, choice_id) VALUES ('1690438b-db39-4933-b62c-4f692bce0c76', '6aae3bf8-300d-4fc5-8b90-cb03011fd6da');
INSERT INTO interviewee (id, login, password, age, gender, country, marital_status) VALUES ('b4792739-17eb-4eb0-980e-bd3d9646d2b7', 'interviewee136', 'qwerty', 47, 'female', 'TR', 'married');
INSERT INTO choice (id, questionnaire_id, interviewee_id) VALUES ('9de28e4f-ddec-4e7c-89a0-fe26bfe9de27', '21abb345-1235-4f5e-8b5b-2f6f89f30fee', 'b4792739-17eb-4eb0-980e-bd3d9646d2b7');
INSERT INTO option_choice (option_id, choice_id) VALUES ('89025574-1604-4050-9786-3bf06cdb36eb', '9de28e4f-ddec-4e7c-89a0-fe26bfe9de27');
INSERT INTO interviewee (id, login, password, age, gender, country, marital_status) VALUES ('e46ddba7-14d7-405f-a614-686f9e455812', 'interviewee137', 'qwerty', 62, 'male', 'KE', 'divorced');
INSERT INTO choice (id, questionnaire_id, interviewee_id) VALUES ('49371897-b778-406b-ac38-4b2cbadbff63', 'afb83fe3-e755-403b-9a15-c18b3782c012', 'e46ddba7-14d7-405f-a614-686f9e455812');
INSERT INTO option_choice (option_id, choice_id) VALUES ('20880a56-05fa-464a-90ad-faf02a83fa77', '49371897-b778-406b-ac38-4b2cbadbff63');
INSERT INTO choice (id, questionnaire_id, interviewee_id) VALUES ('e4d6223f-8b5a-4b8b-a09f-35851fff238e', '91a16ec4-1a91-44d1-bb08-6e9fc823c230', 'e46ddba7-14d7-405f-a614-686f9e455812');
INSERT INTO option_choice (option_id, choice_id) VALUES ('690b73cc-52e3-435d-a3bd-78733e5fdeaf', 'e4d6223f-8b5a-4b8b-a09f-35851fff238e');
INSERT INTO option_choice (option_id, choice_id) VALUES ('fbc23714-2c99-4441-8130-94075c78f6e8', 'e4d6223f-8b5a-4b8b-a09f-35851fff238e');
INSERT INTO option_choice (option_id, choice_id) VALUES ('5b32da45-be75-42c8-8fa7-ba776167a759', 'e4d6223f-8b5a-4b8b-a09f-35851fff238e');
INSERT INTO choice (id, questionnaire_id, interviewee_id) VALUES ('a7ad8d94-314f-4e17-b26b-b7bb58003c80', '6a34c81d-d686-4ce4-8e2f-ec3d2ba47346', 'e46ddba7-14d7-405f-a614-686f9e455812');
INSERT INTO option_choice (option_id, choice_id) VALUES ('f7043315-74b1-4456-92cc-0c7dc1e0dd21', 'a7ad8d94-314f-4e17-b26b-b7bb58003c80');
INSERT INTO interviewee (id, login, password, age, gender, country, marital_status) VALUES ('a3c427bf-6fc5-418b-92ee-a393a9677b29', 'interviewee138', 'qwerty', 44, 'male', 'MV', 'married');
INSERT INTO choice (id, questionnaire_id, interviewee_id) VALUES ('7d0e4fa6-6fd2-427f-ac92-bea37624e3ed', 'b5ae5620-2d58-48f5-a060-28e8fd1859dd', 'a3c427bf-6fc5-418b-92ee-a393a9677b29');
INSERT INTO option_choice (option_id, choice_id) VALUES ('6d0af933-e0cd-405e-8ecb-b04a62b5d13f', '7d0e4fa6-6fd2-427f-ac92-bea37624e3ed');
INSERT INTO interviewee (id, login, password, age, gender, country, marital_status) VALUES ('76c77e64-3bfe-4bb2-8173-d3aad69d9e80', 'interviewee139', 'qwerty', 51, 'male', 'GF', 'divorced');
INSERT INTO choice (id, questionnaire_id, interviewee_id) VALUES ('8417a11e-a622-47c7-a0f3-06775f40e939', 'b5ae5620-2d58-48f5-a060-28e8fd1859dd', '76c77e64-3bfe-4bb2-8173-d3aad69d9e80');
INSERT INTO option_choice (option_id, choice_id) VALUES ('346ef5d2-77a0-4ce4-a407-38382a94f28d', '8417a11e-a622-47c7-a0f3-06775f40e939');
INSERT INTO choice (id, questionnaire_id, interviewee_id) VALUES ('4acbc874-f844-458f-a745-d9ac1ec1f9c6', 'bf8da1bc-7284-44d0-a7c0-4e0321978aa0', '76c77e64-3bfe-4bb2-8173-d3aad69d9e80');
INSERT INTO option_choice (option_id, choice_id) VALUES ('fbbdfd34-e2c5-4e0b-b98a-d33f6f4fac06', '4acbc874-f844-458f-a745-d9ac1ec1f9c6');
INSERT INTO choice (id, questionnaire_id, interviewee_id) VALUES ('02e75eee-3c8a-4e9a-872b-f5c70bb8ab4b', '91a16ec4-1a91-44d1-bb08-6e9fc823c230', '76c77e64-3bfe-4bb2-8173-d3aad69d9e80');
INSERT INTO option_choice (option_id, choice_id) VALUES ('690b73cc-52e3-435d-a3bd-78733e5fdeaf', '02e75eee-3c8a-4e9a-872b-f5c70bb8ab4b');
INSERT INTO option_choice (option_id, choice_id) VALUES ('fbc23714-2c99-4441-8130-94075c78f6e8', '02e75eee-3c8a-4e9a-872b-f5c70bb8ab4b');
INSERT INTO interviewee (id, login, password, age, gender, country, marital_status) VALUES ('132e02cb-c582-42b3-b77a-25b1505cd052', 'interviewee140', 'qwerty', 55, 'male', 'PH', 'married');
INSERT INTO choice (id, questionnaire_id, interviewee_id) VALUES ('7b83d93a-288d-4913-bc5c-e673af6ea881', '342b973f-a1d1-4062-a073-fb80b6195e1a', '132e02cb-c582-42b3-b77a-25b1505cd052');
INSERT INTO option_choice (option_id, choice_id) VALUES ('d84282d4-6002-4289-bb10-cb7bfd2e906b', '7b83d93a-288d-4913-bc5c-e673af6ea881');
INSERT INTO interviewee (id, login, password, age, gender, country, marital_status) VALUES ('68daa33d-a294-458d-83d4-18a8dd6a4eb5', 'interviewee141', 'qwerty', 60, 'male', 'KN', 'married');
INSERT INTO choice (id, questionnaire_id, interviewee_id) VALUES ('628ff617-0e21-43a2-9650-7befbe8d1c0c', '557cb630-d2f4-4e11-afe9-d50534deb525', '68daa33d-a294-458d-83d4-18a8dd6a4eb5');
INSERT INTO option_choice (option_id, choice_id) VALUES ('b633afa9-c11d-4aab-b450-ffbcfde02318', '628ff617-0e21-43a2-9650-7befbe8d1c0c');
INSERT INTO choice (id, questionnaire_id, interviewee_id) VALUES ('98832b83-b251-4df3-a655-889454e1aab0', 'b5ae5620-2d58-48f5-a060-28e8fd1859dd', '68daa33d-a294-458d-83d4-18a8dd6a4eb5');
INSERT INTO option_choice (option_id, choice_id) VALUES ('68702e14-fb48-4755-b6ec-11c860048f90', '98832b83-b251-4df3-a655-889454e1aab0');
INSERT INTO choice (id, questionnaire_id, interviewee_id) VALUES ('59a7ec68-3de3-4200-acc8-8bafc8c0cc76', '309e872a-e145-4926-998b-ec0fdb62466a', '68daa33d-a294-458d-83d4-18a8dd6a4eb5');
INSERT INTO option_choice (option_id, choice_id) VALUES ('8ccfc598-c3a0-4ad2-a052-f4e6e3edc252', '59a7ec68-3de3-4200-acc8-8bafc8c0cc76');
INSERT INTO interviewee (id, login, password, age, gender, country, marital_status) VALUES ('709cfa27-86e1-4722-9600-6f61d1136537', 'interviewee142', 'qwerty', 67, 'female', 'MA', 'divorced');
INSERT INTO choice (id, questionnaire_id, interviewee_id) VALUES ('816a5b6f-625d-43d3-ab8b-de61d3d46b8d', 'a345b682-c7ac-49ac-9f14-4f5173a872d8', '709cfa27-86e1-4722-9600-6f61d1136537');
INSERT INTO option_choice (option_id, choice_id) VALUES ('faa6ab11-59ef-4e3b-aa30-88fe576f7451', '816a5b6f-625d-43d3-ab8b-de61d3d46b8d');
INSERT INTO choice (id, questionnaire_id, interviewee_id) VALUES ('db93871b-e2f5-4d1a-9680-65a8dd491bf6', 'b5ae5620-2d58-48f5-a060-28e8fd1859dd', '709cfa27-86e1-4722-9600-6f61d1136537');
INSERT INTO option_choice (option_id, choice_id) VALUES ('6d0af933-e0cd-405e-8ecb-b04a62b5d13f', 'db93871b-e2f5-4d1a-9680-65a8dd491bf6');
INSERT INTO interviewee (id, login, password, age, gender, country, marital_status) VALUES ('da9d483d-bf2e-4f56-be6d-a827fe385479', 'interviewee143', 'qwerty', 62, 'female', 'AW', 'divorced');
INSERT INTO choice (id, questionnaire_id, interviewee_id) VALUES ('d49f191f-eb74-4d08-9f7f-8d1db0549286', '83dbd16d-6765-468d-944f-022d10d042e5', 'da9d483d-bf2e-4f56-be6d-a827fe385479');
INSERT INTO option_choice (option_id, choice_id) VALUES ('176e8036-bece-46c0-beb2-71eb28a41f51', 'd49f191f-eb74-4d08-9f7f-8d1db0549286');
INSERT INTO choice (id, questionnaire_id, interviewee_id) VALUES ('27f419c9-93a3-49d6-bd11-d4b0861dbccd', '8902d50d-0421-4680-82f2-f2b1b667e3fd', 'da9d483d-bf2e-4f56-be6d-a827fe385479');
INSERT INTO option_choice (option_id, choice_id) VALUES ('b9a164f5-2a94-487b-874f-f3bdc79ee4e3', '27f419c9-93a3-49d6-bd11-d4b0861dbccd');
INSERT INTO choice (id, questionnaire_id, interviewee_id) VALUES ('c24ee7c8-d7d3-4890-b4bd-d63518c410d9', 'd05638df-f11c-413d-8456-ee036bed2914', 'da9d483d-bf2e-4f56-be6d-a827fe385479');
INSERT INTO option_choice (option_id, choice_id) VALUES ('b0557de3-6b66-4e79-b1ac-c2b8f0a5096b', 'c24ee7c8-d7d3-4890-b4bd-d63518c410d9');
INSERT INTO interviewee (id, login, password, age, gender, country, marital_status) VALUES ('0ba04b06-4ae6-4944-b49b-fb3f4db2d029', 'interviewee144', 'qwerty', 28, 'female', 'IM', 'married');
INSERT INTO choice (id, questionnaire_id, interviewee_id) VALUES ('8c01c9ca-58cd-4557-957e-899e087cfa58', '8adfa259-7459-4497-b994-7101058c39c1', '0ba04b06-4ae6-4944-b49b-fb3f4db2d029');
INSERT INTO option_choice (option_id, choice_id) VALUES ('9e45c288-be30-427f-be35-83a5171e2b4d', '8c01c9ca-58cd-4557-957e-899e087cfa58');
INSERT INTO option_choice (option_id, choice_id) VALUES ('502fb96b-685d-47da-86bb-f40e1e8f57ef', '8c01c9ca-58cd-4557-957e-899e087cfa58');
INSERT INTO option_choice (option_id, choice_id) VALUES ('968d6b86-376e-4d23-9555-89ee1d638c1c', '8c01c9ca-58cd-4557-957e-899e087cfa58');
INSERT INTO option_choice (option_id, choice_id) VALUES ('0c96072b-cf70-4fde-8afb-27bf8c3f7a8b', '8c01c9ca-58cd-4557-957e-899e087cfa58');
INSERT INTO option_choice (option_id, choice_id) VALUES ('3e047d89-087c-45bd-82d6-38c4acd5c609', '8c01c9ca-58cd-4557-957e-899e087cfa58');
INSERT INTO interviewee (id, login, password, age, gender, country, marital_status) VALUES ('b9ac2ddc-7b14-4f25-992c-9de885491894', 'interviewee145', 'qwerty', 28, 'female', 'AL', 'married');
INSERT INTO choice (id, questionnaire_id, interviewee_id) VALUES ('912929eb-8b0a-4dec-b37f-8d200c4a05ac', '6a34c81d-d686-4ce4-8e2f-ec3d2ba47346', 'b9ac2ddc-7b14-4f25-992c-9de885491894');
INSERT INTO option_choice (option_id, choice_id) VALUES ('39c56f53-1cf2-4487-83be-4d75b94ce4df', '912929eb-8b0a-4dec-b37f-8d200c4a05ac');
INSERT INTO choice (id, questionnaire_id, interviewee_id) VALUES ('3645505a-cae0-4081-a067-4a6291af9a2b', 'afb83fe3-e755-403b-9a15-c18b3782c012', 'b9ac2ddc-7b14-4f25-992c-9de885491894');
INSERT INTO option_choice (option_id, choice_id) VALUES ('db1f1f55-651e-4dd8-b4c1-deb2f26216b2', '3645505a-cae0-4081-a067-4a6291af9a2b');
INSERT INTO choice (id, questionnaire_id, interviewee_id) VALUES ('e4546482-154a-456f-a5b7-95378fcae6fa', '21abb345-1235-4f5e-8b5b-2f6f89f30fee', 'b9ac2ddc-7b14-4f25-992c-9de885491894');
INSERT INTO option_choice (option_id, choice_id) VALUES ('785185e3-f7db-4c98-901d-0cf973d9050c', 'e4546482-154a-456f-a5b7-95378fcae6fa');
INSERT INTO interviewee (id, login, password, age, gender, country, marital_status) VALUES ('ea03aeee-cf01-460e-95af-6325573e2205', 'interviewee146', 'qwerty', 59, 'male', 'HT', 'married');
INSERT INTO choice (id, questionnaire_id, interviewee_id) VALUES ('de31ebee-86ac-4a7a-80ed-746d52f08312', 'f680addd-a0b2-4101-9e1f-5e0870943c68', 'ea03aeee-cf01-460e-95af-6325573e2205');
INSERT INTO option_choice (option_id, choice_id) VALUES ('521ef3a0-411b-4392-8393-62ed9a638949', 'de31ebee-86ac-4a7a-80ed-746d52f08312');
INSERT INTO option_choice (option_id, choice_id) VALUES ('5e0b63d0-2a10-4ab5-a66a-a47615b50b03', 'de31ebee-86ac-4a7a-80ed-746d52f08312');
INSERT INTO option_choice (option_id, choice_id) VALUES ('cfde0373-91b9-46f9-bc0d-a137a713d2d7', 'de31ebee-86ac-4a7a-80ed-746d52f08312');
INSERT INTO interviewee (id, login, password, age, gender, country, marital_status) VALUES ('c2938633-40fc-4385-9ae1-00cd9e1a0484', 'interviewee147', 'qwerty', 41, 'male', 'ID', 'was_not_married');
INSERT INTO choice (id, questionnaire_id, interviewee_id) VALUES ('a5c754cd-cd66-4509-9aa9-462514f5dae5', 'af6f1431-a90e-4919-83a4-359d6a8a7d22', 'c2938633-40fc-4385-9ae1-00cd9e1a0484');
INSERT INTO option_choice (option_id, choice_id) VALUES ('a3c0df26-f677-4a76-9fc9-e8bcb2a586ec', 'a5c754cd-cd66-4509-9aa9-462514f5dae5');
INSERT INTO option_choice (option_id, choice_id) VALUES ('e6932ff8-921c-4ab7-b5c5-37e59ea816fd', 'a5c754cd-cd66-4509-9aa9-462514f5dae5');
INSERT INTO option_choice (option_id, choice_id) VALUES ('d6e4609d-6705-4cc8-b83a-4786ea4f6ad6', 'a5c754cd-cd66-4509-9aa9-462514f5dae5');
INSERT INTO option_choice (option_id, choice_id) VALUES ('1d5c1c89-2fbe-4efd-aab1-12329e29ad0f', 'a5c754cd-cd66-4509-9aa9-462514f5dae5');
INSERT INTO option_choice (option_id, choice_id) VALUES ('14b9069e-cc19-448a-96f6-c333a9a53635', 'a5c754cd-cd66-4509-9aa9-462514f5dae5');
INSERT INTO option_choice (option_id, choice_id) VALUES ('b6cea016-cb83-4752-bbc0-0e2a71b294d6', 'a5c754cd-cd66-4509-9aa9-462514f5dae5');
INSERT INTO interviewee (id, login, password, age, gender, country, marital_status) VALUES ('d94b998d-04a8-49dc-954e-602853528d54', 'interviewee148', 'qwerty', 36, 'female', 'MC', 'divorced');
INSERT INTO choice (id, questionnaire_id, interviewee_id) VALUES ('74328155-0851-48de-a69a-0d6a61ffd331', '309e872a-e145-4926-998b-ec0fdb62466a', 'd94b998d-04a8-49dc-954e-602853528d54');
INSERT INTO option_choice (option_id, choice_id) VALUES ('4579f5ab-3007-4302-aa53-456cd440599b', '74328155-0851-48de-a69a-0d6a61ffd331');
INSERT INTO option_choice (option_id, choice_id) VALUES ('8ccfc598-c3a0-4ad2-a052-f4e6e3edc252', '74328155-0851-48de-a69a-0d6a61ffd331');
INSERT INTO option_choice (option_id, choice_id) VALUES ('926da358-7388-4aea-b601-42bcfcd8c071', '74328155-0851-48de-a69a-0d6a61ffd331');
INSERT INTO option_choice (option_id, choice_id) VALUES ('1dcd1e79-636e-4d6c-b9b4-dcf0da4fdaaa', '74328155-0851-48de-a69a-0d6a61ffd331');
INSERT INTO choice (id, questionnaire_id, interviewee_id) VALUES ('35de163f-334c-465c-b929-6faffc21445a', '6a34c81d-d686-4ce4-8e2f-ec3d2ba47346', 'd94b998d-04a8-49dc-954e-602853528d54');
INSERT INTO option_choice (option_id, choice_id) VALUES ('7a83da6c-611b-4c33-a2e2-ddf398a170bc', '35de163f-334c-465c-b929-6faffc21445a');
INSERT INTO choice (id, questionnaire_id, interviewee_id) VALUES ('e9bfc3f7-ad8a-4a16-9b92-bb3105c3528e', 'cb70c074-82ef-4114-aabc-e940a19b5bb0', 'd94b998d-04a8-49dc-954e-602853528d54');
INSERT INTO option_choice (option_id, choice_id) VALUES ('c2db2843-0153-4422-8aa4-c4c9e640418d', 'e9bfc3f7-ad8a-4a16-9b92-bb3105c3528e');
INSERT INTO option_choice (option_id, choice_id) VALUES ('a6011a1c-260b-45fb-ad13-b09674b0b968', 'e9bfc3f7-ad8a-4a16-9b92-bb3105c3528e');
INSERT INTO interviewee (id, login, password, age, gender, country, marital_status) VALUES ('59e413bf-21d1-426a-bd27-92d8a93beade', 'interviewee149', 'qwerty', 41, 'male', 'SV', 'divorced');
INSERT INTO choice (id, questionnaire_id, interviewee_id) VALUES ('072d80e9-4b33-4031-bf18-0faf44b334b4', '342b973f-a1d1-4062-a073-fb80b6195e1a', '59e413bf-21d1-426a-bd27-92d8a93beade');
INSERT INTO option_choice (option_id, choice_id) VALUES ('d84282d4-6002-4289-bb10-cb7bfd2e906b', '072d80e9-4b33-4031-bf18-0faf44b334b4');
INSERT INTO option_choice (option_id, choice_id) VALUES ('a95386af-e627-4a57-adc2-0009818da88b', '072d80e9-4b33-4031-bf18-0faf44b334b4');
INSERT INTO choice (id, questionnaire_id, interviewee_id) VALUES ('7969e456-fe94-4429-ba75-3654bd684533', '91a16ec4-1a91-44d1-bb08-6e9fc823c230', '59e413bf-21d1-426a-bd27-92d8a93beade');
INSERT INTO option_choice (option_id, choice_id) VALUES ('cab8632d-19dd-4ddc-9c90-669949088fa5', '7969e456-fe94-4429-ba75-3654bd684533');
INSERT INTO option_choice (option_id, choice_id) VALUES ('fbc23714-2c99-4441-8130-94075c78f6e8', '7969e456-fe94-4429-ba75-3654bd684533');
INSERT INTO option_choice (option_id, choice_id) VALUES ('690b73cc-52e3-435d-a3bd-78733e5fdeaf', '7969e456-fe94-4429-ba75-3654bd684533');
INSERT INTO option_choice (option_id, choice_id) VALUES ('5b32da45-be75-42c8-8fa7-ba776167a759', '7969e456-fe94-4429-ba75-3654bd684533');
INSERT INTO interviewee (id, login, password, age, gender, country, marital_status) VALUES ('0bce7b16-2672-49f3-b1e1-4daddeaab41e', 'interviewee150', 'qwerty', 28, 'male', 'ET', 'divorced');
INSERT INTO choice (id, questionnaire_id, interviewee_id) VALUES ('a1cd2aac-4e55-4788-affe-22a17f254b44', 'b5ae5620-2d58-48f5-a060-28e8fd1859dd', '0bce7b16-2672-49f3-b1e1-4daddeaab41e');
INSERT INTO option_choice (option_id, choice_id) VALUES ('68702e14-fb48-4755-b6ec-11c860048f90', 'a1cd2aac-4e55-4788-affe-22a17f254b44');
INSERT INTO choice (id, questionnaire_id, interviewee_id) VALUES ('f8c46c1e-a69a-4700-9b88-9e06810b345e', 'e679f6e5-388e-4679-9f14-15a0896d2816', '0bce7b16-2672-49f3-b1e1-4daddeaab41e');
INSERT INTO option_choice (option_id, choice_id) VALUES ('f62b7b4d-17f1-4686-9782-f0b454d6f390', 'f8c46c1e-a69a-4700-9b88-9e06810b345e');
INSERT INTO option_choice (option_id, choice_id) VALUES ('7fc08a6e-900b-45ea-b455-29a8eb343039', 'f8c46c1e-a69a-4700-9b88-9e06810b345e');
INSERT INTO option_choice (option_id, choice_id) VALUES ('01fc26e1-e8f8-407f-a1b8-6af243e9c3dd', 'f8c46c1e-a69a-4700-9b88-9e06810b345e');
INSERT INTO choice (id, questionnaire_id, interviewee_id) VALUES ('e66fccf7-09eb-4b0a-b964-038b6c9ea3c0', 'e2cf177f-e49f-4aef-99a6-095d711c6ec2', '0bce7b16-2672-49f3-b1e1-4daddeaab41e');
INSERT INTO option_choice (option_id, choice_id) VALUES ('242c02d5-0f4b-4e89-976f-3754854f478c', 'e66fccf7-09eb-4b0a-b964-038b6c9ea3c0');
INSERT INTO interviewee (id, login, password, age, gender, country, marital_status) VALUES ('9f398854-0609-4bda-a678-238d2bb5341c', 'interviewee151', 'qwerty', 62, 'female', 'CH', 'married');
INSERT INTO choice (id, questionnaire_id, interviewee_id) VALUES ('60728c73-cfdb-4452-ac66-a9c7a8e8636e', 'a2f7d656-4675-4d99-9435-95cbe535c6c1', '9f398854-0609-4bda-a678-238d2bb5341c');
INSERT INTO option_choice (option_id, choice_id) VALUES ('2366bc8e-690e-4739-b5f2-cf491cd8107c', '60728c73-cfdb-4452-ac66-a9c7a8e8636e');
INSERT INTO option_choice (option_id, choice_id) VALUES ('d3d55bb1-ef9d-4b9a-b1b9-8e4375e7dbd0', '60728c73-cfdb-4452-ac66-a9c7a8e8636e');
INSERT INTO option_choice (option_id, choice_id) VALUES ('110b73fb-e57f-409d-83dc-0d81bdd20a44', '60728c73-cfdb-4452-ac66-a9c7a8e8636e');
INSERT INTO option_choice (option_id, choice_id) VALUES ('930526a4-2714-4f39-831c-55b3185bd967', '60728c73-cfdb-4452-ac66-a9c7a8e8636e');
INSERT INTO option_choice (option_id, choice_id) VALUES ('394c3616-edd7-4820-aa09-f4425e4f774c', '60728c73-cfdb-4452-ac66-a9c7a8e8636e');
INSERT INTO option_choice (option_id, choice_id) VALUES ('ced72831-705a-4153-849e-71a73e5a7d3c', '60728c73-cfdb-4452-ac66-a9c7a8e8636e');
INSERT INTO interviewee (id, login, password, age, gender, country, marital_status) VALUES ('76176d68-d514-4760-bedd-baf3042ec1a6', 'interviewee152', 'qwerty', 17, 'male', 'FJ', 'was_not_married');
INSERT INTO choice (id, questionnaire_id, interviewee_id) VALUES ('be0226cc-650f-41d3-b16b-3d4b5baf876a', 'a2f7d656-4675-4d99-9435-95cbe535c6c1', '76176d68-d514-4760-bedd-baf3042ec1a6');
INSERT INTO option_choice (option_id, choice_id) VALUES ('c6bb5cf5-3828-4747-8bb2-776e9deaeb04', 'be0226cc-650f-41d3-b16b-3d4b5baf876a');
INSERT INTO choice (id, questionnaire_id, interviewee_id) VALUES ('638fddc9-03c7-4f08-a7af-32ffe9238809', '0b6580ec-1374-4a48-ad1d-b1fa316ad9be', '76176d68-d514-4760-bedd-baf3042ec1a6');
INSERT INTO option_choice (option_id, choice_id) VALUES ('82cec316-48c4-48d4-9d69-8a67e9d22eca', '638fddc9-03c7-4f08-a7af-32ffe9238809');
INSERT INTO option_choice (option_id, choice_id) VALUES ('68263915-d7e9-4ac6-9c14-f48cf8807857', '638fddc9-03c7-4f08-a7af-32ffe9238809');
INSERT INTO option_choice (option_id, choice_id) VALUES ('a518cc4d-143a-45ca-b29f-a7c53dacc773', '638fddc9-03c7-4f08-a7af-32ffe9238809');
INSERT INTO option_choice (option_id, choice_id) VALUES ('82be4575-892d-453a-b3d9-0827c6b6d6df', '638fddc9-03c7-4f08-a7af-32ffe9238809');
INSERT INTO interviewee (id, login, password, age, gender, country, marital_status) VALUES ('6c329fe7-2f82-49f4-a5c2-49fdfd87569e', 'interviewee153', 'qwerty', 43, 'female', 'AL', 'divorced');
INSERT INTO choice (id, questionnaire_id, interviewee_id) VALUES ('251a2876-18ce-45f3-9d64-f4d62e75d39c', '309e872a-e145-4926-998b-ec0fdb62466a', '6c329fe7-2f82-49f4-a5c2-49fdfd87569e');
INSERT INTO option_choice (option_id, choice_id) VALUES ('8ccfc598-c3a0-4ad2-a052-f4e6e3edc252', '251a2876-18ce-45f3-9d64-f4d62e75d39c');
INSERT INTO choice (id, questionnaire_id, interviewee_id) VALUES ('bbc6bac5-18d9-4c7b-975d-d29f7c60bfdf', '557cb630-d2f4-4e11-afe9-d50534deb525', '6c329fe7-2f82-49f4-a5c2-49fdfd87569e');
INSERT INTO option_choice (option_id, choice_id) VALUES ('84999604-dd85-4536-a3fc-0dc6006d4d23', 'bbc6bac5-18d9-4c7b-975d-d29f7c60bfdf');
INSERT INTO choice (id, questionnaire_id, interviewee_id) VALUES ('d5e2fc89-6ae8-4e2b-8d65-b6c9a503668a', '1a336595-020d-4026-a389-afd9a80cf707', '6c329fe7-2f82-49f4-a5c2-49fdfd87569e');
INSERT INTO option_choice (option_id, choice_id) VALUES ('026e21bd-77e7-46bc-85ba-c7e5eea39031', 'd5e2fc89-6ae8-4e2b-8d65-b6c9a503668a');
INSERT INTO interviewee (id, login, password, age, gender, country, marital_status) VALUES ('9251680f-6219-4356-8757-45b289689cde', 'interviewee154', 'qwerty', 33, 'female', 'GM', 'was_not_married');
INSERT INTO choice (id, questionnaire_id, interviewee_id) VALUES ('ab8862f8-f801-4c88-84e7-fe2094d47fd3', 'bf8da1bc-7284-44d0-a7c0-4e0321978aa0', '9251680f-6219-4356-8757-45b289689cde');
INSERT INTO option_choice (option_id, choice_id) VALUES ('1690438b-db39-4933-b62c-4f692bce0c76', 'ab8862f8-f801-4c88-84e7-fe2094d47fd3');
INSERT INTO choice (id, questionnaire_id, interviewee_id) VALUES ('c8fcd79b-0ad8-4d21-b2e0-69bb0c1eaa71', '8adfa259-7459-4497-b994-7101058c39c1', '9251680f-6219-4356-8757-45b289689cde');
INSERT INTO option_choice (option_id, choice_id) VALUES ('0c96072b-cf70-4fde-8afb-27bf8c3f7a8b', 'c8fcd79b-0ad8-4d21-b2e0-69bb0c1eaa71');
INSERT INTO option_choice (option_id, choice_id) VALUES ('968d6b86-376e-4d23-9555-89ee1d638c1c', 'c8fcd79b-0ad8-4d21-b2e0-69bb0c1eaa71');
INSERT INTO option_choice (option_id, choice_id) VALUES ('502fb96b-685d-47da-86bb-f40e1e8f57ef', 'c8fcd79b-0ad8-4d21-b2e0-69bb0c1eaa71');
INSERT INTO option_choice (option_id, choice_id) VALUES ('9e45c288-be30-427f-be35-83a5171e2b4d', 'c8fcd79b-0ad8-4d21-b2e0-69bb0c1eaa71');
INSERT INTO option_choice (option_id, choice_id) VALUES ('3e047d89-087c-45bd-82d6-38c4acd5c609', 'c8fcd79b-0ad8-4d21-b2e0-69bb0c1eaa71');
INSERT INTO choice (id, questionnaire_id, interviewee_id) VALUES ('da2fd49b-5d1c-4cea-bc05-ad9ee0816371', 'e2cf177f-e49f-4aef-99a6-095d711c6ec2', '9251680f-6219-4356-8757-45b289689cde');
INSERT INTO option_choice (option_id, choice_id) VALUES ('1b5e4a41-da4c-4845-8698-5ed9deee3ca2', 'da2fd49b-5d1c-4cea-bc05-ad9ee0816371');
INSERT INTO interviewee (id, login, password, age, gender, country, marital_status) VALUES ('4f5a2739-b0f5-4a10-865c-e99479791f3a', 'interviewee155', 'qwerty', 42, 'male', 'BH', 'divorced');
INSERT INTO choice (id, questionnaire_id, interviewee_id) VALUES ('5cbbde15-be60-40c1-bd35-2e3fca0c1b81', 'b5ae5620-2d58-48f5-a060-28e8fd1859dd', '4f5a2739-b0f5-4a10-865c-e99479791f3a');
INSERT INTO option_choice (option_id, choice_id) VALUES ('a5e432ce-d2c6-4c6b-912f-dd0aa7f19d87', '5cbbde15-be60-40c1-bd35-2e3fca0c1b81');
INSERT INTO interviewee (id, login, password, age, gender, country, marital_status) VALUES ('75c156c5-7046-4a6f-9d92-a117aaa0a1ca', 'interviewee156', 'qwerty', 61, 'female', 'VC', 'was_not_married');
INSERT INTO choice (id, questionnaire_id, interviewee_id) VALUES ('a6545eda-5ded-4dcd-a415-8f403d21016c', 'e2cf177f-e49f-4aef-99a6-095d711c6ec2', '75c156c5-7046-4a6f-9d92-a117aaa0a1ca');
INSERT INTO option_choice (option_id, choice_id) VALUES ('1b5e4a41-da4c-4845-8698-5ed9deee3ca2', 'a6545eda-5ded-4dcd-a415-8f403d21016c');
INSERT INTO interviewee (id, login, password, age, gender, country, marital_status) VALUES ('7fc06de1-5f24-48ac-ad3a-c5110a65f5a8', 'interviewee157', 'qwerty', 38, 'female', 'VE', 'married');
INSERT INTO choice (id, questionnaire_id, interviewee_id) VALUES ('cd094c25-d0d2-4899-b04b-40fb285e3070', 'e2cf177f-e49f-4aef-99a6-095d711c6ec2', '7fc06de1-5f24-48ac-ad3a-c5110a65f5a8');
INSERT INTO option_choice (option_id, choice_id) VALUES ('242c02d5-0f4b-4e89-976f-3754854f478c', 'cd094c25-d0d2-4899-b04b-40fb285e3070');
INSERT INTO choice (id, questionnaire_id, interviewee_id) VALUES ('03b8f5d4-257d-4740-b158-f836b1c16c1c', '21abb345-1235-4f5e-8b5b-2f6f89f30fee', '7fc06de1-5f24-48ac-ad3a-c5110a65f5a8');
INSERT INTO option_choice (option_id, choice_id) VALUES ('fa871bfe-a04e-4297-af08-80cc94ccf337', '03b8f5d4-257d-4740-b158-f836b1c16c1c');
INSERT INTO choice (id, questionnaire_id, interviewee_id) VALUES ('6bd549ab-66df-4871-bb8a-7cd441e90ea3', '56c296cd-7c3b-4eb1-90cb-745e555a098c', '7fc06de1-5f24-48ac-ad3a-c5110a65f5a8');
INSERT INTO option_choice (option_id, choice_id) VALUES ('e2f977a1-4767-4f5b-b056-27e45348cf1a', '6bd549ab-66df-4871-bb8a-7cd441e90ea3');
INSERT INTO option_choice (option_id, choice_id) VALUES ('75d9d333-93f8-42f6-be3b-9a5a24aa476c', '6bd549ab-66df-4871-bb8a-7cd441e90ea3');
INSERT INTO option_choice (option_id, choice_id) VALUES ('0e27133d-354c-4e2d-af9f-e74397954328', '6bd549ab-66df-4871-bb8a-7cd441e90ea3');
INSERT INTO option_choice (option_id, choice_id) VALUES ('00605853-328c-4a30-9227-5513208ca17e', '6bd549ab-66df-4871-bb8a-7cd441e90ea3');
INSERT INTO option_choice (option_id, choice_id) VALUES ('d583c2c9-6998-483b-a5e4-67068e974d6f', '6bd549ab-66df-4871-bb8a-7cd441e90ea3');
INSERT INTO interviewee (id, login, password, age, gender, country, marital_status) VALUES ('c36d9cf7-f5d1-4e5e-9b8b-fb2a8dae18da', 'interviewee158', 'qwerty', 59, 'male', 'IL', 'divorced');
INSERT INTO choice (id, questionnaire_id, interviewee_id) VALUES ('56d0fb62-be8c-4068-a70e-b156be6392d6', '342b973f-a1d1-4062-a073-fb80b6195e1a', 'c36d9cf7-f5d1-4e5e-9b8b-fb2a8dae18da');
INSERT INTO option_choice (option_id, choice_id) VALUES ('a95386af-e627-4a57-adc2-0009818da88b', '56d0fb62-be8c-4068-a70e-b156be6392d6');
INSERT INTO option_choice (option_id, choice_id) VALUES ('47afaa62-a5ba-4be6-81b8-673fae59c987', '56d0fb62-be8c-4068-a70e-b156be6392d6');
INSERT INTO option_choice (option_id, choice_id) VALUES ('d84282d4-6002-4289-bb10-cb7bfd2e906b', '56d0fb62-be8c-4068-a70e-b156be6392d6');
INSERT INTO interviewee (id, login, password, age, gender, country, marital_status) VALUES ('88a71d59-b3da-431f-9270-b04c811f81bd', 'interviewee159', 'qwerty', 40, 'female', 'UZ', 'married');
INSERT INTO choice (id, questionnaire_id, interviewee_id) VALUES ('16d6e98b-4a08-443b-aee7-ca87dc6da42f', 'b6588e29-37de-425f-834e-e867f77794ce', '88a71d59-b3da-431f-9270-b04c811f81bd');
INSERT INTO option_choice (option_id, choice_id) VALUES ('4bde418e-a165-43f7-ac7b-c6d2ab034e2e', '16d6e98b-4a08-443b-aee7-ca87dc6da42f');
INSERT INTO option_choice (option_id, choice_id) VALUES ('40c301f5-13ed-4b94-85aa-e1c562adce4d', '16d6e98b-4a08-443b-aee7-ca87dc6da42f');
INSERT INTO option_choice (option_id, choice_id) VALUES ('5b82f100-bb0f-47ec-9395-7a0409f4b7ef', '16d6e98b-4a08-443b-aee7-ca87dc6da42f');
INSERT INTO option_choice (option_id, choice_id) VALUES ('460ff4a7-d376-4dc8-b5bb-9ab1989fbb31', '16d6e98b-4a08-443b-aee7-ca87dc6da42f');
INSERT INTO option_choice (option_id, choice_id) VALUES ('46bd1403-2ee0-4145-8014-8dd4fafcb8af', '16d6e98b-4a08-443b-aee7-ca87dc6da42f');
INSERT INTO option_choice (option_id, choice_id) VALUES ('7f0bbd14-8cfc-4a28-88f7-5af992a4c02b', '16d6e98b-4a08-443b-aee7-ca87dc6da42f');
INSERT INTO option_choice (option_id, choice_id) VALUES ('07e7a8bf-65e2-41d5-aeef-91bcbe765392', '16d6e98b-4a08-443b-aee7-ca87dc6da42f');
INSERT INTO option_choice (option_id, choice_id) VALUES ('ec37510e-f2a1-4e16-ae94-e9ea2c4461e3', '16d6e98b-4a08-443b-aee7-ca87dc6da42f');
INSERT INTO interviewee (id, login, password, age, gender, country, marital_status) VALUES ('987f7342-9211-464f-b6d9-0d9946343dab', 'interviewee160', 'qwerty', 36, 'male', 'ST', 'divorced');
INSERT INTO choice (id, questionnaire_id, interviewee_id) VALUES ('49ac9bf5-22d2-42bd-9a69-2c8b0fdd1e3d', '557cb630-d2f4-4e11-afe9-d50534deb525', '987f7342-9211-464f-b6d9-0d9946343dab');
INSERT INTO option_choice (option_id, choice_id) VALUES ('3495c366-5183-4e9e-856e-8a1c40f7bab1', '49ac9bf5-22d2-42bd-9a69-2c8b0fdd1e3d');
INSERT INTO choice (id, questionnaire_id, interviewee_id) VALUES ('8cc28234-96c9-418b-8018-1b2e432256a4', 'b6588e29-37de-425f-834e-e867f77794ce', '987f7342-9211-464f-b6d9-0d9946343dab');
INSERT INTO option_choice (option_id, choice_id) VALUES ('07e7a8bf-65e2-41d5-aeef-91bcbe765392', '8cc28234-96c9-418b-8018-1b2e432256a4');
INSERT INTO option_choice (option_id, choice_id) VALUES ('4bde418e-a165-43f7-ac7b-c6d2ab034e2e', '8cc28234-96c9-418b-8018-1b2e432256a4');
INSERT INTO option_choice (option_id, choice_id) VALUES ('460ff4a7-d376-4dc8-b5bb-9ab1989fbb31', '8cc28234-96c9-418b-8018-1b2e432256a4');
INSERT INTO option_choice (option_id, choice_id) VALUES ('5b82f100-bb0f-47ec-9395-7a0409f4b7ef', '8cc28234-96c9-418b-8018-1b2e432256a4');
INSERT INTO option_choice (option_id, choice_id) VALUES ('40c301f5-13ed-4b94-85aa-e1c562adce4d', '8cc28234-96c9-418b-8018-1b2e432256a4');
INSERT INTO interviewee (id, login, password, age, gender, country, marital_status) VALUES ('416a3344-4597-4f5e-b42d-b37ee30f9414', 'interviewee161', 'qwerty', 61, 'male', 'CW', 'divorced');
INSERT INTO choice (id, questionnaire_id, interviewee_id) VALUES ('b6b65b09-3bdc-4e29-a967-2d3d2f5870b0', 'f680addd-a0b2-4101-9e1f-5e0870943c68', '416a3344-4597-4f5e-b42d-b37ee30f9414');
INSERT INTO option_choice (option_id, choice_id) VALUES ('521ef3a0-411b-4392-8393-62ed9a638949', 'b6b65b09-3bdc-4e29-a967-2d3d2f5870b0');
INSERT INTO option_choice (option_id, choice_id) VALUES ('5e0b63d0-2a10-4ab5-a66a-a47615b50b03', 'b6b65b09-3bdc-4e29-a967-2d3d2f5870b0');
INSERT INTO option_choice (option_id, choice_id) VALUES ('cfde0373-91b9-46f9-bc0d-a137a713d2d7', 'b6b65b09-3bdc-4e29-a967-2d3d2f5870b0');
INSERT INTO choice (id, questionnaire_id, interviewee_id) VALUES ('895f7fc4-a674-4937-bcfc-bb566e41b707', 'a2f7d656-4675-4d99-9435-95cbe535c6c1', '416a3344-4597-4f5e-b42d-b37ee30f9414');
INSERT INTO option_choice (option_id, choice_id) VALUES ('2366bc8e-690e-4739-b5f2-cf491cd8107c', '895f7fc4-a674-4937-bcfc-bb566e41b707');
INSERT INTO option_choice (option_id, choice_id) VALUES ('c6bb5cf5-3828-4747-8bb2-776e9deaeb04', '895f7fc4-a674-4937-bcfc-bb566e41b707');
INSERT INTO option_choice (option_id, choice_id) VALUES ('ced72831-705a-4153-849e-71a73e5a7d3c', '895f7fc4-a674-4937-bcfc-bb566e41b707');
INSERT INTO option_choice (option_id, choice_id) VALUES ('930526a4-2714-4f39-831c-55b3185bd967', '895f7fc4-a674-4937-bcfc-bb566e41b707');
INSERT INTO choice (id, questionnaire_id, interviewee_id) VALUES ('84bdc0cd-e5b4-48da-b601-487c6ebdf16f', '21abb345-1235-4f5e-8b5b-2f6f89f30fee', '416a3344-4597-4f5e-b42d-b37ee30f9414');
INSERT INTO option_choice (option_id, choice_id) VALUES ('bf5bc6ce-b791-45ed-9dbe-fe939c3ccd4b', '84bdc0cd-e5b4-48da-b601-487c6ebdf16f');
INSERT INTO interviewee (id, login, password, age, gender, country, marital_status) VALUES ('0eea3e17-22c1-4231-a89c-296ac5eaef40', 'interviewee162', 'qwerty', 35, 'male', 'KH', 'was_not_married');
INSERT INTO choice (id, questionnaire_id, interviewee_id) VALUES ('3650cc81-8040-49b5-a11b-aaea9ead8769', 'bf8da1bc-7284-44d0-a7c0-4e0321978aa0', '0eea3e17-22c1-4231-a89c-296ac5eaef40');
INSERT INTO option_choice (option_id, choice_id) VALUES ('1690438b-db39-4933-b62c-4f692bce0c76', '3650cc81-8040-49b5-a11b-aaea9ead8769');
INSERT INTO interviewee (id, login, password, age, gender, country, marital_status) VALUES ('8e97dc2d-2e58-4e6c-adaf-48b819a1caf6', 'interviewee163', 'qwerty', 24, 'female', 'BI', 'divorced');
INSERT INTO choice (id, questionnaire_id, interviewee_id) VALUES ('4565fb7d-22c7-444d-ad54-45cd99ee129d', '309e872a-e145-4926-998b-ec0fdb62466a', '8e97dc2d-2e58-4e6c-adaf-48b819a1caf6');
INSERT INTO option_choice (option_id, choice_id) VALUES ('4579f5ab-3007-4302-aa53-456cd440599b', '4565fb7d-22c7-444d-ad54-45cd99ee129d');
INSERT INTO option_choice (option_id, choice_id) VALUES ('926da358-7388-4aea-b601-42bcfcd8c071', '4565fb7d-22c7-444d-ad54-45cd99ee129d');
INSERT INTO option_choice (option_id, choice_id) VALUES ('1dcd1e79-636e-4d6c-b9b4-dcf0da4fdaaa', '4565fb7d-22c7-444d-ad54-45cd99ee129d');
INSERT INTO interviewee (id, login, password, age, gender, country, marital_status) VALUES ('6841dd6c-e444-424e-ae26-3b0d54435ea5', 'interviewee164', 'qwerty', 63, 'male', 'TL', 'was_not_married');
INSERT INTO choice (id, questionnaire_id, interviewee_id) VALUES ('3046aec2-652d-4117-814c-118df2a23ad2', 'a2f7d656-4675-4d99-9435-95cbe535c6c1', '6841dd6c-e444-424e-ae26-3b0d54435ea5');
INSERT INTO option_choice (option_id, choice_id) VALUES ('d3d55bb1-ef9d-4b9a-b1b9-8e4375e7dbd0', '3046aec2-652d-4117-814c-118df2a23ad2');
INSERT INTO option_choice (option_id, choice_id) VALUES ('110b73fb-e57f-409d-83dc-0d81bdd20a44', '3046aec2-652d-4117-814c-118df2a23ad2');
INSERT INTO option_choice (option_id, choice_id) VALUES ('394c3616-edd7-4820-aa09-f4425e4f774c', '3046aec2-652d-4117-814c-118df2a23ad2');
INSERT INTO option_choice (option_id, choice_id) VALUES ('930526a4-2714-4f39-831c-55b3185bd967', '3046aec2-652d-4117-814c-118df2a23ad2');
INSERT INTO option_choice (option_id, choice_id) VALUES ('2366bc8e-690e-4739-b5f2-cf491cd8107c', '3046aec2-652d-4117-814c-118df2a23ad2');
INSERT INTO option_choice (option_id, choice_id) VALUES ('ced72831-705a-4153-849e-71a73e5a7d3c', '3046aec2-652d-4117-814c-118df2a23ad2');
INSERT INTO option_choice (option_id, choice_id) VALUES ('c6bb5cf5-3828-4747-8bb2-776e9deaeb04', '3046aec2-652d-4117-814c-118df2a23ad2');
INSERT INTO choice (id, questionnaire_id, interviewee_id) VALUES ('3b263503-c3f5-4195-b009-785f6e1a0907', '56c296cd-7c3b-4eb1-90cb-745e555a098c', '6841dd6c-e444-424e-ae26-3b0d54435ea5');
INSERT INTO option_choice (option_id, choice_id) VALUES ('75d9d333-93f8-42f6-be3b-9a5a24aa476c', '3b263503-c3f5-4195-b009-785f6e1a0907');
INSERT INTO interviewee (id, login, password, age, gender, country, marital_status) VALUES ('e9d7b897-d6d2-4b64-94ea-5bc5c9507eaa', 'interviewee165', 'qwerty', 45, 'male', 'BH', 'was_not_married');
INSERT INTO choice (id, questionnaire_id, interviewee_id) VALUES ('7705bf9e-139b-46cf-a5cf-644c4999d145', '91a16ec4-1a91-44d1-bb08-6e9fc823c230', 'e9d7b897-d6d2-4b64-94ea-5bc5c9507eaa');
INSERT INTO option_choice (option_id, choice_id) VALUES ('690b73cc-52e3-435d-a3bd-78733e5fdeaf', '7705bf9e-139b-46cf-a5cf-644c4999d145');
INSERT INTO option_choice (option_id, choice_id) VALUES ('5b32da45-be75-42c8-8fa7-ba776167a759', '7705bf9e-139b-46cf-a5cf-644c4999d145');
INSERT INTO option_choice (option_id, choice_id) VALUES ('cab8632d-19dd-4ddc-9c90-669949088fa5', '7705bf9e-139b-46cf-a5cf-644c4999d145');
INSERT INTO option_choice (option_id, choice_id) VALUES ('fbc23714-2c99-4441-8130-94075c78f6e8', '7705bf9e-139b-46cf-a5cf-644c4999d145');
INSERT INTO interviewee (id, login, password, age, gender, country, marital_status) VALUES ('d6df425a-b444-44a5-8420-832f91adc751', 'interviewee166', 'qwerty', 70, 'male', 'BH', 'married');
INSERT INTO choice (id, questionnaire_id, interviewee_id) VALUES ('36cbfded-76d9-4d7e-83fd-2851aa24a7af', '91a16ec4-1a91-44d1-bb08-6e9fc823c230', 'd6df425a-b444-44a5-8420-832f91adc751');
INSERT INTO option_choice (option_id, choice_id) VALUES ('5b32da45-be75-42c8-8fa7-ba776167a759', '36cbfded-76d9-4d7e-83fd-2851aa24a7af');
INSERT INTO option_choice (option_id, choice_id) VALUES ('690b73cc-52e3-435d-a3bd-78733e5fdeaf', '36cbfded-76d9-4d7e-83fd-2851aa24a7af');
INSERT INTO option_choice (option_id, choice_id) VALUES ('fbc23714-2c99-4441-8130-94075c78f6e8', '36cbfded-76d9-4d7e-83fd-2851aa24a7af');
INSERT INTO option_choice (option_id, choice_id) VALUES ('cab8632d-19dd-4ddc-9c90-669949088fa5', '36cbfded-76d9-4d7e-83fd-2851aa24a7af');
INSERT INTO choice (id, questionnaire_id, interviewee_id) VALUES ('9eea17df-fe8b-44a7-8189-fdad9f96f299', '6a34c81d-d686-4ce4-8e2f-ec3d2ba47346', 'd6df425a-b444-44a5-8420-832f91adc751');
INSERT INTO option_choice (option_id, choice_id) VALUES ('553e0886-1a11-4d34-ad3c-c3ee745c28c8', '9eea17df-fe8b-44a7-8189-fdad9f96f299');
INSERT INTO choice (id, questionnaire_id, interviewee_id) VALUES ('31e920a0-c9ea-436d-bc32-aa6b5416c5eb', 'afb83fe3-e755-403b-9a15-c18b3782c012', 'd6df425a-b444-44a5-8420-832f91adc751');
INSERT INTO option_choice (option_id, choice_id) VALUES ('db1f1f55-651e-4dd8-b4c1-deb2f26216b2', '31e920a0-c9ea-436d-bc32-aa6b5416c5eb');
INSERT INTO interviewee (id, login, password, age, gender, country, marital_status) VALUES ('1204339a-dcbc-4b60-bb06-acf4fa1b3c7c', 'interviewee167', 'qwerty', 69, 'female', 'VA', 'was_not_married');
INSERT INTO choice (id, questionnaire_id, interviewee_id) VALUES ('99897853-33c1-435d-9efa-9cbbf55c085b', 'f680addd-a0b2-4101-9e1f-5e0870943c68', '1204339a-dcbc-4b60-bb06-acf4fa1b3c7c');
INSERT INTO option_choice (option_id, choice_id) VALUES ('521ef3a0-411b-4392-8393-62ed9a638949', '99897853-33c1-435d-9efa-9cbbf55c085b');
INSERT INTO choice (id, questionnaire_id, interviewee_id) VALUES ('2e52dbf1-d85b-4a33-a5b1-a28897942f17', 'cb70c074-82ef-4114-aabc-e940a19b5bb0', '1204339a-dcbc-4b60-bb06-acf4fa1b3c7c');
INSERT INTO option_choice (option_id, choice_id) VALUES ('c2db2843-0153-4422-8aa4-c4c9e640418d', '2e52dbf1-d85b-4a33-a5b1-a28897942f17');
INSERT INTO choice (id, questionnaire_id, interviewee_id) VALUES ('427b402a-b35d-468f-9d9b-fb7dae5e412c', 'a2f7d656-4675-4d99-9435-95cbe535c6c1', '1204339a-dcbc-4b60-bb06-acf4fa1b3c7c');
INSERT INTO option_choice (option_id, choice_id) VALUES ('110b73fb-e57f-409d-83dc-0d81bdd20a44', '427b402a-b35d-468f-9d9b-fb7dae5e412c');
INSERT INTO option_choice (option_id, choice_id) VALUES ('2366bc8e-690e-4739-b5f2-cf491cd8107c', '427b402a-b35d-468f-9d9b-fb7dae5e412c');
INSERT INTO option_choice (option_id, choice_id) VALUES ('394c3616-edd7-4820-aa09-f4425e4f774c', '427b402a-b35d-468f-9d9b-fb7dae5e412c');
INSERT INTO option_choice (option_id, choice_id) VALUES ('930526a4-2714-4f39-831c-55b3185bd967', '427b402a-b35d-468f-9d9b-fb7dae5e412c');
INSERT INTO option_choice (option_id, choice_id) VALUES ('c6bb5cf5-3828-4747-8bb2-776e9deaeb04', '427b402a-b35d-468f-9d9b-fb7dae5e412c');
INSERT INTO interviewee (id, login, password, age, gender, country, marital_status) VALUES ('27ae78c7-315d-4b7a-a9e9-ef32e40f0dc0', 'interviewee168', 'qwerty', 53, 'male', 'TN', 'divorced');
INSERT INTO choice (id, questionnaire_id, interviewee_id) VALUES ('c19bcd17-92f5-48c2-8101-ce3434fc5ab1', 'afb83fe3-e755-403b-9a15-c18b3782c012', '27ae78c7-315d-4b7a-a9e9-ef32e40f0dc0');
INSERT INTO option_choice (option_id, choice_id) VALUES ('db1f1f55-651e-4dd8-b4c1-deb2f26216b2', 'c19bcd17-92f5-48c2-8101-ce3434fc5ab1');
INSERT INTO choice (id, questionnaire_id, interviewee_id) VALUES ('e8ac5339-0476-4b27-b6ef-13929a28b07c', 'a7e484ae-fb91-4ddf-a8c0-869a7f4ad0ee', '27ae78c7-315d-4b7a-a9e9-ef32e40f0dc0');
INSERT INTO option_choice (option_id, choice_id) VALUES ('c2e66b7f-cc24-45a4-a017-7a4d25149a85', 'e8ac5339-0476-4b27-b6ef-13929a28b07c');
INSERT INTO interviewee (id, login, password, age, gender, country, marital_status) VALUES ('41ebbb1a-88e6-4b18-b12b-1692bf0c885c', 'interviewee169', 'qwerty', 50, 'female', 'PN', 'was_not_married');
INSERT INTO choice (id, questionnaire_id, interviewee_id) VALUES ('9f82e940-2e22-4d3e-a819-f0c3ff3c38bf', '0b6580ec-1374-4a48-ad1d-b1fa316ad9be', '41ebbb1a-88e6-4b18-b12b-1692bf0c885c');
INSERT INTO option_choice (option_id, choice_id) VALUES ('68263915-d7e9-4ac6-9c14-f48cf8807857', '9f82e940-2e22-4d3e-a819-f0c3ff3c38bf');
INSERT INTO option_choice (option_id, choice_id) VALUES ('82cec316-48c4-48d4-9d69-8a67e9d22eca', '9f82e940-2e22-4d3e-a819-f0c3ff3c38bf');
INSERT INTO interviewee (id, login, password, age, gender, country, marital_status) VALUES ('3ac6a845-4e71-4cf6-aff6-707ebcd47127', 'interviewee170', 'qwerty', 37, 'male', 'NO', 'divorced');
INSERT INTO choice (id, questionnaire_id, interviewee_id) VALUES ('14d60360-9b9f-4934-9c5e-10250957be40', 'a7e484ae-fb91-4ddf-a8c0-869a7f4ad0ee', '3ac6a845-4e71-4cf6-aff6-707ebcd47127');
INSERT INTO option_choice (option_id, choice_id) VALUES ('4331f8de-01b0-4500-b3ce-a712074f2e20', '14d60360-9b9f-4934-9c5e-10250957be40');
INSERT INTO choice (id, questionnaire_id, interviewee_id) VALUES ('2a692d40-a2b9-4465-9e41-d41ff4804dfb', 'a2f7d656-4675-4d99-9435-95cbe535c6c1', '3ac6a845-4e71-4cf6-aff6-707ebcd47127');
INSERT INTO option_choice (option_id, choice_id) VALUES ('ced72831-705a-4153-849e-71a73e5a7d3c', '2a692d40-a2b9-4465-9e41-d41ff4804dfb');
INSERT INTO option_choice (option_id, choice_id) VALUES ('d3d55bb1-ef9d-4b9a-b1b9-8e4375e7dbd0', '2a692d40-a2b9-4465-9e41-d41ff4804dfb');
INSERT INTO choice (id, questionnaire_id, interviewee_id) VALUES ('e656ea35-4373-4f2d-955e-92f4da93b765', 'b5ae5620-2d58-48f5-a060-28e8fd1859dd', '3ac6a845-4e71-4cf6-aff6-707ebcd47127');
INSERT INTO option_choice (option_id, choice_id) VALUES ('a5e432ce-d2c6-4c6b-912f-dd0aa7f19d87', 'e656ea35-4373-4f2d-955e-92f4da93b765');
INSERT INTO interviewee (id, login, password, age, gender, country, marital_status) VALUES ('e49ab74c-d234-4347-8320-f87771ab88f2', 'interviewee171', 'qwerty', 34, 'male', 'CO', 'was_not_married');
INSERT INTO choice (id, questionnaire_id, interviewee_id) VALUES ('8dea4ab1-5664-4a1c-a4ec-1a5b80db029d', '8adfa259-7459-4497-b994-7101058c39c1', 'e49ab74c-d234-4347-8320-f87771ab88f2');
INSERT INTO option_choice (option_id, choice_id) VALUES ('7d64ec60-4b16-49eb-a0c6-4af24c3b1767', '8dea4ab1-5664-4a1c-a4ec-1a5b80db029d');
INSERT INTO option_choice (option_id, choice_id) VALUES ('9e45c288-be30-427f-be35-83a5171e2b4d', '8dea4ab1-5664-4a1c-a4ec-1a5b80db029d');
INSERT INTO option_choice (option_id, choice_id) VALUES ('0c96072b-cf70-4fde-8afb-27bf8c3f7a8b', '8dea4ab1-5664-4a1c-a4ec-1a5b80db029d');
INSERT INTO option_choice (option_id, choice_id) VALUES ('502fb96b-685d-47da-86bb-f40e1e8f57ef', '8dea4ab1-5664-4a1c-a4ec-1a5b80db029d');
INSERT INTO option_choice (option_id, choice_id) VALUES ('3e047d89-087c-45bd-82d6-38c4acd5c609', '8dea4ab1-5664-4a1c-a4ec-1a5b80db029d');
INSERT INTO choice (id, questionnaire_id, interviewee_id) VALUES ('d95a6613-0ade-4fe8-968c-36c83a03ae9a', 'e2cf177f-e49f-4aef-99a6-095d711c6ec2', 'e49ab74c-d234-4347-8320-f87771ab88f2');
INSERT INTO option_choice (option_id, choice_id) VALUES ('1b5e4a41-da4c-4845-8698-5ed9deee3ca2', 'd95a6613-0ade-4fe8-968c-36c83a03ae9a');
INSERT INTO interviewee (id, login, password, age, gender, country, marital_status) VALUES ('4177814d-4e7c-4238-b9f3-5c554768f868', 'interviewee172', 'qwerty', 16, 'male', 'BB', 'divorced');
INSERT INTO choice (id, questionnaire_id, interviewee_id) VALUES ('9a02d9f8-050b-4957-97e2-423f0a1d9471', '91a16ec4-1a91-44d1-bb08-6e9fc823c230', '4177814d-4e7c-4238-b9f3-5c554768f868');
INSERT INTO option_choice (option_id, choice_id) VALUES ('5b32da45-be75-42c8-8fa7-ba776167a759', '9a02d9f8-050b-4957-97e2-423f0a1d9471');
INSERT INTO option_choice (option_id, choice_id) VALUES ('fbc23714-2c99-4441-8130-94075c78f6e8', '9a02d9f8-050b-4957-97e2-423f0a1d9471');
INSERT INTO choice (id, questionnaire_id, interviewee_id) VALUES ('f8339db5-e66c-49e3-8e8c-43067437b062', 'd05638df-f11c-413d-8456-ee036bed2914', '4177814d-4e7c-4238-b9f3-5c554768f868');
INSERT INTO option_choice (option_id, choice_id) VALUES ('b4b64304-6288-40df-8120-283c58db8d1a', 'f8339db5-e66c-49e3-8e8c-43067437b062');
INSERT INTO choice (id, questionnaire_id, interviewee_id) VALUES ('7ecd8969-ad17-4aa0-a5ef-a72976f9a5cc', 'cb70c074-82ef-4114-aabc-e940a19b5bb0', '4177814d-4e7c-4238-b9f3-5c554768f868');
INSERT INTO option_choice (option_id, choice_id) VALUES ('4fbbc5c4-5cc1-4421-86a2-d7151c56a9df', '7ecd8969-ad17-4aa0-a5ef-a72976f9a5cc');
INSERT INTO interviewee (id, login, password, age, gender, country, marital_status) VALUES ('5d8a8498-be20-44b0-80e3-090cb51726dd', 'interviewee173', 'qwerty', 39, 'male', 'CG', 'divorced');
INSERT INTO choice (id, questionnaire_id, interviewee_id) VALUES ('9a2012da-98c6-478b-a476-d45872c583d5', '91a16ec4-1a91-44d1-bb08-6e9fc823c230', '5d8a8498-be20-44b0-80e3-090cb51726dd');
INSERT INTO option_choice (option_id, choice_id) VALUES ('fbc23714-2c99-4441-8130-94075c78f6e8', '9a2012da-98c6-478b-a476-d45872c583d5');
INSERT INTO option_choice (option_id, choice_id) VALUES ('5b32da45-be75-42c8-8fa7-ba776167a759', '9a2012da-98c6-478b-a476-d45872c583d5');
INSERT INTO choice (id, questionnaire_id, interviewee_id) VALUES ('0f1b70c5-e3a0-4eb0-9a0c-742f2ebc9c32', 'bf8da1bc-7284-44d0-a7c0-4e0321978aa0', '5d8a8498-be20-44b0-80e3-090cb51726dd');
INSERT INTO option_choice (option_id, choice_id) VALUES ('fbbdfd34-e2c5-4e0b-b98a-d33f6f4fac06', '0f1b70c5-e3a0-4eb0-9a0c-742f2ebc9c32');
INSERT INTO interviewee (id, login, password, age, gender, country, marital_status) VALUES ('364ea690-43ff-4017-9ff5-793377e337fb', 'interviewee174', 'qwerty', 38, 'female', 'FR', 'married');
INSERT INTO choice (id, questionnaire_id, interviewee_id) VALUES ('fd61e598-f8c8-4a89-b796-24ccf54690f0', 'f680addd-a0b2-4101-9e1f-5e0870943c68', '364ea690-43ff-4017-9ff5-793377e337fb');
INSERT INTO option_choice (option_id, choice_id) VALUES ('521ef3a0-411b-4392-8393-62ed9a638949', 'fd61e598-f8c8-4a89-b796-24ccf54690f0');
INSERT INTO interviewee (id, login, password, age, gender, country, marital_status) VALUES ('fdb84713-10b6-4ba2-a323-57c8c86769c9', 'interviewee175', 'qwerty', 50, 'female', 'IQ', 'was_not_married');
INSERT INTO choice (id, questionnaire_id, interviewee_id) VALUES ('3b798642-303e-4d59-8930-ad5596e334c9', 'f680addd-a0b2-4101-9e1f-5e0870943c68', 'fdb84713-10b6-4ba2-a323-57c8c86769c9');
INSERT INTO option_choice (option_id, choice_id) VALUES ('5e0b63d0-2a10-4ab5-a66a-a47615b50b03', '3b798642-303e-4d59-8930-ad5596e334c9');
INSERT INTO choice (id, questionnaire_id, interviewee_id) VALUES ('19b192ff-0dde-4bdd-9f0c-8685f8aff8eb', 'a345b682-c7ac-49ac-9f14-4f5173a872d8', 'fdb84713-10b6-4ba2-a323-57c8c86769c9');
INSERT INTO option_choice (option_id, choice_id) VALUES ('4389db4e-2a8b-43f8-8643-dd6f5a5f160e', '19b192ff-0dde-4bdd-9f0c-8685f8aff8eb');
INSERT INTO choice (id, questionnaire_id, interviewee_id) VALUES ('dde32458-d902-4fd0-be00-bdb66dabb996', 'a2f7d656-4675-4d99-9435-95cbe535c6c1', 'fdb84713-10b6-4ba2-a323-57c8c86769c9');
INSERT INTO option_choice (option_id, choice_id) VALUES ('d3d55bb1-ef9d-4b9a-b1b9-8e4375e7dbd0', 'dde32458-d902-4fd0-be00-bdb66dabb996');
INSERT INTO option_choice (option_id, choice_id) VALUES ('ced72831-705a-4153-849e-71a73e5a7d3c', 'dde32458-d902-4fd0-be00-bdb66dabb996');
INSERT INTO option_choice (option_id, choice_id) VALUES ('c6bb5cf5-3828-4747-8bb2-776e9deaeb04', 'dde32458-d902-4fd0-be00-bdb66dabb996');
INSERT INTO option_choice (option_id, choice_id) VALUES ('110b73fb-e57f-409d-83dc-0d81bdd20a44', 'dde32458-d902-4fd0-be00-bdb66dabb996');
INSERT INTO option_choice (option_id, choice_id) VALUES ('394c3616-edd7-4820-aa09-f4425e4f774c', 'dde32458-d902-4fd0-be00-bdb66dabb996');
INSERT INTO option_choice (option_id, choice_id) VALUES ('930526a4-2714-4f39-831c-55b3185bd967', 'dde32458-d902-4fd0-be00-bdb66dabb996');
INSERT INTO option_choice (option_id, choice_id) VALUES ('2366bc8e-690e-4739-b5f2-cf491cd8107c', 'dde32458-d902-4fd0-be00-bdb66dabb996');
INSERT INTO interviewee (id, login, password, age, gender, country, marital_status) VALUES ('758db129-1c25-481c-a8b0-0846573d1b5b', 'interviewee176', 'qwerty', 17, 'male', 'PN', 'divorced');
INSERT INTO choice (id, questionnaire_id, interviewee_id) VALUES ('0879e2a0-0ead-4461-9228-44d501ecbc22', '83dbd16d-6765-468d-944f-022d10d042e5', '758db129-1c25-481c-a8b0-0846573d1b5b');
INSERT INTO option_choice (option_id, choice_id) VALUES ('eee0aab7-8b77-4c19-b028-648aa7e303ed', '0879e2a0-0ead-4461-9228-44d501ecbc22');
INSERT INTO option_choice (option_id, choice_id) VALUES ('d8a63395-3425-4d1b-95be-b38dc31cb0af', '0879e2a0-0ead-4461-9228-44d501ecbc22');
INSERT INTO option_choice (option_id, choice_id) VALUES ('176e8036-bece-46c0-beb2-71eb28a41f51', '0879e2a0-0ead-4461-9228-44d501ecbc22');
INSERT INTO choice (id, questionnaire_id, interviewee_id) VALUES ('012dabfa-c9b4-4a70-9201-0ee6de838148', '91a16ec4-1a91-44d1-bb08-6e9fc823c230', '758db129-1c25-481c-a8b0-0846573d1b5b');
INSERT INTO option_choice (option_id, choice_id) VALUES ('fbc23714-2c99-4441-8130-94075c78f6e8', '012dabfa-c9b4-4a70-9201-0ee6de838148');
INSERT INTO option_choice (option_id, choice_id) VALUES ('5b32da45-be75-42c8-8fa7-ba776167a759', '012dabfa-c9b4-4a70-9201-0ee6de838148');
INSERT INTO interviewee (id, login, password, age, gender, country, marital_status) VALUES ('4ecd778a-e897-4ed3-ba04-3f4df25c9bb4', 'interviewee177', 'qwerty', 54, 'male', 'BQ', 'married');
INSERT INTO choice (id, questionnaire_id, interviewee_id) VALUES ('26ca2aaa-ac56-4d60-bdc5-7c940497ccff', 'cb70c074-82ef-4114-aabc-e940a19b5bb0', '4ecd778a-e897-4ed3-ba04-3f4df25c9bb4');
INSERT INTO option_choice (option_id, choice_id) VALUES ('b2aebe06-b155-47cd-a39d-b9c1beabb465', '26ca2aaa-ac56-4d60-bdc5-7c940497ccff');
INSERT INTO option_choice (option_id, choice_id) VALUES ('4f47a30f-5169-4bf3-a6a9-f9777225a72d', '26ca2aaa-ac56-4d60-bdc5-7c940497ccff');
INSERT INTO option_choice (option_id, choice_id) VALUES ('4fbbc5c4-5cc1-4421-86a2-d7151c56a9df', '26ca2aaa-ac56-4d60-bdc5-7c940497ccff');
INSERT INTO choice (id, questionnaire_id, interviewee_id) VALUES ('4ea32fe4-1e21-44c2-b53e-f1a7d5bd7b78', 'a7e484ae-fb91-4ddf-a8c0-869a7f4ad0ee', '4ecd778a-e897-4ed3-ba04-3f4df25c9bb4');
INSERT INTO option_choice (option_id, choice_id) VALUES ('c2e66b7f-cc24-45a4-a017-7a4d25149a85', '4ea32fe4-1e21-44c2-b53e-f1a7d5bd7b78');
INSERT INTO choice (id, questionnaire_id, interviewee_id) VALUES ('67abc39e-e4aa-401d-b878-430eb446d086', 'b5ae5620-2d58-48f5-a060-28e8fd1859dd', '4ecd778a-e897-4ed3-ba04-3f4df25c9bb4');
INSERT INTO option_choice (option_id, choice_id) VALUES ('fecb111c-77d6-4b66-b728-32011b5211c0', '67abc39e-e4aa-401d-b878-430eb446d086');
INSERT INTO interviewee (id, login, password, age, gender, country, marital_status) VALUES ('cfa70f53-8e33-42aa-95ad-c5da996b9abf', 'interviewee178', 'qwerty', 44, 'female', 'GT', 'married');
INSERT INTO choice (id, questionnaire_id, interviewee_id) VALUES ('ec836ef9-d101-405b-b76b-f7e956abf8a6', 'af6f1431-a90e-4919-83a4-359d6a8a7d22', 'cfa70f53-8e33-42aa-95ad-c5da996b9abf');
INSERT INTO option_choice (option_id, choice_id) VALUES ('14b9069e-cc19-448a-96f6-c333a9a53635', 'ec836ef9-d101-405b-b76b-f7e956abf8a6');
INSERT INTO option_choice (option_id, choice_id) VALUES ('b6cea016-cb83-4752-bbc0-0e2a71b294d6', 'ec836ef9-d101-405b-b76b-f7e956abf8a6');
INSERT INTO option_choice (option_id, choice_id) VALUES ('1d5c1c89-2fbe-4efd-aab1-12329e29ad0f', 'ec836ef9-d101-405b-b76b-f7e956abf8a6');
INSERT INTO option_choice (option_id, choice_id) VALUES ('d6e4609d-6705-4cc8-b83a-4786ea4f6ad6', 'ec836ef9-d101-405b-b76b-f7e956abf8a6');
INSERT INTO option_choice (option_id, choice_id) VALUES ('e41b3b09-f2a6-4206-bfde-743557a31646', 'ec836ef9-d101-405b-b76b-f7e956abf8a6');
INSERT INTO option_choice (option_id, choice_id) VALUES ('e6932ff8-921c-4ab7-b5c5-37e59ea816fd', 'ec836ef9-d101-405b-b76b-f7e956abf8a6');
INSERT INTO option_choice (option_id, choice_id) VALUES ('a3c0df26-f677-4a76-9fc9-e8bcb2a586ec', 'ec836ef9-d101-405b-b76b-f7e956abf8a6');
INSERT INTO choice (id, questionnaire_id, interviewee_id) VALUES ('a4605a67-7834-4116-ba1d-a092174b63f3', 'b5ae5620-2d58-48f5-a060-28e8fd1859dd', 'cfa70f53-8e33-42aa-95ad-c5da996b9abf');
INSERT INTO option_choice (option_id, choice_id) VALUES ('6d0af933-e0cd-405e-8ecb-b04a62b5d13f', 'a4605a67-7834-4116-ba1d-a092174b63f3');
INSERT INTO interviewee (id, login, password, age, gender, country, marital_status) VALUES ('ecfbb5ff-1d1e-4f2c-95a5-62c0dfde3ac9', 'interviewee179', 'qwerty', 47, 'male', 'DE', 'married');
INSERT INTO choice (id, questionnaire_id, interviewee_id) VALUES ('7f9ac084-e0f9-4ed2-8808-c7c4d4eaa0a8', '91a16ec4-1a91-44d1-bb08-6e9fc823c230', 'ecfbb5ff-1d1e-4f2c-95a5-62c0dfde3ac9');
INSERT INTO option_choice (option_id, choice_id) VALUES ('5b32da45-be75-42c8-8fa7-ba776167a759', '7f9ac084-e0f9-4ed2-8808-c7c4d4eaa0a8');
INSERT INTO choice (id, questionnaire_id, interviewee_id) VALUES ('ef4936d8-fad1-4271-a503-157375642399', '8adfa259-7459-4497-b994-7101058c39c1', 'ecfbb5ff-1d1e-4f2c-95a5-62c0dfde3ac9');
INSERT INTO option_choice (option_id, choice_id) VALUES ('0c96072b-cf70-4fde-8afb-27bf8c3f7a8b', 'ef4936d8-fad1-4271-a503-157375642399');
INSERT INTO option_choice (option_id, choice_id) VALUES ('7d64ec60-4b16-49eb-a0c6-4af24c3b1767', 'ef4936d8-fad1-4271-a503-157375642399');
INSERT INTO option_choice (option_id, choice_id) VALUES ('9e45c288-be30-427f-be35-83a5171e2b4d', 'ef4936d8-fad1-4271-a503-157375642399');
INSERT INTO option_choice (option_id, choice_id) VALUES ('502fb96b-685d-47da-86bb-f40e1e8f57ef', 'ef4936d8-fad1-4271-a503-157375642399');
INSERT INTO option_choice (option_id, choice_id) VALUES ('3e047d89-087c-45bd-82d6-38c4acd5c609', 'ef4936d8-fad1-4271-a503-157375642399');
INSERT INTO option_choice (option_id, choice_id) VALUES ('968d6b86-376e-4d23-9555-89ee1d638c1c', 'ef4936d8-fad1-4271-a503-157375642399');
INSERT INTO choice (id, questionnaire_id, interviewee_id) VALUES ('87ed4cfe-79ca-451d-831a-49dfcfb3f0ad', '0b6580ec-1374-4a48-ad1d-b1fa316ad9be', 'ecfbb5ff-1d1e-4f2c-95a5-62c0dfde3ac9');
INSERT INTO option_choice (option_id, choice_id) VALUES ('82be4575-892d-453a-b3d9-0827c6b6d6df', '87ed4cfe-79ca-451d-831a-49dfcfb3f0ad');
INSERT INTO interviewee (id, login, password, age, gender, country, marital_status) VALUES ('6982b9d2-a9cf-4862-b04f-7a6e67d00145', 'interviewee180', 'qwerty', 18, 'male', 'LT', 'was_not_married');
INSERT INTO choice (id, questionnaire_id, interviewee_id) VALUES ('af04688a-3724-43a7-b070-7dac0b748db9', '83dbd16d-6765-468d-944f-022d10d042e5', '6982b9d2-a9cf-4862-b04f-7a6e67d00145');
INSERT INTO option_choice (option_id, choice_id) VALUES ('176e8036-bece-46c0-beb2-71eb28a41f51', 'af04688a-3724-43a7-b070-7dac0b748db9');
INSERT INTO option_choice (option_id, choice_id) VALUES ('eee0aab7-8b77-4c19-b028-648aa7e303ed', 'af04688a-3724-43a7-b070-7dac0b748db9');
INSERT INTO option_choice (option_id, choice_id) VALUES ('d6416cf3-39f7-4cf9-ba84-314605b84d03', 'af04688a-3724-43a7-b070-7dac0b748db9');
INSERT INTO option_choice (option_id, choice_id) VALUES ('d8a63395-3425-4d1b-95be-b38dc31cb0af', 'af04688a-3724-43a7-b070-7dac0b748db9');
INSERT INTO interviewee (id, login, password, age, gender, country, marital_status) VALUES ('e626924e-c291-4769-8fe8-7b9bb458f44c', 'interviewee181', 'qwerty', 46, 'male', 'AW', 'married');
INSERT INTO choice (id, questionnaire_id, interviewee_id) VALUES ('72a1d383-e662-4f1e-87db-57b802b972b2', 'b5ae5620-2d58-48f5-a060-28e8fd1859dd', 'e626924e-c291-4769-8fe8-7b9bb458f44c');
INSERT INTO option_choice (option_id, choice_id) VALUES ('6d0af933-e0cd-405e-8ecb-b04a62b5d13f', '72a1d383-e662-4f1e-87db-57b802b972b2');
INSERT INTO interviewee (id, login, password, age, gender, country, marital_status) VALUES ('9e41a90f-9ead-4852-9bfe-44a55349ac91', 'interviewee182', 'qwerty', 37, 'male', 'VI', 'was_not_married');
INSERT INTO choice (id, questionnaire_id, interviewee_id) VALUES ('d8bbfc49-99b9-460f-9a17-56bac7d7b20c', 'e679f6e5-388e-4679-9f14-15a0896d2816', '9e41a90f-9ead-4852-9bfe-44a55349ac91');
INSERT INTO option_choice (option_id, choice_id) VALUES ('f62b7b4d-17f1-4686-9782-f0b454d6f390', 'd8bbfc49-99b9-460f-9a17-56bac7d7b20c');
INSERT INTO option_choice (option_id, choice_id) VALUES ('ae13d28d-5670-495b-a9e0-d0949dab86e3', 'd8bbfc49-99b9-460f-9a17-56bac7d7b20c');
INSERT INTO option_choice (option_id, choice_id) VALUES ('01fc26e1-e8f8-407f-a1b8-6af243e9c3dd', 'd8bbfc49-99b9-460f-9a17-56bac7d7b20c');
INSERT INTO choice (id, questionnaire_id, interviewee_id) VALUES ('e1973e43-6e9e-4432-882f-664e4d6548cf', '309e872a-e145-4926-998b-ec0fdb62466a', '9e41a90f-9ead-4852-9bfe-44a55349ac91');
INSERT INTO option_choice (option_id, choice_id) VALUES ('1dcd1e79-636e-4d6c-b9b4-dcf0da4fdaaa', 'e1973e43-6e9e-4432-882f-664e4d6548cf');
INSERT INTO interviewee (id, login, password, age, gender, country, marital_status) VALUES ('97110243-f68b-4715-91c7-221ebabc642f', 'interviewee183', 'qwerty', 51, 'male', 'UA', 'divorced');
INSERT INTO choice (id, questionnaire_id, interviewee_id) VALUES ('03b374b4-4556-44b8-a717-a5b5e24bcd16', 'e679f6e5-388e-4679-9f14-15a0896d2816', '97110243-f68b-4715-91c7-221ebabc642f');
INSERT INTO option_choice (option_id, choice_id) VALUES ('7fc08a6e-900b-45ea-b455-29a8eb343039', '03b374b4-4556-44b8-a717-a5b5e24bcd16');
INSERT INTO option_choice (option_id, choice_id) VALUES ('3ee9dd0f-6306-4f8b-bdec-27347884621a', '03b374b4-4556-44b8-a717-a5b5e24bcd16');
INSERT INTO option_choice (option_id, choice_id) VALUES ('01fc26e1-e8f8-407f-a1b8-6af243e9c3dd', '03b374b4-4556-44b8-a717-a5b5e24bcd16');
INSERT INTO option_choice (option_id, choice_id) VALUES ('5169914a-cf41-4077-8993-1322df09c3da', '03b374b4-4556-44b8-a717-a5b5e24bcd16');
INSERT INTO option_choice (option_id, choice_id) VALUES ('f62b7b4d-17f1-4686-9782-f0b454d6f390', '03b374b4-4556-44b8-a717-a5b5e24bcd16');
INSERT INTO option_choice (option_id, choice_id) VALUES ('ae13d28d-5670-495b-a9e0-d0949dab86e3', '03b374b4-4556-44b8-a717-a5b5e24bcd16');
INSERT INTO choice (id, questionnaire_id, interviewee_id) VALUES ('5009600b-a8be-47af-a298-270118dbd558', 'a345b682-c7ac-49ac-9f14-4f5173a872d8', '97110243-f68b-4715-91c7-221ebabc642f');
INSERT INTO option_choice (option_id, choice_id) VALUES ('faa6ab11-59ef-4e3b-aa30-88fe576f7451', '5009600b-a8be-47af-a298-270118dbd558');
INSERT INTO choice (id, questionnaire_id, interviewee_id) VALUES ('4e4c607c-c06d-4084-b736-74f46a023064', 'b6588e29-37de-425f-834e-e867f77794ce', '97110243-f68b-4715-91c7-221ebabc642f');
INSERT INTO option_choice (option_id, choice_id) VALUES ('07e7a8bf-65e2-41d5-aeef-91bcbe765392', '4e4c607c-c06d-4084-b736-74f46a023064');
INSERT INTO option_choice (option_id, choice_id) VALUES ('5b82f100-bb0f-47ec-9395-7a0409f4b7ef', '4e4c607c-c06d-4084-b736-74f46a023064');
INSERT INTO option_choice (option_id, choice_id) VALUES ('ec37510e-f2a1-4e16-ae94-e9ea2c4461e3', '4e4c607c-c06d-4084-b736-74f46a023064');
INSERT INTO option_choice (option_id, choice_id) VALUES ('46bd1403-2ee0-4145-8014-8dd4fafcb8af', '4e4c607c-c06d-4084-b736-74f46a023064');
INSERT INTO option_choice (option_id, choice_id) VALUES ('40c301f5-13ed-4b94-85aa-e1c562adce4d', '4e4c607c-c06d-4084-b736-74f46a023064');
INSERT INTO interviewee (id, login, password, age, gender, country, marital_status) VALUES ('36dbf88a-f28e-4d7f-810c-f5dc1202a165', 'interviewee184', 'qwerty', 32, 'female', 'CZ', 'was_not_married');
INSERT INTO choice (id, questionnaire_id, interviewee_id) VALUES ('34cf4eb4-a2c9-4401-b940-c8083f275ae8', '91a16ec4-1a91-44d1-bb08-6e9fc823c230', '36dbf88a-f28e-4d7f-810c-f5dc1202a165');
INSERT INTO option_choice (option_id, choice_id) VALUES ('690b73cc-52e3-435d-a3bd-78733e5fdeaf', '34cf4eb4-a2c9-4401-b940-c8083f275ae8');
INSERT INTO interviewee (id, login, password, age, gender, country, marital_status) VALUES ('a188c906-d9fb-44e1-bc01-60cd41eae7b0', 'interviewee185', 'qwerty', 26, 'male', 'IN', 'was_not_married');
INSERT INTO choice (id, questionnaire_id, interviewee_id) VALUES ('a2c79e42-9462-4a82-9601-77058c9d3993', 'd05638df-f11c-413d-8456-ee036bed2914', 'a188c906-d9fb-44e1-bc01-60cd41eae7b0');
INSERT INTO option_choice (option_id, choice_id) VALUES ('b4b64304-6288-40df-8120-283c58db8d1a', 'a2c79e42-9462-4a82-9601-77058c9d3993');
INSERT INTO choice (id, questionnaire_id, interviewee_id) VALUES ('47e83859-45de-4b91-bef3-e23c3b6316d1', 'e679f6e5-388e-4679-9f14-15a0896d2816', 'a188c906-d9fb-44e1-bc01-60cd41eae7b0');
INSERT INTO option_choice (option_id, choice_id) VALUES ('f62b7b4d-17f1-4686-9782-f0b454d6f390', '47e83859-45de-4b91-bef3-e23c3b6316d1');
INSERT INTO option_choice (option_id, choice_id) VALUES ('5169914a-cf41-4077-8993-1322df09c3da', '47e83859-45de-4b91-bef3-e23c3b6316d1');
INSERT INTO option_choice (option_id, choice_id) VALUES ('7fc08a6e-900b-45ea-b455-29a8eb343039', '47e83859-45de-4b91-bef3-e23c3b6316d1');
INSERT INTO option_choice (option_id, choice_id) VALUES ('3ee9dd0f-6306-4f8b-bdec-27347884621a', '47e83859-45de-4b91-bef3-e23c3b6316d1');
INSERT INTO option_choice (option_id, choice_id) VALUES ('ae13d28d-5670-495b-a9e0-d0949dab86e3', '47e83859-45de-4b91-bef3-e23c3b6316d1');
INSERT INTO option_choice (option_id, choice_id) VALUES ('01fc26e1-e8f8-407f-a1b8-6af243e9c3dd', '47e83859-45de-4b91-bef3-e23c3b6316d1');
INSERT INTO interviewee (id, login, password, age, gender, country, marital_status) VALUES ('be576f0f-919a-4b66-8240-00e80d76f898', 'interviewee186', 'qwerty', 52, 'male', 'IO', 'divorced');
INSERT INTO choice (id, questionnaire_id, interviewee_id) VALUES ('64960188-2b32-46be-85ba-dc1813f04288', '1a336595-020d-4026-a389-afd9a80cf707', 'be576f0f-919a-4b66-8240-00e80d76f898');
INSERT INTO option_choice (option_id, choice_id) VALUES ('15439bd9-6ff1-4651-a545-60ef7679f375', '64960188-2b32-46be-85ba-dc1813f04288');
INSERT INTO choice (id, questionnaire_id, interviewee_id) VALUES ('f067d2d0-2c4c-451e-903b-c33d8d1fe86b', 'af6f1431-a90e-4919-83a4-359d6a8a7d22', 'be576f0f-919a-4b66-8240-00e80d76f898');
INSERT INTO option_choice (option_id, choice_id) VALUES ('b6cea016-cb83-4752-bbc0-0e2a71b294d6', 'f067d2d0-2c4c-451e-903b-c33d8d1fe86b');
INSERT INTO option_choice (option_id, choice_id) VALUES ('e41b3b09-f2a6-4206-bfde-743557a31646', 'f067d2d0-2c4c-451e-903b-c33d8d1fe86b');
INSERT INTO option_choice (option_id, choice_id) VALUES ('1d5c1c89-2fbe-4efd-aab1-12329e29ad0f', 'f067d2d0-2c4c-451e-903b-c33d8d1fe86b');
INSERT INTO option_choice (option_id, choice_id) VALUES ('14b9069e-cc19-448a-96f6-c333a9a53635', 'f067d2d0-2c4c-451e-903b-c33d8d1fe86b');
INSERT INTO choice (id, questionnaire_id, interviewee_id) VALUES ('0c4dcb0b-3f6b-4969-9fbe-f710941f5232', 'f680addd-a0b2-4101-9e1f-5e0870943c68', 'be576f0f-919a-4b66-8240-00e80d76f898');
INSERT INTO option_choice (option_id, choice_id) VALUES ('521ef3a0-411b-4392-8393-62ed9a638949', '0c4dcb0b-3f6b-4969-9fbe-f710941f5232');
INSERT INTO option_choice (option_id, choice_id) VALUES ('cfde0373-91b9-46f9-bc0d-a137a713d2d7', '0c4dcb0b-3f6b-4969-9fbe-f710941f5232');
INSERT INTO option_choice (option_id, choice_id) VALUES ('5e0b63d0-2a10-4ab5-a66a-a47615b50b03', '0c4dcb0b-3f6b-4969-9fbe-f710941f5232');
INSERT INTO interviewee (id, login, password, age, gender, country, marital_status) VALUES ('0602ab6b-3583-4399-8762-39d5740ede5b', 'interviewee187', 'qwerty', 48, 'male', 'SX', 'married');
INSERT INTO choice (id, questionnaire_id, interviewee_id) VALUES ('017ea27a-5b6e-4cb2-a143-bb00aec75fe6', 'b5ae5620-2d58-48f5-a060-28e8fd1859dd', '0602ab6b-3583-4399-8762-39d5740ede5b');
INSERT INTO option_choice (option_id, choice_id) VALUES ('fecb111c-77d6-4b66-b728-32011b5211c0', '017ea27a-5b6e-4cb2-a143-bb00aec75fe6');
INSERT INTO choice (id, questionnaire_id, interviewee_id) VALUES ('e957f944-9a57-4223-9ad0-a591b4f377c1', 'bf8da1bc-7284-44d0-a7c0-4e0321978aa0', '0602ab6b-3583-4399-8762-39d5740ede5b');
INSERT INTO option_choice (option_id, choice_id) VALUES ('fbbdfd34-e2c5-4e0b-b98a-d33f6f4fac06', 'e957f944-9a57-4223-9ad0-a591b4f377c1');
INSERT INTO interviewee (id, login, password, age, gender, country, marital_status) VALUES ('29859458-d898-4bea-bfce-7a57ac0bdf6d', 'interviewee188', 'qwerty', 62, 'male', 'AO', 'married');
INSERT INTO choice (id, questionnaire_id, interviewee_id) VALUES ('a27c0640-32af-494d-b81e-f9960a2c89ce', '91a16ec4-1a91-44d1-bb08-6e9fc823c230', '29859458-d898-4bea-bfce-7a57ac0bdf6d');
INSERT INTO option_choice (option_id, choice_id) VALUES ('5b32da45-be75-42c8-8fa7-ba776167a759', 'a27c0640-32af-494d-b81e-f9960a2c89ce');
INSERT INTO option_choice (option_id, choice_id) VALUES ('690b73cc-52e3-435d-a3bd-78733e5fdeaf', 'a27c0640-32af-494d-b81e-f9960a2c89ce');
INSERT INTO option_choice (option_id, choice_id) VALUES ('fbc23714-2c99-4441-8130-94075c78f6e8', 'a27c0640-32af-494d-b81e-f9960a2c89ce');
INSERT INTO interviewee (id, login, password, age, gender, country, marital_status) VALUES ('465a5855-80a9-424e-abcb-17a2b847b2c1', 'interviewee189', 'qwerty', 30, 'male', 'NU', 'divorced');
INSERT INTO choice (id, questionnaire_id, interviewee_id) VALUES ('6cdff34f-0983-4abb-b352-4cfe5674e43a', '8902d50d-0421-4680-82f2-f2b1b667e3fd', '465a5855-80a9-424e-abcb-17a2b847b2c1');
INSERT INTO option_choice (option_id, choice_id) VALUES ('699e6428-3838-43e4-88f0-8fa31ae6d648', '6cdff34f-0983-4abb-b352-4cfe5674e43a');
INSERT INTO interviewee (id, login, password, age, gender, country, marital_status) VALUES ('66338438-8919-49a6-8999-4900e22dcccf', 'interviewee190', 'qwerty', 51, 'female', 'CV', 'married');
INSERT INTO choice (id, questionnaire_id, interviewee_id) VALUES ('2a3103b7-2b83-4007-8429-f0b82050994f', 'a7e484ae-fb91-4ddf-a8c0-869a7f4ad0ee', '66338438-8919-49a6-8999-4900e22dcccf');
INSERT INTO option_choice (option_id, choice_id) VALUES ('4331f8de-01b0-4500-b3ce-a712074f2e20', '2a3103b7-2b83-4007-8429-f0b82050994f');
INSERT INTO interviewee (id, login, password, age, gender, country, marital_status) VALUES ('9d9a2fcc-68f7-45c5-9435-dc44fa2a5fc2', 'interviewee191', 'qwerty', 21, 'male', 'AD', 'married');
INSERT INTO choice (id, questionnaire_id, interviewee_id) VALUES ('eb507a0d-3687-4655-b2a8-fc785d4b249d', 'b5ae5620-2d58-48f5-a060-28e8fd1859dd', '9d9a2fcc-68f7-45c5-9435-dc44fa2a5fc2');
INSERT INTO option_choice (option_id, choice_id) VALUES ('68702e14-fb48-4755-b6ec-11c860048f90', 'eb507a0d-3687-4655-b2a8-fc785d4b249d');
INSERT INTO interviewee (id, login, password, age, gender, country, marital_status) VALUES ('975c7a52-f13b-4552-86a6-49685b61514c', 'interviewee192', 'qwerty', 15, 'male', 'VG', 'was_not_married');
INSERT INTO choice (id, questionnaire_id, interviewee_id) VALUES ('d068deba-b8e1-4631-b7df-d1ee2d7108a2', '56c296cd-7c3b-4eb1-90cb-745e555a098c', '975c7a52-f13b-4552-86a6-49685b61514c');
INSERT INTO option_choice (option_id, choice_id) VALUES ('e2f977a1-4767-4f5b-b056-27e45348cf1a', 'd068deba-b8e1-4631-b7df-d1ee2d7108a2');
INSERT INTO option_choice (option_id, choice_id) VALUES ('75d9d333-93f8-42f6-be3b-9a5a24aa476c', 'd068deba-b8e1-4631-b7df-d1ee2d7108a2');
INSERT INTO option_choice (option_id, choice_id) VALUES ('00605853-328c-4a30-9227-5513208ca17e', 'd068deba-b8e1-4631-b7df-d1ee2d7108a2');
INSERT INTO option_choice (option_id, choice_id) VALUES ('0e27133d-354c-4e2d-af9f-e74397954328', 'd068deba-b8e1-4631-b7df-d1ee2d7108a2');
INSERT INTO option_choice (option_id, choice_id) VALUES ('d583c2c9-6998-483b-a5e4-67068e974d6f', 'd068deba-b8e1-4631-b7df-d1ee2d7108a2');
INSERT INTO choice (id, questionnaire_id, interviewee_id) VALUES ('076b9a93-a932-4a82-abe4-71c56b9f5f4c', 'a345b682-c7ac-49ac-9f14-4f5173a872d8', '975c7a52-f13b-4552-86a6-49685b61514c');
INSERT INTO option_choice (option_id, choice_id) VALUES ('faa6ab11-59ef-4e3b-aa30-88fe576f7451', '076b9a93-a932-4a82-abe4-71c56b9f5f4c');
INSERT INTO choice (id, questionnaire_id, interviewee_id) VALUES ('aa6b6a1a-8303-4f87-aedb-0cc665c921de', '1a336595-020d-4026-a389-afd9a80cf707', '975c7a52-f13b-4552-86a6-49685b61514c');
INSERT INTO option_choice (option_id, choice_id) VALUES ('fb8edb03-709f-43c3-9875-7ba762e529a6', 'aa6b6a1a-8303-4f87-aedb-0cc665c921de');
INSERT INTO interviewee (id, login, password, age, gender, country, marital_status) VALUES ('ce65cf13-738a-43ce-9090-15cfdb8291e6', 'interviewee193', 'qwerty', 70, 'female', 'AR', 'divorced');
INSERT INTO choice (id, questionnaire_id, interviewee_id) VALUES ('991cc55e-7f4f-4d50-966f-08edab1cfed9', 'd05638df-f11c-413d-8456-ee036bed2914', 'ce65cf13-738a-43ce-9090-15cfdb8291e6');
INSERT INTO option_choice (option_id, choice_id) VALUES ('b4b64304-6288-40df-8120-283c58db8d1a', '991cc55e-7f4f-4d50-966f-08edab1cfed9');
INSERT INTO choice (id, questionnaire_id, interviewee_id) VALUES ('e26dccef-489d-4a51-a7b1-b116bcae55b4', 'b6588e29-37de-425f-834e-e867f77794ce', 'ce65cf13-738a-43ce-9090-15cfdb8291e6');
INSERT INTO option_choice (option_id, choice_id) VALUES ('4bde418e-a165-43f7-ac7b-c6d2ab034e2e', 'e26dccef-489d-4a51-a7b1-b116bcae55b4');
INSERT INTO option_choice (option_id, choice_id) VALUES ('460ff4a7-d376-4dc8-b5bb-9ab1989fbb31', 'e26dccef-489d-4a51-a7b1-b116bcae55b4');
INSERT INTO option_choice (option_id, choice_id) VALUES ('7f0bbd14-8cfc-4a28-88f7-5af992a4c02b', 'e26dccef-489d-4a51-a7b1-b116bcae55b4');
INSERT INTO option_choice (option_id, choice_id) VALUES ('5b82f100-bb0f-47ec-9395-7a0409f4b7ef', 'e26dccef-489d-4a51-a7b1-b116bcae55b4');
INSERT INTO option_choice (option_id, choice_id) VALUES ('46bd1403-2ee0-4145-8014-8dd4fafcb8af', 'e26dccef-489d-4a51-a7b1-b116bcae55b4');
INSERT INTO option_choice (option_id, choice_id) VALUES ('ec37510e-f2a1-4e16-ae94-e9ea2c4461e3', 'e26dccef-489d-4a51-a7b1-b116bcae55b4');
INSERT INTO option_choice (option_id, choice_id) VALUES ('40c301f5-13ed-4b94-85aa-e1c562adce4d', 'e26dccef-489d-4a51-a7b1-b116bcae55b4');
INSERT INTO choice (id, questionnaire_id, interviewee_id) VALUES ('32c9a287-0f69-4f2f-828a-8f304718adca', '1a336595-020d-4026-a389-afd9a80cf707', 'ce65cf13-738a-43ce-9090-15cfdb8291e6');
INSERT INTO option_choice (option_id, choice_id) VALUES ('fb8edb03-709f-43c3-9875-7ba762e529a6', '32c9a287-0f69-4f2f-828a-8f304718adca');
INSERT INTO interviewee (id, login, password, age, gender, country, marital_status) VALUES ('689d9e7c-703d-4a8d-b2ad-fcc60b3d5780', 'interviewee194', 'qwerty', 54, 'female', 'DE', 'divorced');
INSERT INTO choice (id, questionnaire_id, interviewee_id) VALUES ('0604dfe8-d054-4b22-8372-009bf082a63e', 'af6f1431-a90e-4919-83a4-359d6a8a7d22', '689d9e7c-703d-4a8d-b2ad-fcc60b3d5780');
INSERT INTO option_choice (option_id, choice_id) VALUES ('14b9069e-cc19-448a-96f6-c333a9a53635', '0604dfe8-d054-4b22-8372-009bf082a63e');
INSERT INTO option_choice (option_id, choice_id) VALUES ('e41b3b09-f2a6-4206-bfde-743557a31646', '0604dfe8-d054-4b22-8372-009bf082a63e');
INSERT INTO option_choice (option_id, choice_id) VALUES ('d6e4609d-6705-4cc8-b83a-4786ea4f6ad6', '0604dfe8-d054-4b22-8372-009bf082a63e');
INSERT INTO choice (id, questionnaire_id, interviewee_id) VALUES ('c8b43bc9-99a7-4fe5-94d9-1635fafe2414', '83dbd16d-6765-468d-944f-022d10d042e5', '689d9e7c-703d-4a8d-b2ad-fcc60b3d5780');
INSERT INTO option_choice (option_id, choice_id) VALUES ('d8a63395-3425-4d1b-95be-b38dc31cb0af', 'c8b43bc9-99a7-4fe5-94d9-1635fafe2414');
INSERT INTO choice (id, questionnaire_id, interviewee_id) VALUES ('20c18d9b-336d-4e60-a64c-4965c144d48e', '309e872a-e145-4926-998b-ec0fdb62466a', '689d9e7c-703d-4a8d-b2ad-fcc60b3d5780');
INSERT INTO option_choice (option_id, choice_id) VALUES ('1dcd1e79-636e-4d6c-b9b4-dcf0da4fdaaa', '20c18d9b-336d-4e60-a64c-4965c144d48e');
INSERT INTO option_choice (option_id, choice_id) VALUES ('4579f5ab-3007-4302-aa53-456cd440599b', '20c18d9b-336d-4e60-a64c-4965c144d48e');
INSERT INTO option_choice (option_id, choice_id) VALUES ('926da358-7388-4aea-b601-42bcfcd8c071', '20c18d9b-336d-4e60-a64c-4965c144d48e');
INSERT INTO interviewee (id, login, password, age, gender, country, marital_status) VALUES ('d81cc2b8-6f22-42ea-837e-90e0d2371397', 'interviewee195', 'qwerty', 63, 'male', 'EE', 'married');
INSERT INTO choice (id, questionnaire_id, interviewee_id) VALUES ('78c1b773-c2b4-4376-b7ba-9a02b739093c', '83dbd16d-6765-468d-944f-022d10d042e5', 'd81cc2b8-6f22-42ea-837e-90e0d2371397');
INSERT INTO option_choice (option_id, choice_id) VALUES ('eee0aab7-8b77-4c19-b028-648aa7e303ed', '78c1b773-c2b4-4376-b7ba-9a02b739093c');
INSERT INTO option_choice (option_id, choice_id) VALUES ('d8a63395-3425-4d1b-95be-b38dc31cb0af', '78c1b773-c2b4-4376-b7ba-9a02b739093c');
INSERT INTO option_choice (option_id, choice_id) VALUES ('176e8036-bece-46c0-beb2-71eb28a41f51', '78c1b773-c2b4-4376-b7ba-9a02b739093c');
INSERT INTO option_choice (option_id, choice_id) VALUES ('d6416cf3-39f7-4cf9-ba84-314605b84d03', '78c1b773-c2b4-4376-b7ba-9a02b739093c');
INSERT INTO choice (id, questionnaire_id, interviewee_id) VALUES ('2bdb9d09-ffc1-465c-ad7c-c76cafeed018', '0b6580ec-1374-4a48-ad1d-b1fa316ad9be', 'd81cc2b8-6f22-42ea-837e-90e0d2371397');
INSERT INTO option_choice (option_id, choice_id) VALUES ('a518cc4d-143a-45ca-b29f-a7c53dacc773', '2bdb9d09-ffc1-465c-ad7c-c76cafeed018');
INSERT INTO interviewee (id, login, password, age, gender, country, marital_status) VALUES ('e79eb131-b241-4b78-88b6-e2be45190772', 'interviewee196', 'qwerty', 27, 'male', 'TT', 'divorced');
INSERT INTO choice (id, questionnaire_id, interviewee_id) VALUES ('f2081d7e-f377-480e-bee8-f34388f42a61', 'bf8da1bc-7284-44d0-a7c0-4e0321978aa0', 'e79eb131-b241-4b78-88b6-e2be45190772');
INSERT INTO option_choice (option_id, choice_id) VALUES ('1690438b-db39-4933-b62c-4f692bce0c76', 'f2081d7e-f377-480e-bee8-f34388f42a61');
INSERT INTO choice (id, questionnaire_id, interviewee_id) VALUES ('ac7807ea-6a53-44be-9ba6-1896bafa968d', 'e2cf177f-e49f-4aef-99a6-095d711c6ec2', 'e79eb131-b241-4b78-88b6-e2be45190772');
INSERT INTO option_choice (option_id, choice_id) VALUES ('242c02d5-0f4b-4e89-976f-3754854f478c', 'ac7807ea-6a53-44be-9ba6-1896bafa968d');
INSERT INTO interviewee (id, login, password, age, gender, country, marital_status) VALUES ('f3a7a557-197d-43b4-a88a-4f7e6d288e04', 'interviewee197', 'qwerty', 17, 'female', 'GY', 'divorced');
INSERT INTO choice (id, questionnaire_id, interviewee_id) VALUES ('99309f2d-24a2-4d05-8ff7-fbed06e0c8d9', '1a336595-020d-4026-a389-afd9a80cf707', 'f3a7a557-197d-43b4-a88a-4f7e6d288e04');
INSERT INTO option_choice (option_id, choice_id) VALUES ('17fa6a45-befd-4756-95f2-c6c400c916a8', '99309f2d-24a2-4d05-8ff7-fbed06e0c8d9');
INSERT INTO interviewee (id, login, password, age, gender, country, marital_status) VALUES ('2957e0c9-b377-46d8-9721-ab00cbd5d830', 'interviewee198', 'qwerty', 53, 'male', 'CO', 'married');
INSERT INTO choice (id, questionnaire_id, interviewee_id) VALUES ('6204af2a-af8c-45f1-9b74-d4932d3015a0', 'e2cf177f-e49f-4aef-99a6-095d711c6ec2', '2957e0c9-b377-46d8-9721-ab00cbd5d830');
INSERT INTO option_choice (option_id, choice_id) VALUES ('242c02d5-0f4b-4e89-976f-3754854f478c', '6204af2a-af8c-45f1-9b74-d4932d3015a0');
INSERT INTO interviewee (id, login, password, age, gender, country, marital_status) VALUES ('85f2321d-f4ac-4053-89d8-2826d169b6be', 'interviewee199', 'qwerty', 29, 'female', 'PS', 'was_not_married');
INSERT INTO choice (id, questionnaire_id, interviewee_id) VALUES ('deb60d17-b001-49e8-9e4d-2102030492b5', '8adfa259-7459-4497-b994-7101058c39c1', '85f2321d-f4ac-4053-89d8-2826d169b6be');
INSERT INTO option_choice (option_id, choice_id) VALUES ('968d6b86-376e-4d23-9555-89ee1d638c1c', 'deb60d17-b001-49e8-9e4d-2102030492b5');
INSERT INTO choice (id, questionnaire_id, interviewee_id) VALUES ('d22f3da0-6d23-469e-8b82-7869108a46bd', 'b6588e29-37de-425f-834e-e867f77794ce', '85f2321d-f4ac-4053-89d8-2826d169b6be');
INSERT INTO option_choice (option_id, choice_id) VALUES ('07e7a8bf-65e2-41d5-aeef-91bcbe765392', 'd22f3da0-6d23-469e-8b82-7869108a46bd');
INSERT INTO option_choice (option_id, choice_id) VALUES ('7f0bbd14-8cfc-4a28-88f7-5af992a4c02b', 'd22f3da0-6d23-469e-8b82-7869108a46bd');
INSERT INTO option_choice (option_id, choice_id) VALUES ('40c301f5-13ed-4b94-85aa-e1c562adce4d', 'd22f3da0-6d23-469e-8b82-7869108a46bd');
INSERT INTO option_choice (option_id, choice_id) VALUES ('460ff4a7-d376-4dc8-b5bb-9ab1989fbb31', 'd22f3da0-6d23-469e-8b82-7869108a46bd');
INSERT INTO interviewee (id, login, password, age, gender, country, marital_status) VALUES ('8f894e89-7e53-48a5-a31d-b6e11a8a0856', 'interviewee200', 'qwerty', 14, 'female', 'CO', 'was_not_married');
INSERT INTO choice (id, questionnaire_id, interviewee_id) VALUES ('668624e5-e90d-4647-b65d-2a27196de932', 'cb70c074-82ef-4114-aabc-e940a19b5bb0', '8f894e89-7e53-48a5-a31d-b6e11a8a0856');
INSERT INTO option_choice (option_id, choice_id) VALUES ('b2aebe06-b155-47cd-a39d-b9c1beabb465', '668624e5-e90d-4647-b65d-2a27196de932');
INSERT INTO interviewee (id, login, password, age, gender, country, marital_status) VALUES ('e3b747cc-4a67-4703-98f0-640120c2211c', 'interviewee201', 'qwerty', 60, 'female', 'CZ', 'divorced');
INSERT INTO choice (id, questionnaire_id, interviewee_id) VALUES ('218af3be-8546-4c9c-b867-08e1790907e3', '342b973f-a1d1-4062-a073-fb80b6195e1a', 'e3b747cc-4a67-4703-98f0-640120c2211c');
INSERT INTO option_choice (option_id, choice_id) VALUES ('47afaa62-a5ba-4be6-81b8-673fae59c987', '218af3be-8546-4c9c-b867-08e1790907e3');
INSERT INTO option_choice (option_id, choice_id) VALUES ('a95386af-e627-4a57-adc2-0009818da88b', '218af3be-8546-4c9c-b867-08e1790907e3');
INSERT INTO option_choice (option_id, choice_id) VALUES ('d84282d4-6002-4289-bb10-cb7bfd2e906b', '218af3be-8546-4c9c-b867-08e1790907e3');
INSERT INTO choice (id, questionnaire_id, interviewee_id) VALUES ('6aab5029-09a2-4491-939b-eec55c2f0b43', 'af6f1431-a90e-4919-83a4-359d6a8a7d22', 'e3b747cc-4a67-4703-98f0-640120c2211c');
INSERT INTO option_choice (option_id, choice_id) VALUES ('1d5c1c89-2fbe-4efd-aab1-12329e29ad0f', '6aab5029-09a2-4491-939b-eec55c2f0b43');
INSERT INTO option_choice (option_id, choice_id) VALUES ('e6932ff8-921c-4ab7-b5c5-37e59ea816fd', '6aab5029-09a2-4491-939b-eec55c2f0b43');
INSERT INTO option_choice (option_id, choice_id) VALUES ('e41b3b09-f2a6-4206-bfde-743557a31646', '6aab5029-09a2-4491-939b-eec55c2f0b43');
INSERT INTO option_choice (option_id, choice_id) VALUES ('14b9069e-cc19-448a-96f6-c333a9a53635', '6aab5029-09a2-4491-939b-eec55c2f0b43');
INSERT INTO option_choice (option_id, choice_id) VALUES ('a3c0df26-f677-4a76-9fc9-e8bcb2a586ec', '6aab5029-09a2-4491-939b-eec55c2f0b43');
INSERT INTO option_choice (option_id, choice_id) VALUES ('b6cea016-cb83-4752-bbc0-0e2a71b294d6', '6aab5029-09a2-4491-939b-eec55c2f0b43');
INSERT INTO option_choice (option_id, choice_id) VALUES ('d6e4609d-6705-4cc8-b83a-4786ea4f6ad6', '6aab5029-09a2-4491-939b-eec55c2f0b43');
INSERT INTO interviewee (id, login, password, age, gender, country, marital_status) VALUES ('5aed3072-1b1a-4ffd-8a8e-616a0c964415', 'interviewee202', 'qwerty', 62, 'male', 'CK', 'married');
INSERT INTO choice (id, questionnaire_id, interviewee_id) VALUES ('c5317277-cbf9-4580-980c-a6824719312e', 'a345b682-c7ac-49ac-9f14-4f5173a872d8', '5aed3072-1b1a-4ffd-8a8e-616a0c964415');
INSERT INTO option_choice (option_id, choice_id) VALUES ('faa6ab11-59ef-4e3b-aa30-88fe576f7451', 'c5317277-cbf9-4580-980c-a6824719312e');
INSERT INTO choice (id, questionnaire_id, interviewee_id) VALUES ('a1afcb31-2044-4f8e-997d-3c26f3de1b9f', '557cb630-d2f4-4e11-afe9-d50534deb525', '5aed3072-1b1a-4ffd-8a8e-616a0c964415');
INSERT INTO option_choice (option_id, choice_id) VALUES ('3495c366-5183-4e9e-856e-8a1c40f7bab1', 'a1afcb31-2044-4f8e-997d-3c26f3de1b9f');
INSERT INTO choice (id, questionnaire_id, interviewee_id) VALUES ('e1db2615-4183-4a9b-8453-1ff3e525d844', 'd05638df-f11c-413d-8456-ee036bed2914', '5aed3072-1b1a-4ffd-8a8e-616a0c964415');
INSERT INTO option_choice (option_id, choice_id) VALUES ('b4b64304-6288-40df-8120-283c58db8d1a', 'e1db2615-4183-4a9b-8453-1ff3e525d844');
INSERT INTO interviewee (id, login, password, age, gender, country, marital_status) VALUES ('b7260ea5-a7c5-4aa9-8500-63b50c6bedcc', 'interviewee203', 'qwerty', 55, 'female', 'NI', 'was_not_married');
INSERT INTO choice (id, questionnaire_id, interviewee_id) VALUES ('8304ef05-6812-4bb9-90bd-afabc29e4962', 'a7e484ae-fb91-4ddf-a8c0-869a7f4ad0ee', 'b7260ea5-a7c5-4aa9-8500-63b50c6bedcc');
INSERT INTO option_choice (option_id, choice_id) VALUES ('5833b1ae-14b5-474e-8178-69dc98fc720e', '8304ef05-6812-4bb9-90bd-afabc29e4962');
INSERT INTO choice (id, questionnaire_id, interviewee_id) VALUES ('c1320e24-bc19-4ea4-ae97-b1391422749d', 'd05638df-f11c-413d-8456-ee036bed2914', 'b7260ea5-a7c5-4aa9-8500-63b50c6bedcc');
INSERT INTO option_choice (option_id, choice_id) VALUES ('b4b64304-6288-40df-8120-283c58db8d1a', 'c1320e24-bc19-4ea4-ae97-b1391422749d');
INSERT INTO choice (id, questionnaire_id, interviewee_id) VALUES ('3862663f-560a-4150-b733-cbf635f46ea1', '21abb345-1235-4f5e-8b5b-2f6f89f30fee', 'b7260ea5-a7c5-4aa9-8500-63b50c6bedcc');
INSERT INTO option_choice (option_id, choice_id) VALUES ('bf5bc6ce-b791-45ed-9dbe-fe939c3ccd4b', '3862663f-560a-4150-b733-cbf635f46ea1');
INSERT INTO interviewee (id, login, password, age, gender, country, marital_status) VALUES ('29b05484-7bb2-41d2-9246-12626f7823aa', 'interviewee204', 'qwerty', 62, 'male', 'BE', 'married');
INSERT INTO choice (id, questionnaire_id, interviewee_id) VALUES ('1ceac4d6-0c4f-4a52-a320-9a48563ed628', '21abb345-1235-4f5e-8b5b-2f6f89f30fee', '29b05484-7bb2-41d2-9246-12626f7823aa');
INSERT INTO option_choice (option_id, choice_id) VALUES ('785185e3-f7db-4c98-901d-0cf973d9050c', '1ceac4d6-0c4f-4a52-a320-9a48563ed628');
INSERT INTO choice (id, questionnaire_id, interviewee_id) VALUES ('d0895c89-2db8-4af9-a97f-5a5a0f67c401', 'b6588e29-37de-425f-834e-e867f77794ce', '29b05484-7bb2-41d2-9246-12626f7823aa');
INSERT INTO option_choice (option_id, choice_id) VALUES ('5b82f100-bb0f-47ec-9395-7a0409f4b7ef', 'd0895c89-2db8-4af9-a97f-5a5a0f67c401');
INSERT INTO option_choice (option_id, choice_id) VALUES ('40c301f5-13ed-4b94-85aa-e1c562adce4d', 'd0895c89-2db8-4af9-a97f-5a5a0f67c401');
INSERT INTO option_choice (option_id, choice_id) VALUES ('46bd1403-2ee0-4145-8014-8dd4fafcb8af', 'd0895c89-2db8-4af9-a97f-5a5a0f67c401');
INSERT INTO option_choice (option_id, choice_id) VALUES ('07e7a8bf-65e2-41d5-aeef-91bcbe765392', 'd0895c89-2db8-4af9-a97f-5a5a0f67c401');
INSERT INTO option_choice (option_id, choice_id) VALUES ('ec37510e-f2a1-4e16-ae94-e9ea2c4461e3', 'd0895c89-2db8-4af9-a97f-5a5a0f67c401');
INSERT INTO option_choice (option_id, choice_id) VALUES ('7f0bbd14-8cfc-4a28-88f7-5af992a4c02b', 'd0895c89-2db8-4af9-a97f-5a5a0f67c401');
INSERT INTO option_choice (option_id, choice_id) VALUES ('460ff4a7-d376-4dc8-b5bb-9ab1989fbb31', 'd0895c89-2db8-4af9-a97f-5a5a0f67c401');
INSERT INTO option_choice (option_id, choice_id) VALUES ('4bde418e-a165-43f7-ac7b-c6d2ab034e2e', 'd0895c89-2db8-4af9-a97f-5a5a0f67c401');
INSERT INTO choice (id, questionnaire_id, interviewee_id) VALUES ('b3940b67-250d-4bfe-ac69-761bebddee57', 'e2cf177f-e49f-4aef-99a6-095d711c6ec2', '29b05484-7bb2-41d2-9246-12626f7823aa');
INSERT INTO option_choice (option_id, choice_id) VALUES ('1b5e4a41-da4c-4845-8698-5ed9deee3ca2', 'b3940b67-250d-4bfe-ac69-761bebddee57');
INSERT INTO interviewee (id, login, password, age, gender, country, marital_status) VALUES ('93de2726-4cfa-4322-9127-620ff4abdc6a', 'interviewee205', 'qwerty', 60, 'male', 'IN', 'was_not_married');
INSERT INTO choice (id, questionnaire_id, interviewee_id) VALUES ('73c26ce2-3c65-4424-9fca-ca9237dfda1a', '1a336595-020d-4026-a389-afd9a80cf707', '93de2726-4cfa-4322-9127-620ff4abdc6a');
INSERT INTO option_choice (option_id, choice_id) VALUES ('22762ef8-944e-46b0-a7e0-4e990383e528', '73c26ce2-3c65-4424-9fca-ca9237dfda1a');
INSERT INTO interviewee (id, login, password, age, gender, country, marital_status) VALUES ('d76b008b-4c83-4236-868a-0990402fd52d', 'interviewee206', 'qwerty', 14, 'female', 'MW', 'was_not_married');
INSERT INTO choice (id, questionnaire_id, interviewee_id) VALUES ('59d4ac87-9193-4858-bb08-ffda62b41df2', 'af6f1431-a90e-4919-83a4-359d6a8a7d22', 'd76b008b-4c83-4236-868a-0990402fd52d');
INSERT INTO option_choice (option_id, choice_id) VALUES ('e41b3b09-f2a6-4206-bfde-743557a31646', '59d4ac87-9193-4858-bb08-ffda62b41df2');
INSERT INTO option_choice (option_id, choice_id) VALUES ('1d5c1c89-2fbe-4efd-aab1-12329e29ad0f', '59d4ac87-9193-4858-bb08-ffda62b41df2');
INSERT INTO option_choice (option_id, choice_id) VALUES ('e6932ff8-921c-4ab7-b5c5-37e59ea816fd', '59d4ac87-9193-4858-bb08-ffda62b41df2');
INSERT INTO option_choice (option_id, choice_id) VALUES ('a3c0df26-f677-4a76-9fc9-e8bcb2a586ec', '59d4ac87-9193-4858-bb08-ffda62b41df2');
INSERT INTO option_choice (option_id, choice_id) VALUES ('d6e4609d-6705-4cc8-b83a-4786ea4f6ad6', '59d4ac87-9193-4858-bb08-ffda62b41df2');
INSERT INTO option_choice (option_id, choice_id) VALUES ('14b9069e-cc19-448a-96f6-c333a9a53635', '59d4ac87-9193-4858-bb08-ffda62b41df2');
INSERT INTO option_choice (option_id, choice_id) VALUES ('b6cea016-cb83-4752-bbc0-0e2a71b294d6', '59d4ac87-9193-4858-bb08-ffda62b41df2');
INSERT INTO choice (id, questionnaire_id, interviewee_id) VALUES ('a013419c-d4de-4a08-836b-1c3c772f5b5c', 'afb83fe3-e755-403b-9a15-c18b3782c012', 'd76b008b-4c83-4236-868a-0990402fd52d');
INSERT INTO option_choice (option_id, choice_id) VALUES ('db1f1f55-651e-4dd8-b4c1-deb2f26216b2', 'a013419c-d4de-4a08-836b-1c3c772f5b5c');
INSERT INTO choice (id, questionnaire_id, interviewee_id) VALUES ('e8765202-c96a-4936-a922-c20f7d7bdc96', '83dbd16d-6765-468d-944f-022d10d042e5', 'd76b008b-4c83-4236-868a-0990402fd52d');
INSERT INTO option_choice (option_id, choice_id) VALUES ('eee0aab7-8b77-4c19-b028-648aa7e303ed', 'e8765202-c96a-4936-a922-c20f7d7bdc96');
INSERT INTO option_choice (option_id, choice_id) VALUES ('d8a63395-3425-4d1b-95be-b38dc31cb0af', 'e8765202-c96a-4936-a922-c20f7d7bdc96');
INSERT INTO option_choice (option_id, choice_id) VALUES ('176e8036-bece-46c0-beb2-71eb28a41f51', 'e8765202-c96a-4936-a922-c20f7d7bdc96');
INSERT INTO option_choice (option_id, choice_id) VALUES ('d6416cf3-39f7-4cf9-ba84-314605b84d03', 'e8765202-c96a-4936-a922-c20f7d7bdc96');
INSERT INTO interviewee (id, login, password, age, gender, country, marital_status) VALUES ('be4cc2c9-57fa-4c77-97df-2fa78d474787', 'interviewee207', 'qwerty', 31, 'female', 'AL', 'was_not_married');
INSERT INTO choice (id, questionnaire_id, interviewee_id) VALUES ('916e490c-a27f-41d9-b2ec-6929fe07443e', 'a345b682-c7ac-49ac-9f14-4f5173a872d8', 'be4cc2c9-57fa-4c77-97df-2fa78d474787');
INSERT INTO option_choice (option_id, choice_id) VALUES ('4389db4e-2a8b-43f8-8643-dd6f5a5f160e', '916e490c-a27f-41d9-b2ec-6929fe07443e');
INSERT INTO choice (id, questionnaire_id, interviewee_id) VALUES ('e1a74767-bf7c-4ca6-a5e3-641b7bea645b', 'e2cf177f-e49f-4aef-99a6-095d711c6ec2', 'be4cc2c9-57fa-4c77-97df-2fa78d474787');
INSERT INTO option_choice (option_id, choice_id) VALUES ('1b5e4a41-da4c-4845-8698-5ed9deee3ca2', 'e1a74767-bf7c-4ca6-a5e3-641b7bea645b');
INSERT INTO interviewee (id, login, password, age, gender, country, marital_status) VALUES ('366f947a-92ab-4055-9e1b-3baafa5bb8e4', 'interviewee208', 'qwerty', 68, 'female', 'FK', 'married');
INSERT INTO choice (id, questionnaire_id, interviewee_id) VALUES ('8aa8274d-8cd6-415a-9e92-f3d6b7b20b7d', 'd05638df-f11c-413d-8456-ee036bed2914', '366f947a-92ab-4055-9e1b-3baafa5bb8e4');
INSERT INTO option_choice (option_id, choice_id) VALUES ('b4b64304-6288-40df-8120-283c58db8d1a', '8aa8274d-8cd6-415a-9e92-f3d6b7b20b7d');
INSERT INTO interviewee (id, login, password, age, gender, country, marital_status) VALUES ('65254cc3-4600-42e2-9b88-613d0528130c', 'interviewee209', 'qwerty', 33, 'female', 'LV', 'divorced');
INSERT INTO choice (id, questionnaire_id, interviewee_id) VALUES ('e993e6ea-2a6f-428d-b532-8c2d4b1beee9', 'e679f6e5-388e-4679-9f14-15a0896d2816', '65254cc3-4600-42e2-9b88-613d0528130c');
INSERT INTO option_choice (option_id, choice_id) VALUES ('5169914a-cf41-4077-8993-1322df09c3da', 'e993e6ea-2a6f-428d-b532-8c2d4b1beee9');
INSERT INTO option_choice (option_id, choice_id) VALUES ('01fc26e1-e8f8-407f-a1b8-6af243e9c3dd', 'e993e6ea-2a6f-428d-b532-8c2d4b1beee9');
INSERT INTO option_choice (option_id, choice_id) VALUES ('ae13d28d-5670-495b-a9e0-d0949dab86e3', 'e993e6ea-2a6f-428d-b532-8c2d4b1beee9');
INSERT INTO option_choice (option_id, choice_id) VALUES ('f62b7b4d-17f1-4686-9782-f0b454d6f390', 'e993e6ea-2a6f-428d-b532-8c2d4b1beee9');
INSERT INTO option_choice (option_id, choice_id) VALUES ('7fc08a6e-900b-45ea-b455-29a8eb343039', 'e993e6ea-2a6f-428d-b532-8c2d4b1beee9');
INSERT INTO choice (id, questionnaire_id, interviewee_id) VALUES ('fb0293bf-400c-418a-b803-6fe0be703689', '309e872a-e145-4926-998b-ec0fdb62466a', '65254cc3-4600-42e2-9b88-613d0528130c');
INSERT INTO option_choice (option_id, choice_id) VALUES ('1dcd1e79-636e-4d6c-b9b4-dcf0da4fdaaa', 'fb0293bf-400c-418a-b803-6fe0be703689');
INSERT INTO option_choice (option_id, choice_id) VALUES ('926da358-7388-4aea-b601-42bcfcd8c071', 'fb0293bf-400c-418a-b803-6fe0be703689');
INSERT INTO option_choice (option_id, choice_id) VALUES ('8ccfc598-c3a0-4ad2-a052-f4e6e3edc252', 'fb0293bf-400c-418a-b803-6fe0be703689');
INSERT INTO option_choice (option_id, choice_id) VALUES ('4579f5ab-3007-4302-aa53-456cd440599b', 'fb0293bf-400c-418a-b803-6fe0be703689');
INSERT INTO choice (id, questionnaire_id, interviewee_id) VALUES ('50d2a6c8-a3bb-415a-a69c-890858b4bad4', 'cb70c074-82ef-4114-aabc-e940a19b5bb0', '65254cc3-4600-42e2-9b88-613d0528130c');
INSERT INTO option_choice (option_id, choice_id) VALUES ('4fbbc5c4-5cc1-4421-86a2-d7151c56a9df', '50d2a6c8-a3bb-415a-a69c-890858b4bad4');
INSERT INTO option_choice (option_id, choice_id) VALUES ('a6011a1c-260b-45fb-ad13-b09674b0b968', '50d2a6c8-a3bb-415a-a69c-890858b4bad4');
INSERT INTO option_choice (option_id, choice_id) VALUES ('b2aebe06-b155-47cd-a39d-b9c1beabb465', '50d2a6c8-a3bb-415a-a69c-890858b4bad4');
INSERT INTO option_choice (option_id, choice_id) VALUES ('c2db2843-0153-4422-8aa4-c4c9e640418d', '50d2a6c8-a3bb-415a-a69c-890858b4bad4');
INSERT INTO interviewee (id, login, password, age, gender, country, marital_status) VALUES ('b41bbd70-ff93-4de2-8d03-9e1eeabaeeeb', 'interviewee210', 'qwerty', 38, 'male', 'CR', 'was_not_married');
INSERT INTO choice (id, questionnaire_id, interviewee_id) VALUES ('c884439a-b4a5-46cc-9744-d0d6e3e5241e', 'd05638df-f11c-413d-8456-ee036bed2914', 'b41bbd70-ff93-4de2-8d03-9e1eeabaeeeb');
INSERT INTO option_choice (option_id, choice_id) VALUES ('b0557de3-6b66-4e79-b1ac-c2b8f0a5096b', 'c884439a-b4a5-46cc-9744-d0d6e3e5241e');
INSERT INTO interviewee (id, login, password, age, gender, country, marital_status) VALUES ('bce3aae1-a72b-4e80-a18b-1ceb80150d21', 'interviewee211', 'qwerty', 47, 'female', 'GR', 'divorced');
INSERT INTO choice (id, questionnaire_id, interviewee_id) VALUES ('ca9fe213-4a1e-4f96-8f81-5fb1433429ce', 'd05638df-f11c-413d-8456-ee036bed2914', 'bce3aae1-a72b-4e80-a18b-1ceb80150d21');
INSERT INTO option_choice (option_id, choice_id) VALUES ('b4b64304-6288-40df-8120-283c58db8d1a', 'ca9fe213-4a1e-4f96-8f81-5fb1433429ce');
INSERT INTO interviewee (id, login, password, age, gender, country, marital_status) VALUES ('bc543971-914f-4cf6-b31e-9cafaab30907', 'interviewee212', 'qwerty', 16, 'female', 'IN', 'divorced');
INSERT INTO choice (id, questionnaire_id, interviewee_id) VALUES ('ba41e441-f5be-4017-ad2b-e54d1b015278', 'bf8da1bc-7284-44d0-a7c0-4e0321978aa0', 'bc543971-914f-4cf6-b31e-9cafaab30907');
INSERT INTO option_choice (option_id, choice_id) VALUES ('9bdf6935-cda0-4d8b-82bb-51be50aece89', 'ba41e441-f5be-4017-ad2b-e54d1b015278');
INSERT INTO interviewee (id, login, password, age, gender, country, marital_status) VALUES ('7dfa9211-d142-4962-9c78-00ed38738949', 'interviewee213', 'qwerty', 48, 'female', 'IL', 'divorced');
INSERT INTO choice (id, questionnaire_id, interviewee_id) VALUES ('a780ba80-28e1-49b7-9716-9e60f2ccc9bd', 'e2cf177f-e49f-4aef-99a6-095d711c6ec2', '7dfa9211-d142-4962-9c78-00ed38738949');
INSERT INTO option_choice (option_id, choice_id) VALUES ('1b5e4a41-da4c-4845-8698-5ed9deee3ca2', 'a780ba80-28e1-49b7-9716-9e60f2ccc9bd');
INSERT INTO interviewee (id, login, password, age, gender, country, marital_status) VALUES ('e3da30d0-b048-4906-8eb0-dbbd510f07d0', 'interviewee214', 'qwerty', 61, 'male', 'MF', 'divorced');
INSERT INTO choice (id, questionnaire_id, interviewee_id) VALUES ('fc450d82-0f03-4bca-8512-acdb6c829463', '6a34c81d-d686-4ce4-8e2f-ec3d2ba47346', 'e3da30d0-b048-4906-8eb0-dbbd510f07d0');
INSERT INTO option_choice (option_id, choice_id) VALUES ('39c56f53-1cf2-4487-83be-4d75b94ce4df', 'fc450d82-0f03-4bca-8512-acdb6c829463');
INSERT INTO interviewee (id, login, password, age, gender, country, marital_status) VALUES ('06e68dd4-d88a-4ea1-ad29-607c8d7be760', 'interviewee215', 'qwerty', 58, 'female', 'GM', 'married');
INSERT INTO choice (id, questionnaire_id, interviewee_id) VALUES ('bc0aca18-a3a5-4bd2-a0b1-64b04c596c64', 'af6f1431-a90e-4919-83a4-359d6a8a7d22', '06e68dd4-d88a-4ea1-ad29-607c8d7be760');
INSERT INTO option_choice (option_id, choice_id) VALUES ('b6cea016-cb83-4752-bbc0-0e2a71b294d6', 'bc0aca18-a3a5-4bd2-a0b1-64b04c596c64');
INSERT INTO option_choice (option_id, choice_id) VALUES ('14b9069e-cc19-448a-96f6-c333a9a53635', 'bc0aca18-a3a5-4bd2-a0b1-64b04c596c64');
INSERT INTO option_choice (option_id, choice_id) VALUES ('a3c0df26-f677-4a76-9fc9-e8bcb2a586ec', 'bc0aca18-a3a5-4bd2-a0b1-64b04c596c64');
INSERT INTO option_choice (option_id, choice_id) VALUES ('d6e4609d-6705-4cc8-b83a-4786ea4f6ad6', 'bc0aca18-a3a5-4bd2-a0b1-64b04c596c64');
INSERT INTO option_choice (option_id, choice_id) VALUES ('e41b3b09-f2a6-4206-bfde-743557a31646', 'bc0aca18-a3a5-4bd2-a0b1-64b04c596c64');
INSERT INTO option_choice (option_id, choice_id) VALUES ('e6932ff8-921c-4ab7-b5c5-37e59ea816fd', 'bc0aca18-a3a5-4bd2-a0b1-64b04c596c64');
INSERT INTO option_choice (option_id, choice_id) VALUES ('1d5c1c89-2fbe-4efd-aab1-12329e29ad0f', 'bc0aca18-a3a5-4bd2-a0b1-64b04c596c64');
INSERT INTO choice (id, questionnaire_id, interviewee_id) VALUES ('ee4d064a-4b24-42ef-876b-42ea71b21d1d', '342b973f-a1d1-4062-a073-fb80b6195e1a', '06e68dd4-d88a-4ea1-ad29-607c8d7be760');
INSERT INTO option_choice (option_id, choice_id) VALUES ('47afaa62-a5ba-4be6-81b8-673fae59c987', 'ee4d064a-4b24-42ef-876b-42ea71b21d1d');
INSERT INTO option_choice (option_id, choice_id) VALUES ('a95386af-e627-4a57-adc2-0009818da88b', 'ee4d064a-4b24-42ef-876b-42ea71b21d1d');
INSERT INTO choice (id, questionnaire_id, interviewee_id) VALUES ('da10c733-f415-44ef-84ec-0185954a6bfe', '309e872a-e145-4926-998b-ec0fdb62466a', '06e68dd4-d88a-4ea1-ad29-607c8d7be760');
INSERT INTO option_choice (option_id, choice_id) VALUES ('926da358-7388-4aea-b601-42bcfcd8c071', 'da10c733-f415-44ef-84ec-0185954a6bfe');
INSERT INTO option_choice (option_id, choice_id) VALUES ('1dcd1e79-636e-4d6c-b9b4-dcf0da4fdaaa', 'da10c733-f415-44ef-84ec-0185954a6bfe');
INSERT INTO interviewee (id, login, password, age, gender, country, marital_status) VALUES ('fe8e2346-c750-446c-8a2d-3c7b70d943ca', 'interviewee216', 'qwerty', 37, 'female', 'IS', 'divorced');
INSERT INTO choice (id, questionnaire_id, interviewee_id) VALUES ('2e231526-1acb-4d01-a412-851b74d9b8d2', 'af6f1431-a90e-4919-83a4-359d6a8a7d22', 'fe8e2346-c750-446c-8a2d-3c7b70d943ca');
INSERT INTO option_choice (option_id, choice_id) VALUES ('d6e4609d-6705-4cc8-b83a-4786ea4f6ad6', '2e231526-1acb-4d01-a412-851b74d9b8d2');
INSERT INTO option_choice (option_id, choice_id) VALUES ('e41b3b09-f2a6-4206-bfde-743557a31646', '2e231526-1acb-4d01-a412-851b74d9b8d2');
INSERT INTO option_choice (option_id, choice_id) VALUES ('14b9069e-cc19-448a-96f6-c333a9a53635', '2e231526-1acb-4d01-a412-851b74d9b8d2');
INSERT INTO option_choice (option_id, choice_id) VALUES ('a3c0df26-f677-4a76-9fc9-e8bcb2a586ec', '2e231526-1acb-4d01-a412-851b74d9b8d2');
INSERT INTO option_choice (option_id, choice_id) VALUES ('1d5c1c89-2fbe-4efd-aab1-12329e29ad0f', '2e231526-1acb-4d01-a412-851b74d9b8d2');
INSERT INTO interviewee (id, login, password, age, gender, country, marital_status) VALUES ('ec322a86-0007-4c02-bfcf-3de596d45cf8', 'interviewee217', 'qwerty', 23, 'male', 'HT', 'married');
INSERT INTO choice (id, questionnaire_id, interviewee_id) VALUES ('3f98766f-012b-4755-8722-172b24815c85', '6a34c81d-d686-4ce4-8e2f-ec3d2ba47346', 'ec322a86-0007-4c02-bfcf-3de596d45cf8');
INSERT INTO option_choice (option_id, choice_id) VALUES ('553e0886-1a11-4d34-ad3c-c3ee745c28c8', '3f98766f-012b-4755-8722-172b24815c85');
INSERT INTO choice (id, questionnaire_id, interviewee_id) VALUES ('a91a159d-f062-4461-b9b3-fb01c04ecbb6', 'afb83fe3-e755-403b-9a15-c18b3782c012', 'ec322a86-0007-4c02-bfcf-3de596d45cf8');
INSERT INTO option_choice (option_id, choice_id) VALUES ('db1f1f55-651e-4dd8-b4c1-deb2f26216b2', 'a91a159d-f062-4461-b9b3-fb01c04ecbb6');
INSERT INTO choice (id, questionnaire_id, interviewee_id) VALUES ('33810964-16f7-4529-94bb-f30361ea3797', '8902d50d-0421-4680-82f2-f2b1b667e3fd', 'ec322a86-0007-4c02-bfcf-3de596d45cf8');
INSERT INTO option_choice (option_id, choice_id) VALUES ('ac0c373d-7749-4908-8091-d580700cabb0', '33810964-16f7-4529-94bb-f30361ea3797');
INSERT INTO interviewee (id, login, password, age, gender, country, marital_status) VALUES ('2e1e44cc-97ba-471c-96f1-71c718cf8676', 'interviewee218', 'qwerty', 36, 'male', 'ZM', 'was_not_married');
INSERT INTO choice (id, questionnaire_id, interviewee_id) VALUES ('2c01bf8e-152d-4107-9adf-ee67c9d44a41', '56c296cd-7c3b-4eb1-90cb-745e555a098c', '2e1e44cc-97ba-471c-96f1-71c718cf8676');
INSERT INTO option_choice (option_id, choice_id) VALUES ('d583c2c9-6998-483b-a5e4-67068e974d6f', '2c01bf8e-152d-4107-9adf-ee67c9d44a41');
INSERT INTO interviewee (id, login, password, age, gender, country, marital_status) VALUES ('52e0477d-611a-4ba6-b438-aa9e59b3451c', 'interviewee219', 'qwerty', 70, 'male', 'ZM', 'was_not_married');
INSERT INTO choice (id, questionnaire_id, interviewee_id) VALUES ('d56bbafe-e7a8-483e-9dbf-8aba129fa04b', '56c296cd-7c3b-4eb1-90cb-745e555a098c', '52e0477d-611a-4ba6-b438-aa9e59b3451c');
INSERT INTO option_choice (option_id, choice_id) VALUES ('75d9d333-93f8-42f6-be3b-9a5a24aa476c', 'd56bbafe-e7a8-483e-9dbf-8aba129fa04b');
INSERT INTO option_choice (option_id, choice_id) VALUES ('00605853-328c-4a30-9227-5513208ca17e', 'd56bbafe-e7a8-483e-9dbf-8aba129fa04b');
INSERT INTO option_choice (option_id, choice_id) VALUES ('d583c2c9-6998-483b-a5e4-67068e974d6f', 'd56bbafe-e7a8-483e-9dbf-8aba129fa04b');
INSERT INTO choice (id, questionnaire_id, interviewee_id) VALUES ('9ee575e7-9e43-418f-b86e-8500123864ad', '557cb630-d2f4-4e11-afe9-d50534deb525', '52e0477d-611a-4ba6-b438-aa9e59b3451c');
INSERT INTO option_choice (option_id, choice_id) VALUES ('78cbec79-315d-4cd7-92bb-beb18eab98e5', '9ee575e7-9e43-418f-b86e-8500123864ad');
INSERT INTO choice (id, questionnaire_id, interviewee_id) VALUES ('a6dbd6cb-f2d2-41dd-beb1-8b5a220d3de3', 'b6588e29-37de-425f-834e-e867f77794ce', '52e0477d-611a-4ba6-b438-aa9e59b3451c');
INSERT INTO option_choice (option_id, choice_id) VALUES ('4bde418e-a165-43f7-ac7b-c6d2ab034e2e', 'a6dbd6cb-f2d2-41dd-beb1-8b5a220d3de3');
INSERT INTO option_choice (option_id, choice_id) VALUES ('40c301f5-13ed-4b94-85aa-e1c562adce4d', 'a6dbd6cb-f2d2-41dd-beb1-8b5a220d3de3');
INSERT INTO option_choice (option_id, choice_id) VALUES ('460ff4a7-d376-4dc8-b5bb-9ab1989fbb31', 'a6dbd6cb-f2d2-41dd-beb1-8b5a220d3de3');
INSERT INTO option_choice (option_id, choice_id) VALUES ('ec37510e-f2a1-4e16-ae94-e9ea2c4461e3', 'a6dbd6cb-f2d2-41dd-beb1-8b5a220d3de3');
INSERT INTO option_choice (option_id, choice_id) VALUES ('07e7a8bf-65e2-41d5-aeef-91bcbe765392', 'a6dbd6cb-f2d2-41dd-beb1-8b5a220d3de3');
INSERT INTO option_choice (option_id, choice_id) VALUES ('7f0bbd14-8cfc-4a28-88f7-5af992a4c02b', 'a6dbd6cb-f2d2-41dd-beb1-8b5a220d3de3');
INSERT INTO option_choice (option_id, choice_id) VALUES ('46bd1403-2ee0-4145-8014-8dd4fafcb8af', 'a6dbd6cb-f2d2-41dd-beb1-8b5a220d3de3');
INSERT INTO option_choice (option_id, choice_id) VALUES ('5b82f100-bb0f-47ec-9395-7a0409f4b7ef', 'a6dbd6cb-f2d2-41dd-beb1-8b5a220d3de3');
INSERT INTO interviewee (id, login, password, age, gender, country, marital_status) VALUES ('058a1bbf-05df-4e37-a513-ef1287831611', 'interviewee220', 'qwerty', 55, 'male', 'SZ', 'married');
INSERT INTO choice (id, questionnaire_id, interviewee_id) VALUES ('472c364c-0d0a-4cec-9c41-6579893864af', '21abb345-1235-4f5e-8b5b-2f6f89f30fee', '058a1bbf-05df-4e37-a513-ef1287831611');
INSERT INTO option_choice (option_id, choice_id) VALUES ('fa871bfe-a04e-4297-af08-80cc94ccf337', '472c364c-0d0a-4cec-9c41-6579893864af');
INSERT INTO choice (id, questionnaire_id, interviewee_id) VALUES ('6e7c86cf-8459-4bd9-9c6c-bae29dd4a1f4', '91a16ec4-1a91-44d1-bb08-6e9fc823c230', '058a1bbf-05df-4e37-a513-ef1287831611');
INSERT INTO option_choice (option_id, choice_id) VALUES ('690b73cc-52e3-435d-a3bd-78733e5fdeaf', '6e7c86cf-8459-4bd9-9c6c-bae29dd4a1f4');
INSERT INTO choice (id, questionnaire_id, interviewee_id) VALUES ('0c7d3a4c-72ed-4162-913f-562c6987288b', 'e679f6e5-388e-4679-9f14-15a0896d2816', '058a1bbf-05df-4e37-a513-ef1287831611');
INSERT INTO option_choice (option_id, choice_id) VALUES ('7fc08a6e-900b-45ea-b455-29a8eb343039', '0c7d3a4c-72ed-4162-913f-562c6987288b');
INSERT INTO option_choice (option_id, choice_id) VALUES ('5169914a-cf41-4077-8993-1322df09c3da', '0c7d3a4c-72ed-4162-913f-562c6987288b');
INSERT INTO option_choice (option_id, choice_id) VALUES ('ae13d28d-5670-495b-a9e0-d0949dab86e3', '0c7d3a4c-72ed-4162-913f-562c6987288b');
INSERT INTO interviewee (id, login, password, age, gender, country, marital_status) VALUES ('65b5e65d-e66f-4d8d-a1a5-289b5ffc339b', 'interviewee221', 'qwerty', 70, 'male', 'LI', 'married');
INSERT INTO choice (id, questionnaire_id, interviewee_id) VALUES ('9afaa92c-ccf1-4698-ac71-d443f5e28afc', '56c296cd-7c3b-4eb1-90cb-745e555a098c', '65b5e65d-e66f-4d8d-a1a5-289b5ffc339b');
INSERT INTO option_choice (option_id, choice_id) VALUES ('d583c2c9-6998-483b-a5e4-67068e974d6f', '9afaa92c-ccf1-4698-ac71-d443f5e28afc');
INSERT INTO option_choice (option_id, choice_id) VALUES ('e2f977a1-4767-4f5b-b056-27e45348cf1a', '9afaa92c-ccf1-4698-ac71-d443f5e28afc');
INSERT INTO interviewee (id, login, password, age, gender, country, marital_status) VALUES ('7353d585-7283-43de-9043-f217904de39c', 'interviewee222', 'qwerty', 60, 'female', 'GL', 'was_not_married');
INSERT INTO choice (id, questionnaire_id, interviewee_id) VALUES ('ee4b54cd-45b1-4f7f-8ec1-09e51de85c6a', '8adfa259-7459-4497-b994-7101058c39c1', '7353d585-7283-43de-9043-f217904de39c');
INSERT INTO option_choice (option_id, choice_id) VALUES ('7d64ec60-4b16-49eb-a0c6-4af24c3b1767', 'ee4b54cd-45b1-4f7f-8ec1-09e51de85c6a');
INSERT INTO option_choice (option_id, choice_id) VALUES ('3e047d89-087c-45bd-82d6-38c4acd5c609', 'ee4b54cd-45b1-4f7f-8ec1-09e51de85c6a');
INSERT INTO option_choice (option_id, choice_id) VALUES ('9e45c288-be30-427f-be35-83a5171e2b4d', 'ee4b54cd-45b1-4f7f-8ec1-09e51de85c6a');
INSERT INTO option_choice (option_id, choice_id) VALUES ('502fb96b-685d-47da-86bb-f40e1e8f57ef', 'ee4b54cd-45b1-4f7f-8ec1-09e51de85c6a');
INSERT INTO option_choice (option_id, choice_id) VALUES ('0c96072b-cf70-4fde-8afb-27bf8c3f7a8b', 'ee4b54cd-45b1-4f7f-8ec1-09e51de85c6a');
INSERT INTO choice (id, questionnaire_id, interviewee_id) VALUES ('7074648c-6867-4828-884b-93f423c54752', '1a336595-020d-4026-a389-afd9a80cf707', '7353d585-7283-43de-9043-f217904de39c');
INSERT INTO option_choice (option_id, choice_id) VALUES ('22762ef8-944e-46b0-a7e0-4e990383e528', '7074648c-6867-4828-884b-93f423c54752');
INSERT INTO interviewee (id, login, password, age, gender, country, marital_status) VALUES ('19428818-f651-4ea0-9bbd-c53a615cc078', 'interviewee223', 'qwerty', 53, 'female', 'AW', 'married');
INSERT INTO choice (id, questionnaire_id, interviewee_id) VALUES ('fef810fa-fb6a-4aee-9581-a3dd8478427f', 'e2cf177f-e49f-4aef-99a6-095d711c6ec2', '19428818-f651-4ea0-9bbd-c53a615cc078');
INSERT INTO option_choice (option_id, choice_id) VALUES ('1b5e4a41-da4c-4845-8698-5ed9deee3ca2', 'fef810fa-fb6a-4aee-9581-a3dd8478427f');
INSERT INTO choice (id, questionnaire_id, interviewee_id) VALUES ('5d747bbe-8526-47bc-8f6a-38e72a796ae0', '0b6580ec-1374-4a48-ad1d-b1fa316ad9be', '19428818-f651-4ea0-9bbd-c53a615cc078');
INSERT INTO option_choice (option_id, choice_id) VALUES ('82be4575-892d-453a-b3d9-0827c6b6d6df', '5d747bbe-8526-47bc-8f6a-38e72a796ae0');
INSERT INTO option_choice (option_id, choice_id) VALUES ('82cec316-48c4-48d4-9d69-8a67e9d22eca', '5d747bbe-8526-47bc-8f6a-38e72a796ae0');
INSERT INTO interviewee (id, login, password, age, gender, country, marital_status) VALUES ('41d8ed43-d6ff-460e-93bd-f9261ca9a961', 'interviewee224', 'qwerty', 43, 'female', 'AQ', 'divorced');
INSERT INTO choice (id, questionnaire_id, interviewee_id) VALUES ('1732ddc7-5014-4c01-9d05-a25881db8b42', '0b6580ec-1374-4a48-ad1d-b1fa316ad9be', '41d8ed43-d6ff-460e-93bd-f9261ca9a961');
INSERT INTO option_choice (option_id, choice_id) VALUES ('68263915-d7e9-4ac6-9c14-f48cf8807857', '1732ddc7-5014-4c01-9d05-a25881db8b42');
INSERT INTO choice (id, questionnaire_id, interviewee_id) VALUES ('89423b58-9176-4ba3-b1dd-d87711859d98', '8902d50d-0421-4680-82f2-f2b1b667e3fd', '41d8ed43-d6ff-460e-93bd-f9261ca9a961');
INSERT INTO option_choice (option_id, choice_id) VALUES ('ac0c373d-7749-4908-8091-d580700cabb0', '89423b58-9176-4ba3-b1dd-d87711859d98');
INSERT INTO interviewee (id, login, password, age, gender, country, marital_status) VALUES ('da4aa0ee-6d9a-4db1-8248-682312867f84', 'interviewee225', 'qwerty', 40, 'male', 'GB', 'was_not_married');
INSERT INTO choice (id, questionnaire_id, interviewee_id) VALUES ('3bbc0e8a-46c4-4ed4-ade4-9778699fc5f8', '83dbd16d-6765-468d-944f-022d10d042e5', 'da4aa0ee-6d9a-4db1-8248-682312867f84');
INSERT INTO option_choice (option_id, choice_id) VALUES ('d8a63395-3425-4d1b-95be-b38dc31cb0af', '3bbc0e8a-46c4-4ed4-ade4-9778699fc5f8');
INSERT INTO option_choice (option_id, choice_id) VALUES ('eee0aab7-8b77-4c19-b028-648aa7e303ed', '3bbc0e8a-46c4-4ed4-ade4-9778699fc5f8');
INSERT INTO choice (id, questionnaire_id, interviewee_id) VALUES ('236d71b7-6728-4c69-9661-e68c4851b1ad', '8902d50d-0421-4680-82f2-f2b1b667e3fd', 'da4aa0ee-6d9a-4db1-8248-682312867f84');
INSERT INTO option_choice (option_id, choice_id) VALUES ('ac0c373d-7749-4908-8091-d580700cabb0', '236d71b7-6728-4c69-9661-e68c4851b1ad');
INSERT INTO interviewee (id, login, password, age, gender, country, marital_status) VALUES ('af00ef01-06aa-44aa-a5ec-4c2acf46f2a0', 'interviewee226', 'qwerty', 21, 'female', 'PM', 'married');
INSERT INTO choice (id, questionnaire_id, interviewee_id) VALUES ('5a558c69-8522-4c55-a8a3-66be648d5b85', 'af6f1431-a90e-4919-83a4-359d6a8a7d22', 'af00ef01-06aa-44aa-a5ec-4c2acf46f2a0');
INSERT INTO option_choice (option_id, choice_id) VALUES ('e6932ff8-921c-4ab7-b5c5-37e59ea816fd', '5a558c69-8522-4c55-a8a3-66be648d5b85');
INSERT INTO option_choice (option_id, choice_id) VALUES ('e41b3b09-f2a6-4206-bfde-743557a31646', '5a558c69-8522-4c55-a8a3-66be648d5b85');
INSERT INTO option_choice (option_id, choice_id) VALUES ('14b9069e-cc19-448a-96f6-c333a9a53635', '5a558c69-8522-4c55-a8a3-66be648d5b85');
INSERT INTO option_choice (option_id, choice_id) VALUES ('d6e4609d-6705-4cc8-b83a-4786ea4f6ad6', '5a558c69-8522-4c55-a8a3-66be648d5b85');
INSERT INTO option_choice (option_id, choice_id) VALUES ('b6cea016-cb83-4752-bbc0-0e2a71b294d6', '5a558c69-8522-4c55-a8a3-66be648d5b85');
INSERT INTO option_choice (option_id, choice_id) VALUES ('a3c0df26-f677-4a76-9fc9-e8bcb2a586ec', '5a558c69-8522-4c55-a8a3-66be648d5b85');
INSERT INTO choice (id, questionnaire_id, interviewee_id) VALUES ('f497156f-4b99-4043-81bf-afc710f68992', '1a336595-020d-4026-a389-afd9a80cf707', 'af00ef01-06aa-44aa-a5ec-4c2acf46f2a0');
INSERT INTO option_choice (option_id, choice_id) VALUES ('fb8edb03-709f-43c3-9875-7ba762e529a6', 'f497156f-4b99-4043-81bf-afc710f68992');
INSERT INTO choice (id, questionnaire_id, interviewee_id) VALUES ('34a2b52c-75e5-4b79-a2a0-30294e433273', 'cb70c074-82ef-4114-aabc-e940a19b5bb0', 'af00ef01-06aa-44aa-a5ec-4c2acf46f2a0');
INSERT INTO option_choice (option_id, choice_id) VALUES ('4f47a30f-5169-4bf3-a6a9-f9777225a72d', '34a2b52c-75e5-4b79-a2a0-30294e433273');
INSERT INTO option_choice (option_id, choice_id) VALUES ('c2db2843-0153-4422-8aa4-c4c9e640418d', '34a2b52c-75e5-4b79-a2a0-30294e433273');
INSERT INTO option_choice (option_id, choice_id) VALUES ('a6011a1c-260b-45fb-ad13-b09674b0b968', '34a2b52c-75e5-4b79-a2a0-30294e433273');
INSERT INTO option_choice (option_id, choice_id) VALUES ('4fbbc5c4-5cc1-4421-86a2-d7151c56a9df', '34a2b52c-75e5-4b79-a2a0-30294e433273');
INSERT INTO interviewee (id, login, password, age, gender, country, marital_status) VALUES ('2628e2cb-072c-4e5a-8c1b-5f6ad114d449', 'interviewee227', 'qwerty', 45, 'male', 'YT', 'was_not_married');
INSERT INTO choice (id, questionnaire_id, interviewee_id) VALUES ('a8d5357f-2703-47eb-afbc-751140bc8fed', '56c296cd-7c3b-4eb1-90cb-745e555a098c', '2628e2cb-072c-4e5a-8c1b-5f6ad114d449');
INSERT INTO option_choice (option_id, choice_id) VALUES ('0e27133d-354c-4e2d-af9f-e74397954328', 'a8d5357f-2703-47eb-afbc-751140bc8fed');
INSERT INTO option_choice (option_id, choice_id) VALUES ('d583c2c9-6998-483b-a5e4-67068e974d6f', 'a8d5357f-2703-47eb-afbc-751140bc8fed');
INSERT INTO choice (id, questionnaire_id, interviewee_id) VALUES ('a3abc593-8488-4b3a-ab76-cda4fe710b39', 'a2f7d656-4675-4d99-9435-95cbe535c6c1', '2628e2cb-072c-4e5a-8c1b-5f6ad114d449');
INSERT INTO option_choice (option_id, choice_id) VALUES ('c6bb5cf5-3828-4747-8bb2-776e9deaeb04', 'a3abc593-8488-4b3a-ab76-cda4fe710b39');
INSERT INTO option_choice (option_id, choice_id) VALUES ('ced72831-705a-4153-849e-71a73e5a7d3c', 'a3abc593-8488-4b3a-ab76-cda4fe710b39');
INSERT INTO option_choice (option_id, choice_id) VALUES ('110b73fb-e57f-409d-83dc-0d81bdd20a44', 'a3abc593-8488-4b3a-ab76-cda4fe710b39');
INSERT INTO option_choice (option_id, choice_id) VALUES ('d3d55bb1-ef9d-4b9a-b1b9-8e4375e7dbd0', 'a3abc593-8488-4b3a-ab76-cda4fe710b39');
INSERT INTO option_choice (option_id, choice_id) VALUES ('2366bc8e-690e-4739-b5f2-cf491cd8107c', 'a3abc593-8488-4b3a-ab76-cda4fe710b39');
INSERT INTO interviewee (id, login, password, age, gender, country, marital_status) VALUES ('b36c9728-67d0-4478-8ae9-26f9dda1334f', 'interviewee228', 'qwerty', 34, 'male', 'ZA', 'married');
INSERT INTO choice (id, questionnaire_id, interviewee_id) VALUES ('c5d3dc49-9479-493e-95c2-daca97969831', 'cb70c074-82ef-4114-aabc-e940a19b5bb0', 'b36c9728-67d0-4478-8ae9-26f9dda1334f');
INSERT INTO option_choice (option_id, choice_id) VALUES ('4fbbc5c4-5cc1-4421-86a2-d7151c56a9df', 'c5d3dc49-9479-493e-95c2-daca97969831');
INSERT INTO choice (id, questionnaire_id, interviewee_id) VALUES ('2fe13cf3-a84c-4830-89d4-21c4be963f16', '8adfa259-7459-4497-b994-7101058c39c1', 'b36c9728-67d0-4478-8ae9-26f9dda1334f');
INSERT INTO option_choice (option_id, choice_id) VALUES ('3e047d89-087c-45bd-82d6-38c4acd5c609', '2fe13cf3-a84c-4830-89d4-21c4be963f16');
INSERT INTO option_choice (option_id, choice_id) VALUES ('0c96072b-cf70-4fde-8afb-27bf8c3f7a8b', '2fe13cf3-a84c-4830-89d4-21c4be963f16');
INSERT INTO option_choice (option_id, choice_id) VALUES ('502fb96b-685d-47da-86bb-f40e1e8f57ef', '2fe13cf3-a84c-4830-89d4-21c4be963f16');
INSERT INTO option_choice (option_id, choice_id) VALUES ('9e45c288-be30-427f-be35-83a5171e2b4d', '2fe13cf3-a84c-4830-89d4-21c4be963f16');
INSERT INTO option_choice (option_id, choice_id) VALUES ('7d64ec60-4b16-49eb-a0c6-4af24c3b1767', '2fe13cf3-a84c-4830-89d4-21c4be963f16');
INSERT INTO choice (id, questionnaire_id, interviewee_id) VALUES ('38dc00d6-e35e-43d4-a075-a1589e31c3d9', 'afb83fe3-e755-403b-9a15-c18b3782c012', 'b36c9728-67d0-4478-8ae9-26f9dda1334f');
INSERT INTO option_choice (option_id, choice_id) VALUES ('20880a56-05fa-464a-90ad-faf02a83fa77', '38dc00d6-e35e-43d4-a075-a1589e31c3d9');
INSERT INTO interviewee (id, login, password, age, gender, country, marital_status) VALUES ('c3ba8bef-d731-4f04-9aa7-8580984dd1b4', 'interviewee229', 'qwerty', 36, 'female', 'NL', 'was_not_married');
INSERT INTO choice (id, questionnaire_id, interviewee_id) VALUES ('fcf31c80-b913-412d-b4b5-e36f5466c96e', 'cb70c074-82ef-4114-aabc-e940a19b5bb0', 'c3ba8bef-d731-4f04-9aa7-8580984dd1b4');
INSERT INTO option_choice (option_id, choice_id) VALUES ('a6011a1c-260b-45fb-ad13-b09674b0b968', 'fcf31c80-b913-412d-b4b5-e36f5466c96e');
INSERT INTO option_choice (option_id, choice_id) VALUES ('b2aebe06-b155-47cd-a39d-b9c1beabb465', 'fcf31c80-b913-412d-b4b5-e36f5466c96e');
INSERT INTO interviewee (id, login, password, age, gender, country, marital_status) VALUES ('2a480dd9-06c5-4201-a3dd-7d284078a080', 'interviewee230', 'qwerty', 18, 'female', 'CD', 'was_not_married');
INSERT INTO choice (id, questionnaire_id, interviewee_id) VALUES ('f781714b-4c8b-4f18-be67-66a842006135', 'b5ae5620-2d58-48f5-a060-28e8fd1859dd', '2a480dd9-06c5-4201-a3dd-7d284078a080');
INSERT INTO option_choice (option_id, choice_id) VALUES ('6d0af933-e0cd-405e-8ecb-b04a62b5d13f', 'f781714b-4c8b-4f18-be67-66a842006135');
INSERT INTO choice (id, questionnaire_id, interviewee_id) VALUES ('37dace23-422f-46b1-a53d-a5c0b03a69be', 'afb83fe3-e755-403b-9a15-c18b3782c012', '2a480dd9-06c5-4201-a3dd-7d284078a080');
INSERT INTO option_choice (option_id, choice_id) VALUES ('db1f1f55-651e-4dd8-b4c1-deb2f26216b2', '37dace23-422f-46b1-a53d-a5c0b03a69be');
INSERT INTO interviewee (id, login, password, age, gender, country, marital_status) VALUES ('4788cd5c-dfc8-4aac-ad4f-d1a95aff0496', 'interviewee231', 'qwerty', 28, 'female', 'UM', 'married');
INSERT INTO choice (id, questionnaire_id, interviewee_id) VALUES ('63f7618c-ef40-4300-b1f3-ab9397370672', '83dbd16d-6765-468d-944f-022d10d042e5', '4788cd5c-dfc8-4aac-ad4f-d1a95aff0496');
INSERT INTO option_choice (option_id, choice_id) VALUES ('176e8036-bece-46c0-beb2-71eb28a41f51', '63f7618c-ef40-4300-b1f3-ab9397370672');
INSERT INTO option_choice (option_id, choice_id) VALUES ('d6416cf3-39f7-4cf9-ba84-314605b84d03', '63f7618c-ef40-4300-b1f3-ab9397370672');
INSERT INTO option_choice (option_id, choice_id) VALUES ('eee0aab7-8b77-4c19-b028-648aa7e303ed', '63f7618c-ef40-4300-b1f3-ab9397370672');
INSERT INTO option_choice (option_id, choice_id) VALUES ('d8a63395-3425-4d1b-95be-b38dc31cb0af', '63f7618c-ef40-4300-b1f3-ab9397370672');
INSERT INTO choice (id, questionnaire_id, interviewee_id) VALUES ('4efd6c38-22b7-45c5-a9e8-1a248e5474e2', '0b6580ec-1374-4a48-ad1d-b1fa316ad9be', '4788cd5c-dfc8-4aac-ad4f-d1a95aff0496');
INSERT INTO option_choice (option_id, choice_id) VALUES ('82cec316-48c4-48d4-9d69-8a67e9d22eca', '4efd6c38-22b7-45c5-a9e8-1a248e5474e2');
INSERT INTO option_choice (option_id, choice_id) VALUES ('a518cc4d-143a-45ca-b29f-a7c53dacc773', '4efd6c38-22b7-45c5-a9e8-1a248e5474e2');
INSERT INTO choice (id, questionnaire_id, interviewee_id) VALUES ('7318150d-6489-4af6-8c0c-9fc959ec97d9', '557cb630-d2f4-4e11-afe9-d50534deb525', '4788cd5c-dfc8-4aac-ad4f-d1a95aff0496');
INSERT INTO option_choice (option_id, choice_id) VALUES ('00c926c5-0a12-4a44-9ada-24439d217263', '7318150d-6489-4af6-8c0c-9fc959ec97d9');
INSERT INTO interviewee (id, login, password, age, gender, country, marital_status) VALUES ('0a32e9ca-eda6-489e-9031-16be99446e23', 'interviewee232', 'qwerty', 23, 'male', 'DZ', 'divorced');
INSERT INTO choice (id, questionnaire_id, interviewee_id) VALUES ('cca8f2db-9177-448f-9d9e-f70e1f9b7d1e', '21abb345-1235-4f5e-8b5b-2f6f89f30fee', '0a32e9ca-eda6-489e-9031-16be99446e23');
INSERT INTO option_choice (option_id, choice_id) VALUES ('bf5bc6ce-b791-45ed-9dbe-fe939c3ccd4b', 'cca8f2db-9177-448f-9d9e-f70e1f9b7d1e');
INSERT INTO choice (id, questionnaire_id, interviewee_id) VALUES ('3f0434c8-c596-4379-ba6a-38cbb2e21ce6', '6a34c81d-d686-4ce4-8e2f-ec3d2ba47346', '0a32e9ca-eda6-489e-9031-16be99446e23');
INSERT INTO option_choice (option_id, choice_id) VALUES ('553e0886-1a11-4d34-ad3c-c3ee745c28c8', '3f0434c8-c596-4379-ba6a-38cbb2e21ce6');
INSERT INTO choice (id, questionnaire_id, interviewee_id) VALUES ('963bd906-390a-43ea-98ff-7e9b6acf5595', 'a7e484ae-fb91-4ddf-a8c0-869a7f4ad0ee', '0a32e9ca-eda6-489e-9031-16be99446e23');
INSERT INTO option_choice (option_id, choice_id) VALUES ('c2e66b7f-cc24-45a4-a017-7a4d25149a85', '963bd906-390a-43ea-98ff-7e9b6acf5595');
INSERT INTO interviewee (id, login, password, age, gender, country, marital_status) VALUES ('13926f0d-c58b-4409-b31b-6d64e61af58b', 'interviewee233', 'qwerty', 33, 'male', 'GR', 'was_not_married');
INSERT INTO choice (id, questionnaire_id, interviewee_id) VALUES ('4cbcfe89-9c1f-4a78-9c39-c5ef031cc371', 'f680addd-a0b2-4101-9e1f-5e0870943c68', '13926f0d-c58b-4409-b31b-6d64e61af58b');
INSERT INTO option_choice (option_id, choice_id) VALUES ('cfde0373-91b9-46f9-bc0d-a137a713d2d7', '4cbcfe89-9c1f-4a78-9c39-c5ef031cc371');
INSERT INTO choice (id, questionnaire_id, interviewee_id) VALUES ('801dba5d-1f5d-49c0-8263-b09df84af4d4', 'e679f6e5-388e-4679-9f14-15a0896d2816', '13926f0d-c58b-4409-b31b-6d64e61af58b');
INSERT INTO option_choice (option_id, choice_id) VALUES ('01fc26e1-e8f8-407f-a1b8-6af243e9c3dd', '801dba5d-1f5d-49c0-8263-b09df84af4d4');
INSERT INTO option_choice (option_id, choice_id) VALUES ('7fc08a6e-900b-45ea-b455-29a8eb343039', '801dba5d-1f5d-49c0-8263-b09df84af4d4');
INSERT INTO choice (id, questionnaire_id, interviewee_id) VALUES ('fe640894-9267-4c9d-82da-160b2ce0b47c', '557cb630-d2f4-4e11-afe9-d50534deb525', '13926f0d-c58b-4409-b31b-6d64e61af58b');
INSERT INTO option_choice (option_id, choice_id) VALUES ('84999604-dd85-4536-a3fc-0dc6006d4d23', 'fe640894-9267-4c9d-82da-160b2ce0b47c');
INSERT INTO interviewee (id, login, password, age, gender, country, marital_status) VALUES ('5f24b286-1e26-43e2-9643-79c524795daa', 'interviewee234', 'qwerty', 44, 'female', 'GI', 'married');
INSERT INTO choice (id, questionnaire_id, interviewee_id) VALUES ('07e2263a-a048-49b1-b8bb-ce9f77446392', 'a345b682-c7ac-49ac-9f14-4f5173a872d8', '5f24b286-1e26-43e2-9643-79c524795daa');
INSERT INTO option_choice (option_id, choice_id) VALUES ('faa6ab11-59ef-4e3b-aa30-88fe576f7451', '07e2263a-a048-49b1-b8bb-ce9f77446392');
INSERT INTO choice (id, questionnaire_id, interviewee_id) VALUES ('9be1a747-121d-4f8e-92f8-4f0ff4801875', '557cb630-d2f4-4e11-afe9-d50534deb525', '5f24b286-1e26-43e2-9643-79c524795daa');
INSERT INTO option_choice (option_id, choice_id) VALUES ('84999604-dd85-4536-a3fc-0dc6006d4d23', '9be1a747-121d-4f8e-92f8-4f0ff4801875');
INSERT INTO choice (id, questionnaire_id, interviewee_id) VALUES ('5ce0bc43-e9db-458d-bbac-0ee5aa5dd862', 'bf8da1bc-7284-44d0-a7c0-4e0321978aa0', '5f24b286-1e26-43e2-9643-79c524795daa');
INSERT INTO option_choice (option_id, choice_id) VALUES ('fbbdfd34-e2c5-4e0b-b98a-d33f6f4fac06', '5ce0bc43-e9db-458d-bbac-0ee5aa5dd862');
INSERT INTO interviewee (id, login, password, age, gender, country, marital_status) VALUES ('e86f6fc8-23b4-4423-ab68-bcb27268046f', 'interviewee235', 'qwerty', 62, 'female', 'MC', 'divorced');
INSERT INTO choice (id, questionnaire_id, interviewee_id) VALUES ('ed88b63a-201f-4968-8790-e87919dd4482', '6a34c81d-d686-4ce4-8e2f-ec3d2ba47346', 'e86f6fc8-23b4-4423-ab68-bcb27268046f');
INSERT INTO option_choice (option_id, choice_id) VALUES ('f7043315-74b1-4456-92cc-0c7dc1e0dd21', 'ed88b63a-201f-4968-8790-e87919dd4482');
INSERT INTO interviewee (id, login, password, age, gender, country, marital_status) VALUES ('26bad88a-1458-412a-9af2-7805e5cff9d4', 'interviewee236', 'qwerty', 16, 'male', 'SA', 'was_not_married');
INSERT INTO choice (id, questionnaire_id, interviewee_id) VALUES ('aa768c93-d123-4d3d-8de9-a94a323a9e1f', 'a2f7d656-4675-4d99-9435-95cbe535c6c1', '26bad88a-1458-412a-9af2-7805e5cff9d4');
INSERT INTO option_choice (option_id, choice_id) VALUES ('2366bc8e-690e-4739-b5f2-cf491cd8107c', 'aa768c93-d123-4d3d-8de9-a94a323a9e1f');
INSERT INTO option_choice (option_id, choice_id) VALUES ('110b73fb-e57f-409d-83dc-0d81bdd20a44', 'aa768c93-d123-4d3d-8de9-a94a323a9e1f');
INSERT INTO option_choice (option_id, choice_id) VALUES ('ced72831-705a-4153-849e-71a73e5a7d3c', 'aa768c93-d123-4d3d-8de9-a94a323a9e1f');
INSERT INTO interviewee (id, login, password, age, gender, country, marital_status) VALUES ('7ca52d97-5b1f-4e58-8262-ab9bec0bad01', 'interviewee237', 'qwerty', 64, 'female', 'HT', 'divorced');
INSERT INTO choice (id, questionnaire_id, interviewee_id) VALUES ('23b94336-c1d9-4ba8-b7ef-2ce3d976e88e', 'b5ae5620-2d58-48f5-a060-28e8fd1859dd', '7ca52d97-5b1f-4e58-8262-ab9bec0bad01');
INSERT INTO option_choice (option_id, choice_id) VALUES ('68702e14-fb48-4755-b6ec-11c860048f90', '23b94336-c1d9-4ba8-b7ef-2ce3d976e88e');
INSERT INTO choice (id, questionnaire_id, interviewee_id) VALUES ('a427a83b-fc88-4947-9597-94b4d762eb5d', '557cb630-d2f4-4e11-afe9-d50534deb525', '7ca52d97-5b1f-4e58-8262-ab9bec0bad01');
INSERT INTO option_choice (option_id, choice_id) VALUES ('00c926c5-0a12-4a44-9ada-24439d217263', 'a427a83b-fc88-4947-9597-94b4d762eb5d');
INSERT INTO choice (id, questionnaire_id, interviewee_id) VALUES ('600d6d8a-d921-4d72-9dc4-c0596967dee6', 'cb70c074-82ef-4114-aabc-e940a19b5bb0', '7ca52d97-5b1f-4e58-8262-ab9bec0bad01');
INSERT INTO option_choice (option_id, choice_id) VALUES ('4fbbc5c4-5cc1-4421-86a2-d7151c56a9df', '600d6d8a-d921-4d72-9dc4-c0596967dee6');
INSERT INTO option_choice (option_id, choice_id) VALUES ('a6011a1c-260b-45fb-ad13-b09674b0b968', '600d6d8a-d921-4d72-9dc4-c0596967dee6');
INSERT INTO option_choice (option_id, choice_id) VALUES ('c2db2843-0153-4422-8aa4-c4c9e640418d', '600d6d8a-d921-4d72-9dc4-c0596967dee6');
INSERT INTO interviewee (id, login, password, age, gender, country, marital_status) VALUES ('12cb905a-0ec3-459a-b23c-0f725109f618', 'interviewee238', 'qwerty', 45, 'female', 'VC', 'was_not_married');
INSERT INTO choice (id, questionnaire_id, interviewee_id) VALUES ('f499b8bd-3be1-4554-b40e-67c961e95063', 'b6588e29-37de-425f-834e-e867f77794ce', '12cb905a-0ec3-459a-b23c-0f725109f618');
INSERT INTO option_choice (option_id, choice_id) VALUES ('460ff4a7-d376-4dc8-b5bb-9ab1989fbb31', 'f499b8bd-3be1-4554-b40e-67c961e95063');
INSERT INTO option_choice (option_id, choice_id) VALUES ('46bd1403-2ee0-4145-8014-8dd4fafcb8af', 'f499b8bd-3be1-4554-b40e-67c961e95063');
INSERT INTO option_choice (option_id, choice_id) VALUES ('40c301f5-13ed-4b94-85aa-e1c562adce4d', 'f499b8bd-3be1-4554-b40e-67c961e95063');
INSERT INTO option_choice (option_id, choice_id) VALUES ('5b82f100-bb0f-47ec-9395-7a0409f4b7ef', 'f499b8bd-3be1-4554-b40e-67c961e95063');
INSERT INTO option_choice (option_id, choice_id) VALUES ('7f0bbd14-8cfc-4a28-88f7-5af992a4c02b', 'f499b8bd-3be1-4554-b40e-67c961e95063');
INSERT INTO option_choice (option_id, choice_id) VALUES ('ec37510e-f2a1-4e16-ae94-e9ea2c4461e3', 'f499b8bd-3be1-4554-b40e-67c961e95063');
INSERT INTO option_choice (option_id, choice_id) VALUES ('07e7a8bf-65e2-41d5-aeef-91bcbe765392', 'f499b8bd-3be1-4554-b40e-67c961e95063');
INSERT INTO option_choice (option_id, choice_id) VALUES ('4bde418e-a165-43f7-ac7b-c6d2ab034e2e', 'f499b8bd-3be1-4554-b40e-67c961e95063');
INSERT INTO choice (id, questionnaire_id, interviewee_id) VALUES ('17f1e6ed-13b0-49c7-a512-197ca08149ba', '342b973f-a1d1-4062-a073-fb80b6195e1a', '12cb905a-0ec3-459a-b23c-0f725109f618');
INSERT INTO option_choice (option_id, choice_id) VALUES ('47afaa62-a5ba-4be6-81b8-673fae59c987', '17f1e6ed-13b0-49c7-a512-197ca08149ba');
INSERT INTO interviewee (id, login, password, age, gender, country, marital_status) VALUES ('ec9cbb2d-6280-4553-a623-e61ed62bd8aa', 'interviewee239', 'qwerty', 70, 'male', 'SK', 'divorced');
INSERT INTO choice (id, questionnaire_id, interviewee_id) VALUES ('68e81969-cf36-42b7-97c4-79a32c0c50f0', '83dbd16d-6765-468d-944f-022d10d042e5', 'ec9cbb2d-6280-4553-a623-e61ed62bd8aa');
INSERT INTO option_choice (option_id, choice_id) VALUES ('176e8036-bece-46c0-beb2-71eb28a41f51', '68e81969-cf36-42b7-97c4-79a32c0c50f0');
INSERT INTO option_choice (option_id, choice_id) VALUES ('d6416cf3-39f7-4cf9-ba84-314605b84d03', '68e81969-cf36-42b7-97c4-79a32c0c50f0');
INSERT INTO choice (id, questionnaire_id, interviewee_id) VALUES ('636dd1f5-9ab3-4ddd-8432-db65eb62a56d', 'bf8da1bc-7284-44d0-a7c0-4e0321978aa0', 'ec9cbb2d-6280-4553-a623-e61ed62bd8aa');
INSERT INTO option_choice (option_id, choice_id) VALUES ('fbbdfd34-e2c5-4e0b-b98a-d33f6f4fac06', '636dd1f5-9ab3-4ddd-8432-db65eb62a56d');
INSERT INTO interviewee (id, login, password, age, gender, country, marital_status) VALUES ('ff6a49b1-5397-4143-8943-d31c4f9741e9', 'interviewee240', 'qwerty', 41, 'male', 'PM', 'married');
INSERT INTO choice (id, questionnaire_id, interviewee_id) VALUES ('c3b397b7-be67-4297-bb86-1f261beeb8b0', '21abb345-1235-4f5e-8b5b-2f6f89f30fee', 'ff6a49b1-5397-4143-8943-d31c4f9741e9');
INSERT INTO option_choice (option_id, choice_id) VALUES ('89025574-1604-4050-9786-3bf06cdb36eb', 'c3b397b7-be67-4297-bb86-1f261beeb8b0');
INSERT INTO choice (id, questionnaire_id, interviewee_id) VALUES ('7e09bbe5-a107-4a69-a9f6-5d02b22f5e6a', 'e2cf177f-e49f-4aef-99a6-095d711c6ec2', 'ff6a49b1-5397-4143-8943-d31c4f9741e9');
INSERT INTO option_choice (option_id, choice_id) VALUES ('1b5e4a41-da4c-4845-8698-5ed9deee3ca2', '7e09bbe5-a107-4a69-a9f6-5d02b22f5e6a');
INSERT INTO choice (id, questionnaire_id, interviewee_id) VALUES ('fe435b12-d994-4342-830a-bc43b04c8baf', 'b6588e29-37de-425f-834e-e867f77794ce', 'ff6a49b1-5397-4143-8943-d31c4f9741e9');
INSERT INTO option_choice (option_id, choice_id) VALUES ('ec37510e-f2a1-4e16-ae94-e9ea2c4461e3', 'fe435b12-d994-4342-830a-bc43b04c8baf');
INSERT INTO option_choice (option_id, choice_id) VALUES ('7f0bbd14-8cfc-4a28-88f7-5af992a4c02b', 'fe435b12-d994-4342-830a-bc43b04c8baf');
INSERT INTO option_choice (option_id, choice_id) VALUES ('460ff4a7-d376-4dc8-b5bb-9ab1989fbb31', 'fe435b12-d994-4342-830a-bc43b04c8baf');
INSERT INTO option_choice (option_id, choice_id) VALUES ('5b82f100-bb0f-47ec-9395-7a0409f4b7ef', 'fe435b12-d994-4342-830a-bc43b04c8baf');
INSERT INTO option_choice (option_id, choice_id) VALUES ('40c301f5-13ed-4b94-85aa-e1c562adce4d', 'fe435b12-d994-4342-830a-bc43b04c8baf');
INSERT INTO option_choice (option_id, choice_id) VALUES ('07e7a8bf-65e2-41d5-aeef-91bcbe765392', 'fe435b12-d994-4342-830a-bc43b04c8baf');
INSERT INTO option_choice (option_id, choice_id) VALUES ('46bd1403-2ee0-4145-8014-8dd4fafcb8af', 'fe435b12-d994-4342-830a-bc43b04c8baf');
INSERT INTO option_choice (option_id, choice_id) VALUES ('4bde418e-a165-43f7-ac7b-c6d2ab034e2e', 'fe435b12-d994-4342-830a-bc43b04c8baf');
INSERT INTO interviewee (id, login, password, age, gender, country, marital_status) VALUES ('814d6aaa-6344-4bf9-8047-3225dca2a05a', 'interviewee241', 'qwerty', 35, 'female', 'SM', 'divorced');
INSERT INTO choice (id, questionnaire_id, interviewee_id) VALUES ('978e7968-6a34-4c98-a775-7e0ab2257d84', '1a336595-020d-4026-a389-afd9a80cf707', '814d6aaa-6344-4bf9-8047-3225dca2a05a');
INSERT INTO option_choice (option_id, choice_id) VALUES ('17fa6a45-befd-4756-95f2-c6c400c916a8', '978e7968-6a34-4c98-a775-7e0ab2257d84');
INSERT INTO choice (id, questionnaire_id, interviewee_id) VALUES ('cb586693-8d19-4ada-ada9-f0dcad58c42b', 'b6588e29-37de-425f-834e-e867f77794ce', '814d6aaa-6344-4bf9-8047-3225dca2a05a');
INSERT INTO option_choice (option_id, choice_id) VALUES ('07e7a8bf-65e2-41d5-aeef-91bcbe765392', 'cb586693-8d19-4ada-ada9-f0dcad58c42b');
INSERT INTO option_choice (option_id, choice_id) VALUES ('460ff4a7-d376-4dc8-b5bb-9ab1989fbb31', 'cb586693-8d19-4ada-ada9-f0dcad58c42b');
INSERT INTO option_choice (option_id, choice_id) VALUES ('7f0bbd14-8cfc-4a28-88f7-5af992a4c02b', 'cb586693-8d19-4ada-ada9-f0dcad58c42b');
INSERT INTO option_choice (option_id, choice_id) VALUES ('40c301f5-13ed-4b94-85aa-e1c562adce4d', 'cb586693-8d19-4ada-ada9-f0dcad58c42b');
INSERT INTO option_choice (option_id, choice_id) VALUES ('4bde418e-a165-43f7-ac7b-c6d2ab034e2e', 'cb586693-8d19-4ada-ada9-f0dcad58c42b');
INSERT INTO option_choice (option_id, choice_id) VALUES ('ec37510e-f2a1-4e16-ae94-e9ea2c4461e3', 'cb586693-8d19-4ada-ada9-f0dcad58c42b');
INSERT INTO option_choice (option_id, choice_id) VALUES ('5b82f100-bb0f-47ec-9395-7a0409f4b7ef', 'cb586693-8d19-4ada-ada9-f0dcad58c42b');
INSERT INTO option_choice (option_id, choice_id) VALUES ('46bd1403-2ee0-4145-8014-8dd4fafcb8af', 'cb586693-8d19-4ada-ada9-f0dcad58c42b');
INSERT INTO interviewee (id, login, password, age, gender, country, marital_status) VALUES ('8d3e5464-312c-45c7-8b98-99d6a436e7fc', 'interviewee242', 'qwerty', 26, 'male', 'GI', 'married');
INSERT INTO choice (id, questionnaire_id, interviewee_id) VALUES ('57008c78-c2bd-433b-abd8-c79585433aec', 'afb83fe3-e755-403b-9a15-c18b3782c012', '8d3e5464-312c-45c7-8b98-99d6a436e7fc');
INSERT INTO option_choice (option_id, choice_id) VALUES ('20880a56-05fa-464a-90ad-faf02a83fa77', '57008c78-c2bd-433b-abd8-c79585433aec');
INSERT INTO choice (id, questionnaire_id, interviewee_id) VALUES ('b1019c0a-d3d2-4ea6-9ab1-c4e5229dcf7a', 'e679f6e5-388e-4679-9f14-15a0896d2816', '8d3e5464-312c-45c7-8b98-99d6a436e7fc');
INSERT INTO option_choice (option_id, choice_id) VALUES ('ae13d28d-5670-495b-a9e0-d0949dab86e3', 'b1019c0a-d3d2-4ea6-9ab1-c4e5229dcf7a');
INSERT INTO option_choice (option_id, choice_id) VALUES ('3ee9dd0f-6306-4f8b-bdec-27347884621a', 'b1019c0a-d3d2-4ea6-9ab1-c4e5229dcf7a');
INSERT INTO option_choice (option_id, choice_id) VALUES ('01fc26e1-e8f8-407f-a1b8-6af243e9c3dd', 'b1019c0a-d3d2-4ea6-9ab1-c4e5229dcf7a');
INSERT INTO option_choice (option_id, choice_id) VALUES ('5169914a-cf41-4077-8993-1322df09c3da', 'b1019c0a-d3d2-4ea6-9ab1-c4e5229dcf7a');
INSERT INTO option_choice (option_id, choice_id) VALUES ('7fc08a6e-900b-45ea-b455-29a8eb343039', 'b1019c0a-d3d2-4ea6-9ab1-c4e5229dcf7a');
INSERT INTO interviewee (id, login, password, age, gender, country, marital_status) VALUES ('dd5ca9fe-30ee-49ef-b5d6-dbff912416f6', 'interviewee243', 'qwerty', 53, 'female', 'NP', 'married');
INSERT INTO choice (id, questionnaire_id, interviewee_id) VALUES ('07082f7d-bcb3-4b46-8c07-2b20ff039734', '8adfa259-7459-4497-b994-7101058c39c1', 'dd5ca9fe-30ee-49ef-b5d6-dbff912416f6');
INSERT INTO option_choice (option_id, choice_id) VALUES ('7d64ec60-4b16-49eb-a0c6-4af24c3b1767', '07082f7d-bcb3-4b46-8c07-2b20ff039734');
INSERT INTO option_choice (option_id, choice_id) VALUES ('3e047d89-087c-45bd-82d6-38c4acd5c609', '07082f7d-bcb3-4b46-8c07-2b20ff039734');
INSERT INTO interviewee (id, login, password, age, gender, country, marital_status) VALUES ('14397cbc-8a9d-4f3d-8930-032df36d802e', 'interviewee244', 'qwerty', 54, 'male', 'GR', 'was_not_married');
INSERT INTO choice (id, questionnaire_id, interviewee_id) VALUES ('4b432396-4347-4650-b5ee-d822161f504a', 'af6f1431-a90e-4919-83a4-359d6a8a7d22', '14397cbc-8a9d-4f3d-8930-032df36d802e');
INSERT INTO option_choice (option_id, choice_id) VALUES ('e6932ff8-921c-4ab7-b5c5-37e59ea816fd', '4b432396-4347-4650-b5ee-d822161f504a');
INSERT INTO option_choice (option_id, choice_id) VALUES ('14b9069e-cc19-448a-96f6-c333a9a53635', '4b432396-4347-4650-b5ee-d822161f504a');
INSERT INTO choice (id, questionnaire_id, interviewee_id) VALUES ('1d52f511-1e7f-4c2e-a86d-308d93cf6cb0', '309e872a-e145-4926-998b-ec0fdb62466a', '14397cbc-8a9d-4f3d-8930-032df36d802e');
INSERT INTO option_choice (option_id, choice_id) VALUES ('4579f5ab-3007-4302-aa53-456cd440599b', '1d52f511-1e7f-4c2e-a86d-308d93cf6cb0');
INSERT INTO interviewee (id, login, password, age, gender, country, marital_status) VALUES ('7dcac6dd-92af-4e3f-bcba-af0968d58c5b', 'interviewee245', 'qwerty', 32, 'female', 'ZA', 'was_not_married');
INSERT INTO choice (id, questionnaire_id, interviewee_id) VALUES ('4b2bac84-2329-473b-92f5-b830a35955b6', 'f680addd-a0b2-4101-9e1f-5e0870943c68', '7dcac6dd-92af-4e3f-bcba-af0968d58c5b');
INSERT INTO option_choice (option_id, choice_id) VALUES ('cfde0373-91b9-46f9-bc0d-a137a713d2d7', '4b2bac84-2329-473b-92f5-b830a35955b6');
INSERT INTO option_choice (option_id, choice_id) VALUES ('5e0b63d0-2a10-4ab5-a66a-a47615b50b03', '4b2bac84-2329-473b-92f5-b830a35955b6');
INSERT INTO option_choice (option_id, choice_id) VALUES ('521ef3a0-411b-4392-8393-62ed9a638949', '4b2bac84-2329-473b-92f5-b830a35955b6');
INSERT INTO choice (id, questionnaire_id, interviewee_id) VALUES ('6046be28-cdee-4ab2-8c9e-550e8a4aab7a', '21abb345-1235-4f5e-8b5b-2f6f89f30fee', '7dcac6dd-92af-4e3f-bcba-af0968d58c5b');
INSERT INTO option_choice (option_id, choice_id) VALUES ('89025574-1604-4050-9786-3bf06cdb36eb', '6046be28-cdee-4ab2-8c9e-550e8a4aab7a');
INSERT INTO choice (id, questionnaire_id, interviewee_id) VALUES ('a3e9cba6-66d7-4468-9020-1b2881d094eb', 'a7e484ae-fb91-4ddf-a8c0-869a7f4ad0ee', '7dcac6dd-92af-4e3f-bcba-af0968d58c5b');
INSERT INTO option_choice (option_id, choice_id) VALUES ('5833b1ae-14b5-474e-8178-69dc98fc720e', 'a3e9cba6-66d7-4468-9020-1b2881d094eb');
INSERT INTO interviewee (id, login, password, age, gender, country, marital_status) VALUES ('4826ce5d-925c-4008-b3e6-2e0522e351e8', 'interviewee246', 'qwerty', 18, 'female', 'TH', 'married');
INSERT INTO choice (id, questionnaire_id, interviewee_id) VALUES ('37229c46-6284-407e-9f90-2e8d39d837cb', '8902d50d-0421-4680-82f2-f2b1b667e3fd', '4826ce5d-925c-4008-b3e6-2e0522e351e8');
INSERT INTO option_choice (option_id, choice_id) VALUES ('ac0c373d-7749-4908-8091-d580700cabb0', '37229c46-6284-407e-9f90-2e8d39d837cb');
INSERT INTO choice (id, questionnaire_id, interviewee_id) VALUES ('e3779f0e-cb5f-4343-a761-57acf9ca0e76', 'a2f7d656-4675-4d99-9435-95cbe535c6c1', '4826ce5d-925c-4008-b3e6-2e0522e351e8');
INSERT INTO option_choice (option_id, choice_id) VALUES ('2366bc8e-690e-4739-b5f2-cf491cd8107c', 'e3779f0e-cb5f-4343-a761-57acf9ca0e76');
INSERT INTO option_choice (option_id, choice_id) VALUES ('d3d55bb1-ef9d-4b9a-b1b9-8e4375e7dbd0', 'e3779f0e-cb5f-4343-a761-57acf9ca0e76');
INSERT INTO option_choice (option_id, choice_id) VALUES ('c6bb5cf5-3828-4747-8bb2-776e9deaeb04', 'e3779f0e-cb5f-4343-a761-57acf9ca0e76');
INSERT INTO option_choice (option_id, choice_id) VALUES ('ced72831-705a-4153-849e-71a73e5a7d3c', 'e3779f0e-cb5f-4343-a761-57acf9ca0e76');
INSERT INTO interviewee (id, login, password, age, gender, country, marital_status) VALUES ('a8a5a8d6-0458-4a3e-8f42-2134e0f9fe8e', 'interviewee247', 'qwerty', 34, 'female', 'OM', 'was_not_married');
INSERT INTO choice (id, questionnaire_id, interviewee_id) VALUES ('6877e6fd-62a1-460f-ba1b-febed652b86e', '0b6580ec-1374-4a48-ad1d-b1fa316ad9be', 'a8a5a8d6-0458-4a3e-8f42-2134e0f9fe8e');
INSERT INTO option_choice (option_id, choice_id) VALUES ('82cec316-48c4-48d4-9d69-8a67e9d22eca', '6877e6fd-62a1-460f-ba1b-febed652b86e');
INSERT INTO option_choice (option_id, choice_id) VALUES ('68263915-d7e9-4ac6-9c14-f48cf8807857', '6877e6fd-62a1-460f-ba1b-febed652b86e');
INSERT INTO option_choice (option_id, choice_id) VALUES ('a518cc4d-143a-45ca-b29f-a7c53dacc773', '6877e6fd-62a1-460f-ba1b-febed652b86e');
INSERT INTO interviewee (id, login, password, age, gender, country, marital_status) VALUES ('392cd3b2-15a6-4728-bc72-9e307e9e27f7', 'interviewee248', 'qwerty', 51, 'male', 'MS', 'was_not_married');
INSERT INTO choice (id, questionnaire_id, interviewee_id) VALUES ('79652a03-9860-439c-9466-524090e3f330', '21abb345-1235-4f5e-8b5b-2f6f89f30fee', '392cd3b2-15a6-4728-bc72-9e307e9e27f7');
INSERT INTO option_choice (option_id, choice_id) VALUES ('4953e37a-2891-460f-84ea-4bd510463bab', '79652a03-9860-439c-9466-524090e3f330');
INSERT INTO choice (id, questionnaire_id, interviewee_id) VALUES ('d1c7f482-5b92-4068-8321-c5e90a624020', '56c296cd-7c3b-4eb1-90cb-745e555a098c', '392cd3b2-15a6-4728-bc72-9e307e9e27f7');
INSERT INTO option_choice (option_id, choice_id) VALUES ('e2f977a1-4767-4f5b-b056-27e45348cf1a', 'd1c7f482-5b92-4068-8321-c5e90a624020');
INSERT INTO option_choice (option_id, choice_id) VALUES ('d583c2c9-6998-483b-a5e4-67068e974d6f', 'd1c7f482-5b92-4068-8321-c5e90a624020');
INSERT INTO option_choice (option_id, choice_id) VALUES ('00605853-328c-4a30-9227-5513208ca17e', 'd1c7f482-5b92-4068-8321-c5e90a624020');
INSERT INTO option_choice (option_id, choice_id) VALUES ('75d9d333-93f8-42f6-be3b-9a5a24aa476c', 'd1c7f482-5b92-4068-8321-c5e90a624020');
INSERT INTO option_choice (option_id, choice_id) VALUES ('0e27133d-354c-4e2d-af9f-e74397954328', 'd1c7f482-5b92-4068-8321-c5e90a624020');
INSERT INTO choice (id, questionnaire_id, interviewee_id) VALUES ('7aa8fa07-13f9-485e-84ed-00f7aa75cf6d', 'afb83fe3-e755-403b-9a15-c18b3782c012', '392cd3b2-15a6-4728-bc72-9e307e9e27f7');
INSERT INTO option_choice (option_id, choice_id) VALUES ('db1f1f55-651e-4dd8-b4c1-deb2f26216b2', '7aa8fa07-13f9-485e-84ed-00f7aa75cf6d');
INSERT INTO interviewee (id, login, password, age, gender, country, marital_status) VALUES ('574b6aac-47d9-4c01-85fe-6cfc63809a06', 'interviewee249', 'qwerty', 61, 'female', 'PH', 'was_not_married');
INSERT INTO choice (id, questionnaire_id, interviewee_id) VALUES ('17d44d81-0630-46cc-9f4e-88a8aefd20ff', '21abb345-1235-4f5e-8b5b-2f6f89f30fee', '574b6aac-47d9-4c01-85fe-6cfc63809a06');
INSERT INTO option_choice (option_id, choice_id) VALUES ('89025574-1604-4050-9786-3bf06cdb36eb', '17d44d81-0630-46cc-9f4e-88a8aefd20ff');
INSERT INTO interviewee (id, login, password, age, gender, country, marital_status) VALUES ('69ca662e-12a4-43cf-93aa-336a5feeec62', 'interviewee250', 'qwerty', 18, 'female', 'UG', 'divorced');
INSERT INTO choice (id, questionnaire_id, interviewee_id) VALUES ('284837ab-bfc1-48f9-bc57-d9b1053ecc5e', 'cb70c074-82ef-4114-aabc-e940a19b5bb0', '69ca662e-12a4-43cf-93aa-336a5feeec62');
INSERT INTO option_choice (option_id, choice_id) VALUES ('4fbbc5c4-5cc1-4421-86a2-d7151c56a9df', '284837ab-bfc1-48f9-bc57-d9b1053ecc5e');
INSERT INTO option_choice (option_id, choice_id) VALUES ('4f47a30f-5169-4bf3-a6a9-f9777225a72d', '284837ab-bfc1-48f9-bc57-d9b1053ecc5e');
INSERT INTO option_choice (option_id, choice_id) VALUES ('b2aebe06-b155-47cd-a39d-b9c1beabb465', '284837ab-bfc1-48f9-bc57-d9b1053ecc5e');
INSERT INTO choice (id, questionnaire_id, interviewee_id) VALUES ('c519f7fc-1ea1-4227-ac89-3d5f3d2201df', '557cb630-d2f4-4e11-afe9-d50534deb525', '69ca662e-12a4-43cf-93aa-336a5feeec62');
INSERT INTO option_choice (option_id, choice_id) VALUES ('a143441c-01fe-4ebf-95df-3b5e2d100514', 'c519f7fc-1ea1-4227-ac89-3d5f3d2201df');
INSERT INTO choice (id, questionnaire_id, interviewee_id) VALUES ('11e62596-1ab1-4744-9e32-c954470f13af', 'a2f7d656-4675-4d99-9435-95cbe535c6c1', '69ca662e-12a4-43cf-93aa-336a5feeec62');
INSERT INTO option_choice (option_id, choice_id) VALUES ('110b73fb-e57f-409d-83dc-0d81bdd20a44', '11e62596-1ab1-4744-9e32-c954470f13af');
INSERT INTO option_choice (option_id, choice_id) VALUES ('930526a4-2714-4f39-831c-55b3185bd967', '11e62596-1ab1-4744-9e32-c954470f13af');
INSERT INTO option_choice (option_id, choice_id) VALUES ('2366bc8e-690e-4739-b5f2-cf491cd8107c', '11e62596-1ab1-4744-9e32-c954470f13af');
INSERT INTO option_choice (option_id, choice_id) VALUES ('394c3616-edd7-4820-aa09-f4425e4f774c', '11e62596-1ab1-4744-9e32-c954470f13af');
INSERT INTO interviewee (id, login, password, age, gender, country, marital_status) VALUES ('0987b89b-9a6c-4a80-8856-090760b020a3', 'interviewee251', 'qwerty', 59, 'female', 'MF', 'was_not_married');
INSERT INTO choice (id, questionnaire_id, interviewee_id) VALUES ('b5a67407-5be6-435f-81f4-a111bfcb943c', '8adfa259-7459-4497-b994-7101058c39c1', '0987b89b-9a6c-4a80-8856-090760b020a3');
INSERT INTO option_choice (option_id, choice_id) VALUES ('3e047d89-087c-45bd-82d6-38c4acd5c609', 'b5a67407-5be6-435f-81f4-a111bfcb943c');
INSERT INTO option_choice (option_id, choice_id) VALUES ('9e45c288-be30-427f-be35-83a5171e2b4d', 'b5a67407-5be6-435f-81f4-a111bfcb943c');
INSERT INTO option_choice (option_id, choice_id) VALUES ('0c96072b-cf70-4fde-8afb-27bf8c3f7a8b', 'b5a67407-5be6-435f-81f4-a111bfcb943c');
INSERT INTO option_choice (option_id, choice_id) VALUES ('968d6b86-376e-4d23-9555-89ee1d638c1c', 'b5a67407-5be6-435f-81f4-a111bfcb943c');
INSERT INTO option_choice (option_id, choice_id) VALUES ('502fb96b-685d-47da-86bb-f40e1e8f57ef', 'b5a67407-5be6-435f-81f4-a111bfcb943c');
INSERT INTO option_choice (option_id, choice_id) VALUES ('7d64ec60-4b16-49eb-a0c6-4af24c3b1767', 'b5a67407-5be6-435f-81f4-a111bfcb943c');
INSERT INTO choice (id, questionnaire_id, interviewee_id) VALUES ('4385d995-8d5a-46a9-ae08-0dd0c5c8f1ea', '1a336595-020d-4026-a389-afd9a80cf707', '0987b89b-9a6c-4a80-8856-090760b020a3');
INSERT INTO option_choice (option_id, choice_id) VALUES ('026e21bd-77e7-46bc-85ba-c7e5eea39031', '4385d995-8d5a-46a9-ae08-0dd0c5c8f1ea');
INSERT INTO interviewee (id, login, password, age, gender, country, marital_status) VALUES ('e046e248-84af-4dfc-aee0-3dde854bbc2a', 'interviewee252', 'qwerty', 55, 'female', 'HR', 'was_not_married');
INSERT INTO choice (id, questionnaire_id, interviewee_id) VALUES ('7388dfb3-368c-42e7-a470-449a5afc9cf4', 'd05638df-f11c-413d-8456-ee036bed2914', 'e046e248-84af-4dfc-aee0-3dde854bbc2a');
INSERT INTO option_choice (option_id, choice_id) VALUES ('b4b64304-6288-40df-8120-283c58db8d1a', '7388dfb3-368c-42e7-a470-449a5afc9cf4');
INSERT INTO interviewee (id, login, password, age, gender, country, marital_status) VALUES ('06c489b9-a7b6-4902-bce9-bdd69af7c185', 'interviewee253', 'qwerty', 44, 'female', 'MA', 'divorced');
INSERT INTO choice (id, questionnaire_id, interviewee_id) VALUES ('010ce7fe-8fa0-461b-9d7b-3a67a297b33c', '8902d50d-0421-4680-82f2-f2b1b667e3fd', '06c489b9-a7b6-4902-bce9-bdd69af7c185');
INSERT INTO option_choice (option_id, choice_id) VALUES ('ac0c373d-7749-4908-8091-d580700cabb0', '010ce7fe-8fa0-461b-9d7b-3a67a297b33c');
INSERT INTO choice (id, questionnaire_id, interviewee_id) VALUES ('f7c9ebb8-fc80-4064-8981-7296874f22c0', '83dbd16d-6765-468d-944f-022d10d042e5', '06c489b9-a7b6-4902-bce9-bdd69af7c185');
INSERT INTO option_choice (option_id, choice_id) VALUES ('d6416cf3-39f7-4cf9-ba84-314605b84d03', 'f7c9ebb8-fc80-4064-8981-7296874f22c0');
INSERT INTO option_choice (option_id, choice_id) VALUES ('176e8036-bece-46c0-beb2-71eb28a41f51', 'f7c9ebb8-fc80-4064-8981-7296874f22c0');
INSERT INTO choice (id, questionnaire_id, interviewee_id) VALUES ('168464ad-dc9b-459b-98e4-6d38ab255479', 'e679f6e5-388e-4679-9f14-15a0896d2816', '06c489b9-a7b6-4902-bce9-bdd69af7c185');
INSERT INTO option_choice (option_id, choice_id) VALUES ('ae13d28d-5670-495b-a9e0-d0949dab86e3', '168464ad-dc9b-459b-98e4-6d38ab255479');
INSERT INTO option_choice (option_id, choice_id) VALUES ('01fc26e1-e8f8-407f-a1b8-6af243e9c3dd', '168464ad-dc9b-459b-98e4-6d38ab255479');
INSERT INTO option_choice (option_id, choice_id) VALUES ('3ee9dd0f-6306-4f8b-bdec-27347884621a', '168464ad-dc9b-459b-98e4-6d38ab255479');
INSERT INTO option_choice (option_id, choice_id) VALUES ('5169914a-cf41-4077-8993-1322df09c3da', '168464ad-dc9b-459b-98e4-6d38ab255479');
INSERT INTO option_choice (option_id, choice_id) VALUES ('f62b7b4d-17f1-4686-9782-f0b454d6f390', '168464ad-dc9b-459b-98e4-6d38ab255479');
INSERT INTO option_choice (option_id, choice_id) VALUES ('7fc08a6e-900b-45ea-b455-29a8eb343039', '168464ad-dc9b-459b-98e4-6d38ab255479');
INSERT INTO interviewee (id, login, password, age, gender, country, marital_status) VALUES ('45e6b5a6-8d70-4ba4-9b37-841479baf39d', 'interviewee254', 'qwerty', 33, 'male', 'MF', 'married');
INSERT INTO choice (id, questionnaire_id, interviewee_id) VALUES ('12bc44fb-c5ee-450f-bb6a-3d33d0dbbefc', 'b5ae5620-2d58-48f5-a060-28e8fd1859dd', '45e6b5a6-8d70-4ba4-9b37-841479baf39d');
INSERT INTO option_choice (option_id, choice_id) VALUES ('6d0af933-e0cd-405e-8ecb-b04a62b5d13f', '12bc44fb-c5ee-450f-bb6a-3d33d0dbbefc');
INSERT INTO choice (id, questionnaire_id, interviewee_id) VALUES ('40969c99-26e5-441b-8780-4dfbac272b31', 'a7e484ae-fb91-4ddf-a8c0-869a7f4ad0ee', '45e6b5a6-8d70-4ba4-9b37-841479baf39d');
INSERT INTO option_choice (option_id, choice_id) VALUES ('c2e66b7f-cc24-45a4-a017-7a4d25149a85', '40969c99-26e5-441b-8780-4dfbac272b31');
INSERT INTO choice (id, questionnaire_id, interviewee_id) VALUES ('2edd7990-f58b-475f-b864-c4b6dc312fd5', 'cb70c074-82ef-4114-aabc-e940a19b5bb0', '45e6b5a6-8d70-4ba4-9b37-841479baf39d');
INSERT INTO option_choice (option_id, choice_id) VALUES ('4f47a30f-5169-4bf3-a6a9-f9777225a72d', '2edd7990-f58b-475f-b864-c4b6dc312fd5');
INSERT INTO option_choice (option_id, choice_id) VALUES ('c2db2843-0153-4422-8aa4-c4c9e640418d', '2edd7990-f58b-475f-b864-c4b6dc312fd5');
INSERT INTO option_choice (option_id, choice_id) VALUES ('4fbbc5c4-5cc1-4421-86a2-d7151c56a9df', '2edd7990-f58b-475f-b864-c4b6dc312fd5');
INSERT INTO option_choice (option_id, choice_id) VALUES ('a6011a1c-260b-45fb-ad13-b09674b0b968', '2edd7990-f58b-475f-b864-c4b6dc312fd5');
INSERT INTO option_choice (option_id, choice_id) VALUES ('b2aebe06-b155-47cd-a39d-b9c1beabb465', '2edd7990-f58b-475f-b864-c4b6dc312fd5');
INSERT INTO interviewee (id, login, password, age, gender, country, marital_status) VALUES ('3bfa6122-54b9-497e-aef5-c0d5f165ab5e', 'interviewee255', 'qwerty', 43, 'male', 'HT', 'married');
INSERT INTO choice (id, questionnaire_id, interviewee_id) VALUES ('5ba04499-44a6-4172-8765-c6cc5900f29f', 'b5ae5620-2d58-48f5-a060-28e8fd1859dd', '3bfa6122-54b9-497e-aef5-c0d5f165ab5e');
INSERT INTO option_choice (option_id, choice_id) VALUES ('a5e432ce-d2c6-4c6b-912f-dd0aa7f19d87', '5ba04499-44a6-4172-8765-c6cc5900f29f');
INSERT INTO interviewee (id, login, password, age, gender, country, marital_status) VALUES ('a79cdb50-0ce4-41cc-b31a-afdeb24d9cba', 'interviewee256', 'qwerty', 64, 'female', 'ES', 'married');
INSERT INTO choice (id, questionnaire_id, interviewee_id) VALUES ('06cdc31e-938d-4757-ae3c-90d5dedf1464', 'a7e484ae-fb91-4ddf-a8c0-869a7f4ad0ee', 'a79cdb50-0ce4-41cc-b31a-afdeb24d9cba');
INSERT INTO option_choice (option_id, choice_id) VALUES ('c2e66b7f-cc24-45a4-a017-7a4d25149a85', '06cdc31e-938d-4757-ae3c-90d5dedf1464');
INSERT INTO choice (id, questionnaire_id, interviewee_id) VALUES ('5a9ffd89-3274-4894-9932-795ca80f4811', 'a2f7d656-4675-4d99-9435-95cbe535c6c1', 'a79cdb50-0ce4-41cc-b31a-afdeb24d9cba');
INSERT INTO option_choice (option_id, choice_id) VALUES ('930526a4-2714-4f39-831c-55b3185bd967', '5a9ffd89-3274-4894-9932-795ca80f4811');
INSERT INTO option_choice (option_id, choice_id) VALUES ('2366bc8e-690e-4739-b5f2-cf491cd8107c', '5a9ffd89-3274-4894-9932-795ca80f4811');
INSERT INTO option_choice (option_id, choice_id) VALUES ('394c3616-edd7-4820-aa09-f4425e4f774c', '5a9ffd89-3274-4894-9932-795ca80f4811');
INSERT INTO option_choice (option_id, choice_id) VALUES ('ced72831-705a-4153-849e-71a73e5a7d3c', '5a9ffd89-3274-4894-9932-795ca80f4811');
INSERT INTO option_choice (option_id, choice_id) VALUES ('d3d55bb1-ef9d-4b9a-b1b9-8e4375e7dbd0', '5a9ffd89-3274-4894-9932-795ca80f4811');
INSERT INTO option_choice (option_id, choice_id) VALUES ('110b73fb-e57f-409d-83dc-0d81bdd20a44', '5a9ffd89-3274-4894-9932-795ca80f4811');
INSERT INTO option_choice (option_id, choice_id) VALUES ('c6bb5cf5-3828-4747-8bb2-776e9deaeb04', '5a9ffd89-3274-4894-9932-795ca80f4811');
INSERT INTO choice (id, questionnaire_id, interviewee_id) VALUES ('60fa2978-6167-45c1-aeeb-8496ff23115a', '21abb345-1235-4f5e-8b5b-2f6f89f30fee', 'a79cdb50-0ce4-41cc-b31a-afdeb24d9cba');
INSERT INTO option_choice (option_id, choice_id) VALUES ('40408222-66d0-42a2-ad65-3a6b1158d780', '60fa2978-6167-45c1-aeeb-8496ff23115a');
INSERT INTO interviewee (id, login, password, age, gender, country, marital_status) VALUES ('50be97c9-50e0-4860-be5b-f2c1b4a63d77', 'interviewee257', 'qwerty', 63, 'female', 'CI', 'married');
INSERT INTO choice (id, questionnaire_id, interviewee_id) VALUES ('3bbace7c-6a0b-4e50-a3c7-9c6e09da0af1', '1a336595-020d-4026-a389-afd9a80cf707', '50be97c9-50e0-4860-be5b-f2c1b4a63d77');
INSERT INTO option_choice (option_id, choice_id) VALUES ('026e21bd-77e7-46bc-85ba-c7e5eea39031', '3bbace7c-6a0b-4e50-a3c7-9c6e09da0af1');
INSERT INTO choice (id, questionnaire_id, interviewee_id) VALUES ('66bfdb0c-d812-4eaa-a0b7-02c66f7b103c', 'b6588e29-37de-425f-834e-e867f77794ce', '50be97c9-50e0-4860-be5b-f2c1b4a63d77');
INSERT INTO option_choice (option_id, choice_id) VALUES ('5b82f100-bb0f-47ec-9395-7a0409f4b7ef', '66bfdb0c-d812-4eaa-a0b7-02c66f7b103c');
INSERT INTO option_choice (option_id, choice_id) VALUES ('40c301f5-13ed-4b94-85aa-e1c562adce4d', '66bfdb0c-d812-4eaa-a0b7-02c66f7b103c');
INSERT INTO option_choice (option_id, choice_id) VALUES ('46bd1403-2ee0-4145-8014-8dd4fafcb8af', '66bfdb0c-d812-4eaa-a0b7-02c66f7b103c');
INSERT INTO option_choice (option_id, choice_id) VALUES ('4bde418e-a165-43f7-ac7b-c6d2ab034e2e', '66bfdb0c-d812-4eaa-a0b7-02c66f7b103c');
INSERT INTO choice (id, questionnaire_id, interviewee_id) VALUES ('727d00fd-e18e-462b-9bb3-9496b776594b', '83dbd16d-6765-468d-944f-022d10d042e5', '50be97c9-50e0-4860-be5b-f2c1b4a63d77');
INSERT INTO option_choice (option_id, choice_id) VALUES ('176e8036-bece-46c0-beb2-71eb28a41f51', '727d00fd-e18e-462b-9bb3-9496b776594b');
INSERT INTO option_choice (option_id, choice_id) VALUES ('eee0aab7-8b77-4c19-b028-648aa7e303ed', '727d00fd-e18e-462b-9bb3-9496b776594b');
INSERT INTO option_choice (option_id, choice_id) VALUES ('d8a63395-3425-4d1b-95be-b38dc31cb0af', '727d00fd-e18e-462b-9bb3-9496b776594b');
INSERT INTO option_choice (option_id, choice_id) VALUES ('d6416cf3-39f7-4cf9-ba84-314605b84d03', '727d00fd-e18e-462b-9bb3-9496b776594b');
INSERT INTO interviewee (id, login, password, age, gender, country, marital_status) VALUES ('dca46391-76da-4936-bb2a-2fbd140be45e', 'interviewee258', 'qwerty', 38, 'male', 'GY', 'divorced');
INSERT INTO choice (id, questionnaire_id, interviewee_id) VALUES ('5b22cf75-ce67-40fa-8813-4ba6cca62432', '309e872a-e145-4926-998b-ec0fdb62466a', 'dca46391-76da-4936-bb2a-2fbd140be45e');
INSERT INTO option_choice (option_id, choice_id) VALUES ('1dcd1e79-636e-4d6c-b9b4-dcf0da4fdaaa', '5b22cf75-ce67-40fa-8813-4ba6cca62432');
INSERT INTO option_choice (option_id, choice_id) VALUES ('4579f5ab-3007-4302-aa53-456cd440599b', '5b22cf75-ce67-40fa-8813-4ba6cca62432');
INSERT INTO option_choice (option_id, choice_id) VALUES ('8ccfc598-c3a0-4ad2-a052-f4e6e3edc252', '5b22cf75-ce67-40fa-8813-4ba6cca62432');
INSERT INTO interviewee (id, login, password, age, gender, country, marital_status) VALUES ('c102f66f-17d6-470a-9420-1d3c440dde51', 'interviewee259', 'qwerty', 61, 'male', 'OM', 'divorced');
INSERT INTO choice (id, questionnaire_id, interviewee_id) VALUES ('15c7e138-aef0-49b2-8660-533d87068e34', 'a7e484ae-fb91-4ddf-a8c0-869a7f4ad0ee', 'c102f66f-17d6-470a-9420-1d3c440dde51');
INSERT INTO option_choice (option_id, choice_id) VALUES ('4331f8de-01b0-4500-b3ce-a712074f2e20', '15c7e138-aef0-49b2-8660-533d87068e34');
INSERT INTO choice (id, questionnaire_id, interviewee_id) VALUES ('0d119d5b-691b-4d45-9b2a-0d0ed55016b6', 'f680addd-a0b2-4101-9e1f-5e0870943c68', 'c102f66f-17d6-470a-9420-1d3c440dde51');
INSERT INTO option_choice (option_id, choice_id) VALUES ('521ef3a0-411b-4392-8393-62ed9a638949', '0d119d5b-691b-4d45-9b2a-0d0ed55016b6');
INSERT INTO choice (id, questionnaire_id, interviewee_id) VALUES ('3f34c580-d30c-40af-84bc-950254f16844', 'b6588e29-37de-425f-834e-e867f77794ce', 'c102f66f-17d6-470a-9420-1d3c440dde51');
INSERT INTO option_choice (option_id, choice_id) VALUES ('ec37510e-f2a1-4e16-ae94-e9ea2c4461e3', '3f34c580-d30c-40af-84bc-950254f16844');
INSERT INTO option_choice (option_id, choice_id) VALUES ('40c301f5-13ed-4b94-85aa-e1c562adce4d', '3f34c580-d30c-40af-84bc-950254f16844');
INSERT INTO option_choice (option_id, choice_id) VALUES ('07e7a8bf-65e2-41d5-aeef-91bcbe765392', '3f34c580-d30c-40af-84bc-950254f16844');
INSERT INTO option_choice (option_id, choice_id) VALUES ('460ff4a7-d376-4dc8-b5bb-9ab1989fbb31', '3f34c580-d30c-40af-84bc-950254f16844');
INSERT INTO interviewee (id, login, password, age, gender, country, marital_status) VALUES ('c436be72-42c4-466d-aebe-ffc625fc419b', 'interviewee260', 'qwerty', 14, 'female', 'VU', 'was_not_married');
INSERT INTO choice (id, questionnaire_id, interviewee_id) VALUES ('fc286393-5a7e-4510-aa6d-3649a36450dc', 'e2cf177f-e49f-4aef-99a6-095d711c6ec2', 'c436be72-42c4-466d-aebe-ffc625fc419b');
INSERT INTO option_choice (option_id, choice_id) VALUES ('1b5e4a41-da4c-4845-8698-5ed9deee3ca2', 'fc286393-5a7e-4510-aa6d-3649a36450dc');
INSERT INTO choice (id, questionnaire_id, interviewee_id) VALUES ('5c094636-206e-41af-bd92-238885628980', '309e872a-e145-4926-998b-ec0fdb62466a', 'c436be72-42c4-466d-aebe-ffc625fc419b');
INSERT INTO option_choice (option_id, choice_id) VALUES ('4579f5ab-3007-4302-aa53-456cd440599b', '5c094636-206e-41af-bd92-238885628980');
INSERT INTO option_choice (option_id, choice_id) VALUES ('1dcd1e79-636e-4d6c-b9b4-dcf0da4fdaaa', '5c094636-206e-41af-bd92-238885628980');
INSERT INTO option_choice (option_id, choice_id) VALUES ('8ccfc598-c3a0-4ad2-a052-f4e6e3edc252', '5c094636-206e-41af-bd92-238885628980');
INSERT INTO interviewee (id, login, password, age, gender, country, marital_status) VALUES ('21cd80c4-93fe-409a-ace7-2b4e65685a8c', 'interviewee261', 'qwerty', 59, 'female', 'IN', 'was_not_married');
INSERT INTO choice (id, questionnaire_id, interviewee_id) VALUES ('d6f50f24-1df7-4c39-b457-3c6649039ce8', '91a16ec4-1a91-44d1-bb08-6e9fc823c230', '21cd80c4-93fe-409a-ace7-2b4e65685a8c');
INSERT INTO option_choice (option_id, choice_id) VALUES ('cab8632d-19dd-4ddc-9c90-669949088fa5', 'd6f50f24-1df7-4c39-b457-3c6649039ce8');
INSERT INTO option_choice (option_id, choice_id) VALUES ('5b32da45-be75-42c8-8fa7-ba776167a759', 'd6f50f24-1df7-4c39-b457-3c6649039ce8');
INSERT INTO interviewee (id, login, password, age, gender, country, marital_status) VALUES ('6c94ceb3-6a5a-45e4-9452-36c8d76a5e6c', 'interviewee262', 'qwerty', 40, 'female', 'KZ', 'divorced');
INSERT INTO choice (id, questionnaire_id, interviewee_id) VALUES ('f09b2dc8-c801-4638-878e-4a37085e00b8', '342b973f-a1d1-4062-a073-fb80b6195e1a', '6c94ceb3-6a5a-45e4-9452-36c8d76a5e6c');
INSERT INTO option_choice (option_id, choice_id) VALUES ('47afaa62-a5ba-4be6-81b8-673fae59c987', 'f09b2dc8-c801-4638-878e-4a37085e00b8');
INSERT INTO option_choice (option_id, choice_id) VALUES ('a95386af-e627-4a57-adc2-0009818da88b', 'f09b2dc8-c801-4638-878e-4a37085e00b8');
INSERT INTO option_choice (option_id, choice_id) VALUES ('d84282d4-6002-4289-bb10-cb7bfd2e906b', 'f09b2dc8-c801-4638-878e-4a37085e00b8');
INSERT INTO choice (id, questionnaire_id, interviewee_id) VALUES ('9bb4aa54-0af3-498e-af8d-decab7f8141c', 'd05638df-f11c-413d-8456-ee036bed2914', '6c94ceb3-6a5a-45e4-9452-36c8d76a5e6c');
INSERT INTO option_choice (option_id, choice_id) VALUES ('b4b64304-6288-40df-8120-283c58db8d1a', '9bb4aa54-0af3-498e-af8d-decab7f8141c');
INSERT INTO choice (id, questionnaire_id, interviewee_id) VALUES ('43377c3b-45fa-4ddb-9741-c13717f3e838', '21abb345-1235-4f5e-8b5b-2f6f89f30fee', '6c94ceb3-6a5a-45e4-9452-36c8d76a5e6c');
INSERT INTO option_choice (option_id, choice_id) VALUES ('89025574-1604-4050-9786-3bf06cdb36eb', '43377c3b-45fa-4ddb-9741-c13717f3e838');
INSERT INTO interviewee (id, login, password, age, gender, country, marital_status) VALUES ('5b4a9d8b-eb09-44a8-b51c-ff3a7409906e', 'interviewee263', 'qwerty', 20, 'female', 'LC', 'divorced');
INSERT INTO choice (id, questionnaire_id, interviewee_id) VALUES ('4426330c-3883-4668-bd7b-9a1e53658d9d', 'b6588e29-37de-425f-834e-e867f77794ce', '5b4a9d8b-eb09-44a8-b51c-ff3a7409906e');
INSERT INTO option_choice (option_id, choice_id) VALUES ('7f0bbd14-8cfc-4a28-88f7-5af992a4c02b', '4426330c-3883-4668-bd7b-9a1e53658d9d');
INSERT INTO option_choice (option_id, choice_id) VALUES ('4bde418e-a165-43f7-ac7b-c6d2ab034e2e', '4426330c-3883-4668-bd7b-9a1e53658d9d');
INSERT INTO option_choice (option_id, choice_id) VALUES ('460ff4a7-d376-4dc8-b5bb-9ab1989fbb31', '4426330c-3883-4668-bd7b-9a1e53658d9d');
INSERT INTO option_choice (option_id, choice_id) VALUES ('46bd1403-2ee0-4145-8014-8dd4fafcb8af', '4426330c-3883-4668-bd7b-9a1e53658d9d');
INSERT INTO option_choice (option_id, choice_id) VALUES ('07e7a8bf-65e2-41d5-aeef-91bcbe765392', '4426330c-3883-4668-bd7b-9a1e53658d9d');
INSERT INTO choice (id, questionnaire_id, interviewee_id) VALUES ('8c193407-9c6c-4383-8e04-8eef775fe4a4', '0b6580ec-1374-4a48-ad1d-b1fa316ad9be', '5b4a9d8b-eb09-44a8-b51c-ff3a7409906e');
INSERT INTO option_choice (option_id, choice_id) VALUES ('82cec316-48c4-48d4-9d69-8a67e9d22eca', '8c193407-9c6c-4383-8e04-8eef775fe4a4');
INSERT INTO option_choice (option_id, choice_id) VALUES ('a518cc4d-143a-45ca-b29f-a7c53dacc773', '8c193407-9c6c-4383-8e04-8eef775fe4a4');
INSERT INTO option_choice (option_id, choice_id) VALUES ('82be4575-892d-453a-b3d9-0827c6b6d6df', '8c193407-9c6c-4383-8e04-8eef775fe4a4');
INSERT INTO interviewee (id, login, password, age, gender, country, marital_status) VALUES ('b6449b65-4b8d-4c74-954f-699442187d7e', 'interviewee264', 'qwerty', 33, 'male', 'NP', 'was_not_married');
INSERT INTO choice (id, questionnaire_id, interviewee_id) VALUES ('6ef69b86-2394-4e36-828e-e4128f486d34', '342b973f-a1d1-4062-a073-fb80b6195e1a', 'b6449b65-4b8d-4c74-954f-699442187d7e');
INSERT INTO option_choice (option_id, choice_id) VALUES ('47afaa62-a5ba-4be6-81b8-673fae59c987', '6ef69b86-2394-4e36-828e-e4128f486d34');
INSERT INTO choice (id, questionnaire_id, interviewee_id) VALUES ('ec889aa4-6be8-49c0-af9a-8e929719e0a1', 'a2f7d656-4675-4d99-9435-95cbe535c6c1', 'b6449b65-4b8d-4c74-954f-699442187d7e');
INSERT INTO option_choice (option_id, choice_id) VALUES ('d3d55bb1-ef9d-4b9a-b1b9-8e4375e7dbd0', 'ec889aa4-6be8-49c0-af9a-8e929719e0a1');
INSERT INTO option_choice (option_id, choice_id) VALUES ('930526a4-2714-4f39-831c-55b3185bd967', 'ec889aa4-6be8-49c0-af9a-8e929719e0a1');
INSERT INTO option_choice (option_id, choice_id) VALUES ('ced72831-705a-4153-849e-71a73e5a7d3c', 'ec889aa4-6be8-49c0-af9a-8e929719e0a1');
INSERT INTO option_choice (option_id, choice_id) VALUES ('c6bb5cf5-3828-4747-8bb2-776e9deaeb04', 'ec889aa4-6be8-49c0-af9a-8e929719e0a1');
INSERT INTO choice (id, questionnaire_id, interviewee_id) VALUES ('5c9ba571-945e-45af-8df9-9e61cee63290', '8adfa259-7459-4497-b994-7101058c39c1', 'b6449b65-4b8d-4c74-954f-699442187d7e');
INSERT INTO option_choice (option_id, choice_id) VALUES ('0c96072b-cf70-4fde-8afb-27bf8c3f7a8b', '5c9ba571-945e-45af-8df9-9e61cee63290');
INSERT INTO interviewee (id, login, password, age, gender, country, marital_status) VALUES ('3291ba52-3dfa-4c54-8b34-ebd1664e2469', 'interviewee265', 'qwerty', 57, 'male', 'QA', 'divorced');
INSERT INTO choice (id, questionnaire_id, interviewee_id) VALUES ('7418cb05-7b0e-47eb-bc62-8a85a1df585d', '91a16ec4-1a91-44d1-bb08-6e9fc823c230', '3291ba52-3dfa-4c54-8b34-ebd1664e2469');
INSERT INTO option_choice (option_id, choice_id) VALUES ('cab8632d-19dd-4ddc-9c90-669949088fa5', '7418cb05-7b0e-47eb-bc62-8a85a1df585d');
INSERT INTO option_choice (option_id, choice_id) VALUES ('690b73cc-52e3-435d-a3bd-78733e5fdeaf', '7418cb05-7b0e-47eb-bc62-8a85a1df585d');
INSERT INTO interviewee (id, login, password, age, gender, country, marital_status) VALUES ('e7138a31-f2fe-4468-9266-e9fa06e7620f', 'interviewee266', 'qwerty', 43, 'male', 'SV', 'married');
INSERT INTO choice (id, questionnaire_id, interviewee_id) VALUES ('ccf64925-219e-441c-80c6-116dc69c2486', 'a7e484ae-fb91-4ddf-a8c0-869a7f4ad0ee', 'e7138a31-f2fe-4468-9266-e9fa06e7620f');
INSERT INTO option_choice (option_id, choice_id) VALUES ('5833b1ae-14b5-474e-8178-69dc98fc720e', 'ccf64925-219e-441c-80c6-116dc69c2486');
INSERT INTO interviewee (id, login, password, age, gender, country, marital_status) VALUES ('1c748649-3155-4228-91be-8e87632298b2', 'interviewee267', 'qwerty', 59, 'male', 'BB', 'was_not_married');
INSERT INTO choice (id, questionnaire_id, interviewee_id) VALUES ('85be5883-8d94-45c1-91b0-ae8642603aae', '342b973f-a1d1-4062-a073-fb80b6195e1a', '1c748649-3155-4228-91be-8e87632298b2');
INSERT INTO option_choice (option_id, choice_id) VALUES ('d84282d4-6002-4289-bb10-cb7bfd2e906b', '85be5883-8d94-45c1-91b0-ae8642603aae');
INSERT INTO interviewee (id, login, password, age, gender, country, marital_status) VALUES ('586ef77e-98ee-4592-93fb-01bc18be524b', 'interviewee268', 'qwerty', 26, 'male', 'LV', 'was_not_married');
INSERT INTO choice (id, questionnaire_id, interviewee_id) VALUES ('853dbf36-de44-44fe-9f75-b73b31a8962b', 'a7e484ae-fb91-4ddf-a8c0-869a7f4ad0ee', '586ef77e-98ee-4592-93fb-01bc18be524b');
INSERT INTO option_choice (option_id, choice_id) VALUES ('5833b1ae-14b5-474e-8178-69dc98fc720e', '853dbf36-de44-44fe-9f75-b73b31a8962b');
INSERT INTO choice (id, questionnaire_id, interviewee_id) VALUES ('fee5f261-caf3-4bb6-9419-46d477101df2', 'b5ae5620-2d58-48f5-a060-28e8fd1859dd', '586ef77e-98ee-4592-93fb-01bc18be524b');
INSERT INTO option_choice (option_id, choice_id) VALUES ('a5e432ce-d2c6-4c6b-912f-dd0aa7f19d87', 'fee5f261-caf3-4bb6-9419-46d477101df2');
INSERT INTO choice (id, questionnaire_id, interviewee_id) VALUES ('0fbde567-0e43-4d86-8ba0-1de0237bd964', '91a16ec4-1a91-44d1-bb08-6e9fc823c230', '586ef77e-98ee-4592-93fb-01bc18be524b');
INSERT INTO option_choice (option_id, choice_id) VALUES ('fbc23714-2c99-4441-8130-94075c78f6e8', '0fbde567-0e43-4d86-8ba0-1de0237bd964');
INSERT INTO option_choice (option_id, choice_id) VALUES ('690b73cc-52e3-435d-a3bd-78733e5fdeaf', '0fbde567-0e43-4d86-8ba0-1de0237bd964');
INSERT INTO option_choice (option_id, choice_id) VALUES ('5b32da45-be75-42c8-8fa7-ba776167a759', '0fbde567-0e43-4d86-8ba0-1de0237bd964');
INSERT INTO interviewee (id, login, password, age, gender, country, marital_status) VALUES ('478bd4d8-56b9-4798-91ae-b18e01e6ab29', 'interviewee269', 'qwerty', 56, 'female', 'UM', 'divorced');
INSERT INTO choice (id, questionnaire_id, interviewee_id) VALUES ('5d079ad4-e7a3-45f6-b231-d6aeb37581db', 'afb83fe3-e755-403b-9a15-c18b3782c012', '478bd4d8-56b9-4798-91ae-b18e01e6ab29');
INSERT INTO option_choice (option_id, choice_id) VALUES ('20880a56-05fa-464a-90ad-faf02a83fa77', '5d079ad4-e7a3-45f6-b231-d6aeb37581db');
INSERT INTO interviewee (id, login, password, age, gender, country, marital_status) VALUES ('64be0d45-c0bd-40eb-84b1-afc8a5ec1a02', 'interviewee270', 'qwerty', 60, 'male', 'TG', 'was_not_married');
INSERT INTO choice (id, questionnaire_id, interviewee_id) VALUES ('25245b83-8388-4555-962d-13825a357d01', 'afb83fe3-e755-403b-9a15-c18b3782c012', '64be0d45-c0bd-40eb-84b1-afc8a5ec1a02');
INSERT INTO option_choice (option_id, choice_id) VALUES ('20880a56-05fa-464a-90ad-faf02a83fa77', '25245b83-8388-4555-962d-13825a357d01');
INSERT INTO interviewee (id, login, password, age, gender, country, marital_status) VALUES ('2dbee74d-5067-48a3-acb7-2d22f07fc449', 'interviewee271', 'qwerty', 50, 'female', 'KW', 'married');
INSERT INTO choice (id, questionnaire_id, interviewee_id) VALUES ('ce1f3c2d-5bd6-432e-87ae-6b8142f97e7e', 'e679f6e5-388e-4679-9f14-15a0896d2816', '2dbee74d-5067-48a3-acb7-2d22f07fc449');
INSERT INTO option_choice (option_id, choice_id) VALUES ('3ee9dd0f-6306-4f8b-bdec-27347884621a', 'ce1f3c2d-5bd6-432e-87ae-6b8142f97e7e');
INSERT INTO option_choice (option_id, choice_id) VALUES ('5169914a-cf41-4077-8993-1322df09c3da', 'ce1f3c2d-5bd6-432e-87ae-6b8142f97e7e');
INSERT INTO option_choice (option_id, choice_id) VALUES ('7fc08a6e-900b-45ea-b455-29a8eb343039', 'ce1f3c2d-5bd6-432e-87ae-6b8142f97e7e');
INSERT INTO option_choice (option_id, choice_id) VALUES ('01fc26e1-e8f8-407f-a1b8-6af243e9c3dd', 'ce1f3c2d-5bd6-432e-87ae-6b8142f97e7e');
INSERT INTO interviewee (id, login, password, age, gender, country, marital_status) VALUES ('fe20ffe6-3fa2-4df0-9a9c-8b24345c26c7', 'interviewee272', 'qwerty', 27, 'female', 'GA', 'divorced');
INSERT INTO choice (id, questionnaire_id, interviewee_id) VALUES ('bf5e4547-bd5c-40ff-b420-a72572bab875', '0b6580ec-1374-4a48-ad1d-b1fa316ad9be', 'fe20ffe6-3fa2-4df0-9a9c-8b24345c26c7');
INSERT INTO option_choice (option_id, choice_id) VALUES ('68263915-d7e9-4ac6-9c14-f48cf8807857', 'bf5e4547-bd5c-40ff-b420-a72572bab875');
INSERT INTO option_choice (option_id, choice_id) VALUES ('82be4575-892d-453a-b3d9-0827c6b6d6df', 'bf5e4547-bd5c-40ff-b420-a72572bab875');
INSERT INTO choice (id, questionnaire_id, interviewee_id) VALUES ('1053b591-e5a3-48ec-aa02-16dd45477f4d', '8902d50d-0421-4680-82f2-f2b1b667e3fd', 'fe20ffe6-3fa2-4df0-9a9c-8b24345c26c7');
INSERT INTO option_choice (option_id, choice_id) VALUES ('cbdaf253-f6a6-406f-a288-e0397682e9f8', '1053b591-e5a3-48ec-aa02-16dd45477f4d');
INSERT INTO interviewee (id, login, password, age, gender, country, marital_status) VALUES ('bafad88d-3ab1-46be-a4b8-986eaadd734d', 'interviewee273', 'qwerty', 47, 'male', 'SB', 'divorced');
INSERT INTO choice (id, questionnaire_id, interviewee_id) VALUES ('92215833-d26e-426b-9b06-daad21863082', 'f680addd-a0b2-4101-9e1f-5e0870943c68', 'bafad88d-3ab1-46be-a4b8-986eaadd734d');
INSERT INTO option_choice (option_id, choice_id) VALUES ('521ef3a0-411b-4392-8393-62ed9a638949', '92215833-d26e-426b-9b06-daad21863082');
INSERT INTO choice (id, questionnaire_id, interviewee_id) VALUES ('be5fc20d-17f7-47a9-b3e4-d6c555894af9', '8902d50d-0421-4680-82f2-f2b1b667e3fd', 'bafad88d-3ab1-46be-a4b8-986eaadd734d');
INSERT INTO option_choice (option_id, choice_id) VALUES ('cbdaf253-f6a6-406f-a288-e0397682e9f8', 'be5fc20d-17f7-47a9-b3e4-d6c555894af9');
INSERT INTO choice (id, questionnaire_id, interviewee_id) VALUES ('8e81e9e3-1a4d-4c53-85b9-27a64052b6f6', 'e679f6e5-388e-4679-9f14-15a0896d2816', 'bafad88d-3ab1-46be-a4b8-986eaadd734d');
INSERT INTO option_choice (option_id, choice_id) VALUES ('7fc08a6e-900b-45ea-b455-29a8eb343039', '8e81e9e3-1a4d-4c53-85b9-27a64052b6f6');
INSERT INTO option_choice (option_id, choice_id) VALUES ('f62b7b4d-17f1-4686-9782-f0b454d6f390', '8e81e9e3-1a4d-4c53-85b9-27a64052b6f6');
INSERT INTO option_choice (option_id, choice_id) VALUES ('01fc26e1-e8f8-407f-a1b8-6af243e9c3dd', '8e81e9e3-1a4d-4c53-85b9-27a64052b6f6');
INSERT INTO option_choice (option_id, choice_id) VALUES ('ae13d28d-5670-495b-a9e0-d0949dab86e3', '8e81e9e3-1a4d-4c53-85b9-27a64052b6f6');
INSERT INTO option_choice (option_id, choice_id) VALUES ('5169914a-cf41-4077-8993-1322df09c3da', '8e81e9e3-1a4d-4c53-85b9-27a64052b6f6');
INSERT INTO interviewee (id, login, password, age, gender, country, marital_status) VALUES ('83239e8a-f68c-4973-b7b1-e0fae91bd174', 'interviewee274', 'qwerty', 37, 'female', 'ST', 'married');
INSERT INTO choice (id, questionnaire_id, interviewee_id) VALUES ('e525c789-920d-458a-a65e-35e78b76554a', 'b6588e29-37de-425f-834e-e867f77794ce', '83239e8a-f68c-4973-b7b1-e0fae91bd174');
INSERT INTO option_choice (option_id, choice_id) VALUES ('46bd1403-2ee0-4145-8014-8dd4fafcb8af', 'e525c789-920d-458a-a65e-35e78b76554a');
INSERT INTO option_choice (option_id, choice_id) VALUES ('ec37510e-f2a1-4e16-ae94-e9ea2c4461e3', 'e525c789-920d-458a-a65e-35e78b76554a');
INSERT INTO option_choice (option_id, choice_id) VALUES ('40c301f5-13ed-4b94-85aa-e1c562adce4d', 'e525c789-920d-458a-a65e-35e78b76554a');
INSERT INTO option_choice (option_id, choice_id) VALUES ('4bde418e-a165-43f7-ac7b-c6d2ab034e2e', 'e525c789-920d-458a-a65e-35e78b76554a');
INSERT INTO option_choice (option_id, choice_id) VALUES ('5b82f100-bb0f-47ec-9395-7a0409f4b7ef', 'e525c789-920d-458a-a65e-35e78b76554a');
INSERT INTO option_choice (option_id, choice_id) VALUES ('460ff4a7-d376-4dc8-b5bb-9ab1989fbb31', 'e525c789-920d-458a-a65e-35e78b76554a');
INSERT INTO option_choice (option_id, choice_id) VALUES ('7f0bbd14-8cfc-4a28-88f7-5af992a4c02b', 'e525c789-920d-458a-a65e-35e78b76554a');
INSERT INTO choice (id, questionnaire_id, interviewee_id) VALUES ('78b0afe0-9681-4463-bd65-847845d0a62d', '8902d50d-0421-4680-82f2-f2b1b667e3fd', '83239e8a-f68c-4973-b7b1-e0fae91bd174');
INSERT INTO option_choice (option_id, choice_id) VALUES ('699e6428-3838-43e4-88f0-8fa31ae6d648', '78b0afe0-9681-4463-bd65-847845d0a62d');
INSERT INTO interviewee (id, login, password, age, gender, country, marital_status) VALUES ('f2859beb-a02b-4276-bd91-87342be64992', 'interviewee275', 'qwerty', 53, 'female', 'BY', 'was_not_married');
INSERT INTO choice (id, questionnaire_id, interviewee_id) VALUES ('68cf25bd-1263-4f1c-a164-426cf9055fc5', 'b6588e29-37de-425f-834e-e867f77794ce', 'f2859beb-a02b-4276-bd91-87342be64992');
INSERT INTO option_choice (option_id, choice_id) VALUES ('40c301f5-13ed-4b94-85aa-e1c562adce4d', '68cf25bd-1263-4f1c-a164-426cf9055fc5');
INSERT INTO choice (id, questionnaire_id, interviewee_id) VALUES ('8a2f28ac-08cc-46cd-b48b-b01556632d03', '56c296cd-7c3b-4eb1-90cb-745e555a098c', 'f2859beb-a02b-4276-bd91-87342be64992');
INSERT INTO option_choice (option_id, choice_id) VALUES ('0e27133d-354c-4e2d-af9f-e74397954328', '8a2f28ac-08cc-46cd-b48b-b01556632d03');
INSERT INTO option_choice (option_id, choice_id) VALUES ('75d9d333-93f8-42f6-be3b-9a5a24aa476c', '8a2f28ac-08cc-46cd-b48b-b01556632d03');
INSERT INTO interviewee (id, login, password, age, gender, country, marital_status) VALUES ('f6e1722c-6534-4bf2-865e-2cc009fe38fd', 'interviewee276', 'qwerty', 16, 'female', 'HK', 'was_not_married');
INSERT INTO choice (id, questionnaire_id, interviewee_id) VALUES ('0ac6e0d4-3a80-48a0-a3d7-2f9d1f5f6c2c', '8adfa259-7459-4497-b994-7101058c39c1', 'f6e1722c-6534-4bf2-865e-2cc009fe38fd');
INSERT INTO option_choice (option_id, choice_id) VALUES ('502fb96b-685d-47da-86bb-f40e1e8f57ef', '0ac6e0d4-3a80-48a0-a3d7-2f9d1f5f6c2c');
INSERT INTO choice (id, questionnaire_id, interviewee_id) VALUES ('62078ba3-d126-434b-848a-493fe20f18a0', '309e872a-e145-4926-998b-ec0fdb62466a', 'f6e1722c-6534-4bf2-865e-2cc009fe38fd');
INSERT INTO option_choice (option_id, choice_id) VALUES ('926da358-7388-4aea-b601-42bcfcd8c071', '62078ba3-d126-434b-848a-493fe20f18a0');
INSERT INTO option_choice (option_id, choice_id) VALUES ('8ccfc598-c3a0-4ad2-a052-f4e6e3edc252', '62078ba3-d126-434b-848a-493fe20f18a0');
INSERT INTO option_choice (option_id, choice_id) VALUES ('4579f5ab-3007-4302-aa53-456cd440599b', '62078ba3-d126-434b-848a-493fe20f18a0');
INSERT INTO choice (id, questionnaire_id, interviewee_id) VALUES ('af5cfabd-c42f-47bd-88f7-a1ef4c828366', '83dbd16d-6765-468d-944f-022d10d042e5', 'f6e1722c-6534-4bf2-865e-2cc009fe38fd');
INSERT INTO option_choice (option_id, choice_id) VALUES ('d6416cf3-39f7-4cf9-ba84-314605b84d03', 'af5cfabd-c42f-47bd-88f7-a1ef4c828366');
INSERT INTO option_choice (option_id, choice_id) VALUES ('176e8036-bece-46c0-beb2-71eb28a41f51', 'af5cfabd-c42f-47bd-88f7-a1ef4c828366');
INSERT INTO option_choice (option_id, choice_id) VALUES ('d8a63395-3425-4d1b-95be-b38dc31cb0af', 'af5cfabd-c42f-47bd-88f7-a1ef4c828366');
INSERT INTO interviewee (id, login, password, age, gender, country, marital_status) VALUES ('28dc1ffd-821d-4e5d-a294-5c3c63508ca5', 'interviewee277', 'qwerty', 52, 'male', 'ES', 'married');
INSERT INTO choice (id, questionnaire_id, interviewee_id) VALUES ('e92fa4fd-c42a-474d-ad0c-4bcc7e32e3d0', 'a7e484ae-fb91-4ddf-a8c0-869a7f4ad0ee', '28dc1ffd-821d-4e5d-a294-5c3c63508ca5');
INSERT INTO option_choice (option_id, choice_id) VALUES ('4331f8de-01b0-4500-b3ce-a712074f2e20', 'e92fa4fd-c42a-474d-ad0c-4bcc7e32e3d0');
INSERT INTO interviewee (id, login, password, age, gender, country, marital_status) VALUES ('24e8787b-fa57-430e-bfb5-07f31dbad544', 'interviewee278', 'qwerty', 66, 'female', 'TH', 'married');
INSERT INTO choice (id, questionnaire_id, interviewee_id) VALUES ('d88c7801-400a-40f8-b853-5fbf0392db64', '8adfa259-7459-4497-b994-7101058c39c1', '24e8787b-fa57-430e-bfb5-07f31dbad544');
INSERT INTO option_choice (option_id, choice_id) VALUES ('968d6b86-376e-4d23-9555-89ee1d638c1c', 'd88c7801-400a-40f8-b853-5fbf0392db64');
INSERT INTO option_choice (option_id, choice_id) VALUES ('0c96072b-cf70-4fde-8afb-27bf8c3f7a8b', 'd88c7801-400a-40f8-b853-5fbf0392db64');
INSERT INTO option_choice (option_id, choice_id) VALUES ('9e45c288-be30-427f-be35-83a5171e2b4d', 'd88c7801-400a-40f8-b853-5fbf0392db64');
INSERT INTO choice (id, questionnaire_id, interviewee_id) VALUES ('6d752b07-0cae-40bf-ad0a-2c87a11e6fa4', 'a2f7d656-4675-4d99-9435-95cbe535c6c1', '24e8787b-fa57-430e-bfb5-07f31dbad544');
INSERT INTO option_choice (option_id, choice_id) VALUES ('d3d55bb1-ef9d-4b9a-b1b9-8e4375e7dbd0', '6d752b07-0cae-40bf-ad0a-2c87a11e6fa4');
INSERT INTO option_choice (option_id, choice_id) VALUES ('110b73fb-e57f-409d-83dc-0d81bdd20a44', '6d752b07-0cae-40bf-ad0a-2c87a11e6fa4');
INSERT INTO interviewee (id, login, password, age, gender, country, marital_status) VALUES ('a15f42c0-4c94-43ab-85d8-145a25530a72', 'interviewee279', 'qwerty', 24, 'female', 'TF', 'divorced');
INSERT INTO choice (id, questionnaire_id, interviewee_id) VALUES ('d8404053-30b4-4439-a6f0-47ba2463b419', '342b973f-a1d1-4062-a073-fb80b6195e1a', 'a15f42c0-4c94-43ab-85d8-145a25530a72');
INSERT INTO option_choice (option_id, choice_id) VALUES ('47afaa62-a5ba-4be6-81b8-673fae59c987', 'd8404053-30b4-4439-a6f0-47ba2463b419');
INSERT INTO choice (id, questionnaire_id, interviewee_id) VALUES ('739fdeda-45f9-4960-bae5-d7b4b6c702c5', '91a16ec4-1a91-44d1-bb08-6e9fc823c230', 'a15f42c0-4c94-43ab-85d8-145a25530a72');
INSERT INTO option_choice (option_id, choice_id) VALUES ('690b73cc-52e3-435d-a3bd-78733e5fdeaf', '739fdeda-45f9-4960-bae5-d7b4b6c702c5');
INSERT INTO option_choice (option_id, choice_id) VALUES ('fbc23714-2c99-4441-8130-94075c78f6e8', '739fdeda-45f9-4960-bae5-d7b4b6c702c5');
INSERT INTO option_choice (option_id, choice_id) VALUES ('cab8632d-19dd-4ddc-9c90-669949088fa5', '739fdeda-45f9-4960-bae5-d7b4b6c702c5');
INSERT INTO option_choice (option_id, choice_id) VALUES ('5b32da45-be75-42c8-8fa7-ba776167a759', '739fdeda-45f9-4960-bae5-d7b4b6c702c5');
INSERT INTO interviewee (id, login, password, age, gender, country, marital_status) VALUES ('f4fdc08b-e5c0-452b-b30c-00adc91b8a0b', 'interviewee280', 'qwerty', 23, 'female', 'JP', 'was_not_married');
INSERT INTO choice (id, questionnaire_id, interviewee_id) VALUES ('085aca61-a92b-4ceb-93d8-4702bcfae48c', 'b5ae5620-2d58-48f5-a060-28e8fd1859dd', 'f4fdc08b-e5c0-452b-b30c-00adc91b8a0b');
INSERT INTO option_choice (option_id, choice_id) VALUES ('346ef5d2-77a0-4ce4-a407-38382a94f28d', '085aca61-a92b-4ceb-93d8-4702bcfae48c');
INSERT INTO choice (id, questionnaire_id, interviewee_id) VALUES ('58b7950f-be6d-4629-99fd-4d48143e66ca', '309e872a-e145-4926-998b-ec0fdb62466a', 'f4fdc08b-e5c0-452b-b30c-00adc91b8a0b');
INSERT INTO option_choice (option_id, choice_id) VALUES ('8ccfc598-c3a0-4ad2-a052-f4e6e3edc252', '58b7950f-be6d-4629-99fd-4d48143e66ca');
INSERT INTO interviewee (id, login, password, age, gender, country, marital_status) VALUES ('6b79c304-4825-48ae-b54a-78c55ccd38f0', 'interviewee281', 'qwerty', 28, 'female', 'GG', 'married');
INSERT INTO choice (id, questionnaire_id, interviewee_id) VALUES ('29932599-077b-44be-a1a3-658c86d226eb', 'e2cf177f-e49f-4aef-99a6-095d711c6ec2', '6b79c304-4825-48ae-b54a-78c55ccd38f0');
INSERT INTO option_choice (option_id, choice_id) VALUES ('1b5e4a41-da4c-4845-8698-5ed9deee3ca2', '29932599-077b-44be-a1a3-658c86d226eb');
INSERT INTO interviewee (id, login, password, age, gender, country, marital_status) VALUES ('7a305889-3aee-4ec4-85ec-12a50ad19a89', 'interviewee282', 'qwerty', 36, 'male', 'CF', 'was_not_married');
INSERT INTO choice (id, questionnaire_id, interviewee_id) VALUES ('32803c0a-ffc1-4ae3-bb62-3d2d4b6fa9cf', '56c296cd-7c3b-4eb1-90cb-745e555a098c', '7a305889-3aee-4ec4-85ec-12a50ad19a89');
INSERT INTO option_choice (option_id, choice_id) VALUES ('75d9d333-93f8-42f6-be3b-9a5a24aa476c', '32803c0a-ffc1-4ae3-bb62-3d2d4b6fa9cf');
INSERT INTO interviewee (id, login, password, age, gender, country, marital_status) VALUES ('0595a32b-3e3c-41ab-9ebd-7e2f55318d0c', 'interviewee283', 'qwerty', 30, 'female', 'MR', 'divorced');
INSERT INTO choice (id, questionnaire_id, interviewee_id) VALUES ('4a686fc9-b0b3-4def-93a7-62dab177a1ac', '6a34c81d-d686-4ce4-8e2f-ec3d2ba47346', '0595a32b-3e3c-41ab-9ebd-7e2f55318d0c');
INSERT INTO option_choice (option_id, choice_id) VALUES ('f7043315-74b1-4456-92cc-0c7dc1e0dd21', '4a686fc9-b0b3-4def-93a7-62dab177a1ac');
INSERT INTO interviewee (id, login, password, age, gender, country, marital_status) VALUES ('85b16c42-e73e-456e-a547-011d371200e9', 'interviewee284', 'qwerty', 36, 'male', 'SK', 'married');
INSERT INTO choice (id, questionnaire_id, interviewee_id) VALUES ('866b712c-84ff-4620-b999-0e1d6811d254', '309e872a-e145-4926-998b-ec0fdb62466a', '85b16c42-e73e-456e-a547-011d371200e9');
INSERT INTO option_choice (option_id, choice_id) VALUES ('926da358-7388-4aea-b601-42bcfcd8c071', '866b712c-84ff-4620-b999-0e1d6811d254');
INSERT INTO option_choice (option_id, choice_id) VALUES ('4579f5ab-3007-4302-aa53-456cd440599b', '866b712c-84ff-4620-b999-0e1d6811d254');
INSERT INTO option_choice (option_id, choice_id) VALUES ('1dcd1e79-636e-4d6c-b9b4-dcf0da4fdaaa', '866b712c-84ff-4620-b999-0e1d6811d254');
INSERT INTO choice (id, questionnaire_id, interviewee_id) VALUES ('1ec8de36-4f0e-4148-b6eb-46bfdd04a73e', '83dbd16d-6765-468d-944f-022d10d042e5', '85b16c42-e73e-456e-a547-011d371200e9');
INSERT INTO option_choice (option_id, choice_id) VALUES ('d6416cf3-39f7-4cf9-ba84-314605b84d03', '1ec8de36-4f0e-4148-b6eb-46bfdd04a73e');
INSERT INTO option_choice (option_id, choice_id) VALUES ('176e8036-bece-46c0-beb2-71eb28a41f51', '1ec8de36-4f0e-4148-b6eb-46bfdd04a73e');
INSERT INTO option_choice (option_id, choice_id) VALUES ('eee0aab7-8b77-4c19-b028-648aa7e303ed', '1ec8de36-4f0e-4148-b6eb-46bfdd04a73e');
INSERT INTO option_choice (option_id, choice_id) VALUES ('d8a63395-3425-4d1b-95be-b38dc31cb0af', '1ec8de36-4f0e-4148-b6eb-46bfdd04a73e');
INSERT INTO interviewee (id, login, password, age, gender, country, marital_status) VALUES ('077089cd-6825-48cd-a1e2-a4f503ef2be8', 'interviewee285', 'qwerty', 54, 'female', 'EH', 'married');
INSERT INTO choice (id, questionnaire_id, interviewee_id) VALUES ('50f46a6a-7d74-4d2b-baec-35ef803dda59', '342b973f-a1d1-4062-a073-fb80b6195e1a', '077089cd-6825-48cd-a1e2-a4f503ef2be8');
INSERT INTO option_choice (option_id, choice_id) VALUES ('a95386af-e627-4a57-adc2-0009818da88b', '50f46a6a-7d74-4d2b-baec-35ef803dda59');
INSERT INTO choice (id, questionnaire_id, interviewee_id) VALUES ('00e18136-61d1-4789-a2b7-651177c227f9', '0b6580ec-1374-4a48-ad1d-b1fa316ad9be', '077089cd-6825-48cd-a1e2-a4f503ef2be8');
INSERT INTO option_choice (option_id, choice_id) VALUES ('68263915-d7e9-4ac6-9c14-f48cf8807857', '00e18136-61d1-4789-a2b7-651177c227f9');
INSERT INTO option_choice (option_id, choice_id) VALUES ('82be4575-892d-453a-b3d9-0827c6b6d6df', '00e18136-61d1-4789-a2b7-651177c227f9');
INSERT INTO option_choice (option_id, choice_id) VALUES ('82cec316-48c4-48d4-9d69-8a67e9d22eca', '00e18136-61d1-4789-a2b7-651177c227f9');
INSERT INTO option_choice (option_id, choice_id) VALUES ('a518cc4d-143a-45ca-b29f-a7c53dacc773', '00e18136-61d1-4789-a2b7-651177c227f9');
INSERT INTO choice (id, questionnaire_id, interviewee_id) VALUES ('02879e06-5fc6-4fa7-9a99-8575e3c7e242', 'a2f7d656-4675-4d99-9435-95cbe535c6c1', '077089cd-6825-48cd-a1e2-a4f503ef2be8');
INSERT INTO option_choice (option_id, choice_id) VALUES ('2366bc8e-690e-4739-b5f2-cf491cd8107c', '02879e06-5fc6-4fa7-9a99-8575e3c7e242');
INSERT INTO option_choice (option_id, choice_id) VALUES ('394c3616-edd7-4820-aa09-f4425e4f774c', '02879e06-5fc6-4fa7-9a99-8575e3c7e242');
INSERT INTO option_choice (option_id, choice_id) VALUES ('d3d55bb1-ef9d-4b9a-b1b9-8e4375e7dbd0', '02879e06-5fc6-4fa7-9a99-8575e3c7e242');
INSERT INTO option_choice (option_id, choice_id) VALUES ('930526a4-2714-4f39-831c-55b3185bd967', '02879e06-5fc6-4fa7-9a99-8575e3c7e242');
INSERT INTO option_choice (option_id, choice_id) VALUES ('110b73fb-e57f-409d-83dc-0d81bdd20a44', '02879e06-5fc6-4fa7-9a99-8575e3c7e242');
INSERT INTO option_choice (option_id, choice_id) VALUES ('ced72831-705a-4153-849e-71a73e5a7d3c', '02879e06-5fc6-4fa7-9a99-8575e3c7e242');
INSERT INTO option_choice (option_id, choice_id) VALUES ('c6bb5cf5-3828-4747-8bb2-776e9deaeb04', '02879e06-5fc6-4fa7-9a99-8575e3c7e242');
INSERT INTO interviewee (id, login, password, age, gender, country, marital_status) VALUES ('78d87d04-a41b-4e34-9cd2-4082e8885a70', 'interviewee286', 'qwerty', 34, 'female', 'LC', 'divorced');
INSERT INTO choice (id, questionnaire_id, interviewee_id) VALUES ('410b8517-0c79-4b54-a638-7b808b3edd19', '21abb345-1235-4f5e-8b5b-2f6f89f30fee', '78d87d04-a41b-4e34-9cd2-4082e8885a70');
INSERT INTO option_choice (option_id, choice_id) VALUES ('bf5bc6ce-b791-45ed-9dbe-fe939c3ccd4b', '410b8517-0c79-4b54-a638-7b808b3edd19');
INSERT INTO choice (id, questionnaire_id, interviewee_id) VALUES ('d0818117-3c17-492b-9026-77fcb1ff5e2a', 'd05638df-f11c-413d-8456-ee036bed2914', '78d87d04-a41b-4e34-9cd2-4082e8885a70');
INSERT INTO option_choice (option_id, choice_id) VALUES ('b4b64304-6288-40df-8120-283c58db8d1a', 'd0818117-3c17-492b-9026-77fcb1ff5e2a');
INSERT INTO choice (id, questionnaire_id, interviewee_id) VALUES ('31336795-aff5-4490-bead-3a9b992e5c32', '309e872a-e145-4926-998b-ec0fdb62466a', '78d87d04-a41b-4e34-9cd2-4082e8885a70');
INSERT INTO option_choice (option_id, choice_id) VALUES ('1dcd1e79-636e-4d6c-b9b4-dcf0da4fdaaa', '31336795-aff5-4490-bead-3a9b992e5c32');
INSERT INTO interviewee (id, login, password, age, gender, country, marital_status) VALUES ('a801a51d-c16f-409f-b9f2-aba7c1b2524b', 'interviewee287', 'qwerty', 44, 'female', 'FI', 'married');
INSERT INTO choice (id, questionnaire_id, interviewee_id) VALUES ('2a8ade8b-ce5c-4ab0-b2da-a0189c9ad8a0', '342b973f-a1d1-4062-a073-fb80b6195e1a', 'a801a51d-c16f-409f-b9f2-aba7c1b2524b');
INSERT INTO option_choice (option_id, choice_id) VALUES ('d84282d4-6002-4289-bb10-cb7bfd2e906b', '2a8ade8b-ce5c-4ab0-b2da-a0189c9ad8a0');
INSERT INTO choice (id, questionnaire_id, interviewee_id) VALUES ('1fa88bd3-055a-49fb-a551-b7eb640463d3', 'cb70c074-82ef-4114-aabc-e940a19b5bb0', 'a801a51d-c16f-409f-b9f2-aba7c1b2524b');
INSERT INTO option_choice (option_id, choice_id) VALUES ('b2aebe06-b155-47cd-a39d-b9c1beabb465', '1fa88bd3-055a-49fb-a551-b7eb640463d3');
INSERT INTO option_choice (option_id, choice_id) VALUES ('a6011a1c-260b-45fb-ad13-b09674b0b968', '1fa88bd3-055a-49fb-a551-b7eb640463d3');
INSERT INTO choice (id, questionnaire_id, interviewee_id) VALUES ('0c655bda-85fc-4920-95a7-39f4e6dc450b', 'a345b682-c7ac-49ac-9f14-4f5173a872d8', 'a801a51d-c16f-409f-b9f2-aba7c1b2524b');
INSERT INTO option_choice (option_id, choice_id) VALUES ('4389db4e-2a8b-43f8-8643-dd6f5a5f160e', '0c655bda-85fc-4920-95a7-39f4e6dc450b');
INSERT INTO interviewee (id, login, password, age, gender, country, marital_status) VALUES ('a533ba9d-e61c-4211-81f0-e7b12e680bdc', 'interviewee288', 'qwerty', 69, 'male', 'EG', 'married');
INSERT INTO choice (id, questionnaire_id, interviewee_id) VALUES ('883d8e4a-78d9-4845-b53a-8f344d017049', '8adfa259-7459-4497-b994-7101058c39c1', 'a533ba9d-e61c-4211-81f0-e7b12e680bdc');
INSERT INTO option_choice (option_id, choice_id) VALUES ('9e45c288-be30-427f-be35-83a5171e2b4d', '883d8e4a-78d9-4845-b53a-8f344d017049');
INSERT INTO option_choice (option_id, choice_id) VALUES ('0c96072b-cf70-4fde-8afb-27bf8c3f7a8b', '883d8e4a-78d9-4845-b53a-8f344d017049');
INSERT INTO option_choice (option_id, choice_id) VALUES ('7d64ec60-4b16-49eb-a0c6-4af24c3b1767', '883d8e4a-78d9-4845-b53a-8f344d017049');
INSERT INTO choice (id, questionnaire_id, interviewee_id) VALUES ('e7177d3d-46e6-4616-b70a-10d25d7a8bb2', '6a34c81d-d686-4ce4-8e2f-ec3d2ba47346', 'a533ba9d-e61c-4211-81f0-e7b12e680bdc');
INSERT INTO option_choice (option_id, choice_id) VALUES ('f7043315-74b1-4456-92cc-0c7dc1e0dd21', 'e7177d3d-46e6-4616-b70a-10d25d7a8bb2');
INSERT INTO choice (id, questionnaire_id, interviewee_id) VALUES ('27e16c0c-5859-4ebb-92e6-00626ade7661', '1a336595-020d-4026-a389-afd9a80cf707', 'a533ba9d-e61c-4211-81f0-e7b12e680bdc');
INSERT INTO option_choice (option_id, choice_id) VALUES ('026e21bd-77e7-46bc-85ba-c7e5eea39031', '27e16c0c-5859-4ebb-92e6-00626ade7661');
INSERT INTO interviewee (id, login, password, age, gender, country, marital_status) VALUES ('86186467-3b4e-4108-bd5d-78bdcc7d6915', 'interviewee289', 'qwerty', 24, 'female', 'LU', 'married');
INSERT INTO choice (id, questionnaire_id, interviewee_id) VALUES ('c891f228-6860-43d6-affe-b07e01e2695c', '1a336595-020d-4026-a389-afd9a80cf707', '86186467-3b4e-4108-bd5d-78bdcc7d6915');
INSERT INTO option_choice (option_id, choice_id) VALUES ('17fa6a45-befd-4756-95f2-c6c400c916a8', 'c891f228-6860-43d6-affe-b07e01e2695c');
INSERT INTO choice (id, questionnaire_id, interviewee_id) VALUES ('9ac6f361-0046-49cc-83fb-83746a2ecc45', 'b6588e29-37de-425f-834e-e867f77794ce', '86186467-3b4e-4108-bd5d-78bdcc7d6915');
INSERT INTO option_choice (option_id, choice_id) VALUES ('46bd1403-2ee0-4145-8014-8dd4fafcb8af', '9ac6f361-0046-49cc-83fb-83746a2ecc45');
INSERT INTO option_choice (option_id, choice_id) VALUES ('4bde418e-a165-43f7-ac7b-c6d2ab034e2e', '9ac6f361-0046-49cc-83fb-83746a2ecc45');
INSERT INTO option_choice (option_id, choice_id) VALUES ('460ff4a7-d376-4dc8-b5bb-9ab1989fbb31', '9ac6f361-0046-49cc-83fb-83746a2ecc45');
INSERT INTO choice (id, questionnaire_id, interviewee_id) VALUES ('4240e0fa-107d-4a2e-8fa1-dc1253c35d9d', 'a345b682-c7ac-49ac-9f14-4f5173a872d8', '86186467-3b4e-4108-bd5d-78bdcc7d6915');
INSERT INTO option_choice (option_id, choice_id) VALUES ('faa6ab11-59ef-4e3b-aa30-88fe576f7451', '4240e0fa-107d-4a2e-8fa1-dc1253c35d9d');
INSERT INTO interviewee (id, login, password, age, gender, country, marital_status) VALUES ('2960d5ee-d6ae-472f-adc4-98b509fcba89', 'interviewee290', 'qwerty', 35, 'female', 'IR', 'married');
INSERT INTO choice (id, questionnaire_id, interviewee_id) VALUES ('50a96eea-2dc2-45aa-9d95-e834e7359f28', 'e679f6e5-388e-4679-9f14-15a0896d2816', '2960d5ee-d6ae-472f-adc4-98b509fcba89');
INSERT INTO option_choice (option_id, choice_id) VALUES ('f62b7b4d-17f1-4686-9782-f0b454d6f390', '50a96eea-2dc2-45aa-9d95-e834e7359f28');
INSERT INTO choice (id, questionnaire_id, interviewee_id) VALUES ('e0a59ebd-1317-49d4-9e08-47cbdb4d852f', 'af6f1431-a90e-4919-83a4-359d6a8a7d22', '2960d5ee-d6ae-472f-adc4-98b509fcba89');
INSERT INTO option_choice (option_id, choice_id) VALUES ('b6cea016-cb83-4752-bbc0-0e2a71b294d6', 'e0a59ebd-1317-49d4-9e08-47cbdb4d852f');
INSERT INTO option_choice (option_id, choice_id) VALUES ('a3c0df26-f677-4a76-9fc9-e8bcb2a586ec', 'e0a59ebd-1317-49d4-9e08-47cbdb4d852f');
INSERT INTO option_choice (option_id, choice_id) VALUES ('d6e4609d-6705-4cc8-b83a-4786ea4f6ad6', 'e0a59ebd-1317-49d4-9e08-47cbdb4d852f');
INSERT INTO option_choice (option_id, choice_id) VALUES ('e41b3b09-f2a6-4206-bfde-743557a31646', 'e0a59ebd-1317-49d4-9e08-47cbdb4d852f');
INSERT INTO interviewee (id, login, password, age, gender, country, marital_status) VALUES ('5cc235aa-0c88-418e-a72c-eab5930c33a0', 'interviewee291', 'qwerty', 38, 'female', 'CM', 'was_not_married');
INSERT INTO choice (id, questionnaire_id, interviewee_id) VALUES ('097889a0-4c0e-409a-a7a1-5a7eb6fb19fc', '309e872a-e145-4926-998b-ec0fdb62466a', '5cc235aa-0c88-418e-a72c-eab5930c33a0');
INSERT INTO option_choice (option_id, choice_id) VALUES ('4579f5ab-3007-4302-aa53-456cd440599b', '097889a0-4c0e-409a-a7a1-5a7eb6fb19fc');
INSERT INTO option_choice (option_id, choice_id) VALUES ('1dcd1e79-636e-4d6c-b9b4-dcf0da4fdaaa', '097889a0-4c0e-409a-a7a1-5a7eb6fb19fc');
INSERT INTO option_choice (option_id, choice_id) VALUES ('8ccfc598-c3a0-4ad2-a052-f4e6e3edc252', '097889a0-4c0e-409a-a7a1-5a7eb6fb19fc');
INSERT INTO interviewee (id, login, password, age, gender, country, marital_status) VALUES ('d1c5522b-71f1-4d25-9e20-af1beeab7e86', 'interviewee292', 'qwerty', 57, 'male', 'GB', 'married');
INSERT INTO choice (id, questionnaire_id, interviewee_id) VALUES ('ac3ec3a5-25e6-49a0-abfe-be20ce9f50e5', 'b5ae5620-2d58-48f5-a060-28e8fd1859dd', 'd1c5522b-71f1-4d25-9e20-af1beeab7e86');
INSERT INTO option_choice (option_id, choice_id) VALUES ('a5e432ce-d2c6-4c6b-912f-dd0aa7f19d87', 'ac3ec3a5-25e6-49a0-abfe-be20ce9f50e5');
INSERT INTO choice (id, questionnaire_id, interviewee_id) VALUES ('0a6e688c-5152-4ce3-b0f1-0cf2431e312a', 'e679f6e5-388e-4679-9f14-15a0896d2816', 'd1c5522b-71f1-4d25-9e20-af1beeab7e86');
INSERT INTO option_choice (option_id, choice_id) VALUES ('01fc26e1-e8f8-407f-a1b8-6af243e9c3dd', '0a6e688c-5152-4ce3-b0f1-0cf2431e312a');
INSERT INTO option_choice (option_id, choice_id) VALUES ('3ee9dd0f-6306-4f8b-bdec-27347884621a', '0a6e688c-5152-4ce3-b0f1-0cf2431e312a');
INSERT INTO interviewee (id, login, password, age, gender, country, marital_status) VALUES ('80ec560d-b111-437f-a27e-4d63b3b74228', 'interviewee293', 'qwerty', 19, 'female', 'IT', 'was_not_married');
INSERT INTO choice (id, questionnaire_id, interviewee_id) VALUES ('c1b151dd-ad10-466e-9966-3bdad6089b97', '8902d50d-0421-4680-82f2-f2b1b667e3fd', '80ec560d-b111-437f-a27e-4d63b3b74228');
INSERT INTO option_choice (option_id, choice_id) VALUES ('b9a164f5-2a94-487b-874f-f3bdc79ee4e3', 'c1b151dd-ad10-466e-9966-3bdad6089b97');
INSERT INTO interviewee (id, login, password, age, gender, country, marital_status) VALUES ('6cd58f08-ee5c-4faa-84b2-f55d574ceadc', 'interviewee294', 'qwerty', 53, 'female', 'SJ', 'was_not_married');
INSERT INTO choice (id, questionnaire_id, interviewee_id) VALUES ('7debaea8-8c02-4317-afad-948969c33686', 'b6588e29-37de-425f-834e-e867f77794ce', '6cd58f08-ee5c-4faa-84b2-f55d574ceadc');
INSERT INTO option_choice (option_id, choice_id) VALUES ('ec37510e-f2a1-4e16-ae94-e9ea2c4461e3', '7debaea8-8c02-4317-afad-948969c33686');
INSERT INTO option_choice (option_id, choice_id) VALUES ('07e7a8bf-65e2-41d5-aeef-91bcbe765392', '7debaea8-8c02-4317-afad-948969c33686');
INSERT INTO option_choice (option_id, choice_id) VALUES ('5b82f100-bb0f-47ec-9395-7a0409f4b7ef', '7debaea8-8c02-4317-afad-948969c33686');
INSERT INTO option_choice (option_id, choice_id) VALUES ('46bd1403-2ee0-4145-8014-8dd4fafcb8af', '7debaea8-8c02-4317-afad-948969c33686');
INSERT INTO choice (id, questionnaire_id, interviewee_id) VALUES ('306341ee-4ed8-495e-b341-6a1721f7f057', 'd05638df-f11c-413d-8456-ee036bed2914', '6cd58f08-ee5c-4faa-84b2-f55d574ceadc');
INSERT INTO option_choice (option_id, choice_id) VALUES ('b4b64304-6288-40df-8120-283c58db8d1a', '306341ee-4ed8-495e-b341-6a1721f7f057');
INSERT INTO choice (id, questionnaire_id, interviewee_id) VALUES ('ddf4f4e7-409f-4fcf-875c-6889f7a7faf5', '21abb345-1235-4f5e-8b5b-2f6f89f30fee', '6cd58f08-ee5c-4faa-84b2-f55d574ceadc');
INSERT INTO option_choice (option_id, choice_id) VALUES ('fa871bfe-a04e-4297-af08-80cc94ccf337', 'ddf4f4e7-409f-4fcf-875c-6889f7a7faf5');
INSERT INTO interviewee (id, login, password, age, gender, country, marital_status) VALUES ('e62b2cf5-c30b-4876-8619-2d1e9ce507bb', 'interviewee295', 'qwerty', 47, 'male', 'CW', 'divorced');
INSERT INTO choice (id, questionnaire_id, interviewee_id) VALUES ('9acfbb94-1ef2-4872-9688-a5f4f4fd47dd', 'afb83fe3-e755-403b-9a15-c18b3782c012', 'e62b2cf5-c30b-4876-8619-2d1e9ce507bb');
INSERT INTO option_choice (option_id, choice_id) VALUES ('db1f1f55-651e-4dd8-b4c1-deb2f26216b2', '9acfbb94-1ef2-4872-9688-a5f4f4fd47dd');
INSERT INTO choice (id, questionnaire_id, interviewee_id) VALUES ('2a47658f-786a-45d3-9258-ecb67f1d10de', '91a16ec4-1a91-44d1-bb08-6e9fc823c230', 'e62b2cf5-c30b-4876-8619-2d1e9ce507bb');
INSERT INTO option_choice (option_id, choice_id) VALUES ('5b32da45-be75-42c8-8fa7-ba776167a759', '2a47658f-786a-45d3-9258-ecb67f1d10de');
INSERT INTO option_choice (option_id, choice_id) VALUES ('fbc23714-2c99-4441-8130-94075c78f6e8', '2a47658f-786a-45d3-9258-ecb67f1d10de');
INSERT INTO option_choice (option_id, choice_id) VALUES ('cab8632d-19dd-4ddc-9c90-669949088fa5', '2a47658f-786a-45d3-9258-ecb67f1d10de');
INSERT INTO interviewee (id, login, password, age, gender, country, marital_status) VALUES ('d2eede12-d32f-4a93-9b3c-1027a7295870', 'interviewee296', 'qwerty', 61, 'male', 'KI', 'married');
INSERT INTO choice (id, questionnaire_id, interviewee_id) VALUES ('98484913-704c-43e7-afc1-570ec161840a', 'f680addd-a0b2-4101-9e1f-5e0870943c68', 'd2eede12-d32f-4a93-9b3c-1027a7295870');
INSERT INTO option_choice (option_id, choice_id) VALUES ('521ef3a0-411b-4392-8393-62ed9a638949', '98484913-704c-43e7-afc1-570ec161840a');
INSERT INTO option_choice (option_id, choice_id) VALUES ('cfde0373-91b9-46f9-bc0d-a137a713d2d7', '98484913-704c-43e7-afc1-570ec161840a');
INSERT INTO option_choice (option_id, choice_id) VALUES ('5e0b63d0-2a10-4ab5-a66a-a47615b50b03', '98484913-704c-43e7-afc1-570ec161840a');
INSERT INTO choice (id, questionnaire_id, interviewee_id) VALUES ('e444af9d-6fc7-43ea-98bb-ff3783eda8c7', '342b973f-a1d1-4062-a073-fb80b6195e1a', 'd2eede12-d32f-4a93-9b3c-1027a7295870');
INSERT INTO option_choice (option_id, choice_id) VALUES ('47afaa62-a5ba-4be6-81b8-673fae59c987', 'e444af9d-6fc7-43ea-98bb-ff3783eda8c7');
INSERT INTO option_choice (option_id, choice_id) VALUES ('a95386af-e627-4a57-adc2-0009818da88b', 'e444af9d-6fc7-43ea-98bb-ff3783eda8c7');
INSERT INTO option_choice (option_id, choice_id) VALUES ('d84282d4-6002-4289-bb10-cb7bfd2e906b', 'e444af9d-6fc7-43ea-98bb-ff3783eda8c7');
INSERT INTO choice (id, questionnaire_id, interviewee_id) VALUES ('32aa2d99-721f-4dcd-b699-a8d04eaf4578', '557cb630-d2f4-4e11-afe9-d50534deb525', 'd2eede12-d32f-4a93-9b3c-1027a7295870');
INSERT INTO option_choice (option_id, choice_id) VALUES ('b633afa9-c11d-4aab-b450-ffbcfde02318', '32aa2d99-721f-4dcd-b699-a8d04eaf4578');
INSERT INTO interviewee (id, login, password, age, gender, country, marital_status) VALUES ('92c6a3bd-860f-4525-9fa1-fde407a5a4ba', 'interviewee297', 'qwerty', 17, 'female', 'QA', 'was_not_married');
INSERT INTO choice (id, questionnaire_id, interviewee_id) VALUES ('226a1cc8-98dd-4d1a-bc70-4ff88825f105', '83dbd16d-6765-468d-944f-022d10d042e5', '92c6a3bd-860f-4525-9fa1-fde407a5a4ba');
INSERT INTO option_choice (option_id, choice_id) VALUES ('176e8036-bece-46c0-beb2-71eb28a41f51', '226a1cc8-98dd-4d1a-bc70-4ff88825f105');
INSERT INTO option_choice (option_id, choice_id) VALUES ('d8a63395-3425-4d1b-95be-b38dc31cb0af', '226a1cc8-98dd-4d1a-bc70-4ff88825f105');
INSERT INTO option_choice (option_id, choice_id) VALUES ('d6416cf3-39f7-4cf9-ba84-314605b84d03', '226a1cc8-98dd-4d1a-bc70-4ff88825f105');
INSERT INTO option_choice (option_id, choice_id) VALUES ('eee0aab7-8b77-4c19-b028-648aa7e303ed', '226a1cc8-98dd-4d1a-bc70-4ff88825f105');
INSERT INTO choice (id, questionnaire_id, interviewee_id) VALUES ('ebeebc84-2984-4546-91d5-da23dbbc12c2', 'af6f1431-a90e-4919-83a4-359d6a8a7d22', '92c6a3bd-860f-4525-9fa1-fde407a5a4ba');
INSERT INTO option_choice (option_id, choice_id) VALUES ('b6cea016-cb83-4752-bbc0-0e2a71b294d6', 'ebeebc84-2984-4546-91d5-da23dbbc12c2');
INSERT INTO interviewee (id, login, password, age, gender, country, marital_status) VALUES ('cd82c352-2787-4269-89d0-61d7be51c57b', 'interviewee298', 'qwerty', 62, 'male', 'FM', 'was_not_married');
INSERT INTO choice (id, questionnaire_id, interviewee_id) VALUES ('25d4b15c-5544-4e01-9847-58c6d75c3967', 'd05638df-f11c-413d-8456-ee036bed2914', 'cd82c352-2787-4269-89d0-61d7be51c57b');
INSERT INTO option_choice (option_id, choice_id) VALUES ('b0557de3-6b66-4e79-b1ac-c2b8f0a5096b', '25d4b15c-5544-4e01-9847-58c6d75c3967');
INSERT INTO choice (id, questionnaire_id, interviewee_id) VALUES ('61b2a7e0-b3cb-459a-a28a-b2865506b91c', '91a16ec4-1a91-44d1-bb08-6e9fc823c230', 'cd82c352-2787-4269-89d0-61d7be51c57b');
INSERT INTO option_choice (option_id, choice_id) VALUES ('690b73cc-52e3-435d-a3bd-78733e5fdeaf', '61b2a7e0-b3cb-459a-a28a-b2865506b91c');
INSERT INTO option_choice (option_id, choice_id) VALUES ('5b32da45-be75-42c8-8fa7-ba776167a759', '61b2a7e0-b3cb-459a-a28a-b2865506b91c');
INSERT INTO choice (id, questionnaire_id, interviewee_id) VALUES ('89924ba7-f4f1-4909-a1b4-62616b64a34b', '83dbd16d-6765-468d-944f-022d10d042e5', 'cd82c352-2787-4269-89d0-61d7be51c57b');
INSERT INTO option_choice (option_id, choice_id) VALUES ('d6416cf3-39f7-4cf9-ba84-314605b84d03', '89924ba7-f4f1-4909-a1b4-62616b64a34b');
INSERT INTO option_choice (option_id, choice_id) VALUES ('eee0aab7-8b77-4c19-b028-648aa7e303ed', '89924ba7-f4f1-4909-a1b4-62616b64a34b');
INSERT INTO option_choice (option_id, choice_id) VALUES ('176e8036-bece-46c0-beb2-71eb28a41f51', '89924ba7-f4f1-4909-a1b4-62616b64a34b');
INSERT INTO option_choice (option_id, choice_id) VALUES ('d8a63395-3425-4d1b-95be-b38dc31cb0af', '89924ba7-f4f1-4909-a1b4-62616b64a34b');
INSERT INTO interviewee (id, login, password, age, gender, country, marital_status) VALUES ('f39a382c-e434-4201-b1dd-c8b750b8eeb5', 'interviewee299', 'qwerty', 47, 'female', 'HM', 'was_not_married');
INSERT INTO choice (id, questionnaire_id, interviewee_id) VALUES ('9545196f-48c0-489a-95ba-b772dc4d43a3', 'a7e484ae-fb91-4ddf-a8c0-869a7f4ad0ee', 'f39a382c-e434-4201-b1dd-c8b750b8eeb5');
INSERT INTO option_choice (option_id, choice_id) VALUES ('4331f8de-01b0-4500-b3ce-a712074f2e20', '9545196f-48c0-489a-95ba-b772dc4d43a3');
INSERT INTO interviewee (id, login, password, age, gender, country, marital_status) VALUES ('f600022e-1182-45e4-b1b9-86072aaa2448', 'interviewee300', 'qwerty', 14, 'female', 'ML', 'divorced');
INSERT INTO choice (id, questionnaire_id, interviewee_id) VALUES ('b3a5591f-4061-4ea4-8baa-048d2a598af8', '557cb630-d2f4-4e11-afe9-d50534deb525', 'f600022e-1182-45e4-b1b9-86072aaa2448');
INSERT INTO option_choice (option_id, choice_id) VALUES ('84999604-dd85-4536-a3fc-0dc6006d4d23', 'b3a5591f-4061-4ea4-8baa-048d2a598af8');
INSERT INTO choice (id, questionnaire_id, interviewee_id) VALUES ('c2e69e64-c929-4886-b490-b0b35193b830', '21abb345-1235-4f5e-8b5b-2f6f89f30fee', 'f600022e-1182-45e4-b1b9-86072aaa2448');
INSERT INTO option_choice (option_id, choice_id) VALUES ('785185e3-f7db-4c98-901d-0cf973d9050c', 'c2e69e64-c929-4886-b490-b0b35193b830');
INSERT INTO interviewee (id, login, password, age, gender, country, marital_status) VALUES ('8c300970-f858-4716-ba32-a61e30c5043c', 'interviewee301', 'qwerty', 22, 'female', 'SL', 'divorced');
INSERT INTO choice (id, questionnaire_id, interviewee_id) VALUES ('e6e66989-8921-4c98-afc6-15d4128e35f8', '83dbd16d-6765-468d-944f-022d10d042e5', '8c300970-f858-4716-ba32-a61e30c5043c');
INSERT INTO option_choice (option_id, choice_id) VALUES ('d8a63395-3425-4d1b-95be-b38dc31cb0af', 'e6e66989-8921-4c98-afc6-15d4128e35f8');
INSERT INTO option_choice (option_id, choice_id) VALUES ('d6416cf3-39f7-4cf9-ba84-314605b84d03', 'e6e66989-8921-4c98-afc6-15d4128e35f8');
INSERT INTO option_choice (option_id, choice_id) VALUES ('eee0aab7-8b77-4c19-b028-648aa7e303ed', 'e6e66989-8921-4c98-afc6-15d4128e35f8');
INSERT INTO choice (id, questionnaire_id, interviewee_id) VALUES ('028d0345-a9d7-4d98-b741-4184228d1d5d', 'bf8da1bc-7284-44d0-a7c0-4e0321978aa0', '8c300970-f858-4716-ba32-a61e30c5043c');
INSERT INTO option_choice (option_id, choice_id) VALUES ('fbbdfd34-e2c5-4e0b-b98a-d33f6f4fac06', '028d0345-a9d7-4d98-b741-4184228d1d5d');
INSERT INTO choice (id, questionnaire_id, interviewee_id) VALUES ('5b4adeb2-2189-4b3a-bd21-71e3220b0a72', 'a345b682-c7ac-49ac-9f14-4f5173a872d8', '8c300970-f858-4716-ba32-a61e30c5043c');
INSERT INTO option_choice (option_id, choice_id) VALUES ('4389db4e-2a8b-43f8-8643-dd6f5a5f160e', '5b4adeb2-2189-4b3a-bd21-71e3220b0a72');
INSERT INTO interviewee (id, login, password, age, gender, country, marital_status) VALUES ('ca88cf13-a7fe-4d87-9c07-f7db206109b0', 'interviewee302', 'qwerty', 23, 'male', 'BH', 'was_not_married');
INSERT INTO choice (id, questionnaire_id, interviewee_id) VALUES ('c2edc8f3-4b44-479b-8209-5af556024819', 'd05638df-f11c-413d-8456-ee036bed2914', 'ca88cf13-a7fe-4d87-9c07-f7db206109b0');
INSERT INTO option_choice (option_id, choice_id) VALUES ('b4b64304-6288-40df-8120-283c58db8d1a', 'c2edc8f3-4b44-479b-8209-5af556024819');
INSERT INTO choice (id, questionnaire_id, interviewee_id) VALUES ('71389d25-c07d-4908-8513-7432dfc534d8', '8adfa259-7459-4497-b994-7101058c39c1', 'ca88cf13-a7fe-4d87-9c07-f7db206109b0');
INSERT INTO option_choice (option_id, choice_id) VALUES ('7d64ec60-4b16-49eb-a0c6-4af24c3b1767', '71389d25-c07d-4908-8513-7432dfc534d8');
INSERT INTO option_choice (option_id, choice_id) VALUES ('3e047d89-087c-45bd-82d6-38c4acd5c609', '71389d25-c07d-4908-8513-7432dfc534d8');
INSERT INTO option_choice (option_id, choice_id) VALUES ('502fb96b-685d-47da-86bb-f40e1e8f57ef', '71389d25-c07d-4908-8513-7432dfc534d8');
INSERT INTO option_choice (option_id, choice_id) VALUES ('9e45c288-be30-427f-be35-83a5171e2b4d', '71389d25-c07d-4908-8513-7432dfc534d8');
INSERT INTO option_choice (option_id, choice_id) VALUES ('0c96072b-cf70-4fde-8afb-27bf8c3f7a8b', '71389d25-c07d-4908-8513-7432dfc534d8');
INSERT INTO interviewee (id, login, password, age, gender, country, marital_status) VALUES ('cc6c8fdc-10b2-41fc-b179-5b41ad72539d', 'interviewee303', 'qwerty', 69, 'female', 'JO', 'married');
INSERT INTO choice (id, questionnaire_id, interviewee_id) VALUES ('ca927a10-e272-4435-919d-359e991b3448', '309e872a-e145-4926-998b-ec0fdb62466a', 'cc6c8fdc-10b2-41fc-b179-5b41ad72539d');
INSERT INTO option_choice (option_id, choice_id) VALUES ('4579f5ab-3007-4302-aa53-456cd440599b', 'ca927a10-e272-4435-919d-359e991b3448');
INSERT INTO option_choice (option_id, choice_id) VALUES ('8ccfc598-c3a0-4ad2-a052-f4e6e3edc252', 'ca927a10-e272-4435-919d-359e991b3448');
INSERT INTO option_choice (option_id, choice_id) VALUES ('1dcd1e79-636e-4d6c-b9b4-dcf0da4fdaaa', 'ca927a10-e272-4435-919d-359e991b3448');
INSERT INTO interviewee (id, login, password, age, gender, country, marital_status) VALUES ('f108fdcd-b9fe-4031-89d5-413171f026f7', 'interviewee304', 'qwerty', 60, 'female', 'WS', 'divorced');
INSERT INTO choice (id, questionnaire_id, interviewee_id) VALUES ('ae2f009f-47f1-45d4-a1f0-e96de35f8a86', '557cb630-d2f4-4e11-afe9-d50534deb525', 'f108fdcd-b9fe-4031-89d5-413171f026f7');
INSERT INTO option_choice (option_id, choice_id) VALUES ('78cbec79-315d-4cd7-92bb-beb18eab98e5', 'ae2f009f-47f1-45d4-a1f0-e96de35f8a86');
INSERT INTO choice (id, questionnaire_id, interviewee_id) VALUES ('4adc4e25-ef47-40cb-b1f2-fd1bd196b914', 'f680addd-a0b2-4101-9e1f-5e0870943c68', 'f108fdcd-b9fe-4031-89d5-413171f026f7');
INSERT INTO option_choice (option_id, choice_id) VALUES ('5e0b63d0-2a10-4ab5-a66a-a47615b50b03', '4adc4e25-ef47-40cb-b1f2-fd1bd196b914');
INSERT INTO interviewee (id, login, password, age, gender, country, marital_status) VALUES ('5b27bcd1-5a8c-4021-a4ba-2a577ea31d3f', 'interviewee305', 'qwerty', 16, 'male', 'MY', 'married');
INSERT INTO choice (id, questionnaire_id, interviewee_id) VALUES ('dbc65d53-2539-4fde-998c-7be2dd8351e8', '91a16ec4-1a91-44d1-bb08-6e9fc823c230', '5b27bcd1-5a8c-4021-a4ba-2a577ea31d3f');
INSERT INTO option_choice (option_id, choice_id) VALUES ('690b73cc-52e3-435d-a3bd-78733e5fdeaf', 'dbc65d53-2539-4fde-998c-7be2dd8351e8');
INSERT INTO option_choice (option_id, choice_id) VALUES ('cab8632d-19dd-4ddc-9c90-669949088fa5', 'dbc65d53-2539-4fde-998c-7be2dd8351e8');
INSERT INTO choice (id, questionnaire_id, interviewee_id) VALUES ('27aa1512-95a9-4946-88d4-98c458431e09', 'd05638df-f11c-413d-8456-ee036bed2914', '5b27bcd1-5a8c-4021-a4ba-2a577ea31d3f');
INSERT INTO option_choice (option_id, choice_id) VALUES ('b4b64304-6288-40df-8120-283c58db8d1a', '27aa1512-95a9-4946-88d4-98c458431e09');
INSERT INTO choice (id, questionnaire_id, interviewee_id) VALUES ('3e3521a2-bfa6-410f-863e-d9fabc6148b8', '557cb630-d2f4-4e11-afe9-d50534deb525', '5b27bcd1-5a8c-4021-a4ba-2a577ea31d3f');
INSERT INTO option_choice (option_id, choice_id) VALUES ('78cbec79-315d-4cd7-92bb-beb18eab98e5', '3e3521a2-bfa6-410f-863e-d9fabc6148b8');
INSERT INTO interviewee (id, login, password, age, gender, country, marital_status) VALUES ('3cf96cce-5dd4-4068-a41a-4e835d9ce8ec', 'interviewee306', 'qwerty', 45, 'male', 'MO', 'was_not_married');
INSERT INTO choice (id, questionnaire_id, interviewee_id) VALUES ('f3771870-0c0f-4db9-8e92-75cc8461685c', 'a2f7d656-4675-4d99-9435-95cbe535c6c1', '3cf96cce-5dd4-4068-a41a-4e835d9ce8ec');
INSERT INTO option_choice (option_id, choice_id) VALUES ('930526a4-2714-4f39-831c-55b3185bd967', 'f3771870-0c0f-4db9-8e92-75cc8461685c');
INSERT INTO option_choice (option_id, choice_id) VALUES ('110b73fb-e57f-409d-83dc-0d81bdd20a44', 'f3771870-0c0f-4db9-8e92-75cc8461685c');
INSERT INTO option_choice (option_id, choice_id) VALUES ('c6bb5cf5-3828-4747-8bb2-776e9deaeb04', 'f3771870-0c0f-4db9-8e92-75cc8461685c');
INSERT INTO option_choice (option_id, choice_id) VALUES ('394c3616-edd7-4820-aa09-f4425e4f774c', 'f3771870-0c0f-4db9-8e92-75cc8461685c');
INSERT INTO choice (id, questionnaire_id, interviewee_id) VALUES ('59068ec5-b20f-498b-93cf-15958aac3e41', '1a336595-020d-4026-a389-afd9a80cf707', '3cf96cce-5dd4-4068-a41a-4e835d9ce8ec');
INSERT INTO option_choice (option_id, choice_id) VALUES ('22762ef8-944e-46b0-a7e0-4e990383e528', '59068ec5-b20f-498b-93cf-15958aac3e41');
INSERT INTO choice (id, questionnaire_id, interviewee_id) VALUES ('b9829d64-d67c-4f5e-a1e6-80223e097648', 'd05638df-f11c-413d-8456-ee036bed2914', '3cf96cce-5dd4-4068-a41a-4e835d9ce8ec');
INSERT INTO option_choice (option_id, choice_id) VALUES ('b4b64304-6288-40df-8120-283c58db8d1a', 'b9829d64-d67c-4f5e-a1e6-80223e097648');
INSERT INTO interviewee (id, login, password, age, gender, country, marital_status) VALUES ('8a3fe34b-4fdf-4930-b7fe-43b4e2b0fe0a', 'interviewee307', 'qwerty', 66, 'male', 'TF', 'married');
INSERT INTO choice (id, questionnaire_id, interviewee_id) VALUES ('0f22d804-2bd7-4eb6-be8b-edd59bc1fb27', '8adfa259-7459-4497-b994-7101058c39c1', '8a3fe34b-4fdf-4930-b7fe-43b4e2b0fe0a');
INSERT INTO option_choice (option_id, choice_id) VALUES ('7d64ec60-4b16-49eb-a0c6-4af24c3b1767', '0f22d804-2bd7-4eb6-be8b-edd59bc1fb27');
INSERT INTO option_choice (option_id, choice_id) VALUES ('3e047d89-087c-45bd-82d6-38c4acd5c609', '0f22d804-2bd7-4eb6-be8b-edd59bc1fb27');
INSERT INTO option_choice (option_id, choice_id) VALUES ('502fb96b-685d-47da-86bb-f40e1e8f57ef', '0f22d804-2bd7-4eb6-be8b-edd59bc1fb27');
INSERT INTO choice (id, questionnaire_id, interviewee_id) VALUES ('5080486c-ffa0-4097-a9c7-6eb5085be8e4', 'a7e484ae-fb91-4ddf-a8c0-869a7f4ad0ee', '8a3fe34b-4fdf-4930-b7fe-43b4e2b0fe0a');
INSERT INTO option_choice (option_id, choice_id) VALUES ('5833b1ae-14b5-474e-8178-69dc98fc720e', '5080486c-ffa0-4097-a9c7-6eb5085be8e4');
INSERT INTO choice (id, questionnaire_id, interviewee_id) VALUES ('d77ea110-48cb-474b-8dd4-a713c9da0ef1', '83dbd16d-6765-468d-944f-022d10d042e5', '8a3fe34b-4fdf-4930-b7fe-43b4e2b0fe0a');
INSERT INTO option_choice (option_id, choice_id) VALUES ('eee0aab7-8b77-4c19-b028-648aa7e303ed', 'd77ea110-48cb-474b-8dd4-a713c9da0ef1');
INSERT INTO option_choice (option_id, choice_id) VALUES ('d8a63395-3425-4d1b-95be-b38dc31cb0af', 'd77ea110-48cb-474b-8dd4-a713c9da0ef1');
INSERT INTO interviewee (id, login, password, age, gender, country, marital_status) VALUES ('2c6ed9cf-5233-4949-84f6-9e0a73f83071', 'interviewee308', 'qwerty', 24, 'male', 'SA', 'divorced');
INSERT INTO choice (id, questionnaire_id, interviewee_id) VALUES ('1c81aff5-5dd8-4a69-a544-0595b769634b', '91a16ec4-1a91-44d1-bb08-6e9fc823c230', '2c6ed9cf-5233-4949-84f6-9e0a73f83071');
INSERT INTO option_choice (option_id, choice_id) VALUES ('fbc23714-2c99-4441-8130-94075c78f6e8', '1c81aff5-5dd8-4a69-a544-0595b769634b');
INSERT INTO option_choice (option_id, choice_id) VALUES ('690b73cc-52e3-435d-a3bd-78733e5fdeaf', '1c81aff5-5dd8-4a69-a544-0595b769634b');
INSERT INTO option_choice (option_id, choice_id) VALUES ('5b32da45-be75-42c8-8fa7-ba776167a759', '1c81aff5-5dd8-4a69-a544-0595b769634b');
INSERT INTO option_choice (option_id, choice_id) VALUES ('cab8632d-19dd-4ddc-9c90-669949088fa5', '1c81aff5-5dd8-4a69-a544-0595b769634b');
INSERT INTO choice (id, questionnaire_id, interviewee_id) VALUES ('c3c5b618-d6fd-4be0-b48c-02efffbdad75', '83dbd16d-6765-468d-944f-022d10d042e5', '2c6ed9cf-5233-4949-84f6-9e0a73f83071');
INSERT INTO option_choice (option_id, choice_id) VALUES ('176e8036-bece-46c0-beb2-71eb28a41f51', 'c3c5b618-d6fd-4be0-b48c-02efffbdad75');
INSERT INTO option_choice (option_id, choice_id) VALUES ('eee0aab7-8b77-4c19-b028-648aa7e303ed', 'c3c5b618-d6fd-4be0-b48c-02efffbdad75');
INSERT INTO option_choice (option_id, choice_id) VALUES ('d6416cf3-39f7-4cf9-ba84-314605b84d03', 'c3c5b618-d6fd-4be0-b48c-02efffbdad75');
INSERT INTO choice (id, questionnaire_id, interviewee_id) VALUES ('13096c2c-f8ce-4bae-bf0c-383f331afa9c', 'afb83fe3-e755-403b-9a15-c18b3782c012', '2c6ed9cf-5233-4949-84f6-9e0a73f83071');
INSERT INTO option_choice (option_id, choice_id) VALUES ('20880a56-05fa-464a-90ad-faf02a83fa77', '13096c2c-f8ce-4bae-bf0c-383f331afa9c');
INSERT INTO interviewee (id, login, password, age, gender, country, marital_status) VALUES ('51a38a74-4222-4983-979e-78d00e130d52', 'interviewee309', 'qwerty', 56, 'female', 'CD', 'was_not_married');
INSERT INTO choice (id, questionnaire_id, interviewee_id) VALUES ('c80c0730-b2e7-4337-8f6d-ab22279a3b0f', 'b6588e29-37de-425f-834e-e867f77794ce', '51a38a74-4222-4983-979e-78d00e130d52');
INSERT INTO option_choice (option_id, choice_id) VALUES ('460ff4a7-d376-4dc8-b5bb-9ab1989fbb31', 'c80c0730-b2e7-4337-8f6d-ab22279a3b0f');
INSERT INTO option_choice (option_id, choice_id) VALUES ('7f0bbd14-8cfc-4a28-88f7-5af992a4c02b', 'c80c0730-b2e7-4337-8f6d-ab22279a3b0f');
INSERT INTO option_choice (option_id, choice_id) VALUES ('40c301f5-13ed-4b94-85aa-e1c562adce4d', 'c80c0730-b2e7-4337-8f6d-ab22279a3b0f');
INSERT INTO option_choice (option_id, choice_id) VALUES ('ec37510e-f2a1-4e16-ae94-e9ea2c4461e3', 'c80c0730-b2e7-4337-8f6d-ab22279a3b0f');
INSERT INTO option_choice (option_id, choice_id) VALUES ('46bd1403-2ee0-4145-8014-8dd4fafcb8af', 'c80c0730-b2e7-4337-8f6d-ab22279a3b0f');
INSERT INTO option_choice (option_id, choice_id) VALUES ('5b82f100-bb0f-47ec-9395-7a0409f4b7ef', 'c80c0730-b2e7-4337-8f6d-ab22279a3b0f');
INSERT INTO option_choice (option_id, choice_id) VALUES ('07e7a8bf-65e2-41d5-aeef-91bcbe765392', 'c80c0730-b2e7-4337-8f6d-ab22279a3b0f');
INSERT INTO option_choice (option_id, choice_id) VALUES ('4bde418e-a165-43f7-ac7b-c6d2ab034e2e', 'c80c0730-b2e7-4337-8f6d-ab22279a3b0f');
INSERT INTO choice (id, questionnaire_id, interviewee_id) VALUES ('3ed2391c-7058-4eaf-a855-086bb219975f', '21abb345-1235-4f5e-8b5b-2f6f89f30fee', '51a38a74-4222-4983-979e-78d00e130d52');
INSERT INTO option_choice (option_id, choice_id) VALUES ('bf5bc6ce-b791-45ed-9dbe-fe939c3ccd4b', '3ed2391c-7058-4eaf-a855-086bb219975f');
INSERT INTO interviewee (id, login, password, age, gender, country, marital_status) VALUES ('2c90fec9-05db-4b4e-9e60-530f854cc613', 'interviewee310', 'qwerty', 53, 'female', 'GD', 'was_not_married');
INSERT INTO choice (id, questionnaire_id, interviewee_id) VALUES ('6f9c6208-f363-4c6c-9cd7-464b32eb666c', 'e679f6e5-388e-4679-9f14-15a0896d2816', '2c90fec9-05db-4b4e-9e60-530f854cc613');
INSERT INTO option_choice (option_id, choice_id) VALUES ('f62b7b4d-17f1-4686-9782-f0b454d6f390', '6f9c6208-f363-4c6c-9cd7-464b32eb666c');
INSERT INTO option_choice (option_id, choice_id) VALUES ('01fc26e1-e8f8-407f-a1b8-6af243e9c3dd', '6f9c6208-f363-4c6c-9cd7-464b32eb666c');
INSERT INTO interviewee (id, login, password, age, gender, country, marital_status) VALUES ('70a2e9d5-6ce6-4977-b55e-c90cc1fb6a48', 'interviewee311', 'qwerty', 46, 'female', 'UA', 'married');
INSERT INTO choice (id, questionnaire_id, interviewee_id) VALUES ('d6795cd1-d400-4a46-ae4b-b0b9520a7435', '342b973f-a1d1-4062-a073-fb80b6195e1a', '70a2e9d5-6ce6-4977-b55e-c90cc1fb6a48');
INSERT INTO option_choice (option_id, choice_id) VALUES ('47afaa62-a5ba-4be6-81b8-673fae59c987', 'd6795cd1-d400-4a46-ae4b-b0b9520a7435');
INSERT INTO choice (id, questionnaire_id, interviewee_id) VALUES ('8daf37f8-b88d-4b0d-b5c6-fc82eee81a8c', 'e679f6e5-388e-4679-9f14-15a0896d2816', '70a2e9d5-6ce6-4977-b55e-c90cc1fb6a48');
INSERT INTO option_choice (option_id, choice_id) VALUES ('f62b7b4d-17f1-4686-9782-f0b454d6f390', '8daf37f8-b88d-4b0d-b5c6-fc82eee81a8c');
INSERT INTO option_choice (option_id, choice_id) VALUES ('ae13d28d-5670-495b-a9e0-d0949dab86e3', '8daf37f8-b88d-4b0d-b5c6-fc82eee81a8c');
INSERT INTO option_choice (option_id, choice_id) VALUES ('01fc26e1-e8f8-407f-a1b8-6af243e9c3dd', '8daf37f8-b88d-4b0d-b5c6-fc82eee81a8c');
INSERT INTO option_choice (option_id, choice_id) VALUES ('5169914a-cf41-4077-8993-1322df09c3da', '8daf37f8-b88d-4b0d-b5c6-fc82eee81a8c');
INSERT INTO option_choice (option_id, choice_id) VALUES ('3ee9dd0f-6306-4f8b-bdec-27347884621a', '8daf37f8-b88d-4b0d-b5c6-fc82eee81a8c');
INSERT INTO interviewee (id, login, password, age, gender, country, marital_status) VALUES ('9c1eb257-8070-4ed2-9f8b-1244090215c5', 'interviewee312', 'qwerty', 51, 'female', 'LV', 'divorced');
INSERT INTO choice (id, questionnaire_id, interviewee_id) VALUES ('b9a1ffae-c6e3-42cc-b535-63987d1125fb', 'a345b682-c7ac-49ac-9f14-4f5173a872d8', '9c1eb257-8070-4ed2-9f8b-1244090215c5');
INSERT INTO option_choice (option_id, choice_id) VALUES ('4389db4e-2a8b-43f8-8643-dd6f5a5f160e', 'b9a1ffae-c6e3-42cc-b535-63987d1125fb');
INSERT INTO choice (id, questionnaire_id, interviewee_id) VALUES ('c9258c02-2c42-4bb6-b6cd-1fe104473a99', 'a2f7d656-4675-4d99-9435-95cbe535c6c1', '9c1eb257-8070-4ed2-9f8b-1244090215c5');
INSERT INTO option_choice (option_id, choice_id) VALUES ('c6bb5cf5-3828-4747-8bb2-776e9deaeb04', 'c9258c02-2c42-4bb6-b6cd-1fe104473a99');
INSERT INTO option_choice (option_id, choice_id) VALUES ('d3d55bb1-ef9d-4b9a-b1b9-8e4375e7dbd0', 'c9258c02-2c42-4bb6-b6cd-1fe104473a99');
INSERT INTO option_choice (option_id, choice_id) VALUES ('2366bc8e-690e-4739-b5f2-cf491cd8107c', 'c9258c02-2c42-4bb6-b6cd-1fe104473a99');
INSERT INTO option_choice (option_id, choice_id) VALUES ('ced72831-705a-4153-849e-71a73e5a7d3c', 'c9258c02-2c42-4bb6-b6cd-1fe104473a99');
INSERT INTO option_choice (option_id, choice_id) VALUES ('394c3616-edd7-4820-aa09-f4425e4f774c', 'c9258c02-2c42-4bb6-b6cd-1fe104473a99');
INSERT INTO option_choice (option_id, choice_id) VALUES ('930526a4-2714-4f39-831c-55b3185bd967', 'c9258c02-2c42-4bb6-b6cd-1fe104473a99');
INSERT INTO option_choice (option_id, choice_id) VALUES ('110b73fb-e57f-409d-83dc-0d81bdd20a44', 'c9258c02-2c42-4bb6-b6cd-1fe104473a99');
INSERT INTO choice (id, questionnaire_id, interviewee_id) VALUES ('b3719612-f572-4dda-b7e5-98d6ef16836a', 'f680addd-a0b2-4101-9e1f-5e0870943c68', '9c1eb257-8070-4ed2-9f8b-1244090215c5');
INSERT INTO option_choice (option_id, choice_id) VALUES ('5e0b63d0-2a10-4ab5-a66a-a47615b50b03', 'b3719612-f572-4dda-b7e5-98d6ef16836a');
INSERT INTO option_choice (option_id, choice_id) VALUES ('521ef3a0-411b-4392-8393-62ed9a638949', 'b3719612-f572-4dda-b7e5-98d6ef16836a');
INSERT INTO option_choice (option_id, choice_id) VALUES ('cfde0373-91b9-46f9-bc0d-a137a713d2d7', 'b3719612-f572-4dda-b7e5-98d6ef16836a');
INSERT INTO interviewee (id, login, password, age, gender, country, marital_status) VALUES ('fdade1b8-8fa8-4dd6-a0ee-48ae2d87a47a', 'interviewee313', 'qwerty', 49, 'female', 'MP', 'divorced');
INSERT INTO choice (id, questionnaire_id, interviewee_id) VALUES ('daa5ec5c-a017-40c6-aea9-dd98ab480952', 'a7e484ae-fb91-4ddf-a8c0-869a7f4ad0ee', 'fdade1b8-8fa8-4dd6-a0ee-48ae2d87a47a');
INSERT INTO option_choice (option_id, choice_id) VALUES ('c2e66b7f-cc24-45a4-a017-7a4d25149a85', 'daa5ec5c-a017-40c6-aea9-dd98ab480952');
INSERT INTO choice (id, questionnaire_id, interviewee_id) VALUES ('f1e688c3-712d-498c-bd1e-285a9ffae2a0', 'e2cf177f-e49f-4aef-99a6-095d711c6ec2', 'fdade1b8-8fa8-4dd6-a0ee-48ae2d87a47a');
INSERT INTO option_choice (option_id, choice_id) VALUES ('242c02d5-0f4b-4e89-976f-3754854f478c', 'f1e688c3-712d-498c-bd1e-285a9ffae2a0');
INSERT INTO choice (id, questionnaire_id, interviewee_id) VALUES ('55e534ef-2ef0-47f0-9b83-2d33139f9839', '342b973f-a1d1-4062-a073-fb80b6195e1a', 'fdade1b8-8fa8-4dd6-a0ee-48ae2d87a47a');
INSERT INTO option_choice (option_id, choice_id) VALUES ('47afaa62-a5ba-4be6-81b8-673fae59c987', '55e534ef-2ef0-47f0-9b83-2d33139f9839');
INSERT INTO option_choice (option_id, choice_id) VALUES ('d84282d4-6002-4289-bb10-cb7bfd2e906b', '55e534ef-2ef0-47f0-9b83-2d33139f9839');
INSERT INTO interviewee (id, login, password, age, gender, country, marital_status) VALUES ('f9229718-496a-4433-9f3b-4c3a7594a27d', 'interviewee314', 'qwerty', 47, 'female', 'ER', 'was_not_married');
INSERT INTO choice (id, questionnaire_id, interviewee_id) VALUES ('788f9ac7-ed7d-47ee-8a99-16516b3e8dba', '21abb345-1235-4f5e-8b5b-2f6f89f30fee', 'f9229718-496a-4433-9f3b-4c3a7594a27d');
INSERT INTO option_choice (option_id, choice_id) VALUES ('4953e37a-2891-460f-84ea-4bd510463bab', '788f9ac7-ed7d-47ee-8a99-16516b3e8dba');
INSERT INTO choice (id, questionnaire_id, interviewee_id) VALUES ('db495bcc-248e-493a-be01-75d103ac9eb2', 'e679f6e5-388e-4679-9f14-15a0896d2816', 'f9229718-496a-4433-9f3b-4c3a7594a27d');
INSERT INTO option_choice (option_id, choice_id) VALUES ('3ee9dd0f-6306-4f8b-bdec-27347884621a', 'db495bcc-248e-493a-be01-75d103ac9eb2');
INSERT INTO option_choice (option_id, choice_id) VALUES ('f62b7b4d-17f1-4686-9782-f0b454d6f390', 'db495bcc-248e-493a-be01-75d103ac9eb2');
INSERT INTO option_choice (option_id, choice_id) VALUES ('5169914a-cf41-4077-8993-1322df09c3da', 'db495bcc-248e-493a-be01-75d103ac9eb2');
INSERT INTO option_choice (option_id, choice_id) VALUES ('7fc08a6e-900b-45ea-b455-29a8eb343039', 'db495bcc-248e-493a-be01-75d103ac9eb2');
INSERT INTO choice (id, questionnaire_id, interviewee_id) VALUES ('1c31a8b5-124a-4196-83f8-a997558bf99c', '342b973f-a1d1-4062-a073-fb80b6195e1a', 'f9229718-496a-4433-9f3b-4c3a7594a27d');
INSERT INTO option_choice (option_id, choice_id) VALUES ('47afaa62-a5ba-4be6-81b8-673fae59c987', '1c31a8b5-124a-4196-83f8-a997558bf99c');
INSERT INTO option_choice (option_id, choice_id) VALUES ('d84282d4-6002-4289-bb10-cb7bfd2e906b', '1c31a8b5-124a-4196-83f8-a997558bf99c');
INSERT INTO interviewee (id, login, password, age, gender, country, marital_status) VALUES ('b68c22d8-40e1-48eb-ba45-ea86453b6e4a', 'interviewee315', 'qwerty', 24, 'male', 'AD', 'married');
INSERT INTO choice (id, questionnaire_id, interviewee_id) VALUES ('0fddd24a-a988-4588-9273-7075405b8d87', 'a345b682-c7ac-49ac-9f14-4f5173a872d8', 'b68c22d8-40e1-48eb-ba45-ea86453b6e4a');
INSERT INTO option_choice (option_id, choice_id) VALUES ('faa6ab11-59ef-4e3b-aa30-88fe576f7451', '0fddd24a-a988-4588-9273-7075405b8d87');
INSERT INTO interviewee (id, login, password, age, gender, country, marital_status) VALUES ('2a9832f1-85f2-4db7-870c-a72060ba2878', 'interviewee316', 'qwerty', 32, 'female', 'MS', 'married');
INSERT INTO choice (id, questionnaire_id, interviewee_id) VALUES ('d8cf5a74-c2c0-412d-b29a-6a9b002ec983', 'afb83fe3-e755-403b-9a15-c18b3782c012', '2a9832f1-85f2-4db7-870c-a72060ba2878');
INSERT INTO option_choice (option_id, choice_id) VALUES ('20880a56-05fa-464a-90ad-faf02a83fa77', 'd8cf5a74-c2c0-412d-b29a-6a9b002ec983');
INSERT INTO choice (id, questionnaire_id, interviewee_id) VALUES ('a236a2e0-cfe2-4456-b1d8-daa239dc8af1', 'a2f7d656-4675-4d99-9435-95cbe535c6c1', '2a9832f1-85f2-4db7-870c-a72060ba2878');
INSERT INTO option_choice (option_id, choice_id) VALUES ('394c3616-edd7-4820-aa09-f4425e4f774c', 'a236a2e0-cfe2-4456-b1d8-daa239dc8af1');
INSERT INTO option_choice (option_id, choice_id) VALUES ('2366bc8e-690e-4739-b5f2-cf491cd8107c', 'a236a2e0-cfe2-4456-b1d8-daa239dc8af1');
INSERT INTO option_choice (option_id, choice_id) VALUES ('110b73fb-e57f-409d-83dc-0d81bdd20a44', 'a236a2e0-cfe2-4456-b1d8-daa239dc8af1');
INSERT INTO option_choice (option_id, choice_id) VALUES ('ced72831-705a-4153-849e-71a73e5a7d3c', 'a236a2e0-cfe2-4456-b1d8-daa239dc8af1');
INSERT INTO interviewee (id, login, password, age, gender, country, marital_status) VALUES ('1fc3c509-ea70-4d22-befb-8a8e8e0bb3e5', 'interviewee317', 'qwerty', 61, 'male', 'MM', 'divorced');
INSERT INTO choice (id, questionnaire_id, interviewee_id) VALUES ('30f94632-65b8-497c-88da-5aafbda51fbb', 'cb70c074-82ef-4114-aabc-e940a19b5bb0', '1fc3c509-ea70-4d22-befb-8a8e8e0bb3e5');
INSERT INTO option_choice (option_id, choice_id) VALUES ('c2db2843-0153-4422-8aa4-c4c9e640418d', '30f94632-65b8-497c-88da-5aafbda51fbb');
INSERT INTO option_choice (option_id, choice_id) VALUES ('a6011a1c-260b-45fb-ad13-b09674b0b968', '30f94632-65b8-497c-88da-5aafbda51fbb');
INSERT INTO option_choice (option_id, choice_id) VALUES ('4fbbc5c4-5cc1-4421-86a2-d7151c56a9df', '30f94632-65b8-497c-88da-5aafbda51fbb');
INSERT INTO option_choice (option_id, choice_id) VALUES ('b2aebe06-b155-47cd-a39d-b9c1beabb465', '30f94632-65b8-497c-88da-5aafbda51fbb');
INSERT INTO option_choice (option_id, choice_id) VALUES ('4f47a30f-5169-4bf3-a6a9-f9777225a72d', '30f94632-65b8-497c-88da-5aafbda51fbb');
INSERT INTO choice (id, questionnaire_id, interviewee_id) VALUES ('5aaf1fa7-3c1b-4338-adcb-8d435b7d12ad', '56c296cd-7c3b-4eb1-90cb-745e555a098c', '1fc3c509-ea70-4d22-befb-8a8e8e0bb3e5');
INSERT INTO option_choice (option_id, choice_id) VALUES ('e2f977a1-4767-4f5b-b056-27e45348cf1a', '5aaf1fa7-3c1b-4338-adcb-8d435b7d12ad');
INSERT INTO option_choice (option_id, choice_id) VALUES ('d583c2c9-6998-483b-a5e4-67068e974d6f', '5aaf1fa7-3c1b-4338-adcb-8d435b7d12ad');
INSERT INTO option_choice (option_id, choice_id) VALUES ('75d9d333-93f8-42f6-be3b-9a5a24aa476c', '5aaf1fa7-3c1b-4338-adcb-8d435b7d12ad');
INSERT INTO interviewee (id, login, password, age, gender, country, marital_status) VALUES ('9d1b9da8-19f2-478b-b585-984d8dbc78fa', 'interviewee318', 'qwerty', 60, 'male', 'KP', 'was_not_married');
INSERT INTO choice (id, questionnaire_id, interviewee_id) VALUES ('55eca6be-5b12-4d79-973d-acc7d9bc22a1', 'bf8da1bc-7284-44d0-a7c0-4e0321978aa0', '9d1b9da8-19f2-478b-b585-984d8dbc78fa');
INSERT INTO option_choice (option_id, choice_id) VALUES ('1690438b-db39-4933-b62c-4f692bce0c76', '55eca6be-5b12-4d79-973d-acc7d9bc22a1');
INSERT INTO choice (id, questionnaire_id, interviewee_id) VALUES ('87251571-d26f-4d6a-b713-ca13a9bfa4e5', 'a345b682-c7ac-49ac-9f14-4f5173a872d8', '9d1b9da8-19f2-478b-b585-984d8dbc78fa');
INSERT INTO option_choice (option_id, choice_id) VALUES ('4389db4e-2a8b-43f8-8643-dd6f5a5f160e', '87251571-d26f-4d6a-b713-ca13a9bfa4e5');
INSERT INTO interviewee (id, login, password, age, gender, country, marital_status) VALUES ('adea7f9d-93af-4775-863e-7e711d7dfce5', 'interviewee319', 'qwerty', 39, 'female', 'MX', 'divorced');
INSERT INTO choice (id, questionnaire_id, interviewee_id) VALUES ('a8b13386-77ee-4961-9a4d-88354d62920e', 'e679f6e5-388e-4679-9f14-15a0896d2816', 'adea7f9d-93af-4775-863e-7e711d7dfce5');
INSERT INTO option_choice (option_id, choice_id) VALUES ('7fc08a6e-900b-45ea-b455-29a8eb343039', 'a8b13386-77ee-4961-9a4d-88354d62920e');
INSERT INTO option_choice (option_id, choice_id) VALUES ('ae13d28d-5670-495b-a9e0-d0949dab86e3', 'a8b13386-77ee-4961-9a4d-88354d62920e');
INSERT INTO choice (id, questionnaire_id, interviewee_id) VALUES ('d3299d69-87e4-4afe-86e0-175baa76cf33', '342b973f-a1d1-4062-a073-fb80b6195e1a', 'adea7f9d-93af-4775-863e-7e711d7dfce5');
INSERT INTO option_choice (option_id, choice_id) VALUES ('a95386af-e627-4a57-adc2-0009818da88b', 'd3299d69-87e4-4afe-86e0-175baa76cf33');
INSERT INTO option_choice (option_id, choice_id) VALUES ('d84282d4-6002-4289-bb10-cb7bfd2e906b', 'd3299d69-87e4-4afe-86e0-175baa76cf33');
INSERT INTO choice (id, questionnaire_id, interviewee_id) VALUES ('310f8197-77b0-4155-aaaa-1f881062d602', '557cb630-d2f4-4e11-afe9-d50534deb525', 'adea7f9d-93af-4775-863e-7e711d7dfce5');
INSERT INTO option_choice (option_id, choice_id) VALUES ('00c926c5-0a12-4a44-9ada-24439d217263', '310f8197-77b0-4155-aaaa-1f881062d602');
INSERT INTO interviewee (id, login, password, age, gender, country, marital_status) VALUES ('8facbe5f-cf64-4bb3-9f6e-cf4a16a8dd49', 'interviewee320', 'qwerty', 51, 'female', 'TD', 'married');
INSERT INTO choice (id, questionnaire_id, interviewee_id) VALUES ('1259cefe-b995-4ba8-82dd-5b36fb8d6406', '0b6580ec-1374-4a48-ad1d-b1fa316ad9be', '8facbe5f-cf64-4bb3-9f6e-cf4a16a8dd49');
INSERT INTO option_choice (option_id, choice_id) VALUES ('82cec316-48c4-48d4-9d69-8a67e9d22eca', '1259cefe-b995-4ba8-82dd-5b36fb8d6406');
INSERT INTO interviewee (id, login, password, age, gender, country, marital_status) VALUES ('9f8e7916-0da1-4b1c-9c9e-ef262a5bc5d9', 'interviewee321', 'qwerty', 16, 'female', 'TJ', 'was_not_married');
INSERT INTO choice (id, questionnaire_id, interviewee_id) VALUES ('c53cd25f-443f-4cbd-a35e-d993429f6df4', '91a16ec4-1a91-44d1-bb08-6e9fc823c230', '9f8e7916-0da1-4b1c-9c9e-ef262a5bc5d9');
INSERT INTO option_choice (option_id, choice_id) VALUES ('5b32da45-be75-42c8-8fa7-ba776167a759', 'c53cd25f-443f-4cbd-a35e-d993429f6df4');
INSERT INTO option_choice (option_id, choice_id) VALUES ('690b73cc-52e3-435d-a3bd-78733e5fdeaf', 'c53cd25f-443f-4cbd-a35e-d993429f6df4');
INSERT INTO choice (id, questionnaire_id, interviewee_id) VALUES ('8c0b1e0b-faf3-4154-a947-09d0df4b5f9d', '309e872a-e145-4926-998b-ec0fdb62466a', '9f8e7916-0da1-4b1c-9c9e-ef262a5bc5d9');
INSERT INTO option_choice (option_id, choice_id) VALUES ('1dcd1e79-636e-4d6c-b9b4-dcf0da4fdaaa', '8c0b1e0b-faf3-4154-a947-09d0df4b5f9d');
INSERT INTO option_choice (option_id, choice_id) VALUES ('4579f5ab-3007-4302-aa53-456cd440599b', '8c0b1e0b-faf3-4154-a947-09d0df4b5f9d');
INSERT INTO option_choice (option_id, choice_id) VALUES ('8ccfc598-c3a0-4ad2-a052-f4e6e3edc252', '8c0b1e0b-faf3-4154-a947-09d0df4b5f9d');
INSERT INTO choice (id, questionnaire_id, interviewee_id) VALUES ('be6587a2-2ff0-403a-ba7a-e1d800d2ddbd', 'bf8da1bc-7284-44d0-a7c0-4e0321978aa0', '9f8e7916-0da1-4b1c-9c9e-ef262a5bc5d9');
INSERT INTO option_choice (option_id, choice_id) VALUES ('fbbdfd34-e2c5-4e0b-b98a-d33f6f4fac06', 'be6587a2-2ff0-403a-ba7a-e1d800d2ddbd');
INSERT INTO interviewee (id, login, password, age, gender, country, marital_status) VALUES ('0ccc6d6a-52f0-41b7-a54b-31208211a366', 'interviewee322', 'qwerty', 51, 'male', 'MP', 'divorced');
INSERT INTO choice (id, questionnaire_id, interviewee_id) VALUES ('a855c753-8172-4d3f-b7c1-5d380903e2a5', 'af6f1431-a90e-4919-83a4-359d6a8a7d22', '0ccc6d6a-52f0-41b7-a54b-31208211a366');
INSERT INTO option_choice (option_id, choice_id) VALUES ('a3c0df26-f677-4a76-9fc9-e8bcb2a586ec', 'a855c753-8172-4d3f-b7c1-5d380903e2a5');
INSERT INTO option_choice (option_id, choice_id) VALUES ('e41b3b09-f2a6-4206-bfde-743557a31646', 'a855c753-8172-4d3f-b7c1-5d380903e2a5');
INSERT INTO choice (id, questionnaire_id, interviewee_id) VALUES ('9267a07c-cfce-4c77-87e8-eecb6d976d53', '342b973f-a1d1-4062-a073-fb80b6195e1a', '0ccc6d6a-52f0-41b7-a54b-31208211a366');
INSERT INTO option_choice (option_id, choice_id) VALUES ('a95386af-e627-4a57-adc2-0009818da88b', '9267a07c-cfce-4c77-87e8-eecb6d976d53');
INSERT INTO option_choice (option_id, choice_id) VALUES ('d84282d4-6002-4289-bb10-cb7bfd2e906b', '9267a07c-cfce-4c77-87e8-eecb6d976d53');
INSERT INTO interviewee (id, login, password, age, gender, country, marital_status) VALUES ('5811ebaa-7386-4e64-9a7f-88995c5a4318', 'interviewee323', 'qwerty', 35, 'male', 'PE', 'divorced');
INSERT INTO choice (id, questionnaire_id, interviewee_id) VALUES ('99073283-1c5a-47e3-982b-7163e5e6e656', 'a345b682-c7ac-49ac-9f14-4f5173a872d8', '5811ebaa-7386-4e64-9a7f-88995c5a4318');
INSERT INTO option_choice (option_id, choice_id) VALUES ('4389db4e-2a8b-43f8-8643-dd6f5a5f160e', '99073283-1c5a-47e3-982b-7163e5e6e656');
INSERT INTO interviewee (id, login, password, age, gender, country, marital_status) VALUES ('e9f60b89-536e-4be0-bb59-0073c5a858a4', 'interviewee324', 'qwerty', 26, 'male', 'BE', 'was_not_married');
INSERT INTO choice (id, questionnaire_id, interviewee_id) VALUES ('912cf07e-3190-47b0-8878-d418328dd5af', 'bf8da1bc-7284-44d0-a7c0-4e0321978aa0', 'e9f60b89-536e-4be0-bb59-0073c5a858a4');
INSERT INTO option_choice (option_id, choice_id) VALUES ('9bdf6935-cda0-4d8b-82bb-51be50aece89', '912cf07e-3190-47b0-8878-d418328dd5af');
INSERT INTO interviewee (id, login, password, age, gender, country, marital_status) VALUES ('31878819-e737-4182-9477-0407bb9e4a1b', 'interviewee325', 'qwerty', 52, 'female', 'PE', 'was_not_married');
INSERT INTO choice (id, questionnaire_id, interviewee_id) VALUES ('42e797d4-dfbc-4a12-b3e6-bb0ecba5362a', '0b6580ec-1374-4a48-ad1d-b1fa316ad9be', '31878819-e737-4182-9477-0407bb9e4a1b');
INSERT INTO option_choice (option_id, choice_id) VALUES ('82be4575-892d-453a-b3d9-0827c6b6d6df', '42e797d4-dfbc-4a12-b3e6-bb0ecba5362a');
INSERT INTO option_choice (option_id, choice_id) VALUES ('a518cc4d-143a-45ca-b29f-a7c53dacc773', '42e797d4-dfbc-4a12-b3e6-bb0ecba5362a');
INSERT INTO choice (id, questionnaire_id, interviewee_id) VALUES ('67a2d9e5-743f-4ef3-8a21-06a5a70e552a', 'af6f1431-a90e-4919-83a4-359d6a8a7d22', '31878819-e737-4182-9477-0407bb9e4a1b');
INSERT INTO option_choice (option_id, choice_id) VALUES ('e41b3b09-f2a6-4206-bfde-743557a31646', '67a2d9e5-743f-4ef3-8a21-06a5a70e552a');
INSERT INTO option_choice (option_id, choice_id) VALUES ('14b9069e-cc19-448a-96f6-c333a9a53635', '67a2d9e5-743f-4ef3-8a21-06a5a70e552a');
INSERT INTO option_choice (option_id, choice_id) VALUES ('a3c0df26-f677-4a76-9fc9-e8bcb2a586ec', '67a2d9e5-743f-4ef3-8a21-06a5a70e552a');
INSERT INTO option_choice (option_id, choice_id) VALUES ('b6cea016-cb83-4752-bbc0-0e2a71b294d6', '67a2d9e5-743f-4ef3-8a21-06a5a70e552a');
INSERT INTO option_choice (option_id, choice_id) VALUES ('d6e4609d-6705-4cc8-b83a-4786ea4f6ad6', '67a2d9e5-743f-4ef3-8a21-06a5a70e552a');
INSERT INTO option_choice (option_id, choice_id) VALUES ('1d5c1c89-2fbe-4efd-aab1-12329e29ad0f', '67a2d9e5-743f-4ef3-8a21-06a5a70e552a');
INSERT INTO interviewee (id, login, password, age, gender, country, marital_status) VALUES ('d7944de3-721a-4b4e-940a-1d4f3b847001', 'interviewee326', 'qwerty', 30, 'male', 'CD', 'married');
INSERT INTO choice (id, questionnaire_id, interviewee_id) VALUES ('b9fd001f-ec0b-4dc9-ab8c-5dc0b0ff5c9e', 'afb83fe3-e755-403b-9a15-c18b3782c012', 'd7944de3-721a-4b4e-940a-1d4f3b847001');
INSERT INTO option_choice (option_id, choice_id) VALUES ('20880a56-05fa-464a-90ad-faf02a83fa77', 'b9fd001f-ec0b-4dc9-ab8c-5dc0b0ff5c9e');
INSERT INTO interviewee (id, login, password, age, gender, country, marital_status) VALUES ('edba8114-6f4d-4920-8769-3d768d3ac953', 'interviewee327', 'qwerty', 38, 'male', 'GS', 'divorced');
INSERT INTO choice (id, questionnaire_id, interviewee_id) VALUES ('b598ea02-4e3a-4b92-bdb2-941c7003b50f', '6a34c81d-d686-4ce4-8e2f-ec3d2ba47346', 'edba8114-6f4d-4920-8769-3d768d3ac953');
INSERT INTO option_choice (option_id, choice_id) VALUES ('553e0886-1a11-4d34-ad3c-c3ee745c28c8', 'b598ea02-4e3a-4b92-bdb2-941c7003b50f');
INSERT INTO choice (id, questionnaire_id, interviewee_id) VALUES ('3b5a7d6c-7b29-4975-82c4-5130eda4b41f', 'd05638df-f11c-413d-8456-ee036bed2914', 'edba8114-6f4d-4920-8769-3d768d3ac953');
INSERT INTO option_choice (option_id, choice_id) VALUES ('b0557de3-6b66-4e79-b1ac-c2b8f0a5096b', '3b5a7d6c-7b29-4975-82c4-5130eda4b41f');
INSERT INTO choice (id, questionnaire_id, interviewee_id) VALUES ('98fc41c2-b921-44ef-aa5f-8c91b7091822', 'afb83fe3-e755-403b-9a15-c18b3782c012', 'edba8114-6f4d-4920-8769-3d768d3ac953');
INSERT INTO option_choice (option_id, choice_id) VALUES ('db1f1f55-651e-4dd8-b4c1-deb2f26216b2', '98fc41c2-b921-44ef-aa5f-8c91b7091822');
INSERT INTO interviewee (id, login, password, age, gender, country, marital_status) VALUES ('96000268-a01d-4d53-81f7-e0242e62b49b', 'interviewee328', 'qwerty', 56, 'male', 'AQ', 'married');
INSERT INTO choice (id, questionnaire_id, interviewee_id) VALUES ('aab511e2-6b0b-43b5-82cb-de7826a3feab', '8adfa259-7459-4497-b994-7101058c39c1', '96000268-a01d-4d53-81f7-e0242e62b49b');
INSERT INTO option_choice (option_id, choice_id) VALUES ('3e047d89-087c-45bd-82d6-38c4acd5c609', 'aab511e2-6b0b-43b5-82cb-de7826a3feab');
INSERT INTO option_choice (option_id, choice_id) VALUES ('9e45c288-be30-427f-be35-83a5171e2b4d', 'aab511e2-6b0b-43b5-82cb-de7826a3feab');
INSERT INTO option_choice (option_id, choice_id) VALUES ('0c96072b-cf70-4fde-8afb-27bf8c3f7a8b', 'aab511e2-6b0b-43b5-82cb-de7826a3feab');
INSERT INTO choice (id, questionnaire_id, interviewee_id) VALUES ('3e4759cc-b651-4630-bc98-4879f222d32f', '1a336595-020d-4026-a389-afd9a80cf707', '96000268-a01d-4d53-81f7-e0242e62b49b');
INSERT INTO option_choice (option_id, choice_id) VALUES ('17fa6a45-befd-4756-95f2-c6c400c916a8', '3e4759cc-b651-4630-bc98-4879f222d32f');
INSERT INTO choice (id, questionnaire_id, interviewee_id) VALUES ('602f8fda-e4e8-467c-896a-65dcd2cb6b90', '83dbd16d-6765-468d-944f-022d10d042e5', '96000268-a01d-4d53-81f7-e0242e62b49b');
INSERT INTO option_choice (option_id, choice_id) VALUES ('d6416cf3-39f7-4cf9-ba84-314605b84d03', '602f8fda-e4e8-467c-896a-65dcd2cb6b90');
INSERT INTO option_choice (option_id, choice_id) VALUES ('d8a63395-3425-4d1b-95be-b38dc31cb0af', '602f8fda-e4e8-467c-896a-65dcd2cb6b90');
INSERT INTO option_choice (option_id, choice_id) VALUES ('eee0aab7-8b77-4c19-b028-648aa7e303ed', '602f8fda-e4e8-467c-896a-65dcd2cb6b90');
INSERT INTO interviewee (id, login, password, age, gender, country, marital_status) VALUES ('58f53664-c7fe-4c61-b363-75c66d49d021', 'interviewee329', 'qwerty', 24, 'male', 'CN', 'married');
INSERT INTO choice (id, questionnaire_id, interviewee_id) VALUES ('651023a9-e9b0-4b71-adf7-5baef943d663', '91a16ec4-1a91-44d1-bb08-6e9fc823c230', '58f53664-c7fe-4c61-b363-75c66d49d021');
INSERT INTO option_choice (option_id, choice_id) VALUES ('690b73cc-52e3-435d-a3bd-78733e5fdeaf', '651023a9-e9b0-4b71-adf7-5baef943d663');
INSERT INTO option_choice (option_id, choice_id) VALUES ('fbc23714-2c99-4441-8130-94075c78f6e8', '651023a9-e9b0-4b71-adf7-5baef943d663');
INSERT INTO option_choice (option_id, choice_id) VALUES ('5b32da45-be75-42c8-8fa7-ba776167a759', '651023a9-e9b0-4b71-adf7-5baef943d663');
INSERT INTO option_choice (option_id, choice_id) VALUES ('cab8632d-19dd-4ddc-9c90-669949088fa5', '651023a9-e9b0-4b71-adf7-5baef943d663');
INSERT INTO interviewee (id, login, password, age, gender, country, marital_status) VALUES ('fcc895e5-4662-482c-9dd0-2cab085b0c50', 'interviewee330', 'qwerty', 22, 'male', 'BI', 'was_not_married');
INSERT INTO choice (id, questionnaire_id, interviewee_id) VALUES ('674bb1f7-bd93-4e59-b5eb-59dacee02a4d', '6a34c81d-d686-4ce4-8e2f-ec3d2ba47346', 'fcc895e5-4662-482c-9dd0-2cab085b0c50');
INSERT INTO option_choice (option_id, choice_id) VALUES ('553e0886-1a11-4d34-ad3c-c3ee745c28c8', '674bb1f7-bd93-4e59-b5eb-59dacee02a4d');
INSERT INTO interviewee (id, login, password, age, gender, country, marital_status) VALUES ('51d69b81-9619-4c32-8392-aa31c9445ae2', 'interviewee331', 'qwerty', 56, 'female', 'FO', 'married');
INSERT INTO choice (id, questionnaire_id, interviewee_id) VALUES ('0757b1de-d394-43ef-bc01-6113361a960d', '56c296cd-7c3b-4eb1-90cb-745e555a098c', '51d69b81-9619-4c32-8392-aa31c9445ae2');
INSERT INTO option_choice (option_id, choice_id) VALUES ('e2f977a1-4767-4f5b-b056-27e45348cf1a', '0757b1de-d394-43ef-bc01-6113361a960d');
INSERT INTO choice (id, questionnaire_id, interviewee_id) VALUES ('0afb6be1-2b8b-4317-a75b-8251023f1880', '0b6580ec-1374-4a48-ad1d-b1fa316ad9be', '51d69b81-9619-4c32-8392-aa31c9445ae2');
INSERT INTO option_choice (option_id, choice_id) VALUES ('68263915-d7e9-4ac6-9c14-f48cf8807857', '0afb6be1-2b8b-4317-a75b-8251023f1880');
INSERT INTO option_choice (option_id, choice_id) VALUES ('a518cc4d-143a-45ca-b29f-a7c53dacc773', '0afb6be1-2b8b-4317-a75b-8251023f1880');
INSERT INTO option_choice (option_id, choice_id) VALUES ('82cec316-48c4-48d4-9d69-8a67e9d22eca', '0afb6be1-2b8b-4317-a75b-8251023f1880');
INSERT INTO choice (id, questionnaire_id, interviewee_id) VALUES ('5b2ac1ca-0e99-4b16-a180-e73b7164d19b', '309e872a-e145-4926-998b-ec0fdb62466a', '51d69b81-9619-4c32-8392-aa31c9445ae2');
INSERT INTO option_choice (option_id, choice_id) VALUES ('8ccfc598-c3a0-4ad2-a052-f4e6e3edc252', '5b2ac1ca-0e99-4b16-a180-e73b7164d19b');
INSERT INTO option_choice (option_id, choice_id) VALUES ('1dcd1e79-636e-4d6c-b9b4-dcf0da4fdaaa', '5b2ac1ca-0e99-4b16-a180-e73b7164d19b');
INSERT INTO interviewee (id, login, password, age, gender, country, marital_status) VALUES ('c3ca862b-7e83-4864-9a28-755c2c915ac4', 'interviewee332', 'qwerty', 48, 'female', 'TO', 'was_not_married');
INSERT INTO choice (id, questionnaire_id, interviewee_id) VALUES ('93b70884-3edb-401b-ab58-0e5c34b4850f', '0b6580ec-1374-4a48-ad1d-b1fa316ad9be', 'c3ca862b-7e83-4864-9a28-755c2c915ac4');
INSERT INTO option_choice (option_id, choice_id) VALUES ('a518cc4d-143a-45ca-b29f-a7c53dacc773', '93b70884-3edb-401b-ab58-0e5c34b4850f');
INSERT INTO option_choice (option_id, choice_id) VALUES ('82cec316-48c4-48d4-9d69-8a67e9d22eca', '93b70884-3edb-401b-ab58-0e5c34b4850f');
INSERT INTO choice (id, questionnaire_id, interviewee_id) VALUES ('d04fc981-a669-44f4-aaa8-1742510516ca', 'cb70c074-82ef-4114-aabc-e940a19b5bb0', 'c3ca862b-7e83-4864-9a28-755c2c915ac4');
INSERT INTO option_choice (option_id, choice_id) VALUES ('c2db2843-0153-4422-8aa4-c4c9e640418d', 'd04fc981-a669-44f4-aaa8-1742510516ca');
INSERT INTO option_choice (option_id, choice_id) VALUES ('b2aebe06-b155-47cd-a39d-b9c1beabb465', 'd04fc981-a669-44f4-aaa8-1742510516ca');
INSERT INTO option_choice (option_id, choice_id) VALUES ('4f47a30f-5169-4bf3-a6a9-f9777225a72d', 'd04fc981-a669-44f4-aaa8-1742510516ca');
INSERT INTO option_choice (option_id, choice_id) VALUES ('4fbbc5c4-5cc1-4421-86a2-d7151c56a9df', 'd04fc981-a669-44f4-aaa8-1742510516ca');
INSERT INTO choice (id, questionnaire_id, interviewee_id) VALUES ('ecf24df4-ce88-4039-ae15-3ef56dbf203e', 'a345b682-c7ac-49ac-9f14-4f5173a872d8', 'c3ca862b-7e83-4864-9a28-755c2c915ac4');
INSERT INTO option_choice (option_id, choice_id) VALUES ('faa6ab11-59ef-4e3b-aa30-88fe576f7451', 'ecf24df4-ce88-4039-ae15-3ef56dbf203e');
INSERT INTO interviewee (id, login, password, age, gender, country, marital_status) VALUES ('78fd8712-7267-49bd-87b3-d5a895bf9aa1', 'interviewee333', 'qwerty', 70, 'male', 'VN', 'was_not_married');
INSERT INTO choice (id, questionnaire_id, interviewee_id) VALUES ('eb9aba6b-15f8-4e52-9416-15500bae9cd7', 'e679f6e5-388e-4679-9f14-15a0896d2816', '78fd8712-7267-49bd-87b3-d5a895bf9aa1');
INSERT INTO option_choice (option_id, choice_id) VALUES ('3ee9dd0f-6306-4f8b-bdec-27347884621a', 'eb9aba6b-15f8-4e52-9416-15500bae9cd7');
INSERT INTO option_choice (option_id, choice_id) VALUES ('ae13d28d-5670-495b-a9e0-d0949dab86e3', 'eb9aba6b-15f8-4e52-9416-15500bae9cd7');
INSERT INTO option_choice (option_id, choice_id) VALUES ('5169914a-cf41-4077-8993-1322df09c3da', 'eb9aba6b-15f8-4e52-9416-15500bae9cd7');
INSERT INTO option_choice (option_id, choice_id) VALUES ('01fc26e1-e8f8-407f-a1b8-6af243e9c3dd', 'eb9aba6b-15f8-4e52-9416-15500bae9cd7');
INSERT INTO option_choice (option_id, choice_id) VALUES ('7fc08a6e-900b-45ea-b455-29a8eb343039', 'eb9aba6b-15f8-4e52-9416-15500bae9cd7');
INSERT INTO choice (id, questionnaire_id, interviewee_id) VALUES ('316a775d-cc84-4833-a015-a33e74733b88', '83dbd16d-6765-468d-944f-022d10d042e5', '78fd8712-7267-49bd-87b3-d5a895bf9aa1');
INSERT INTO option_choice (option_id, choice_id) VALUES ('eee0aab7-8b77-4c19-b028-648aa7e303ed', '316a775d-cc84-4833-a015-a33e74733b88');
INSERT INTO option_choice (option_id, choice_id) VALUES ('d8a63395-3425-4d1b-95be-b38dc31cb0af', '316a775d-cc84-4833-a015-a33e74733b88');
INSERT INTO option_choice (option_id, choice_id) VALUES ('d6416cf3-39f7-4cf9-ba84-314605b84d03', '316a775d-cc84-4833-a015-a33e74733b88');
INSERT INTO option_choice (option_id, choice_id) VALUES ('176e8036-bece-46c0-beb2-71eb28a41f51', '316a775d-cc84-4833-a015-a33e74733b88');
INSERT INTO interviewee (id, login, password, age, gender, country, marital_status) VALUES ('6e62c410-f62f-425d-93cc-90d6f3116b56', 'interviewee334', 'qwerty', 69, 'male', 'BG', 'was_not_married');
INSERT INTO choice (id, questionnaire_id, interviewee_id) VALUES ('fc1ebac8-18cd-4a0a-b78b-5d784dc7f094', 'a7e484ae-fb91-4ddf-a8c0-869a7f4ad0ee', '6e62c410-f62f-425d-93cc-90d6f3116b56');
INSERT INTO option_choice (option_id, choice_id) VALUES ('4331f8de-01b0-4500-b3ce-a712074f2e20', 'fc1ebac8-18cd-4a0a-b78b-5d784dc7f094');
INSERT INTO interviewee (id, login, password, age, gender, country, marital_status) VALUES ('09cc05db-f46e-419c-95ad-d07514d5093b', 'interviewee335', 'qwerty', 40, 'male', 'PM', 'married');
INSERT INTO choice (id, questionnaire_id, interviewee_id) VALUES ('8d20002c-bf58-4ee2-90a9-a19969ce3695', 'a7e484ae-fb91-4ddf-a8c0-869a7f4ad0ee', '09cc05db-f46e-419c-95ad-d07514d5093b');
INSERT INTO option_choice (option_id, choice_id) VALUES ('5833b1ae-14b5-474e-8178-69dc98fc720e', '8d20002c-bf58-4ee2-90a9-a19969ce3695');
INSERT INTO interviewee (id, login, password, age, gender, country, marital_status) VALUES ('22e07d43-e91f-47a6-add0-07f76e117f9c', 'interviewee336', 'qwerty', 31, 'female', 'DE', 'married');
INSERT INTO choice (id, questionnaire_id, interviewee_id) VALUES ('01b78615-106c-48f4-87a7-2000814f97f9', '0b6580ec-1374-4a48-ad1d-b1fa316ad9be', '22e07d43-e91f-47a6-add0-07f76e117f9c');
INSERT INTO option_choice (option_id, choice_id) VALUES ('82be4575-892d-453a-b3d9-0827c6b6d6df', '01b78615-106c-48f4-87a7-2000814f97f9');
INSERT INTO option_choice (option_id, choice_id) VALUES ('a518cc4d-143a-45ca-b29f-a7c53dacc773', '01b78615-106c-48f4-87a7-2000814f97f9');
INSERT INTO option_choice (option_id, choice_id) VALUES ('82cec316-48c4-48d4-9d69-8a67e9d22eca', '01b78615-106c-48f4-87a7-2000814f97f9');
INSERT INTO choice (id, questionnaire_id, interviewee_id) VALUES ('02103dbd-e711-4c90-a51b-9c831fb9f7fd', 'a345b682-c7ac-49ac-9f14-4f5173a872d8', '22e07d43-e91f-47a6-add0-07f76e117f9c');
INSERT INTO option_choice (option_id, choice_id) VALUES ('4389db4e-2a8b-43f8-8643-dd6f5a5f160e', '02103dbd-e711-4c90-a51b-9c831fb9f7fd');
INSERT INTO choice (id, questionnaire_id, interviewee_id) VALUES ('90a6a146-f919-4e07-9a2c-7c1adbd2ef90', 'cb70c074-82ef-4114-aabc-e940a19b5bb0', '22e07d43-e91f-47a6-add0-07f76e117f9c');
INSERT INTO option_choice (option_id, choice_id) VALUES ('4fbbc5c4-5cc1-4421-86a2-d7151c56a9df', '90a6a146-f919-4e07-9a2c-7c1adbd2ef90');
INSERT INTO option_choice (option_id, choice_id) VALUES ('a6011a1c-260b-45fb-ad13-b09674b0b968', '90a6a146-f919-4e07-9a2c-7c1adbd2ef90');
INSERT INTO interviewee (id, login, password, age, gender, country, marital_status) VALUES ('86360d2c-6533-44d3-8769-f350e0a2b6f8', 'interviewee337', 'qwerty', 33, 'female', 'BJ', 'was_not_married');
INSERT INTO choice (id, questionnaire_id, interviewee_id) VALUES ('a17613fa-f408-48f1-a951-45bc916b49cc', 'afb83fe3-e755-403b-9a15-c18b3782c012', '86360d2c-6533-44d3-8769-f350e0a2b6f8');
INSERT INTO option_choice (option_id, choice_id) VALUES ('db1f1f55-651e-4dd8-b4c1-deb2f26216b2', 'a17613fa-f408-48f1-a951-45bc916b49cc');
INSERT INTO choice (id, questionnaire_id, interviewee_id) VALUES ('e9afbd5c-1357-40d6-9413-93ae4421c232', 'a2f7d656-4675-4d99-9435-95cbe535c6c1', '86360d2c-6533-44d3-8769-f350e0a2b6f8');
INSERT INTO option_choice (option_id, choice_id) VALUES ('d3d55bb1-ef9d-4b9a-b1b9-8e4375e7dbd0', 'e9afbd5c-1357-40d6-9413-93ae4421c232');
INSERT INTO option_choice (option_id, choice_id) VALUES ('930526a4-2714-4f39-831c-55b3185bd967', 'e9afbd5c-1357-40d6-9413-93ae4421c232');
INSERT INTO option_choice (option_id, choice_id) VALUES ('110b73fb-e57f-409d-83dc-0d81bdd20a44', 'e9afbd5c-1357-40d6-9413-93ae4421c232');
INSERT INTO option_choice (option_id, choice_id) VALUES ('c6bb5cf5-3828-4747-8bb2-776e9deaeb04', 'e9afbd5c-1357-40d6-9413-93ae4421c232');
INSERT INTO option_choice (option_id, choice_id) VALUES ('2366bc8e-690e-4739-b5f2-cf491cd8107c', 'e9afbd5c-1357-40d6-9413-93ae4421c232');
INSERT INTO interviewee (id, login, password, age, gender, country, marital_status) VALUES ('c853fd75-dc0d-4205-a326-b9970cbb360d', 'interviewee338', 'qwerty', 57, 'female', 'KI', 'was_not_married');
INSERT INTO choice (id, questionnaire_id, interviewee_id) VALUES ('4af9f00b-6104-4361-b06f-2fa980305ae9', 'e2cf177f-e49f-4aef-99a6-095d711c6ec2', 'c853fd75-dc0d-4205-a326-b9970cbb360d');
INSERT INTO option_choice (option_id, choice_id) VALUES ('1b5e4a41-da4c-4845-8698-5ed9deee3ca2', '4af9f00b-6104-4361-b06f-2fa980305ae9');
INSERT INTO choice (id, questionnaire_id, interviewee_id) VALUES ('f1c83397-5042-429e-9bb7-59ab1156fcb5', '6a34c81d-d686-4ce4-8e2f-ec3d2ba47346', 'c853fd75-dc0d-4205-a326-b9970cbb360d');
INSERT INTO option_choice (option_id, choice_id) VALUES ('7a83da6c-611b-4c33-a2e2-ddf398a170bc', 'f1c83397-5042-429e-9bb7-59ab1156fcb5');
INSERT INTO choice (id, questionnaire_id, interviewee_id) VALUES ('29ea5e48-8b2e-4387-91e0-2bd01c4dc1aa', '91a16ec4-1a91-44d1-bb08-6e9fc823c230', 'c853fd75-dc0d-4205-a326-b9970cbb360d');
INSERT INTO option_choice (option_id, choice_id) VALUES ('690b73cc-52e3-435d-a3bd-78733e5fdeaf', '29ea5e48-8b2e-4387-91e0-2bd01c4dc1aa');
INSERT INTO option_choice (option_id, choice_id) VALUES ('cab8632d-19dd-4ddc-9c90-669949088fa5', '29ea5e48-8b2e-4387-91e0-2bd01c4dc1aa');
INSERT INTO option_choice (option_id, choice_id) VALUES ('fbc23714-2c99-4441-8130-94075c78f6e8', '29ea5e48-8b2e-4387-91e0-2bd01c4dc1aa');
INSERT INTO option_choice (option_id, choice_id) VALUES ('5b32da45-be75-42c8-8fa7-ba776167a759', '29ea5e48-8b2e-4387-91e0-2bd01c4dc1aa');
INSERT INTO interviewee (id, login, password, age, gender, country, marital_status) VALUES ('4cab4248-ce24-4162-8e7b-af565ddf058f', 'interviewee339', 'qwerty', 44, 'male', 'NZ', 'married');
INSERT INTO choice (id, questionnaire_id, interviewee_id) VALUES ('b1080841-af8e-45a2-9125-2794f29a77a7', '6a34c81d-d686-4ce4-8e2f-ec3d2ba47346', '4cab4248-ce24-4162-8e7b-af565ddf058f');
INSERT INTO option_choice (option_id, choice_id) VALUES ('f7043315-74b1-4456-92cc-0c7dc1e0dd21', 'b1080841-af8e-45a2-9125-2794f29a77a7');
INSERT INTO interviewee (id, login, password, age, gender, country, marital_status) VALUES ('cf787776-3f9c-4086-8d1d-c4b07c6bd661', 'interviewee340', 'qwerty', 43, 'female', 'VU', 'was_not_married');
INSERT INTO choice (id, questionnaire_id, interviewee_id) VALUES ('6ec30455-beeb-4b7c-8a9f-50a4afd567e8', 'a2f7d656-4675-4d99-9435-95cbe535c6c1', 'cf787776-3f9c-4086-8d1d-c4b07c6bd661');
INSERT INTO option_choice (option_id, choice_id) VALUES ('110b73fb-e57f-409d-83dc-0d81bdd20a44', '6ec30455-beeb-4b7c-8a9f-50a4afd567e8');
INSERT INTO option_choice (option_id, choice_id) VALUES ('c6bb5cf5-3828-4747-8bb2-776e9deaeb04', '6ec30455-beeb-4b7c-8a9f-50a4afd567e8');
INSERT INTO choice (id, questionnaire_id, interviewee_id) VALUES ('98f786a9-7ede-4847-9fb8-3be94e483cf2', '21abb345-1235-4f5e-8b5b-2f6f89f30fee', 'cf787776-3f9c-4086-8d1d-c4b07c6bd661');
INSERT INTO option_choice (option_id, choice_id) VALUES ('bf5bc6ce-b791-45ed-9dbe-fe939c3ccd4b', '98f786a9-7ede-4847-9fb8-3be94e483cf2');
INSERT INTO interviewee (id, login, password, age, gender, country, marital_status) VALUES ('08d8ae7b-f4a5-4462-8dbd-fb9af2e55301', 'interviewee341', 'qwerty', 18, 'male', 'ZM', 'divorced');
INSERT INTO choice (id, questionnaire_id, interviewee_id) VALUES ('2e9e5551-97ba-413e-a8ff-c2d0bb88f08b', '56c296cd-7c3b-4eb1-90cb-745e555a098c', '08d8ae7b-f4a5-4462-8dbd-fb9af2e55301');
INSERT INTO option_choice (option_id, choice_id) VALUES ('e2f977a1-4767-4f5b-b056-27e45348cf1a', '2e9e5551-97ba-413e-a8ff-c2d0bb88f08b');
INSERT INTO option_choice (option_id, choice_id) VALUES ('75d9d333-93f8-42f6-be3b-9a5a24aa476c', '2e9e5551-97ba-413e-a8ff-c2d0bb88f08b');
INSERT INTO interviewee (id, login, password, age, gender, country, marital_status) VALUES ('127017b0-4ef5-4225-85a0-7d5c660fc22f', 'interviewee342', 'qwerty', 36, 'female', 'CF', 'was_not_married');
INSERT INTO choice (id, questionnaire_id, interviewee_id) VALUES ('fbc90684-453e-4dc1-98b1-e34ed9e0cb17', 'af6f1431-a90e-4919-83a4-359d6a8a7d22', '127017b0-4ef5-4225-85a0-7d5c660fc22f');
INSERT INTO option_choice (option_id, choice_id) VALUES ('a3c0df26-f677-4a76-9fc9-e8bcb2a586ec', 'fbc90684-453e-4dc1-98b1-e34ed9e0cb17');
INSERT INTO option_choice (option_id, choice_id) VALUES ('14b9069e-cc19-448a-96f6-c333a9a53635', 'fbc90684-453e-4dc1-98b1-e34ed9e0cb17');
INSERT INTO option_choice (option_id, choice_id) VALUES ('1d5c1c89-2fbe-4efd-aab1-12329e29ad0f', 'fbc90684-453e-4dc1-98b1-e34ed9e0cb17');
INSERT INTO option_choice (option_id, choice_id) VALUES ('e41b3b09-f2a6-4206-bfde-743557a31646', 'fbc90684-453e-4dc1-98b1-e34ed9e0cb17');
INSERT INTO choice (id, questionnaire_id, interviewee_id) VALUES ('15788a3d-717d-4d8e-a2f0-d8af5fd8cff7', '6a34c81d-d686-4ce4-8e2f-ec3d2ba47346', '127017b0-4ef5-4225-85a0-7d5c660fc22f');
INSERT INTO option_choice (option_id, choice_id) VALUES ('553e0886-1a11-4d34-ad3c-c3ee745c28c8', '15788a3d-717d-4d8e-a2f0-d8af5fd8cff7');
INSERT INTO interviewee (id, login, password, age, gender, country, marital_status) VALUES ('217fd7cf-8386-4003-9e7b-b023f542f911', 'interviewee343', 'qwerty', 27, 'female', 'GG', 'divorced');
INSERT INTO choice (id, questionnaire_id, interviewee_id) VALUES ('ed129da7-c6b8-471c-acac-9618ac77e2e2', 'e2cf177f-e49f-4aef-99a6-095d711c6ec2', '217fd7cf-8386-4003-9e7b-b023f542f911');
INSERT INTO option_choice (option_id, choice_id) VALUES ('242c02d5-0f4b-4e89-976f-3754854f478c', 'ed129da7-c6b8-471c-acac-9618ac77e2e2');
INSERT INTO interviewee (id, login, password, age, gender, country, marital_status) VALUES ('dc43887c-3a43-43de-846d-c352d2fcd5fb', 'interviewee344', 'qwerty', 15, 'male', 'QA', 'married');
INSERT INTO choice (id, questionnaire_id, interviewee_id) VALUES ('ce1ce946-30f0-4544-9f96-1080063168fe', '309e872a-e145-4926-998b-ec0fdb62466a', 'dc43887c-3a43-43de-846d-c352d2fcd5fb');
INSERT INTO option_choice (option_id, choice_id) VALUES ('8ccfc598-c3a0-4ad2-a052-f4e6e3edc252', 'ce1ce946-30f0-4544-9f96-1080063168fe');
INSERT INTO interviewee (id, login, password, age, gender, country, marital_status) VALUES ('e46d54f1-8cfb-4bcc-87c6-bfca4bececad', 'interviewee345', 'qwerty', 27, 'female', 'CH', 'married');
INSERT INTO choice (id, questionnaire_id, interviewee_id) VALUES ('75935abc-6888-4734-a121-6c818546a7db', 'a7e484ae-fb91-4ddf-a8c0-869a7f4ad0ee', 'e46d54f1-8cfb-4bcc-87c6-bfca4bececad');
INSERT INTO option_choice (option_id, choice_id) VALUES ('4331f8de-01b0-4500-b3ce-a712074f2e20', '75935abc-6888-4734-a121-6c818546a7db');
INSERT INTO interviewee (id, login, password, age, gender, country, marital_status) VALUES ('77c038bc-3dc8-4b8c-86c9-fe743fd3a9ed', 'interviewee346', 'qwerty', 24, 'male', 'PY', 'married');
INSERT INTO choice (id, questionnaire_id, interviewee_id) VALUES ('02cba226-d516-4072-8de5-d55272cf7f90', '557cb630-d2f4-4e11-afe9-d50534deb525', '77c038bc-3dc8-4b8c-86c9-fe743fd3a9ed');
INSERT INTO option_choice (option_id, choice_id) VALUES ('78cbec79-315d-4cd7-92bb-beb18eab98e5', '02cba226-d516-4072-8de5-d55272cf7f90');
INSERT INTO interviewee (id, login, password, age, gender, country, marital_status) VALUES ('a2fcf74c-7024-4f23-a885-80bb97c2a8c4', 'interviewee347', 'qwerty', 38, 'female', 'VI', 'was_not_married');
INSERT INTO choice (id, questionnaire_id, interviewee_id) VALUES ('7a9bd752-8f7f-4ba8-91b5-84440e2fb2d3', '0b6580ec-1374-4a48-ad1d-b1fa316ad9be', 'a2fcf74c-7024-4f23-a885-80bb97c2a8c4');
INSERT INTO option_choice (option_id, choice_id) VALUES ('68263915-d7e9-4ac6-9c14-f48cf8807857', '7a9bd752-8f7f-4ba8-91b5-84440e2fb2d3');
INSERT INTO choice (id, questionnaire_id, interviewee_id) VALUES ('6d9b13ae-d4f9-473d-96cf-de84060ce36a', 'e679f6e5-388e-4679-9f14-15a0896d2816', 'a2fcf74c-7024-4f23-a885-80bb97c2a8c4');
INSERT INTO option_choice (option_id, choice_id) VALUES ('ae13d28d-5670-495b-a9e0-d0949dab86e3', '6d9b13ae-d4f9-473d-96cf-de84060ce36a');
INSERT INTO option_choice (option_id, choice_id) VALUES ('f62b7b4d-17f1-4686-9782-f0b454d6f390', '6d9b13ae-d4f9-473d-96cf-de84060ce36a');
INSERT INTO option_choice (option_id, choice_id) VALUES ('5169914a-cf41-4077-8993-1322df09c3da', '6d9b13ae-d4f9-473d-96cf-de84060ce36a');
INSERT INTO option_choice (option_id, choice_id) VALUES ('7fc08a6e-900b-45ea-b455-29a8eb343039', '6d9b13ae-d4f9-473d-96cf-de84060ce36a');
INSERT INTO option_choice (option_id, choice_id) VALUES ('01fc26e1-e8f8-407f-a1b8-6af243e9c3dd', '6d9b13ae-d4f9-473d-96cf-de84060ce36a');
INSERT INTO option_choice (option_id, choice_id) VALUES ('3ee9dd0f-6306-4f8b-bdec-27347884621a', '6d9b13ae-d4f9-473d-96cf-de84060ce36a');
INSERT INTO interviewee (id, login, password, age, gender, country, marital_status) VALUES ('bdbcda56-c95f-4a10-a06d-5b1d98132190', 'interviewee348', 'qwerty', 40, 'male', 'CG', 'was_not_married');
INSERT INTO choice (id, questionnaire_id, interviewee_id) VALUES ('3e660e21-a052-4f61-84c9-2940674fd1fa', '6a34c81d-d686-4ce4-8e2f-ec3d2ba47346', 'bdbcda56-c95f-4a10-a06d-5b1d98132190');
INSERT INTO option_choice (option_id, choice_id) VALUES ('553e0886-1a11-4d34-ad3c-c3ee745c28c8', '3e660e21-a052-4f61-84c9-2940674fd1fa');
INSERT INTO choice (id, questionnaire_id, interviewee_id) VALUES ('cecfbebb-b299-4878-bd17-c0ef6668e152', 'e2cf177f-e49f-4aef-99a6-095d711c6ec2', 'bdbcda56-c95f-4a10-a06d-5b1d98132190');
INSERT INTO option_choice (option_id, choice_id) VALUES ('242c02d5-0f4b-4e89-976f-3754854f478c', 'cecfbebb-b299-4878-bd17-c0ef6668e152');
INSERT INTO interviewee (id, login, password, age, gender, country, marital_status) VALUES ('1a6f4c67-54d8-4d10-9443-0ca0f4c61184', 'interviewee349', 'qwerty', 24, 'female', 'LR', 'divorced');
INSERT INTO choice (id, questionnaire_id, interviewee_id) VALUES ('46696f35-6721-4b11-8c19-307407d2fd05', 'afb83fe3-e755-403b-9a15-c18b3782c012', '1a6f4c67-54d8-4d10-9443-0ca0f4c61184');
INSERT INTO option_choice (option_id, choice_id) VALUES ('db1f1f55-651e-4dd8-b4c1-deb2f26216b2', '46696f35-6721-4b11-8c19-307407d2fd05');
INSERT INTO interviewee (id, login, password, age, gender, country, marital_status) VALUES ('7fc1ab5d-b933-4825-814d-4ffac7aebb23', 'interviewee350', 'qwerty', 40, 'female', 'GG', 'married');
INSERT INTO choice (id, questionnaire_id, interviewee_id) VALUES ('79b6754d-071b-4aa7-ac20-af9f22254f94', 'a345b682-c7ac-49ac-9f14-4f5173a872d8', '7fc1ab5d-b933-4825-814d-4ffac7aebb23');
INSERT INTO option_choice (option_id, choice_id) VALUES ('4389db4e-2a8b-43f8-8643-dd6f5a5f160e', '79b6754d-071b-4aa7-ac20-af9f22254f94');
INSERT INTO choice (id, questionnaire_id, interviewee_id) VALUES ('3f8e6c81-c261-4609-b501-a74c0c31581a', 'f680addd-a0b2-4101-9e1f-5e0870943c68', '7fc1ab5d-b933-4825-814d-4ffac7aebb23');
INSERT INTO option_choice (option_id, choice_id) VALUES ('521ef3a0-411b-4392-8393-62ed9a638949', '3f8e6c81-c261-4609-b501-a74c0c31581a');
INSERT INTO option_choice (option_id, choice_id) VALUES ('5e0b63d0-2a10-4ab5-a66a-a47615b50b03', '3f8e6c81-c261-4609-b501-a74c0c31581a');
INSERT INTO interviewee (id, login, password, age, gender, country, marital_status) VALUES ('1990345d-7c25-4a94-bf4a-88f4bfb76834', 'interviewee351', 'qwerty', 26, 'male', 'KZ', 'divorced');
INSERT INTO choice (id, questionnaire_id, interviewee_id) VALUES ('360239a1-e0ee-4939-a2d5-c48e53a8c9f4', 'b5ae5620-2d58-48f5-a060-28e8fd1859dd', '1990345d-7c25-4a94-bf4a-88f4bfb76834');
INSERT INTO option_choice (option_id, choice_id) VALUES ('fecb111c-77d6-4b66-b728-32011b5211c0', '360239a1-e0ee-4939-a2d5-c48e53a8c9f4');
INSERT INTO choice (id, questionnaire_id, interviewee_id) VALUES ('fb6c47b9-1d47-4d62-8fd0-200824945cb9', 'bf8da1bc-7284-44d0-a7c0-4e0321978aa0', '1990345d-7c25-4a94-bf4a-88f4bfb76834');
INSERT INTO option_choice (option_id, choice_id) VALUES ('9bdf6935-cda0-4d8b-82bb-51be50aece89', 'fb6c47b9-1d47-4d62-8fd0-200824945cb9');
INSERT INTO interviewee (id, login, password, age, gender, country, marital_status) VALUES ('bc211300-7e30-499f-8552-d48afe948c59', 'interviewee352', 'qwerty', 19, 'female', 'HM', 'married');
INSERT INTO choice (id, questionnaire_id, interviewee_id) VALUES ('de287e25-1ce3-482c-b609-5380dc24369a', '21abb345-1235-4f5e-8b5b-2f6f89f30fee', 'bc211300-7e30-499f-8552-d48afe948c59');
INSERT INTO option_choice (option_id, choice_id) VALUES ('40408222-66d0-42a2-ad65-3a6b1158d780', 'de287e25-1ce3-482c-b609-5380dc24369a');
INSERT INTO interviewee (id, login, password, age, gender, country, marital_status) VALUES ('e6f9dcc7-1d51-4fdb-bc8f-507845fe509c', 'interviewee353', 'qwerty', 26, 'male', 'CX', 'divorced');
INSERT INTO choice (id, questionnaire_id, interviewee_id) VALUES ('48e84d95-32f4-4f5a-a3d7-fffa13768873', '309e872a-e145-4926-998b-ec0fdb62466a', 'e6f9dcc7-1d51-4fdb-bc8f-507845fe509c');
INSERT INTO option_choice (option_id, choice_id) VALUES ('4579f5ab-3007-4302-aa53-456cd440599b', '48e84d95-32f4-4f5a-a3d7-fffa13768873');
INSERT INTO option_choice (option_id, choice_id) VALUES ('8ccfc598-c3a0-4ad2-a052-f4e6e3edc252', '48e84d95-32f4-4f5a-a3d7-fffa13768873');
INSERT INTO option_choice (option_id, choice_id) VALUES ('1dcd1e79-636e-4d6c-b9b4-dcf0da4fdaaa', '48e84d95-32f4-4f5a-a3d7-fffa13768873');
INSERT INTO option_choice (option_id, choice_id) VALUES ('926da358-7388-4aea-b601-42bcfcd8c071', '48e84d95-32f4-4f5a-a3d7-fffa13768873');
INSERT INTO choice (id, questionnaire_id, interviewee_id) VALUES ('2164274e-07d3-4858-8f98-dfe92819961d', 'b6588e29-37de-425f-834e-e867f77794ce', 'e6f9dcc7-1d51-4fdb-bc8f-507845fe509c');
INSERT INTO option_choice (option_id, choice_id) VALUES ('4bde418e-a165-43f7-ac7b-c6d2ab034e2e', '2164274e-07d3-4858-8f98-dfe92819961d');
INSERT INTO option_choice (option_id, choice_id) VALUES ('40c301f5-13ed-4b94-85aa-e1c562adce4d', '2164274e-07d3-4858-8f98-dfe92819961d');
INSERT INTO option_choice (option_id, choice_id) VALUES ('46bd1403-2ee0-4145-8014-8dd4fafcb8af', '2164274e-07d3-4858-8f98-dfe92819961d');
INSERT INTO option_choice (option_id, choice_id) VALUES ('7f0bbd14-8cfc-4a28-88f7-5af992a4c02b', '2164274e-07d3-4858-8f98-dfe92819961d');
INSERT INTO option_choice (option_id, choice_id) VALUES ('5b82f100-bb0f-47ec-9395-7a0409f4b7ef', '2164274e-07d3-4858-8f98-dfe92819961d');
INSERT INTO option_choice (option_id, choice_id) VALUES ('460ff4a7-d376-4dc8-b5bb-9ab1989fbb31', '2164274e-07d3-4858-8f98-dfe92819961d');
INSERT INTO option_choice (option_id, choice_id) VALUES ('ec37510e-f2a1-4e16-ae94-e9ea2c4461e3', '2164274e-07d3-4858-8f98-dfe92819961d');
INSERT INTO interviewee (id, login, password, age, gender, country, marital_status) VALUES ('0c787870-c294-4717-8939-8e88e3a69273', 'interviewee354', 'qwerty', 68, 'female', 'AO', 'divorced');
INSERT INTO choice (id, questionnaire_id, interviewee_id) VALUES ('f376eeb2-a176-4c3f-88a1-3dcef76eac75', '8adfa259-7459-4497-b994-7101058c39c1', '0c787870-c294-4717-8939-8e88e3a69273');
INSERT INTO option_choice (option_id, choice_id) VALUES ('502fb96b-685d-47da-86bb-f40e1e8f57ef', 'f376eeb2-a176-4c3f-88a1-3dcef76eac75');
INSERT INTO option_choice (option_id, choice_id) VALUES ('0c96072b-cf70-4fde-8afb-27bf8c3f7a8b', 'f376eeb2-a176-4c3f-88a1-3dcef76eac75');
INSERT INTO choice (id, questionnaire_id, interviewee_id) VALUES ('ccdd674d-03d8-4599-b283-41289f345d9e', '8902d50d-0421-4680-82f2-f2b1b667e3fd', '0c787870-c294-4717-8939-8e88e3a69273');
INSERT INTO option_choice (option_id, choice_id) VALUES ('cbdaf253-f6a6-406f-a288-e0397682e9f8', 'ccdd674d-03d8-4599-b283-41289f345d9e');
INSERT INTO interviewee (id, login, password, age, gender, country, marital_status) VALUES ('af8f8653-ae83-41ae-a0b6-a0177ef001f6', 'interviewee355', 'qwerty', 35, 'female', 'LB', 'was_not_married');
INSERT INTO choice (id, questionnaire_id, interviewee_id) VALUES ('d6653531-ba64-4fea-8632-e2e1bfc4ba4f', '6a34c81d-d686-4ce4-8e2f-ec3d2ba47346', 'af8f8653-ae83-41ae-a0b6-a0177ef001f6');
INSERT INTO option_choice (option_id, choice_id) VALUES ('553e0886-1a11-4d34-ad3c-c3ee745c28c8', 'd6653531-ba64-4fea-8632-e2e1bfc4ba4f');
INSERT INTO interviewee (id, login, password, age, gender, country, marital_status) VALUES ('1954ffda-326c-4fe2-ba54-5f3663d31b2f', 'interviewee356', 'qwerty', 40, 'female', 'RW', 'divorced');
INSERT INTO choice (id, questionnaire_id, interviewee_id) VALUES ('4e2eea5a-ed89-4ce2-b1ed-730b2188538c', '56c296cd-7c3b-4eb1-90cb-745e555a098c', '1954ffda-326c-4fe2-ba54-5f3663d31b2f');
INSERT INTO option_choice (option_id, choice_id) VALUES ('e2f977a1-4767-4f5b-b056-27e45348cf1a', '4e2eea5a-ed89-4ce2-b1ed-730b2188538c');
INSERT INTO choice (id, questionnaire_id, interviewee_id) VALUES ('0d91375f-537b-4bc6-8d32-85ed104b1a60', '557cb630-d2f4-4e11-afe9-d50534deb525', '1954ffda-326c-4fe2-ba54-5f3663d31b2f');
INSERT INTO option_choice (option_id, choice_id) VALUES ('b633afa9-c11d-4aab-b450-ffbcfde02318', '0d91375f-537b-4bc6-8d32-85ed104b1a60');
INSERT INTO interviewee (id, login, password, age, gender, country, marital_status) VALUES ('42af5ffc-f25d-4473-a7e8-aafd63bd27eb', 'interviewee357', 'qwerty', 24, 'male', 'VN', 'divorced');
INSERT INTO choice (id, questionnaire_id, interviewee_id) VALUES ('085be683-26c7-45ff-9b73-6e9b3e8f5521', 'af6f1431-a90e-4919-83a4-359d6a8a7d22', '42af5ffc-f25d-4473-a7e8-aafd63bd27eb');
INSERT INTO option_choice (option_id, choice_id) VALUES ('b6cea016-cb83-4752-bbc0-0e2a71b294d6', '085be683-26c7-45ff-9b73-6e9b3e8f5521');
INSERT INTO choice (id, questionnaire_id, interviewee_id) VALUES ('8b985e2d-598f-4c26-80ef-61facd523dad', 'a345b682-c7ac-49ac-9f14-4f5173a872d8', '42af5ffc-f25d-4473-a7e8-aafd63bd27eb');
INSERT INTO option_choice (option_id, choice_id) VALUES ('faa6ab11-59ef-4e3b-aa30-88fe576f7451', '8b985e2d-598f-4c26-80ef-61facd523dad');
INSERT INTO choice (id, questionnaire_id, interviewee_id) VALUES ('08f57bb2-25f5-4c77-8fda-5419b9770523', 'e679f6e5-388e-4679-9f14-15a0896d2816', '42af5ffc-f25d-4473-a7e8-aafd63bd27eb');
INSERT INTO option_choice (option_id, choice_id) VALUES ('f62b7b4d-17f1-4686-9782-f0b454d6f390', '08f57bb2-25f5-4c77-8fda-5419b9770523');
INSERT INTO option_choice (option_id, choice_id) VALUES ('ae13d28d-5670-495b-a9e0-d0949dab86e3', '08f57bb2-25f5-4c77-8fda-5419b9770523');
INSERT INTO option_choice (option_id, choice_id) VALUES ('01fc26e1-e8f8-407f-a1b8-6af243e9c3dd', '08f57bb2-25f5-4c77-8fda-5419b9770523');
INSERT INTO option_choice (option_id, choice_id) VALUES ('3ee9dd0f-6306-4f8b-bdec-27347884621a', '08f57bb2-25f5-4c77-8fda-5419b9770523');
INSERT INTO option_choice (option_id, choice_id) VALUES ('5169914a-cf41-4077-8993-1322df09c3da', '08f57bb2-25f5-4c77-8fda-5419b9770523');
INSERT INTO interviewee (id, login, password, age, gender, country, marital_status) VALUES ('e01ee2d3-7a88-4c6d-b458-8b9e59d5f5de', 'interviewee358', 'qwerty', 64, 'female', 'MX', 'married');
INSERT INTO choice (id, questionnaire_id, interviewee_id) VALUES ('7a392c18-b9c7-4f19-972d-b7d5089ea24f', '1a336595-020d-4026-a389-afd9a80cf707', 'e01ee2d3-7a88-4c6d-b458-8b9e59d5f5de');
INSERT INTO option_choice (option_id, choice_id) VALUES ('22762ef8-944e-46b0-a7e0-4e990383e528', '7a392c18-b9c7-4f19-972d-b7d5089ea24f');
INSERT INTO interviewee (id, login, password, age, gender, country, marital_status) VALUES ('efd538d6-1beb-4226-a39e-cb99e7b584c3', 'interviewee359', 'qwerty', 69, 'female', 'LR', 'divorced');
INSERT INTO choice (id, questionnaire_id, interviewee_id) VALUES ('f98873e1-dd56-4d7d-8c05-26705f116ce0', '8adfa259-7459-4497-b994-7101058c39c1', 'efd538d6-1beb-4226-a39e-cb99e7b584c3');
INSERT INTO option_choice (option_id, choice_id) VALUES ('0c96072b-cf70-4fde-8afb-27bf8c3f7a8b', 'f98873e1-dd56-4d7d-8c05-26705f116ce0');
INSERT INTO option_choice (option_id, choice_id) VALUES ('3e047d89-087c-45bd-82d6-38c4acd5c609', 'f98873e1-dd56-4d7d-8c05-26705f116ce0');
INSERT INTO option_choice (option_id, choice_id) VALUES ('502fb96b-685d-47da-86bb-f40e1e8f57ef', 'f98873e1-dd56-4d7d-8c05-26705f116ce0');
INSERT INTO choice (id, questionnaire_id, interviewee_id) VALUES ('781a24be-9e1c-42c5-86bd-20219ef84f5d', 'd05638df-f11c-413d-8456-ee036bed2914', 'efd538d6-1beb-4226-a39e-cb99e7b584c3');
INSERT INTO option_choice (option_id, choice_id) VALUES ('b4b64304-6288-40df-8120-283c58db8d1a', '781a24be-9e1c-42c5-86bd-20219ef84f5d');
INSERT INTO choice (id, questionnaire_id, interviewee_id) VALUES ('63440d01-318d-45ee-93c0-eef7ff937f8c', '56c296cd-7c3b-4eb1-90cb-745e555a098c', 'efd538d6-1beb-4226-a39e-cb99e7b584c3');
INSERT INTO option_choice (option_id, choice_id) VALUES ('d583c2c9-6998-483b-a5e4-67068e974d6f', '63440d01-318d-45ee-93c0-eef7ff937f8c');
INSERT INTO option_choice (option_id, choice_id) VALUES ('0e27133d-354c-4e2d-af9f-e74397954328', '63440d01-318d-45ee-93c0-eef7ff937f8c');
INSERT INTO option_choice (option_id, choice_id) VALUES ('75d9d333-93f8-42f6-be3b-9a5a24aa476c', '63440d01-318d-45ee-93c0-eef7ff937f8c');
INSERT INTO option_choice (option_id, choice_id) VALUES ('00605853-328c-4a30-9227-5513208ca17e', '63440d01-318d-45ee-93c0-eef7ff937f8c');
INSERT INTO interviewee (id, login, password, age, gender, country, marital_status) VALUES ('347b6bee-c6a0-4855-8131-46823640f7f2', 'interviewee360', 'qwerty', 52, 'female', 'ZW', 'divorced');
INSERT INTO choice (id, questionnaire_id, interviewee_id) VALUES ('f8e09274-5ca3-4259-9b76-ed57610ebd33', '83dbd16d-6765-468d-944f-022d10d042e5', '347b6bee-c6a0-4855-8131-46823640f7f2');
INSERT INTO option_choice (option_id, choice_id) VALUES ('d6416cf3-39f7-4cf9-ba84-314605b84d03', 'f8e09274-5ca3-4259-9b76-ed57610ebd33');
INSERT INTO option_choice (option_id, choice_id) VALUES ('eee0aab7-8b77-4c19-b028-648aa7e303ed', 'f8e09274-5ca3-4259-9b76-ed57610ebd33');
INSERT INTO choice (id, questionnaire_id, interviewee_id) VALUES ('c8c73cd3-c253-4369-ad80-8d0d2d5e9f7f', 'b5ae5620-2d58-48f5-a060-28e8fd1859dd', '347b6bee-c6a0-4855-8131-46823640f7f2');
INSERT INTO option_choice (option_id, choice_id) VALUES ('6d0af933-e0cd-405e-8ecb-b04a62b5d13f', 'c8c73cd3-c253-4369-ad80-8d0d2d5e9f7f');
INSERT INTO interviewee (id, login, password, age, gender, country, marital_status) VALUES ('d409078b-54d8-4f13-9389-800728ab8b29', 'interviewee361', 'qwerty', 21, 'female', 'AU', 'married');
INSERT INTO choice (id, questionnaire_id, interviewee_id) VALUES ('b92e0491-a1ef-4ae5-9b2a-a37a375740d4', 'd05638df-f11c-413d-8456-ee036bed2914', 'd409078b-54d8-4f13-9389-800728ab8b29');
INSERT INTO option_choice (option_id, choice_id) VALUES ('b4b64304-6288-40df-8120-283c58db8d1a', 'b92e0491-a1ef-4ae5-9b2a-a37a375740d4');
INSERT INTO choice (id, questionnaire_id, interviewee_id) VALUES ('8f5e01ae-5ea2-468d-a02c-5f40a6296c7c', 'b5ae5620-2d58-48f5-a060-28e8fd1859dd', 'd409078b-54d8-4f13-9389-800728ab8b29');
INSERT INTO option_choice (option_id, choice_id) VALUES ('68702e14-fb48-4755-b6ec-11c860048f90', '8f5e01ae-5ea2-468d-a02c-5f40a6296c7c');
INSERT INTO choice (id, questionnaire_id, interviewee_id) VALUES ('4f1f4a71-02d8-4789-b6c9-24fe1c381a15', '21abb345-1235-4f5e-8b5b-2f6f89f30fee', 'd409078b-54d8-4f13-9389-800728ab8b29');
INSERT INTO option_choice (option_id, choice_id) VALUES ('fa871bfe-a04e-4297-af08-80cc94ccf337', '4f1f4a71-02d8-4789-b6c9-24fe1c381a15');
INSERT INTO interviewee (id, login, password, age, gender, country, marital_status) VALUES ('c1267eb2-a84d-4065-a7dc-6d841b37a2c8', 'interviewee362', 'qwerty', 25, 'male', 'SZ', 'married');
INSERT INTO choice (id, questionnaire_id, interviewee_id) VALUES ('d40fc5ff-268f-4912-8541-48ce78d4ae33', 'a345b682-c7ac-49ac-9f14-4f5173a872d8', 'c1267eb2-a84d-4065-a7dc-6d841b37a2c8');
INSERT INTO option_choice (option_id, choice_id) VALUES ('faa6ab11-59ef-4e3b-aa30-88fe576f7451', 'd40fc5ff-268f-4912-8541-48ce78d4ae33');
INSERT INTO choice (id, questionnaire_id, interviewee_id) VALUES ('f527e120-9da3-4fef-b6e8-c61dd853614c', '21abb345-1235-4f5e-8b5b-2f6f89f30fee', 'c1267eb2-a84d-4065-a7dc-6d841b37a2c8');
INSERT INTO option_choice (option_id, choice_id) VALUES ('89025574-1604-4050-9786-3bf06cdb36eb', 'f527e120-9da3-4fef-b6e8-c61dd853614c');
INSERT INTO choice (id, questionnaire_id, interviewee_id) VALUES ('b3d46c49-5b21-42db-bc5f-706f60f3a17b', '8902d50d-0421-4680-82f2-f2b1b667e3fd', 'c1267eb2-a84d-4065-a7dc-6d841b37a2c8');
INSERT INTO option_choice (option_id, choice_id) VALUES ('cbdaf253-f6a6-406f-a288-e0397682e9f8', 'b3d46c49-5b21-42db-bc5f-706f60f3a17b');
INSERT INTO interviewee (id, login, password, age, gender, country, marital_status) VALUES ('87839798-2da8-4f07-be41-92841b787a96', 'interviewee363', 'qwerty', 68, 'female', 'IR', 'was_not_married');
INSERT INTO choice (id, questionnaire_id, interviewee_id) VALUES ('31774172-a225-4cec-b90c-92c91518ffec', 'afb83fe3-e755-403b-9a15-c18b3782c012', '87839798-2da8-4f07-be41-92841b787a96');
INSERT INTO option_choice (option_id, choice_id) VALUES ('20880a56-05fa-464a-90ad-faf02a83fa77', '31774172-a225-4cec-b90c-92c91518ffec');
INSERT INTO interviewee (id, login, password, age, gender, country, marital_status) VALUES ('78e68362-157f-4621-905f-6909f1d2139b', 'interviewee364', 'qwerty', 21, 'female', 'FI', 'was_not_married');
INSERT INTO choice (id, questionnaire_id, interviewee_id) VALUES ('c16fa8b2-7409-4d76-9fca-22e56c9f4efb', '21abb345-1235-4f5e-8b5b-2f6f89f30fee', '78e68362-157f-4621-905f-6909f1d2139b');
INSERT INTO option_choice (option_id, choice_id) VALUES ('bf5bc6ce-b791-45ed-9dbe-fe939c3ccd4b', 'c16fa8b2-7409-4d76-9fca-22e56c9f4efb');
INSERT INTO choice (id, questionnaire_id, interviewee_id) VALUES ('656043dd-958f-43d7-97db-7d06936cc273', 'a7e484ae-fb91-4ddf-a8c0-869a7f4ad0ee', '78e68362-157f-4621-905f-6909f1d2139b');
INSERT INTO option_choice (option_id, choice_id) VALUES ('c2e66b7f-cc24-45a4-a017-7a4d25149a85', '656043dd-958f-43d7-97db-7d06936cc273');
INSERT INTO interviewee (id, login, password, age, gender, country, marital_status) VALUES ('3aec7cfe-a6f4-4688-827a-4c194fca2d2f', 'interviewee365', 'qwerty', 51, 'male', 'SY', 'divorced');
INSERT INTO choice (id, questionnaire_id, interviewee_id) VALUES ('7c0a1aa2-d0e0-41c4-8830-7717aeb854e7', '56c296cd-7c3b-4eb1-90cb-745e555a098c', '3aec7cfe-a6f4-4688-827a-4c194fca2d2f');
INSERT INTO option_choice (option_id, choice_id) VALUES ('00605853-328c-4a30-9227-5513208ca17e', '7c0a1aa2-d0e0-41c4-8830-7717aeb854e7');
INSERT INTO option_choice (option_id, choice_id) VALUES ('75d9d333-93f8-42f6-be3b-9a5a24aa476c', '7c0a1aa2-d0e0-41c4-8830-7717aeb854e7');
INSERT INTO interviewee (id, login, password, age, gender, country, marital_status) VALUES ('f85178ea-c5db-424c-be36-fdf47300e90a', 'interviewee366', 'qwerty', 26, 'male', 'ML', 'was_not_married');
INSERT INTO choice (id, questionnaire_id, interviewee_id) VALUES ('5b078f63-9fa6-4ac4-b543-1d9fa7021ee2', '342b973f-a1d1-4062-a073-fb80b6195e1a', 'f85178ea-c5db-424c-be36-fdf47300e90a');
INSERT INTO option_choice (option_id, choice_id) VALUES ('d84282d4-6002-4289-bb10-cb7bfd2e906b', '5b078f63-9fa6-4ac4-b543-1d9fa7021ee2');
INSERT INTO interviewee (id, login, password, age, gender, country, marital_status) VALUES ('c23635a7-4039-43de-894c-71076fa52847', 'interviewee367', 'qwerty', 54, 'female', 'KY', 'married');
INSERT INTO choice (id, questionnaire_id, interviewee_id) VALUES ('c4a8bb84-4234-4dba-914b-49b1fdc32637', 'b5ae5620-2d58-48f5-a060-28e8fd1859dd', 'c23635a7-4039-43de-894c-71076fa52847');
INSERT INTO option_choice (option_id, choice_id) VALUES ('fecb111c-77d6-4b66-b728-32011b5211c0', 'c4a8bb84-4234-4dba-914b-49b1fdc32637');
INSERT INTO choice (id, questionnaire_id, interviewee_id) VALUES ('3324d8a6-8b28-4dfa-962c-5b0d749b7a8a', 'e2cf177f-e49f-4aef-99a6-095d711c6ec2', 'c23635a7-4039-43de-894c-71076fa52847');
INSERT INTO option_choice (option_id, choice_id) VALUES ('242c02d5-0f4b-4e89-976f-3754854f478c', '3324d8a6-8b28-4dfa-962c-5b0d749b7a8a');
INSERT INTO choice (id, questionnaire_id, interviewee_id) VALUES ('e38025cf-20c0-4344-9b41-83bd14073cdc', 'cb70c074-82ef-4114-aabc-e940a19b5bb0', 'c23635a7-4039-43de-894c-71076fa52847');
INSERT INTO option_choice (option_id, choice_id) VALUES ('4f47a30f-5169-4bf3-a6a9-f9777225a72d', 'e38025cf-20c0-4344-9b41-83bd14073cdc');
INSERT INTO option_choice (option_id, choice_id) VALUES ('b2aebe06-b155-47cd-a39d-b9c1beabb465', 'e38025cf-20c0-4344-9b41-83bd14073cdc');
INSERT INTO option_choice (option_id, choice_id) VALUES ('4fbbc5c4-5cc1-4421-86a2-d7151c56a9df', 'e38025cf-20c0-4344-9b41-83bd14073cdc');
INSERT INTO interviewee (id, login, password, age, gender, country, marital_status) VALUES ('1fdaa31c-1042-40a7-af87-e2c05045e60f', 'interviewee368', 'qwerty', 67, 'male', 'YT', 'divorced');
INSERT INTO choice (id, questionnaire_id, interviewee_id) VALUES ('25410513-0754-4687-8a74-7a8107c2f911', '342b973f-a1d1-4062-a073-fb80b6195e1a', '1fdaa31c-1042-40a7-af87-e2c05045e60f');
INSERT INTO option_choice (option_id, choice_id) VALUES ('d84282d4-6002-4289-bb10-cb7bfd2e906b', '25410513-0754-4687-8a74-7a8107c2f911');
INSERT INTO choice (id, questionnaire_id, interviewee_id) VALUES ('b6b2d625-cf17-4c46-96f3-4c3ea9f6f5d7', 'afb83fe3-e755-403b-9a15-c18b3782c012', '1fdaa31c-1042-40a7-af87-e2c05045e60f');
INSERT INTO option_choice (option_id, choice_id) VALUES ('20880a56-05fa-464a-90ad-faf02a83fa77', 'b6b2d625-cf17-4c46-96f3-4c3ea9f6f5d7');
INSERT INTO choice (id, questionnaire_id, interviewee_id) VALUES ('31faa158-de85-4238-b0fa-24eb15406927', 'e679f6e5-388e-4679-9f14-15a0896d2816', '1fdaa31c-1042-40a7-af87-e2c05045e60f');
INSERT INTO option_choice (option_id, choice_id) VALUES ('f62b7b4d-17f1-4686-9782-f0b454d6f390', '31faa158-de85-4238-b0fa-24eb15406927');
INSERT INTO option_choice (option_id, choice_id) VALUES ('5169914a-cf41-4077-8993-1322df09c3da', '31faa158-de85-4238-b0fa-24eb15406927');
INSERT INTO option_choice (option_id, choice_id) VALUES ('7fc08a6e-900b-45ea-b455-29a8eb343039', '31faa158-de85-4238-b0fa-24eb15406927');
INSERT INTO interviewee (id, login, password, age, gender, country, marital_status) VALUES ('dac8e680-8c86-4a8a-8218-c188377319b4', 'interviewee369', 'qwerty', 57, 'female', 'SD', 'was_not_married');
INSERT INTO choice (id, questionnaire_id, interviewee_id) VALUES ('5b58c1f7-b998-4689-a499-82db6d411fd1', '342b973f-a1d1-4062-a073-fb80b6195e1a', 'dac8e680-8c86-4a8a-8218-c188377319b4');
INSERT INTO option_choice (option_id, choice_id) VALUES ('a95386af-e627-4a57-adc2-0009818da88b', '5b58c1f7-b998-4689-a499-82db6d411fd1');
INSERT INTO option_choice (option_id, choice_id) VALUES ('d84282d4-6002-4289-bb10-cb7bfd2e906b', '5b58c1f7-b998-4689-a499-82db6d411fd1');
INSERT INTO choice (id, questionnaire_id, interviewee_id) VALUES ('83cf6d7f-71a5-4017-b436-e576b8c056fc', 'a2f7d656-4675-4d99-9435-95cbe535c6c1', 'dac8e680-8c86-4a8a-8218-c188377319b4');
INSERT INTO option_choice (option_id, choice_id) VALUES ('d3d55bb1-ef9d-4b9a-b1b9-8e4375e7dbd0', '83cf6d7f-71a5-4017-b436-e576b8c056fc');
INSERT INTO choice (id, questionnaire_id, interviewee_id) VALUES ('110e6c88-7337-499b-8434-5fdb32513e75', 'b5ae5620-2d58-48f5-a060-28e8fd1859dd', 'dac8e680-8c86-4a8a-8218-c188377319b4');
INSERT INTO option_choice (option_id, choice_id) VALUES ('fc3d8e7d-c82b-4208-82dd-e6917cf8765e', '110e6c88-7337-499b-8434-5fdb32513e75');
INSERT INTO interviewee (id, login, password, age, gender, country, marital_status) VALUES ('3f54aeb2-2fcd-41d6-8f45-ff073928b87e', 'interviewee370', 'qwerty', 39, 'female', 'SK', 'married');
INSERT INTO choice (id, questionnaire_id, interviewee_id) VALUES ('f13e7fd2-78a1-4533-add5-abbc2ab899a0', 'a2f7d656-4675-4d99-9435-95cbe535c6c1', '3f54aeb2-2fcd-41d6-8f45-ff073928b87e');
INSERT INTO option_choice (option_id, choice_id) VALUES ('ced72831-705a-4153-849e-71a73e5a7d3c', 'f13e7fd2-78a1-4533-add5-abbc2ab899a0');
INSERT INTO option_choice (option_id, choice_id) VALUES ('930526a4-2714-4f39-831c-55b3185bd967', 'f13e7fd2-78a1-4533-add5-abbc2ab899a0');
INSERT INTO choice (id, questionnaire_id, interviewee_id) VALUES ('7053d6bc-f712-49a8-b2b7-097d8ed688b5', 'd05638df-f11c-413d-8456-ee036bed2914', '3f54aeb2-2fcd-41d6-8f45-ff073928b87e');
INSERT INTO option_choice (option_id, choice_id) VALUES ('b4b64304-6288-40df-8120-283c58db8d1a', '7053d6bc-f712-49a8-b2b7-097d8ed688b5');
INSERT INTO interviewee (id, login, password, age, gender, country, marital_status) VALUES ('dcf0ad1d-d233-471f-99b6-95a7707a3552', 'interviewee371', 'qwerty', 66, 'male', 'QA', 'was_not_married');
INSERT INTO choice (id, questionnaire_id, interviewee_id) VALUES ('f45eb355-ec58-4002-86b6-759a03a66659', '56c296cd-7c3b-4eb1-90cb-745e555a098c', 'dcf0ad1d-d233-471f-99b6-95a7707a3552');
INSERT INTO option_choice (option_id, choice_id) VALUES ('e2f977a1-4767-4f5b-b056-27e45348cf1a', 'f45eb355-ec58-4002-86b6-759a03a66659');
INSERT INTO option_choice (option_id, choice_id) VALUES ('0e27133d-354c-4e2d-af9f-e74397954328', 'f45eb355-ec58-4002-86b6-759a03a66659');
INSERT INTO option_choice (option_id, choice_id) VALUES ('d583c2c9-6998-483b-a5e4-67068e974d6f', 'f45eb355-ec58-4002-86b6-759a03a66659');
INSERT INTO option_choice (option_id, choice_id) VALUES ('75d9d333-93f8-42f6-be3b-9a5a24aa476c', 'f45eb355-ec58-4002-86b6-759a03a66659');
INSERT INTO interviewee (id, login, password, age, gender, country, marital_status) VALUES ('7efd2772-f5cb-46f3-afac-5e84c8f07f19', 'interviewee372', 'qwerty', 30, 'female', 'HR', 'married');
INSERT INTO choice (id, questionnaire_id, interviewee_id) VALUES ('fdd37d48-dd3c-4fd2-8912-a02583be9e74', '6a34c81d-d686-4ce4-8e2f-ec3d2ba47346', '7efd2772-f5cb-46f3-afac-5e84c8f07f19');
INSERT INTO option_choice (option_id, choice_id) VALUES ('7a83da6c-611b-4c33-a2e2-ddf398a170bc', 'fdd37d48-dd3c-4fd2-8912-a02583be9e74');
INSERT INTO choice (id, questionnaire_id, interviewee_id) VALUES ('e087f4af-a483-4e46-9ad9-4e893ecdbb03', '56c296cd-7c3b-4eb1-90cb-745e555a098c', '7efd2772-f5cb-46f3-afac-5e84c8f07f19');
INSERT INTO option_choice (option_id, choice_id) VALUES ('e2f977a1-4767-4f5b-b056-27e45348cf1a', 'e087f4af-a483-4e46-9ad9-4e893ecdbb03');
INSERT INTO option_choice (option_id, choice_id) VALUES ('00605853-328c-4a30-9227-5513208ca17e', 'e087f4af-a483-4e46-9ad9-4e893ecdbb03');
INSERT INTO option_choice (option_id, choice_id) VALUES ('d583c2c9-6998-483b-a5e4-67068e974d6f', 'e087f4af-a483-4e46-9ad9-4e893ecdbb03');
INSERT INTO choice (id, questionnaire_id, interviewee_id) VALUES ('abea7a48-0cd7-436e-9390-1ac6681236c7', 'afb83fe3-e755-403b-9a15-c18b3782c012', '7efd2772-f5cb-46f3-afac-5e84c8f07f19');
INSERT INTO option_choice (option_id, choice_id) VALUES ('db1f1f55-651e-4dd8-b4c1-deb2f26216b2', 'abea7a48-0cd7-436e-9390-1ac6681236c7');
INSERT INTO interviewee (id, login, password, age, gender, country, marital_status) VALUES ('a8f7c558-1e3d-4774-8d74-2cc2f1556f64', 'interviewee373', 'qwerty', 24, 'female', 'BG', 'was_not_married');
INSERT INTO choice (id, questionnaire_id, interviewee_id) VALUES ('d8d666ac-396d-44b1-b0eb-f7f2e25b2b25', '557cb630-d2f4-4e11-afe9-d50534deb525', 'a8f7c558-1e3d-4774-8d74-2cc2f1556f64');
INSERT INTO option_choice (option_id, choice_id) VALUES ('e7f8d933-d81f-4080-9dd3-d1b981b9cd11', 'd8d666ac-396d-44b1-b0eb-f7f2e25b2b25');
INSERT INTO interviewee (id, login, password, age, gender, country, marital_status) VALUES ('e4b3ed96-6ad7-45f5-ae6a-d9b0da290357', 'interviewee374', 'qwerty', 24, 'male', 'CL', 'married');
INSERT INTO choice (id, questionnaire_id, interviewee_id) VALUES ('1fddcf91-66f1-47dc-82dc-05c762cc4821', 'b6588e29-37de-425f-834e-e867f77794ce', 'e4b3ed96-6ad7-45f5-ae6a-d9b0da290357');
INSERT INTO option_choice (option_id, choice_id) VALUES ('7f0bbd14-8cfc-4a28-88f7-5af992a4c02b', '1fddcf91-66f1-47dc-82dc-05c762cc4821');
INSERT INTO option_choice (option_id, choice_id) VALUES ('4bde418e-a165-43f7-ac7b-c6d2ab034e2e', '1fddcf91-66f1-47dc-82dc-05c762cc4821');
INSERT INTO option_choice (option_id, choice_id) VALUES ('460ff4a7-d376-4dc8-b5bb-9ab1989fbb31', '1fddcf91-66f1-47dc-82dc-05c762cc4821');
INSERT INTO option_choice (option_id, choice_id) VALUES ('46bd1403-2ee0-4145-8014-8dd4fafcb8af', '1fddcf91-66f1-47dc-82dc-05c762cc4821');
INSERT INTO option_choice (option_id, choice_id) VALUES ('07e7a8bf-65e2-41d5-aeef-91bcbe765392', '1fddcf91-66f1-47dc-82dc-05c762cc4821');
INSERT INTO choice (id, questionnaire_id, interviewee_id) VALUES ('4d6abac8-9068-4cb8-8ccb-32d0875ae8aa', 'a7e484ae-fb91-4ddf-a8c0-869a7f4ad0ee', 'e4b3ed96-6ad7-45f5-ae6a-d9b0da290357');
INSERT INTO option_choice (option_id, choice_id) VALUES ('4331f8de-01b0-4500-b3ce-a712074f2e20', '4d6abac8-9068-4cb8-8ccb-32d0875ae8aa');
INSERT INTO interviewee (id, login, password, age, gender, country, marital_status) VALUES ('82f1a6ff-7364-45bd-a81b-372af3514575', 'interviewee375', 'qwerty', 23, 'female', 'PN', 'married');
INSERT INTO choice (id, questionnaire_id, interviewee_id) VALUES ('dbbd3e89-fa6b-4d2d-bef4-a321d6b32062', '557cb630-d2f4-4e11-afe9-d50534deb525', '82f1a6ff-7364-45bd-a81b-372af3514575');
INSERT INTO option_choice (option_id, choice_id) VALUES ('a143441c-01fe-4ebf-95df-3b5e2d100514', 'dbbd3e89-fa6b-4d2d-bef4-a321d6b32062');
INSERT INTO choice (id, questionnaire_id, interviewee_id) VALUES ('62f01866-c437-45d2-a24a-ed846a50afae', '8adfa259-7459-4497-b994-7101058c39c1', '82f1a6ff-7364-45bd-a81b-372af3514575');
INSERT INTO option_choice (option_id, choice_id) VALUES ('0c96072b-cf70-4fde-8afb-27bf8c3f7a8b', '62f01866-c437-45d2-a24a-ed846a50afae');
INSERT INTO option_choice (option_id, choice_id) VALUES ('3e047d89-087c-45bd-82d6-38c4acd5c609', '62f01866-c437-45d2-a24a-ed846a50afae');
INSERT INTO option_choice (option_id, choice_id) VALUES ('9e45c288-be30-427f-be35-83a5171e2b4d', '62f01866-c437-45d2-a24a-ed846a50afae');
INSERT INTO option_choice (option_id, choice_id) VALUES ('7d64ec60-4b16-49eb-a0c6-4af24c3b1767', '62f01866-c437-45d2-a24a-ed846a50afae');
INSERT INTO option_choice (option_id, choice_id) VALUES ('502fb96b-685d-47da-86bb-f40e1e8f57ef', '62f01866-c437-45d2-a24a-ed846a50afae');
INSERT INTO option_choice (option_id, choice_id) VALUES ('968d6b86-376e-4d23-9555-89ee1d638c1c', '62f01866-c437-45d2-a24a-ed846a50afae');
INSERT INTO interviewee (id, login, password, age, gender, country, marital_status) VALUES ('98510c3c-92ed-4c18-9d37-6ddcded760e9', 'interviewee376', 'qwerty', 44, 'male', 'CA', 'was_not_married');
INSERT INTO choice (id, questionnaire_id, interviewee_id) VALUES ('58ed29c3-a424-4463-8483-84c5fa744966', 'a345b682-c7ac-49ac-9f14-4f5173a872d8', '98510c3c-92ed-4c18-9d37-6ddcded760e9');
INSERT INTO option_choice (option_id, choice_id) VALUES ('4389db4e-2a8b-43f8-8643-dd6f5a5f160e', '58ed29c3-a424-4463-8483-84c5fa744966');
INSERT INTO interviewee (id, login, password, age, gender, country, marital_status) VALUES ('b10d970f-7836-4fb4-b006-a441d09d47ff', 'interviewee377', 'qwerty', 18, 'male', 'YE', 'divorced');
INSERT INTO choice (id, questionnaire_id, interviewee_id) VALUES ('f67a68cd-b5db-4895-bbcd-2157fc24c358', '21abb345-1235-4f5e-8b5b-2f6f89f30fee', 'b10d970f-7836-4fb4-b006-a441d09d47ff');
INSERT INTO option_choice (option_id, choice_id) VALUES ('89025574-1604-4050-9786-3bf06cdb36eb', 'f67a68cd-b5db-4895-bbcd-2157fc24c358');
INSERT INTO interviewee (id, login, password, age, gender, country, marital_status) VALUES ('8ca4bcc2-254c-485d-b6cc-236b73f731cd', 'interviewee378', 'qwerty', 56, 'female', 'KZ', 'was_not_married');
INSERT INTO choice (id, questionnaire_id, interviewee_id) VALUES ('72cae0a6-5f9f-46d7-a5f4-c7e672191d0b', 'af6f1431-a90e-4919-83a4-359d6a8a7d22', '8ca4bcc2-254c-485d-b6cc-236b73f731cd');
INSERT INTO option_choice (option_id, choice_id) VALUES ('e41b3b09-f2a6-4206-bfde-743557a31646', '72cae0a6-5f9f-46d7-a5f4-c7e672191d0b');
INSERT INTO option_choice (option_id, choice_id) VALUES ('d6e4609d-6705-4cc8-b83a-4786ea4f6ad6', '72cae0a6-5f9f-46d7-a5f4-c7e672191d0b');
INSERT INTO option_choice (option_id, choice_id) VALUES ('b6cea016-cb83-4752-bbc0-0e2a71b294d6', '72cae0a6-5f9f-46d7-a5f4-c7e672191d0b');
INSERT INTO option_choice (option_id, choice_id) VALUES ('1d5c1c89-2fbe-4efd-aab1-12329e29ad0f', '72cae0a6-5f9f-46d7-a5f4-c7e672191d0b');
INSERT INTO option_choice (option_id, choice_id) VALUES ('a3c0df26-f677-4a76-9fc9-e8bcb2a586ec', '72cae0a6-5f9f-46d7-a5f4-c7e672191d0b');
INSERT INTO option_choice (option_id, choice_id) VALUES ('14b9069e-cc19-448a-96f6-c333a9a53635', '72cae0a6-5f9f-46d7-a5f4-c7e672191d0b');
INSERT INTO choice (id, questionnaire_id, interviewee_id) VALUES ('c4f24e16-9567-4255-8b37-3b61942a2ae4', '6a34c81d-d686-4ce4-8e2f-ec3d2ba47346', '8ca4bcc2-254c-485d-b6cc-236b73f731cd');
INSERT INTO option_choice (option_id, choice_id) VALUES ('7a83da6c-611b-4c33-a2e2-ddf398a170bc', 'c4f24e16-9567-4255-8b37-3b61942a2ae4');
INSERT INTO interviewee (id, login, password, age, gender, country, marital_status) VALUES ('3dca7df1-9b7e-407c-83ab-2270575fce46', 'interviewee379', 'qwerty', 66, 'female', 'GS', 'was_not_married');
INSERT INTO choice (id, questionnaire_id, interviewee_id) VALUES ('6828ee68-792f-4314-9ff5-a478b4bff21e', '83dbd16d-6765-468d-944f-022d10d042e5', '3dca7df1-9b7e-407c-83ab-2270575fce46');
INSERT INTO option_choice (option_id, choice_id) VALUES ('d8a63395-3425-4d1b-95be-b38dc31cb0af', '6828ee68-792f-4314-9ff5-a478b4bff21e');
INSERT INTO interviewee (id, login, password, age, gender, country, marital_status) VALUES ('746ec7db-afa2-41eb-934f-473d28720c3d', 'interviewee380', 'qwerty', 18, 'male', 'MM', 'was_not_married');
INSERT INTO choice (id, questionnaire_id, interviewee_id) VALUES ('6dbd97d2-05aa-4ef0-8849-a739bb0fa048', '91a16ec4-1a91-44d1-bb08-6e9fc823c230', '746ec7db-afa2-41eb-934f-473d28720c3d');
INSERT INTO option_choice (option_id, choice_id) VALUES ('5b32da45-be75-42c8-8fa7-ba776167a759', '6dbd97d2-05aa-4ef0-8849-a739bb0fa048');
INSERT INTO option_choice (option_id, choice_id) VALUES ('fbc23714-2c99-4441-8130-94075c78f6e8', '6dbd97d2-05aa-4ef0-8849-a739bb0fa048');
INSERT INTO choice (id, questionnaire_id, interviewee_id) VALUES ('1392d64b-b604-4b39-b0cc-e8841f5dd1b3', 'e679f6e5-388e-4679-9f14-15a0896d2816', '746ec7db-afa2-41eb-934f-473d28720c3d');
INSERT INTO option_choice (option_id, choice_id) VALUES ('5169914a-cf41-4077-8993-1322df09c3da', '1392d64b-b604-4b39-b0cc-e8841f5dd1b3');
INSERT INTO option_choice (option_id, choice_id) VALUES ('3ee9dd0f-6306-4f8b-bdec-27347884621a', '1392d64b-b604-4b39-b0cc-e8841f5dd1b3');
INSERT INTO option_choice (option_id, choice_id) VALUES ('f62b7b4d-17f1-4686-9782-f0b454d6f390', '1392d64b-b604-4b39-b0cc-e8841f5dd1b3');
INSERT INTO option_choice (option_id, choice_id) VALUES ('7fc08a6e-900b-45ea-b455-29a8eb343039', '1392d64b-b604-4b39-b0cc-e8841f5dd1b3');
INSERT INTO option_choice (option_id, choice_id) VALUES ('01fc26e1-e8f8-407f-a1b8-6af243e9c3dd', '1392d64b-b604-4b39-b0cc-e8841f5dd1b3');
INSERT INTO choice (id, questionnaire_id, interviewee_id) VALUES ('17060919-8b7f-454a-ad48-db033a9d8aff', 'd05638df-f11c-413d-8456-ee036bed2914', '746ec7db-afa2-41eb-934f-473d28720c3d');
INSERT INTO option_choice (option_id, choice_id) VALUES ('b4b64304-6288-40df-8120-283c58db8d1a', '17060919-8b7f-454a-ad48-db033a9d8aff');
INSERT INTO interviewee (id, login, password, age, gender, country, marital_status) VALUES ('785a11b3-98a9-4dd5-b7a1-e572a5b5a0e1', 'interviewee381', 'qwerty', 65, 'female', 'PN', 'married');
INSERT INTO choice (id, questionnaire_id, interviewee_id) VALUES ('5df40553-ec80-47e0-9714-5f564be30672', 'b6588e29-37de-425f-834e-e867f77794ce', '785a11b3-98a9-4dd5-b7a1-e572a5b5a0e1');
INSERT INTO option_choice (option_id, choice_id) VALUES ('7f0bbd14-8cfc-4a28-88f7-5af992a4c02b', '5df40553-ec80-47e0-9714-5f564be30672');
INSERT INTO option_choice (option_id, choice_id) VALUES ('46bd1403-2ee0-4145-8014-8dd4fafcb8af', '5df40553-ec80-47e0-9714-5f564be30672');
INSERT INTO option_choice (option_id, choice_id) VALUES ('ec37510e-f2a1-4e16-ae94-e9ea2c4461e3', '5df40553-ec80-47e0-9714-5f564be30672');
INSERT INTO option_choice (option_id, choice_id) VALUES ('460ff4a7-d376-4dc8-b5bb-9ab1989fbb31', '5df40553-ec80-47e0-9714-5f564be30672');
INSERT INTO option_choice (option_id, choice_id) VALUES ('5b82f100-bb0f-47ec-9395-7a0409f4b7ef', '5df40553-ec80-47e0-9714-5f564be30672');
INSERT INTO option_choice (option_id, choice_id) VALUES ('07e7a8bf-65e2-41d5-aeef-91bcbe765392', '5df40553-ec80-47e0-9714-5f564be30672');
INSERT INTO interviewee (id, login, password, age, gender, country, marital_status) VALUES ('1c501d5f-d33c-4037-9552-0fa6656748f2', 'interviewee382', 'qwerty', 54, 'female', 'KN', 'was_not_married');
INSERT INTO choice (id, questionnaire_id, interviewee_id) VALUES ('d14c6be3-907d-4cf1-8335-96538f4d3bc3', 'bf8da1bc-7284-44d0-a7c0-4e0321978aa0', '1c501d5f-d33c-4037-9552-0fa6656748f2');
INSERT INTO option_choice (option_id, choice_id) VALUES ('fbbdfd34-e2c5-4e0b-b98a-d33f6f4fac06', 'd14c6be3-907d-4cf1-8335-96538f4d3bc3');
INSERT INTO interviewee (id, login, password, age, gender, country, marital_status) VALUES ('501dadea-401a-4eea-80d2-c36d675095d3', 'interviewee383', 'qwerty', 57, 'male', 'IE', 'married');
INSERT INTO choice (id, questionnaire_id, interviewee_id) VALUES ('524923a1-746e-4909-8b54-ccd1e1eefca7', 'bf8da1bc-7284-44d0-a7c0-4e0321978aa0', '501dadea-401a-4eea-80d2-c36d675095d3');
INSERT INTO option_choice (option_id, choice_id) VALUES ('fbbdfd34-e2c5-4e0b-b98a-d33f6f4fac06', '524923a1-746e-4909-8b54-ccd1e1eefca7');
INSERT INTO interviewee (id, login, password, age, gender, country, marital_status) VALUES ('1264b94d-032b-4afd-b229-0bad1f7fedab', 'interviewee384', 'qwerty', 66, 'male', 'VI', 'divorced');
INSERT INTO choice (id, questionnaire_id, interviewee_id) VALUES ('f80f3039-b1bf-4c44-b3e4-8e5b00edcd72', 'afb83fe3-e755-403b-9a15-c18b3782c012', '1264b94d-032b-4afd-b229-0bad1f7fedab');
INSERT INTO option_choice (option_id, choice_id) VALUES ('db1f1f55-651e-4dd8-b4c1-deb2f26216b2', 'f80f3039-b1bf-4c44-b3e4-8e5b00edcd72');
INSERT INTO interviewee (id, login, password, age, gender, country, marital_status) VALUES ('20e7a77f-ff0c-42ff-91de-52e2ebf7789e', 'interviewee385', 'qwerty', 16, 'male', 'GP', 'divorced');
INSERT INTO choice (id, questionnaire_id, interviewee_id) VALUES ('72c766d7-36d1-481c-8570-514c59b5b454', 'a7e484ae-fb91-4ddf-a8c0-869a7f4ad0ee', '20e7a77f-ff0c-42ff-91de-52e2ebf7789e');
INSERT INTO option_choice (option_id, choice_id) VALUES ('5833b1ae-14b5-474e-8178-69dc98fc720e', '72c766d7-36d1-481c-8570-514c59b5b454');
INSERT INTO interviewee (id, login, password, age, gender, country, marital_status) VALUES ('5bde70b2-7274-4d57-8e44-acb3b38001d4', 'interviewee386', 'qwerty', 42, 'female', 'YE', 'divorced');
INSERT INTO choice (id, questionnaire_id, interviewee_id) VALUES ('bef96bfc-2100-4b80-8d30-5dba896654b4', '1a336595-020d-4026-a389-afd9a80cf707', '5bde70b2-7274-4d57-8e44-acb3b38001d4');
INSERT INTO option_choice (option_id, choice_id) VALUES ('17fa6a45-befd-4756-95f2-c6c400c916a8', 'bef96bfc-2100-4b80-8d30-5dba896654b4');
INSERT INTO choice (id, questionnaire_id, interviewee_id) VALUES ('6e8b603d-0bc9-4f76-9a57-860cb19e5dda', '342b973f-a1d1-4062-a073-fb80b6195e1a', '5bde70b2-7274-4d57-8e44-acb3b38001d4');
INSERT INTO option_choice (option_id, choice_id) VALUES ('a95386af-e627-4a57-adc2-0009818da88b', '6e8b603d-0bc9-4f76-9a57-860cb19e5dda');
INSERT INTO option_choice (option_id, choice_id) VALUES ('d84282d4-6002-4289-bb10-cb7bfd2e906b', '6e8b603d-0bc9-4f76-9a57-860cb19e5dda');
INSERT INTO option_choice (option_id, choice_id) VALUES ('47afaa62-a5ba-4be6-81b8-673fae59c987', '6e8b603d-0bc9-4f76-9a57-860cb19e5dda');
INSERT INTO choice (id, questionnaire_id, interviewee_id) VALUES ('7fb1748d-9b80-4998-a593-9d0aa5724ef1', 'f680addd-a0b2-4101-9e1f-5e0870943c68', '5bde70b2-7274-4d57-8e44-acb3b38001d4');
INSERT INTO option_choice (option_id, choice_id) VALUES ('5e0b63d0-2a10-4ab5-a66a-a47615b50b03', '7fb1748d-9b80-4998-a593-9d0aa5724ef1');
INSERT INTO option_choice (option_id, choice_id) VALUES ('521ef3a0-411b-4392-8393-62ed9a638949', '7fb1748d-9b80-4998-a593-9d0aa5724ef1');
INSERT INTO option_choice (option_id, choice_id) VALUES ('cfde0373-91b9-46f9-bc0d-a137a713d2d7', '7fb1748d-9b80-4998-a593-9d0aa5724ef1');
INSERT INTO interviewee (id, login, password, age, gender, country, marital_status) VALUES ('98b83caf-2e2a-4957-8d61-09fe2fb0c9ab', 'interviewee387', 'qwerty', 63, 'male', 'MF', 'married');
INSERT INTO choice (id, questionnaire_id, interviewee_id) VALUES ('66e377fc-5bd3-4907-bf9e-a17255b3c06b', '8adfa259-7459-4497-b994-7101058c39c1', '98b83caf-2e2a-4957-8d61-09fe2fb0c9ab');
INSERT INTO option_choice (option_id, choice_id) VALUES ('9e45c288-be30-427f-be35-83a5171e2b4d', '66e377fc-5bd3-4907-bf9e-a17255b3c06b');
INSERT INTO option_choice (option_id, choice_id) VALUES ('0c96072b-cf70-4fde-8afb-27bf8c3f7a8b', '66e377fc-5bd3-4907-bf9e-a17255b3c06b');
INSERT INTO choice (id, questionnaire_id, interviewee_id) VALUES ('5b3dcb8f-b53b-408e-b15f-0ae6d60406c7', '21abb345-1235-4f5e-8b5b-2f6f89f30fee', '98b83caf-2e2a-4957-8d61-09fe2fb0c9ab');
INSERT INTO option_choice (option_id, choice_id) VALUES ('785185e3-f7db-4c98-901d-0cf973d9050c', '5b3dcb8f-b53b-408e-b15f-0ae6d60406c7');
INSERT INTO choice (id, questionnaire_id, interviewee_id) VALUES ('3351d7ce-c1e7-4aa6-9320-df87e4de284d', 'e2cf177f-e49f-4aef-99a6-095d711c6ec2', '98b83caf-2e2a-4957-8d61-09fe2fb0c9ab');
INSERT INTO option_choice (option_id, choice_id) VALUES ('1b5e4a41-da4c-4845-8698-5ed9deee3ca2', '3351d7ce-c1e7-4aa6-9320-df87e4de284d');
INSERT INTO interviewee (id, login, password, age, gender, country, marital_status) VALUES ('dc13d2f2-b69d-4e8e-8a2d-3e031fd86f22', 'interviewee388', 'qwerty', 20, 'male', 'BO', 'was_not_married');
INSERT INTO choice (id, questionnaire_id, interviewee_id) VALUES ('46f4bb98-3b5d-4ea6-840c-432b65338a4e', '91a16ec4-1a91-44d1-bb08-6e9fc823c230', 'dc13d2f2-b69d-4e8e-8a2d-3e031fd86f22');
INSERT INTO option_choice (option_id, choice_id) VALUES ('cab8632d-19dd-4ddc-9c90-669949088fa5', '46f4bb98-3b5d-4ea6-840c-432b65338a4e');
INSERT INTO option_choice (option_id, choice_id) VALUES ('690b73cc-52e3-435d-a3bd-78733e5fdeaf', '46f4bb98-3b5d-4ea6-840c-432b65338a4e');
INSERT INTO option_choice (option_id, choice_id) VALUES ('5b32da45-be75-42c8-8fa7-ba776167a759', '46f4bb98-3b5d-4ea6-840c-432b65338a4e');
INSERT INTO option_choice (option_id, choice_id) VALUES ('fbc23714-2c99-4441-8130-94075c78f6e8', '46f4bb98-3b5d-4ea6-840c-432b65338a4e');
INSERT INTO interviewee (id, login, password, age, gender, country, marital_status) VALUES ('1ea41515-d33c-40db-b6b2-1ba2ac7b7241', 'interviewee389', 'qwerty', 25, 'male', 'NO', 'divorced');
INSERT INTO choice (id, questionnaire_id, interviewee_id) VALUES ('98826053-9be8-4967-a51e-e88d4926350e', 'cb70c074-82ef-4114-aabc-e940a19b5bb0', '1ea41515-d33c-40db-b6b2-1ba2ac7b7241');
INSERT INTO option_choice (option_id, choice_id) VALUES ('a6011a1c-260b-45fb-ad13-b09674b0b968', '98826053-9be8-4967-a51e-e88d4926350e');
INSERT INTO option_choice (option_id, choice_id) VALUES ('c2db2843-0153-4422-8aa4-c4c9e640418d', '98826053-9be8-4967-a51e-e88d4926350e');
INSERT INTO interviewee (id, login, password, age, gender, country, marital_status) VALUES ('3a963535-72e0-4a4b-9f7c-84f2b16d8f3e', 'interviewee390', 'qwerty', 57, 'male', 'EG', 'divorced');
INSERT INTO choice (id, questionnaire_id, interviewee_id) VALUES ('7615df00-93f6-4ba1-a730-0dde93530b1e', '6a34c81d-d686-4ce4-8e2f-ec3d2ba47346', '3a963535-72e0-4a4b-9f7c-84f2b16d8f3e');
INSERT INTO option_choice (option_id, choice_id) VALUES ('f7043315-74b1-4456-92cc-0c7dc1e0dd21', '7615df00-93f6-4ba1-a730-0dde93530b1e');
INSERT INTO interviewee (id, login, password, age, gender, country, marital_status) VALUES ('ca40fc56-1888-4dd3-8d80-3204476e81cf', 'interviewee391', 'qwerty', 19, 'female', 'RW', 'was_not_married');
INSERT INTO choice (id, questionnaire_id, interviewee_id) VALUES ('c3e55ae2-9c31-4cdb-93ad-cfb22e694623', 'e679f6e5-388e-4679-9f14-15a0896d2816', 'ca40fc56-1888-4dd3-8d80-3204476e81cf');
INSERT INTO option_choice (option_id, choice_id) VALUES ('01fc26e1-e8f8-407f-a1b8-6af243e9c3dd', 'c3e55ae2-9c31-4cdb-93ad-cfb22e694623');
INSERT INTO choice (id, questionnaire_id, interviewee_id) VALUES ('b3f7b953-87d9-4f67-8a66-e4918ead36fa', 'a7e484ae-fb91-4ddf-a8c0-869a7f4ad0ee', 'ca40fc56-1888-4dd3-8d80-3204476e81cf');
INSERT INTO option_choice (option_id, choice_id) VALUES ('4331f8de-01b0-4500-b3ce-a712074f2e20', 'b3f7b953-87d9-4f67-8a66-e4918ead36fa');
INSERT INTO interviewee (id, login, password, age, gender, country, marital_status) VALUES ('d73075f6-4827-435e-adf1-bd399d5caa98', 'interviewee392', 'qwerty', 58, 'female', 'NF', 'married');
INSERT INTO choice (id, questionnaire_id, interviewee_id) VALUES ('9d489206-a7f1-4a5e-a08f-b85c076e74fb', 'f680addd-a0b2-4101-9e1f-5e0870943c68', 'd73075f6-4827-435e-adf1-bd399d5caa98');
INSERT INTO option_choice (option_id, choice_id) VALUES ('cfde0373-91b9-46f9-bc0d-a137a713d2d7', '9d489206-a7f1-4a5e-a08f-b85c076e74fb');
INSERT INTO option_choice (option_id, choice_id) VALUES ('5e0b63d0-2a10-4ab5-a66a-a47615b50b03', '9d489206-a7f1-4a5e-a08f-b85c076e74fb');
INSERT INTO option_choice (option_id, choice_id) VALUES ('521ef3a0-411b-4392-8393-62ed9a638949', '9d489206-a7f1-4a5e-a08f-b85c076e74fb');
INSERT INTO choice (id, questionnaire_id, interviewee_id) VALUES ('64b4ac1a-4e8c-40c9-b5fc-9dc2619794de', '56c296cd-7c3b-4eb1-90cb-745e555a098c', 'd73075f6-4827-435e-adf1-bd399d5caa98');
INSERT INTO option_choice (option_id, choice_id) VALUES ('0e27133d-354c-4e2d-af9f-e74397954328', '64b4ac1a-4e8c-40c9-b5fc-9dc2619794de');
INSERT INTO interviewee (id, login, password, age, gender, country, marital_status) VALUES ('f9bb5f4a-dd98-4b1a-b3fb-2cdb196c705f', 'interviewee393', 'qwerty', 42, 'male', 'LK', 'was_not_married');
INSERT INTO choice (id, questionnaire_id, interviewee_id) VALUES ('0b540254-49d2-4c23-a4e7-4fc84d6f098f', '83dbd16d-6765-468d-944f-022d10d042e5', 'f9bb5f4a-dd98-4b1a-b3fb-2cdb196c705f');
INSERT INTO option_choice (option_id, choice_id) VALUES ('d8a63395-3425-4d1b-95be-b38dc31cb0af', '0b540254-49d2-4c23-a4e7-4fc84d6f098f');
INSERT INTO interviewee (id, login, password, age, gender, country, marital_status) VALUES ('c7e442cd-4028-4f18-bcd4-d1edd18557e9', 'interviewee394', 'qwerty', 19, 'male', 'FR', 'divorced');
INSERT INTO choice (id, questionnaire_id, interviewee_id) VALUES ('cfb374e3-6c1a-4045-8c10-9d63cf02daab', '0b6580ec-1374-4a48-ad1d-b1fa316ad9be', 'c7e442cd-4028-4f18-bcd4-d1edd18557e9');
INSERT INTO option_choice (option_id, choice_id) VALUES ('a518cc4d-143a-45ca-b29f-a7c53dacc773', 'cfb374e3-6c1a-4045-8c10-9d63cf02daab');
INSERT INTO option_choice (option_id, choice_id) VALUES ('82be4575-892d-453a-b3d9-0827c6b6d6df', 'cfb374e3-6c1a-4045-8c10-9d63cf02daab');
INSERT INTO option_choice (option_id, choice_id) VALUES ('82cec316-48c4-48d4-9d69-8a67e9d22eca', 'cfb374e3-6c1a-4045-8c10-9d63cf02daab');
INSERT INTO interviewee (id, login, password, age, gender, country, marital_status) VALUES ('371fe14b-01f9-4dee-9912-a38dc2129ab0', 'interviewee395', 'qwerty', 47, 'male', 'FK', 'was_not_married');
INSERT INTO choice (id, questionnaire_id, interviewee_id) VALUES ('708f5305-30c8-496f-a0ba-1cd0088fb432', '56c296cd-7c3b-4eb1-90cb-745e555a098c', '371fe14b-01f9-4dee-9912-a38dc2129ab0');
INSERT INTO option_choice (option_id, choice_id) VALUES ('0e27133d-354c-4e2d-af9f-e74397954328', '708f5305-30c8-496f-a0ba-1cd0088fb432');
INSERT INTO option_choice (option_id, choice_id) VALUES ('d583c2c9-6998-483b-a5e4-67068e974d6f', '708f5305-30c8-496f-a0ba-1cd0088fb432');
INSERT INTO option_choice (option_id, choice_id) VALUES ('75d9d333-93f8-42f6-be3b-9a5a24aa476c', '708f5305-30c8-496f-a0ba-1cd0088fb432');
INSERT INTO interviewee (id, login, password, age, gender, country, marital_status) VALUES ('3d73665e-e9fc-4c41-8b1a-ec2a3ca84a6f', 'interviewee396', 'qwerty', 31, 'female', 'UZ', 'married');
INSERT INTO choice (id, questionnaire_id, interviewee_id) VALUES ('602e4389-8404-489f-9a91-b9f0963c3ef3', '557cb630-d2f4-4e11-afe9-d50534deb525', '3d73665e-e9fc-4c41-8b1a-ec2a3ca84a6f');
INSERT INTO option_choice (option_id, choice_id) VALUES ('b633afa9-c11d-4aab-b450-ffbcfde02318', '602e4389-8404-489f-9a91-b9f0963c3ef3');
INSERT INTO choice (id, questionnaire_id, interviewee_id) VALUES ('a3d471a9-79b0-4a6d-bde1-a53309348189', 'b6588e29-37de-425f-834e-e867f77794ce', '3d73665e-e9fc-4c41-8b1a-ec2a3ca84a6f');
INSERT INTO option_choice (option_id, choice_id) VALUES ('460ff4a7-d376-4dc8-b5bb-9ab1989fbb31', 'a3d471a9-79b0-4a6d-bde1-a53309348189');
INSERT INTO choice (id, questionnaire_id, interviewee_id) VALUES ('09507bd0-f64f-46d9-b006-0846dbd8ad22', '91a16ec4-1a91-44d1-bb08-6e9fc823c230', '3d73665e-e9fc-4c41-8b1a-ec2a3ca84a6f');
INSERT INTO option_choice (option_id, choice_id) VALUES ('5b32da45-be75-42c8-8fa7-ba776167a759', '09507bd0-f64f-46d9-b006-0846dbd8ad22');
INSERT INTO interviewee (id, login, password, age, gender, country, marital_status) VALUES ('919ec94f-77ac-40a3-83f8-673a48a2bd69', 'interviewee397', 'qwerty', 15, 'male', 'GR', 'married');
INSERT INTO choice (id, questionnaire_id, interviewee_id) VALUES ('cdb12977-5542-435e-b68c-a5aaa73a04bb', 'f680addd-a0b2-4101-9e1f-5e0870943c68', '919ec94f-77ac-40a3-83f8-673a48a2bd69');
INSERT INTO option_choice (option_id, choice_id) VALUES ('5e0b63d0-2a10-4ab5-a66a-a47615b50b03', 'cdb12977-5542-435e-b68c-a5aaa73a04bb');
INSERT INTO interviewee (id, login, password, age, gender, country, marital_status) VALUES ('6d843acf-b6f9-4eed-b456-9bafdba31992', 'interviewee398', 'qwerty', 25, 'female', 'IL', 'married');
INSERT INTO choice (id, questionnaire_id, interviewee_id) VALUES ('4fe37f48-07bd-450c-80dd-882c78f51721', '21abb345-1235-4f5e-8b5b-2f6f89f30fee', '6d843acf-b6f9-4eed-b456-9bafdba31992');
INSERT INTO option_choice (option_id, choice_id) VALUES ('fa871bfe-a04e-4297-af08-80cc94ccf337', '4fe37f48-07bd-450c-80dd-882c78f51721');
INSERT INTO choice (id, questionnaire_id, interviewee_id) VALUES ('834a4f8b-9b33-46df-90e0-03d2194c98b1', 'a345b682-c7ac-49ac-9f14-4f5173a872d8', '6d843acf-b6f9-4eed-b456-9bafdba31992');
INSERT INTO option_choice (option_id, choice_id) VALUES ('4389db4e-2a8b-43f8-8643-dd6f5a5f160e', '834a4f8b-9b33-46df-90e0-03d2194c98b1');
INSERT INTO choice (id, questionnaire_id, interviewee_id) VALUES ('dd44df90-4c79-45d3-b6c3-dfc7412ea813', 'cb70c074-82ef-4114-aabc-e940a19b5bb0', '6d843acf-b6f9-4eed-b456-9bafdba31992');
INSERT INTO option_choice (option_id, choice_id) VALUES ('c2db2843-0153-4422-8aa4-c4c9e640418d', 'dd44df90-4c79-45d3-b6c3-dfc7412ea813');
INSERT INTO interviewee (id, login, password, age, gender, country, marital_status) VALUES ('f8613c5d-effb-47d4-862b-60abf309ab39', 'interviewee399', 'qwerty', 50, 'female', 'VG', 'divorced');
INSERT INTO choice (id, questionnaire_id, interviewee_id) VALUES ('b5162fc9-91e7-4f74-ad71-ba1640047fcd', '8902d50d-0421-4680-82f2-f2b1b667e3fd', 'f8613c5d-effb-47d4-862b-60abf309ab39');
INSERT INTO option_choice (option_id, choice_id) VALUES ('b9a164f5-2a94-487b-874f-f3bdc79ee4e3', 'b5162fc9-91e7-4f74-ad71-ba1640047fcd');
INSERT INTO choice (id, questionnaire_id, interviewee_id) VALUES ('d13ac4a3-b984-49d6-b49b-c3089f1122ce', 'cb70c074-82ef-4114-aabc-e940a19b5bb0', 'f8613c5d-effb-47d4-862b-60abf309ab39');
INSERT INTO option_choice (option_id, choice_id) VALUES ('c2db2843-0153-4422-8aa4-c4c9e640418d', 'd13ac4a3-b984-49d6-b49b-c3089f1122ce');
INSERT INTO choice (id, questionnaire_id, interviewee_id) VALUES ('cab3cb2b-2676-4437-9bd4-ee401d8a1e2d', 'f680addd-a0b2-4101-9e1f-5e0870943c68', 'f8613c5d-effb-47d4-862b-60abf309ab39');
INSERT INTO option_choice (option_id, choice_id) VALUES ('cfde0373-91b9-46f9-bc0d-a137a713d2d7', 'cab3cb2b-2676-4437-9bd4-ee401d8a1e2d');
INSERT INTO option_choice (option_id, choice_id) VALUES ('5e0b63d0-2a10-4ab5-a66a-a47615b50b03', 'cab3cb2b-2676-4437-9bd4-ee401d8a1e2d');
INSERT INTO interviewee (id, login, password, age, gender, country, marital_status) VALUES ('003e82fb-11d6-4287-8143-e560b8562729', 'interviewee400', 'qwerty', 32, 'female', 'KZ', 'divorced');
INSERT INTO choice (id, questionnaire_id, interviewee_id) VALUES ('4dfc7d62-33bb-4738-bc2f-56e356009715', 'a7e484ae-fb91-4ddf-a8c0-869a7f4ad0ee', '003e82fb-11d6-4287-8143-e560b8562729');
INSERT INTO option_choice (option_id, choice_id) VALUES ('5833b1ae-14b5-474e-8178-69dc98fc720e', '4dfc7d62-33bb-4738-bc2f-56e356009715');
INSERT INTO choice (id, questionnaire_id, interviewee_id) VALUES ('7c3a28e9-38f2-43d2-b566-ddad3404d479', '0b6580ec-1374-4a48-ad1d-b1fa316ad9be', '003e82fb-11d6-4287-8143-e560b8562729');
INSERT INTO option_choice (option_id, choice_id) VALUES ('a518cc4d-143a-45ca-b29f-a7c53dacc773', '7c3a28e9-38f2-43d2-b566-ddad3404d479');
INSERT INTO option_choice (option_id, choice_id) VALUES ('68263915-d7e9-4ac6-9c14-f48cf8807857', '7c3a28e9-38f2-43d2-b566-ddad3404d479');
INSERT INTO option_choice (option_id, choice_id) VALUES ('82be4575-892d-453a-b3d9-0827c6b6d6df', '7c3a28e9-38f2-43d2-b566-ddad3404d479');
INSERT INTO choice (id, questionnaire_id, interviewee_id) VALUES ('7c3067b7-464a-4dae-b24f-68af3bb0aa9b', '342b973f-a1d1-4062-a073-fb80b6195e1a', '003e82fb-11d6-4287-8143-e560b8562729');
INSERT INTO option_choice (option_id, choice_id) VALUES ('a95386af-e627-4a57-adc2-0009818da88b', '7c3067b7-464a-4dae-b24f-68af3bb0aa9b');
INSERT INTO interviewee (id, login, password, age, gender, country, marital_status) VALUES ('dc124c04-0a79-4dd7-a54c-cf697a2e6c6a', 'interviewee401', 'qwerty', 34, 'male', 'TM', 'was_not_married');
INSERT INTO choice (id, questionnaire_id, interviewee_id) VALUES ('ae22213e-ff8e-4480-b788-91a57d27d5cb', 'e679f6e5-388e-4679-9f14-15a0896d2816', 'dc124c04-0a79-4dd7-a54c-cf697a2e6c6a');
INSERT INTO option_choice (option_id, choice_id) VALUES ('ae13d28d-5670-495b-a9e0-d0949dab86e3', 'ae22213e-ff8e-4480-b788-91a57d27d5cb');
INSERT INTO option_choice (option_id, choice_id) VALUES ('5169914a-cf41-4077-8993-1322df09c3da', 'ae22213e-ff8e-4480-b788-91a57d27d5cb');
INSERT INTO option_choice (option_id, choice_id) VALUES ('01fc26e1-e8f8-407f-a1b8-6af243e9c3dd', 'ae22213e-ff8e-4480-b788-91a57d27d5cb');
INSERT INTO option_choice (option_id, choice_id) VALUES ('3ee9dd0f-6306-4f8b-bdec-27347884621a', 'ae22213e-ff8e-4480-b788-91a57d27d5cb');
INSERT INTO option_choice (option_id, choice_id) VALUES ('7fc08a6e-900b-45ea-b455-29a8eb343039', 'ae22213e-ff8e-4480-b788-91a57d27d5cb');
INSERT INTO choice (id, questionnaire_id, interviewee_id) VALUES ('1f688abd-6f2c-460f-8dbb-5b062e2b0d04', '557cb630-d2f4-4e11-afe9-d50534deb525', 'dc124c04-0a79-4dd7-a54c-cf697a2e6c6a');
INSERT INTO option_choice (option_id, choice_id) VALUES ('e7f8d933-d81f-4080-9dd3-d1b981b9cd11', '1f688abd-6f2c-460f-8dbb-5b062e2b0d04');
INSERT INTO choice (id, questionnaire_id, interviewee_id) VALUES ('ecd90d1c-9e92-4ba7-b86e-9a7f0c04db1e', '21abb345-1235-4f5e-8b5b-2f6f89f30fee', 'dc124c04-0a79-4dd7-a54c-cf697a2e6c6a');
INSERT INTO option_choice (option_id, choice_id) VALUES ('4953e37a-2891-460f-84ea-4bd510463bab', 'ecd90d1c-9e92-4ba7-b86e-9a7f0c04db1e');
INSERT INTO interviewee (id, login, password, age, gender, country, marital_status) VALUES ('7c9e463d-e65c-4806-8a5c-c9b8a15bba95', 'interviewee402', 'qwerty', 67, 'female', 'KH', 'was_not_married');
INSERT INTO choice (id, questionnaire_id, interviewee_id) VALUES ('da0ad564-42b9-4c52-af8d-f7ba7d600c53', 'cb70c074-82ef-4114-aabc-e940a19b5bb0', '7c9e463d-e65c-4806-8a5c-c9b8a15bba95');
INSERT INTO option_choice (option_id, choice_id) VALUES ('c2db2843-0153-4422-8aa4-c4c9e640418d', 'da0ad564-42b9-4c52-af8d-f7ba7d600c53');
INSERT INTO choice (id, questionnaire_id, interviewee_id) VALUES ('afd54e43-9005-4b18-acb4-88c2f18a2faa', '8902d50d-0421-4680-82f2-f2b1b667e3fd', '7c9e463d-e65c-4806-8a5c-c9b8a15bba95');
INSERT INTO option_choice (option_id, choice_id) VALUES ('cbdaf253-f6a6-406f-a288-e0397682e9f8', 'afd54e43-9005-4b18-acb4-88c2f18a2faa');
INSERT INTO interviewee (id, login, password, age, gender, country, marital_status) VALUES ('45fb8d54-0d74-49dd-8fe9-bbccb542779b', 'interviewee403', 'qwerty', 43, 'female', 'PS', 'divorced');
INSERT INTO choice (id, questionnaire_id, interviewee_id) VALUES ('89d5d751-1d50-48b4-a273-13b070bc2cb4', '0b6580ec-1374-4a48-ad1d-b1fa316ad9be', '45fb8d54-0d74-49dd-8fe9-bbccb542779b');
INSERT INTO option_choice (option_id, choice_id) VALUES ('82be4575-892d-453a-b3d9-0827c6b6d6df', '89d5d751-1d50-48b4-a273-13b070bc2cb4');
INSERT INTO option_choice (option_id, choice_id) VALUES ('a518cc4d-143a-45ca-b29f-a7c53dacc773', '89d5d751-1d50-48b4-a273-13b070bc2cb4');
INSERT INTO option_choice (option_id, choice_id) VALUES ('82cec316-48c4-48d4-9d69-8a67e9d22eca', '89d5d751-1d50-48b4-a273-13b070bc2cb4');
INSERT INTO option_choice (option_id, choice_id) VALUES ('68263915-d7e9-4ac6-9c14-f48cf8807857', '89d5d751-1d50-48b4-a273-13b070bc2cb4');
INSERT INTO choice (id, questionnaire_id, interviewee_id) VALUES ('1c1d806b-8121-4cdf-b22a-19a33ef72c46', '557cb630-d2f4-4e11-afe9-d50534deb525', '45fb8d54-0d74-49dd-8fe9-bbccb542779b');
INSERT INTO option_choice (option_id, choice_id) VALUES ('3495c366-5183-4e9e-856e-8a1c40f7bab1', '1c1d806b-8121-4cdf-b22a-19a33ef72c46');
INSERT INTO choice (id, questionnaire_id, interviewee_id) VALUES ('1761ea5e-9ec7-489c-8a09-a9c07a4fad90', '342b973f-a1d1-4062-a073-fb80b6195e1a', '45fb8d54-0d74-49dd-8fe9-bbccb542779b');
INSERT INTO option_choice (option_id, choice_id) VALUES ('a95386af-e627-4a57-adc2-0009818da88b', '1761ea5e-9ec7-489c-8a09-a9c07a4fad90');
INSERT INTO option_choice (option_id, choice_id) VALUES ('47afaa62-a5ba-4be6-81b8-673fae59c987', '1761ea5e-9ec7-489c-8a09-a9c07a4fad90');
INSERT INTO option_choice (option_id, choice_id) VALUES ('d84282d4-6002-4289-bb10-cb7bfd2e906b', '1761ea5e-9ec7-489c-8a09-a9c07a4fad90');
INSERT INTO interviewee (id, login, password, age, gender, country, marital_status) VALUES ('04e8e225-aeb0-42d9-a052-2d188cb69d4a', 'interviewee404', 'qwerty', 58, 'male', 'LS', 'married');
INSERT INTO choice (id, questionnaire_id, interviewee_id) VALUES ('0c7b9cce-2556-4568-acee-69a74aeb6346', '8902d50d-0421-4680-82f2-f2b1b667e3fd', '04e8e225-aeb0-42d9-a052-2d188cb69d4a');
INSERT INTO option_choice (option_id, choice_id) VALUES ('cbdaf253-f6a6-406f-a288-e0397682e9f8', '0c7b9cce-2556-4568-acee-69a74aeb6346');
INSERT INTO choice (id, questionnaire_id, interviewee_id) VALUES ('0302c5ad-13b9-44e4-9b92-4d7e2ad45dfd', 'd05638df-f11c-413d-8456-ee036bed2914', '04e8e225-aeb0-42d9-a052-2d188cb69d4a');
INSERT INTO option_choice (option_id, choice_id) VALUES ('b0557de3-6b66-4e79-b1ac-c2b8f0a5096b', '0302c5ad-13b9-44e4-9b92-4d7e2ad45dfd');
INSERT INTO interviewee (id, login, password, age, gender, country, marital_status) VALUES ('8d20f046-b22c-40d6-9645-492f7f4cd4d5', 'interviewee405', 'qwerty', 25, 'male', 'GS', 'married');
INSERT INTO choice (id, questionnaire_id, interviewee_id) VALUES ('6279e72a-f40b-44c2-bc28-f6806fedbf9b', '8adfa259-7459-4497-b994-7101058c39c1', '8d20f046-b22c-40d6-9645-492f7f4cd4d5');
INSERT INTO option_choice (option_id, choice_id) VALUES ('9e45c288-be30-427f-be35-83a5171e2b4d', '6279e72a-f40b-44c2-bc28-f6806fedbf9b');
INSERT INTO interviewee (id, login, password, age, gender, country, marital_status) VALUES ('8732a96d-05b0-4c5e-b946-6438c71de40d', 'interviewee406', 'qwerty', 28, 'female', 'AT', 'married');
INSERT INTO choice (id, questionnaire_id, interviewee_id) VALUES ('641f93e1-88d4-4232-bb42-7ea83116e6a0', 'a7e484ae-fb91-4ddf-a8c0-869a7f4ad0ee', '8732a96d-05b0-4c5e-b946-6438c71de40d');
INSERT INTO option_choice (option_id, choice_id) VALUES ('5833b1ae-14b5-474e-8178-69dc98fc720e', '641f93e1-88d4-4232-bb42-7ea83116e6a0');
INSERT INTO choice (id, questionnaire_id, interviewee_id) VALUES ('97d4139b-8f5b-4bfa-afcc-72d6528b8830', '342b973f-a1d1-4062-a073-fb80b6195e1a', '8732a96d-05b0-4c5e-b946-6438c71de40d');
INSERT INTO option_choice (option_id, choice_id) VALUES ('47afaa62-a5ba-4be6-81b8-673fae59c987', '97d4139b-8f5b-4bfa-afcc-72d6528b8830');
INSERT INTO option_choice (option_id, choice_id) VALUES ('a95386af-e627-4a57-adc2-0009818da88b', '97d4139b-8f5b-4bfa-afcc-72d6528b8830');
INSERT INTO interviewee (id, login, password, age, gender, country, marital_status) VALUES ('b4da70f0-acbf-4cb7-b31b-92a3ec9b104d', 'interviewee407', 'qwerty', 16, 'male', 'BV', 'was_not_married');
INSERT INTO choice (id, questionnaire_id, interviewee_id) VALUES ('e7d42e41-1bb0-4de6-8af7-fd954e2e10e8', 'af6f1431-a90e-4919-83a4-359d6a8a7d22', 'b4da70f0-acbf-4cb7-b31b-92a3ec9b104d');
INSERT INTO option_choice (option_id, choice_id) VALUES ('1d5c1c89-2fbe-4efd-aab1-12329e29ad0f', 'e7d42e41-1bb0-4de6-8af7-fd954e2e10e8');
INSERT INTO option_choice (option_id, choice_id) VALUES ('b6cea016-cb83-4752-bbc0-0e2a71b294d6', 'e7d42e41-1bb0-4de6-8af7-fd954e2e10e8');
INSERT INTO option_choice (option_id, choice_id) VALUES ('d6e4609d-6705-4cc8-b83a-4786ea4f6ad6', 'e7d42e41-1bb0-4de6-8af7-fd954e2e10e8');
INSERT INTO choice (id, questionnaire_id, interviewee_id) VALUES ('a849f769-d094-4aad-b7dc-14e35bcba74c', 'a7e484ae-fb91-4ddf-a8c0-869a7f4ad0ee', 'b4da70f0-acbf-4cb7-b31b-92a3ec9b104d');
INSERT INTO option_choice (option_id, choice_id) VALUES ('c2e66b7f-cc24-45a4-a017-7a4d25149a85', 'a849f769-d094-4aad-b7dc-14e35bcba74c');
INSERT INTO choice (id, questionnaire_id, interviewee_id) VALUES ('fc0c69b6-334a-4d52-b39b-9250068cd123', 'f680addd-a0b2-4101-9e1f-5e0870943c68', 'b4da70f0-acbf-4cb7-b31b-92a3ec9b104d');
INSERT INTO option_choice (option_id, choice_id) VALUES ('cfde0373-91b9-46f9-bc0d-a137a713d2d7', 'fc0c69b6-334a-4d52-b39b-9250068cd123');
INSERT INTO interviewee (id, login, password, age, gender, country, marital_status) VALUES ('028e3961-f9cc-4fd4-bbf7-b168238caed7', 'interviewee408', 'qwerty', 69, 'male', 'LI', 'married');
INSERT INTO choice (id, questionnaire_id, interviewee_id) VALUES ('f740130e-3e6c-4224-8261-8d267f897e49', 'cb70c074-82ef-4114-aabc-e940a19b5bb0', '028e3961-f9cc-4fd4-bbf7-b168238caed7');
INSERT INTO option_choice (option_id, choice_id) VALUES ('c2db2843-0153-4422-8aa4-c4c9e640418d', 'f740130e-3e6c-4224-8261-8d267f897e49');
INSERT INTO option_choice (option_id, choice_id) VALUES ('b2aebe06-b155-47cd-a39d-b9c1beabb465', 'f740130e-3e6c-4224-8261-8d267f897e49');
INSERT INTO option_choice (option_id, choice_id) VALUES ('4f47a30f-5169-4bf3-a6a9-f9777225a72d', 'f740130e-3e6c-4224-8261-8d267f897e49');
INSERT INTO choice (id, questionnaire_id, interviewee_id) VALUES ('15fb7707-095d-4a52-97f6-d8d643c101c9', 'd05638df-f11c-413d-8456-ee036bed2914', '028e3961-f9cc-4fd4-bbf7-b168238caed7');
INSERT INTO option_choice (option_id, choice_id) VALUES ('b0557de3-6b66-4e79-b1ac-c2b8f0a5096b', '15fb7707-095d-4a52-97f6-d8d643c101c9');
INSERT INTO choice (id, questionnaire_id, interviewee_id) VALUES ('3ad72052-3f7e-49b5-91f7-1ad92b2897da', 'a345b682-c7ac-49ac-9f14-4f5173a872d8', '028e3961-f9cc-4fd4-bbf7-b168238caed7');
INSERT INTO option_choice (option_id, choice_id) VALUES ('faa6ab11-59ef-4e3b-aa30-88fe576f7451', '3ad72052-3f7e-49b5-91f7-1ad92b2897da');
INSERT INTO interviewee (id, login, password, age, gender, country, marital_status) VALUES ('a2c48d4b-d638-4259-9f1e-c3baa739369d', 'interviewee409', 'qwerty', 16, 'female', 'ID', 'divorced');
INSERT INTO choice (id, questionnaire_id, interviewee_id) VALUES ('a0fd5b21-0b03-4701-b9db-223aa9db642f', 'af6f1431-a90e-4919-83a4-359d6a8a7d22', 'a2c48d4b-d638-4259-9f1e-c3baa739369d');
INSERT INTO option_choice (option_id, choice_id) VALUES ('1d5c1c89-2fbe-4efd-aab1-12329e29ad0f', 'a0fd5b21-0b03-4701-b9db-223aa9db642f');
INSERT INTO option_choice (option_id, choice_id) VALUES ('b6cea016-cb83-4752-bbc0-0e2a71b294d6', 'a0fd5b21-0b03-4701-b9db-223aa9db642f');
INSERT INTO option_choice (option_id, choice_id) VALUES ('d6e4609d-6705-4cc8-b83a-4786ea4f6ad6', 'a0fd5b21-0b03-4701-b9db-223aa9db642f');
INSERT INTO interviewee (id, login, password, age, gender, country, marital_status) VALUES ('5972bc70-ad8c-4354-ac00-241ee4ca8470', 'interviewee410', 'qwerty', 30, 'female', 'MO', 'was_not_married');
INSERT INTO choice (id, questionnaire_id, interviewee_id) VALUES ('a3d56150-ce20-4220-82af-473e9f840a52', '8902d50d-0421-4680-82f2-f2b1b667e3fd', '5972bc70-ad8c-4354-ac00-241ee4ca8470');
INSERT INTO option_choice (option_id, choice_id) VALUES ('b9a164f5-2a94-487b-874f-f3bdc79ee4e3', 'a3d56150-ce20-4220-82af-473e9f840a52');
INSERT INTO choice (id, questionnaire_id, interviewee_id) VALUES ('808007cb-6646-43f6-b489-89f7b267a8d9', '342b973f-a1d1-4062-a073-fb80b6195e1a', '5972bc70-ad8c-4354-ac00-241ee4ca8470');
INSERT INTO option_choice (option_id, choice_id) VALUES ('47afaa62-a5ba-4be6-81b8-673fae59c987', '808007cb-6646-43f6-b489-89f7b267a8d9');
INSERT INTO interviewee (id, login, password, age, gender, country, marital_status) VALUES ('26b7b969-3b3e-460e-9296-33c1a729971c', 'interviewee411', 'qwerty', 34, 'female', 'CN', 'was_not_married');
INSERT INTO choice (id, questionnaire_id, interviewee_id) VALUES ('f0a0ae19-c67b-41c8-ae07-b48baea5b4c6', '0b6580ec-1374-4a48-ad1d-b1fa316ad9be', '26b7b969-3b3e-460e-9296-33c1a729971c');
INSERT INTO option_choice (option_id, choice_id) VALUES ('a518cc4d-143a-45ca-b29f-a7c53dacc773', 'f0a0ae19-c67b-41c8-ae07-b48baea5b4c6');
INSERT INTO option_choice (option_id, choice_id) VALUES ('68263915-d7e9-4ac6-9c14-f48cf8807857', 'f0a0ae19-c67b-41c8-ae07-b48baea5b4c6');
INSERT INTO choice (id, questionnaire_id, interviewee_id) VALUES ('be5194ae-2959-44b9-9314-a07347d5b49f', 'afb83fe3-e755-403b-9a15-c18b3782c012', '26b7b969-3b3e-460e-9296-33c1a729971c');
INSERT INTO option_choice (option_id, choice_id) VALUES ('20880a56-05fa-464a-90ad-faf02a83fa77', 'be5194ae-2959-44b9-9314-a07347d5b49f');
INSERT INTO interviewee (id, login, password, age, gender, country, marital_status) VALUES ('e888a21b-aee2-437f-a725-f0c42520889e', 'interviewee412', 'qwerty', 40, 'male', 'BD', 'divorced');
INSERT INTO choice (id, questionnaire_id, interviewee_id) VALUES ('f74180e0-fc78-4b9a-8bd7-17125d8fbfb8', '56c296cd-7c3b-4eb1-90cb-745e555a098c', 'e888a21b-aee2-437f-a725-f0c42520889e');
INSERT INTO option_choice (option_id, choice_id) VALUES ('00605853-328c-4a30-9227-5513208ca17e', 'f74180e0-fc78-4b9a-8bd7-17125d8fbfb8');
INSERT INTO choice (id, questionnaire_id, interviewee_id) VALUES ('e507fcc2-20b3-468e-a0f5-c0be2a8d1a6b', '1a336595-020d-4026-a389-afd9a80cf707', 'e888a21b-aee2-437f-a725-f0c42520889e');
INSERT INTO option_choice (option_id, choice_id) VALUES ('15439bd9-6ff1-4651-a545-60ef7679f375', 'e507fcc2-20b3-468e-a0f5-c0be2a8d1a6b');
INSERT INTO choice (id, questionnaire_id, interviewee_id) VALUES ('a3ce01cf-2425-4993-86d6-d023e0e11d4a', 'e2cf177f-e49f-4aef-99a6-095d711c6ec2', 'e888a21b-aee2-437f-a725-f0c42520889e');
INSERT INTO option_choice (option_id, choice_id) VALUES ('242c02d5-0f4b-4e89-976f-3754854f478c', 'a3ce01cf-2425-4993-86d6-d023e0e11d4a');
INSERT INTO interviewee (id, login, password, age, gender, country, marital_status) VALUES ('2c0ebf0d-e95a-4af4-b10d-091cc3c91fc5', 'interviewee413', 'qwerty', 31, 'male', 'MQ', 'married');
INSERT INTO choice (id, questionnaire_id, interviewee_id) VALUES ('1255cf98-956f-4da1-99ea-9d90fd4215cf', '91a16ec4-1a91-44d1-bb08-6e9fc823c230', '2c0ebf0d-e95a-4af4-b10d-091cc3c91fc5');
INSERT INTO option_choice (option_id, choice_id) VALUES ('5b32da45-be75-42c8-8fa7-ba776167a759', '1255cf98-956f-4da1-99ea-9d90fd4215cf');
INSERT INTO option_choice (option_id, choice_id) VALUES ('fbc23714-2c99-4441-8130-94075c78f6e8', '1255cf98-956f-4da1-99ea-9d90fd4215cf');
INSERT INTO choice (id, questionnaire_id, interviewee_id) VALUES ('89d63f2e-4981-42d8-8c0b-eafcbf13bdf5', 'b5ae5620-2d58-48f5-a060-28e8fd1859dd', '2c0ebf0d-e95a-4af4-b10d-091cc3c91fc5');
INSERT INTO option_choice (option_id, choice_id) VALUES ('fc3d8e7d-c82b-4208-82dd-e6917cf8765e', '89d63f2e-4981-42d8-8c0b-eafcbf13bdf5');
INSERT INTO choice (id, questionnaire_id, interviewee_id) VALUES ('fd700a1f-2083-478c-a70d-d49bc41f6041', '83dbd16d-6765-468d-944f-022d10d042e5', '2c0ebf0d-e95a-4af4-b10d-091cc3c91fc5');
INSERT INTO option_choice (option_id, choice_id) VALUES ('eee0aab7-8b77-4c19-b028-648aa7e303ed', 'fd700a1f-2083-478c-a70d-d49bc41f6041');
INSERT INTO option_choice (option_id, choice_id) VALUES ('d6416cf3-39f7-4cf9-ba84-314605b84d03', 'fd700a1f-2083-478c-a70d-d49bc41f6041');
INSERT INTO interviewee (id, login, password, age, gender, country, marital_status) VALUES ('c8f96d6c-da39-45ea-af70-f3481089bf00', 'interviewee414', 'qwerty', 57, 'male', 'SL', 'was_not_married');
INSERT INTO choice (id, questionnaire_id, interviewee_id) VALUES ('8ecb21d1-d1ba-47b9-9a1d-f941f0c8a36d', 'd05638df-f11c-413d-8456-ee036bed2914', 'c8f96d6c-da39-45ea-af70-f3481089bf00');
INSERT INTO option_choice (option_id, choice_id) VALUES ('b4b64304-6288-40df-8120-283c58db8d1a', '8ecb21d1-d1ba-47b9-9a1d-f941f0c8a36d');
INSERT INTO choice (id, questionnaire_id, interviewee_id) VALUES ('a87ff7a1-9196-4397-8e10-882c42dbcdfe', 'b5ae5620-2d58-48f5-a060-28e8fd1859dd', 'c8f96d6c-da39-45ea-af70-f3481089bf00');
INSERT INTO option_choice (option_id, choice_id) VALUES ('fc3d8e7d-c82b-4208-82dd-e6917cf8765e', 'a87ff7a1-9196-4397-8e10-882c42dbcdfe');
INSERT INTO choice (id, questionnaire_id, interviewee_id) VALUES ('e0de87c3-20bb-4179-899e-9af71a88b047', '557cb630-d2f4-4e11-afe9-d50534deb525', 'c8f96d6c-da39-45ea-af70-f3481089bf00');
INSERT INTO option_choice (option_id, choice_id) VALUES ('b633afa9-c11d-4aab-b450-ffbcfde02318', 'e0de87c3-20bb-4179-899e-9af71a88b047');
INSERT INTO interviewee (id, login, password, age, gender, country, marital_status) VALUES ('302f2385-ad9a-4133-b2ed-70d80fcd12b8', 'interviewee415', 'qwerty', 67, 'male', 'ET', 'divorced');
INSERT INTO choice (id, questionnaire_id, interviewee_id) VALUES ('6bca47e7-c06c-476a-aed8-93d7b83f6323', '557cb630-d2f4-4e11-afe9-d50534deb525', '302f2385-ad9a-4133-b2ed-70d80fcd12b8');
INSERT INTO option_choice (option_id, choice_id) VALUES ('78cbec79-315d-4cd7-92bb-beb18eab98e5', '6bca47e7-c06c-476a-aed8-93d7b83f6323');
INSERT INTO interviewee (id, login, password, age, gender, country, marital_status) VALUES ('23eef9da-73f3-47a4-be84-1fcbabe9645c', 'interviewee416', 'qwerty', 65, 'female', 'LY', 'was_not_married');
INSERT INTO choice (id, questionnaire_id, interviewee_id) VALUES ('31270172-1d18-4f85-b7ee-9071613fcfa3', '8902d50d-0421-4680-82f2-f2b1b667e3fd', '23eef9da-73f3-47a4-be84-1fcbabe9645c');
INSERT INTO option_choice (option_id, choice_id) VALUES ('b9a164f5-2a94-487b-874f-f3bdc79ee4e3', '31270172-1d18-4f85-b7ee-9071613fcfa3');
INSERT INTO interviewee (id, login, password, age, gender, country, marital_status) VALUES ('03952b54-40d5-4452-a393-cab0d5bc26be', 'interviewee417', 'qwerty', 18, 'male', 'GR', 'married');
INSERT INTO choice (id, questionnaire_id, interviewee_id) VALUES ('1074c892-9aa7-415a-9b19-86defa6a4ecc', 'e2cf177f-e49f-4aef-99a6-095d711c6ec2', '03952b54-40d5-4452-a393-cab0d5bc26be');
INSERT INTO option_choice (option_id, choice_id) VALUES ('1b5e4a41-da4c-4845-8698-5ed9deee3ca2', '1074c892-9aa7-415a-9b19-86defa6a4ecc');
INSERT INTO interviewee (id, login, password, age, gender, country, marital_status) VALUES ('cf44218e-5e0f-43cc-89f4-4479ba18f08f', 'interviewee418', 'qwerty', 59, 'female', 'ER', 'divorced');
INSERT INTO choice (id, questionnaire_id, interviewee_id) VALUES ('ffc175af-6e9e-4d8a-9ac8-1b7ec83254c8', '309e872a-e145-4926-998b-ec0fdb62466a', 'cf44218e-5e0f-43cc-89f4-4479ba18f08f');
INSERT INTO option_choice (option_id, choice_id) VALUES ('8ccfc598-c3a0-4ad2-a052-f4e6e3edc252', 'ffc175af-6e9e-4d8a-9ac8-1b7ec83254c8');
INSERT INTO option_choice (option_id, choice_id) VALUES ('1dcd1e79-636e-4d6c-b9b4-dcf0da4fdaaa', 'ffc175af-6e9e-4d8a-9ac8-1b7ec83254c8');
INSERT INTO interviewee (id, login, password, age, gender, country, marital_status) VALUES ('217fcef8-b95c-46bf-a542-efa682b04f15', 'interviewee419', 'qwerty', 56, 'female', 'CA', 'was_not_married');
INSERT INTO choice (id, questionnaire_id, interviewee_id) VALUES ('5f8a1803-ee68-41b9-b8ba-ca44e135b1d1', 'a2f7d656-4675-4d99-9435-95cbe535c6c1', '217fcef8-b95c-46bf-a542-efa682b04f15');
INSERT INTO option_choice (option_id, choice_id) VALUES ('d3d55bb1-ef9d-4b9a-b1b9-8e4375e7dbd0', '5f8a1803-ee68-41b9-b8ba-ca44e135b1d1');
INSERT INTO option_choice (option_id, choice_id) VALUES ('394c3616-edd7-4820-aa09-f4425e4f774c', '5f8a1803-ee68-41b9-b8ba-ca44e135b1d1');
INSERT INTO option_choice (option_id, choice_id) VALUES ('930526a4-2714-4f39-831c-55b3185bd967', '5f8a1803-ee68-41b9-b8ba-ca44e135b1d1');
INSERT INTO option_choice (option_id, choice_id) VALUES ('ced72831-705a-4153-849e-71a73e5a7d3c', '5f8a1803-ee68-41b9-b8ba-ca44e135b1d1');
INSERT INTO option_choice (option_id, choice_id) VALUES ('110b73fb-e57f-409d-83dc-0d81bdd20a44', '5f8a1803-ee68-41b9-b8ba-ca44e135b1d1');
INSERT INTO option_choice (option_id, choice_id) VALUES ('c6bb5cf5-3828-4747-8bb2-776e9deaeb04', '5f8a1803-ee68-41b9-b8ba-ca44e135b1d1');
INSERT INTO interviewee (id, login, password, age, gender, country, marital_status) VALUES ('3ae75b7e-a39f-4162-9f60-0e4e28660a69', 'interviewee420', 'qwerty', 69, 'female', 'NC', 'divorced');
INSERT INTO choice (id, questionnaire_id, interviewee_id) VALUES ('e916261f-99f0-4b16-ab12-93a7f39dd50b', '0b6580ec-1374-4a48-ad1d-b1fa316ad9be', '3ae75b7e-a39f-4162-9f60-0e4e28660a69');
INSERT INTO option_choice (option_id, choice_id) VALUES ('82be4575-892d-453a-b3d9-0827c6b6d6df', 'e916261f-99f0-4b16-ab12-93a7f39dd50b');
INSERT INTO option_choice (option_id, choice_id) VALUES ('82cec316-48c4-48d4-9d69-8a67e9d22eca', 'e916261f-99f0-4b16-ab12-93a7f39dd50b');
INSERT INTO choice (id, questionnaire_id, interviewee_id) VALUES ('470324df-bfc4-4b9d-998b-ada426e6c10f', 'af6f1431-a90e-4919-83a4-359d6a8a7d22', '3ae75b7e-a39f-4162-9f60-0e4e28660a69');
INSERT INTO option_choice (option_id, choice_id) VALUES ('e6932ff8-921c-4ab7-b5c5-37e59ea816fd', '470324df-bfc4-4b9d-998b-ada426e6c10f');
INSERT INTO choice (id, questionnaire_id, interviewee_id) VALUES ('5dd1fb4e-fc33-40d9-8946-246b36de23db', '21abb345-1235-4f5e-8b5b-2f6f89f30fee', '3ae75b7e-a39f-4162-9f60-0e4e28660a69');
INSERT INTO option_choice (option_id, choice_id) VALUES ('fa871bfe-a04e-4297-af08-80cc94ccf337', '5dd1fb4e-fc33-40d9-8946-246b36de23db');
INSERT INTO interviewee (id, login, password, age, gender, country, marital_status) VALUES ('745c6f36-ec97-4a74-9f91-2913111133f8', 'interviewee421', 'qwerty', 18, 'male', 'BG', 'was_not_married');
INSERT INTO choice (id, questionnaire_id, interviewee_id) VALUES ('97c24a15-2ade-40b0-92f2-c9fa206f6d23', '557cb630-d2f4-4e11-afe9-d50534deb525', '745c6f36-ec97-4a74-9f91-2913111133f8');
INSERT INTO option_choice (option_id, choice_id) VALUES ('3495c366-5183-4e9e-856e-8a1c40f7bab1', '97c24a15-2ade-40b0-92f2-c9fa206f6d23');
INSERT INTO choice (id, questionnaire_id, interviewee_id) VALUES ('e76c066b-2b4e-4036-8006-69a3f3601bf4', 'a345b682-c7ac-49ac-9f14-4f5173a872d8', '745c6f36-ec97-4a74-9f91-2913111133f8');
INSERT INTO option_choice (option_id, choice_id) VALUES ('faa6ab11-59ef-4e3b-aa30-88fe576f7451', 'e76c066b-2b4e-4036-8006-69a3f3601bf4');
INSERT INTO choice (id, questionnaire_id, interviewee_id) VALUES ('a3ddb605-3548-4a0c-8f3b-ece0287baaba', '83dbd16d-6765-468d-944f-022d10d042e5', '745c6f36-ec97-4a74-9f91-2913111133f8');
INSERT INTO option_choice (option_id, choice_id) VALUES ('d6416cf3-39f7-4cf9-ba84-314605b84d03', 'a3ddb605-3548-4a0c-8f3b-ece0287baaba');
INSERT INTO option_choice (option_id, choice_id) VALUES ('176e8036-bece-46c0-beb2-71eb28a41f51', 'a3ddb605-3548-4a0c-8f3b-ece0287baaba');
INSERT INTO option_choice (option_id, choice_id) VALUES ('eee0aab7-8b77-4c19-b028-648aa7e303ed', 'a3ddb605-3548-4a0c-8f3b-ece0287baaba');
INSERT INTO option_choice (option_id, choice_id) VALUES ('d8a63395-3425-4d1b-95be-b38dc31cb0af', 'a3ddb605-3548-4a0c-8f3b-ece0287baaba');
INSERT INTO interviewee (id, login, password, age, gender, country, marital_status) VALUES ('e5460b6f-a314-4af2-a259-86aa4af531ef', 'interviewee422', 'qwerty', 31, 'female', 'LC', 'divorced');
INSERT INTO choice (id, questionnaire_id, interviewee_id) VALUES ('ea73a1dd-e0c7-4a61-8377-1a3cc62d3170', 'd05638df-f11c-413d-8456-ee036bed2914', 'e5460b6f-a314-4af2-a259-86aa4af531ef');
INSERT INTO option_choice (option_id, choice_id) VALUES ('b0557de3-6b66-4e79-b1ac-c2b8f0a5096b', 'ea73a1dd-e0c7-4a61-8377-1a3cc62d3170');
INSERT INTO choice (id, questionnaire_id, interviewee_id) VALUES ('ca099861-c9e4-4a32-a4d6-7e805232516f', 'b5ae5620-2d58-48f5-a060-28e8fd1859dd', 'e5460b6f-a314-4af2-a259-86aa4af531ef');
INSERT INTO option_choice (option_id, choice_id) VALUES ('346ef5d2-77a0-4ce4-a407-38382a94f28d', 'ca099861-c9e4-4a32-a4d6-7e805232516f');
INSERT INTO choice (id, questionnaire_id, interviewee_id) VALUES ('94382b24-3962-4caf-bd12-bdcd26ca2f3e', 'b6588e29-37de-425f-834e-e867f77794ce', 'e5460b6f-a314-4af2-a259-86aa4af531ef');
INSERT INTO option_choice (option_id, choice_id) VALUES ('46bd1403-2ee0-4145-8014-8dd4fafcb8af', '94382b24-3962-4caf-bd12-bdcd26ca2f3e');
INSERT INTO option_choice (option_id, choice_id) VALUES ('5b82f100-bb0f-47ec-9395-7a0409f4b7ef', '94382b24-3962-4caf-bd12-bdcd26ca2f3e');
INSERT INTO interviewee (id, login, password, age, gender, country, marital_status) VALUES ('ae000ad7-8682-4eec-b49b-c9becd0850d5', 'interviewee423', 'qwerty', 47, 'female', 'CL', 'was_not_married');
INSERT INTO choice (id, questionnaire_id, interviewee_id) VALUES ('2a3a2c4c-524b-45b7-9f2f-34ecd3add751', '8adfa259-7459-4497-b994-7101058c39c1', 'ae000ad7-8682-4eec-b49b-c9becd0850d5');
INSERT INTO option_choice (option_id, choice_id) VALUES ('7d64ec60-4b16-49eb-a0c6-4af24c3b1767', '2a3a2c4c-524b-45b7-9f2f-34ecd3add751');
INSERT INTO option_choice (option_id, choice_id) VALUES ('3e047d89-087c-45bd-82d6-38c4acd5c609', '2a3a2c4c-524b-45b7-9f2f-34ecd3add751');
INSERT INTO option_choice (option_id, choice_id) VALUES ('0c96072b-cf70-4fde-8afb-27bf8c3f7a8b', '2a3a2c4c-524b-45b7-9f2f-34ecd3add751');
INSERT INTO interviewee (id, login, password, age, gender, country, marital_status) VALUES ('f6f35940-9cd0-4459-8871-5a646eebfeb5', 'interviewee424', 'qwerty', 35, 'male', 'KP', 'married');
INSERT INTO choice (id, questionnaire_id, interviewee_id) VALUES ('9cd5d117-afd6-4da1-838f-97936f717c38', '0b6580ec-1374-4a48-ad1d-b1fa316ad9be', 'f6f35940-9cd0-4459-8871-5a646eebfeb5');
INSERT INTO option_choice (option_id, choice_id) VALUES ('82be4575-892d-453a-b3d9-0827c6b6d6df', '9cd5d117-afd6-4da1-838f-97936f717c38');
INSERT INTO option_choice (option_id, choice_id) VALUES ('a518cc4d-143a-45ca-b29f-a7c53dacc773', '9cd5d117-afd6-4da1-838f-97936f717c38');
INSERT INTO option_choice (option_id, choice_id) VALUES ('82cec316-48c4-48d4-9d69-8a67e9d22eca', '9cd5d117-afd6-4da1-838f-97936f717c38');
INSERT INTO option_choice (option_id, choice_id) VALUES ('68263915-d7e9-4ac6-9c14-f48cf8807857', '9cd5d117-afd6-4da1-838f-97936f717c38');
INSERT INTO choice (id, questionnaire_id, interviewee_id) VALUES ('0e7e5d58-588e-491e-a05c-80a2856bf9c9', '8902d50d-0421-4680-82f2-f2b1b667e3fd', 'f6f35940-9cd0-4459-8871-5a646eebfeb5');
INSERT INTO option_choice (option_id, choice_id) VALUES ('b9a164f5-2a94-487b-874f-f3bdc79ee4e3', '0e7e5d58-588e-491e-a05c-80a2856bf9c9');
INSERT INTO choice (id, questionnaire_id, interviewee_id) VALUES ('43d1f7dd-57b3-41ff-8da8-c2b744e21d6c', '8adfa259-7459-4497-b994-7101058c39c1', 'f6f35940-9cd0-4459-8871-5a646eebfeb5');
INSERT INTO option_choice (option_id, choice_id) VALUES ('502fb96b-685d-47da-86bb-f40e1e8f57ef', '43d1f7dd-57b3-41ff-8da8-c2b744e21d6c');
INSERT INTO option_choice (option_id, choice_id) VALUES ('7d64ec60-4b16-49eb-a0c6-4af24c3b1767', '43d1f7dd-57b3-41ff-8da8-c2b744e21d6c');
INSERT INTO option_choice (option_id, choice_id) VALUES ('968d6b86-376e-4d23-9555-89ee1d638c1c', '43d1f7dd-57b3-41ff-8da8-c2b744e21d6c');
INSERT INTO option_choice (option_id, choice_id) VALUES ('9e45c288-be30-427f-be35-83a5171e2b4d', '43d1f7dd-57b3-41ff-8da8-c2b744e21d6c');
INSERT INTO option_choice (option_id, choice_id) VALUES ('3e047d89-087c-45bd-82d6-38c4acd5c609', '43d1f7dd-57b3-41ff-8da8-c2b744e21d6c');
INSERT INTO option_choice (option_id, choice_id) VALUES ('0c96072b-cf70-4fde-8afb-27bf8c3f7a8b', '43d1f7dd-57b3-41ff-8da8-c2b744e21d6c');
INSERT INTO interviewee (id, login, password, age, gender, country, marital_status) VALUES ('f963c25f-a8fa-4118-8ad7-8091f6250a0d', 'interviewee425', 'qwerty', 21, 'female', 'RU', 'was_not_married');
INSERT INTO choice (id, questionnaire_id, interviewee_id) VALUES ('b2eb28e2-c6fb-4b63-9018-5ac55048f9dd', '309e872a-e145-4926-998b-ec0fdb62466a', 'f963c25f-a8fa-4118-8ad7-8091f6250a0d');
INSERT INTO option_choice (option_id, choice_id) VALUES ('4579f5ab-3007-4302-aa53-456cd440599b', 'b2eb28e2-c6fb-4b63-9018-5ac55048f9dd');
INSERT INTO option_choice (option_id, choice_id) VALUES ('926da358-7388-4aea-b601-42bcfcd8c071', 'b2eb28e2-c6fb-4b63-9018-5ac55048f9dd');
INSERT INTO interviewee (id, login, password, age, gender, country, marital_status) VALUES ('f1b805ce-1301-44e4-ae27-a36e962dc140', 'interviewee426', 'qwerty', 18, 'female', 'BH', 'married');
INSERT INTO choice (id, questionnaire_id, interviewee_id) VALUES ('8b3dfae2-65e9-4cec-aea5-48d44099bded', '557cb630-d2f4-4e11-afe9-d50534deb525', 'f1b805ce-1301-44e4-ae27-a36e962dc140');
INSERT INTO option_choice (option_id, choice_id) VALUES ('00c926c5-0a12-4a44-9ada-24439d217263', '8b3dfae2-65e9-4cec-aea5-48d44099bded');
INSERT INTO interviewee (id, login, password, age, gender, country, marital_status) VALUES ('a2b1dcae-4290-492c-9eaf-3ce52c70f578', 'interviewee427', 'qwerty', 29, 'male', 'BY', 'married');
INSERT INTO choice (id, questionnaire_id, interviewee_id) VALUES ('f07aabed-866d-4b35-b7ce-400003423dd8', '1a336595-020d-4026-a389-afd9a80cf707', 'a2b1dcae-4290-492c-9eaf-3ce52c70f578');
INSERT INTO option_choice (option_id, choice_id) VALUES ('15439bd9-6ff1-4651-a545-60ef7679f375', 'f07aabed-866d-4b35-b7ce-400003423dd8');
INSERT INTO choice (id, questionnaire_id, interviewee_id) VALUES ('790ec2de-8732-4ecd-8c76-7e8d16daad22', 'd05638df-f11c-413d-8456-ee036bed2914', 'a2b1dcae-4290-492c-9eaf-3ce52c70f578');
INSERT INTO option_choice (option_id, choice_id) VALUES ('b0557de3-6b66-4e79-b1ac-c2b8f0a5096b', '790ec2de-8732-4ecd-8c76-7e8d16daad22');
INSERT INTO interviewee (id, login, password, age, gender, country, marital_status) VALUES ('7904fde1-d069-49ec-98ea-28a3746e2ae5', 'interviewee428', 'qwerty', 51, 'male', 'AQ', 'married');
INSERT INTO choice (id, questionnaire_id, interviewee_id) VALUES ('10b8abf9-a17f-40d1-909f-4f7764d24256', 'f680addd-a0b2-4101-9e1f-5e0870943c68', '7904fde1-d069-49ec-98ea-28a3746e2ae5');
INSERT INTO option_choice (option_id, choice_id) VALUES ('5e0b63d0-2a10-4ab5-a66a-a47615b50b03', '10b8abf9-a17f-40d1-909f-4f7764d24256');
INSERT INTO option_choice (option_id, choice_id) VALUES ('521ef3a0-411b-4392-8393-62ed9a638949', '10b8abf9-a17f-40d1-909f-4f7764d24256');
INSERT INTO interviewee (id, login, password, age, gender, country, marital_status) VALUES ('b051798a-46a0-4530-bbbe-0f0de5bfbf0f', 'interviewee429', 'qwerty', 67, 'male', 'JM', 'was_not_married');
INSERT INTO choice (id, questionnaire_id, interviewee_id) VALUES ('65b8c617-c85e-4cd9-8836-19d6294a89a7', 'af6f1431-a90e-4919-83a4-359d6a8a7d22', 'b051798a-46a0-4530-bbbe-0f0de5bfbf0f');
INSERT INTO option_choice (option_id, choice_id) VALUES ('1d5c1c89-2fbe-4efd-aab1-12329e29ad0f', '65b8c617-c85e-4cd9-8836-19d6294a89a7');
INSERT INTO option_choice (option_id, choice_id) VALUES ('e6932ff8-921c-4ab7-b5c5-37e59ea816fd', '65b8c617-c85e-4cd9-8836-19d6294a89a7');
INSERT INTO option_choice (option_id, choice_id) VALUES ('e41b3b09-f2a6-4206-bfde-743557a31646', '65b8c617-c85e-4cd9-8836-19d6294a89a7');
INSERT INTO option_choice (option_id, choice_id) VALUES ('b6cea016-cb83-4752-bbc0-0e2a71b294d6', '65b8c617-c85e-4cd9-8836-19d6294a89a7');
INSERT INTO option_choice (option_id, choice_id) VALUES ('a3c0df26-f677-4a76-9fc9-e8bcb2a586ec', '65b8c617-c85e-4cd9-8836-19d6294a89a7');
INSERT INTO option_choice (option_id, choice_id) VALUES ('d6e4609d-6705-4cc8-b83a-4786ea4f6ad6', '65b8c617-c85e-4cd9-8836-19d6294a89a7');
INSERT INTO choice (id, questionnaire_id, interviewee_id) VALUES ('2ff3f61d-da01-4cb8-87c5-a024ea51f233', '21abb345-1235-4f5e-8b5b-2f6f89f30fee', 'b051798a-46a0-4530-bbbe-0f0de5bfbf0f');
INSERT INTO option_choice (option_id, choice_id) VALUES ('785185e3-f7db-4c98-901d-0cf973d9050c', '2ff3f61d-da01-4cb8-87c5-a024ea51f233');
INSERT INTO interviewee (id, login, password, age, gender, country, marital_status) VALUES ('72537eff-58a4-413f-81c1-5163a3c483a0', 'interviewee430', 'qwerty', 56, 'male', 'TZ', 'divorced');
INSERT INTO choice (id, questionnaire_id, interviewee_id) VALUES ('2ef12e73-2bef-4378-91d5-80306c082518', '1a336595-020d-4026-a389-afd9a80cf707', '72537eff-58a4-413f-81c1-5163a3c483a0');
INSERT INTO option_choice (option_id, choice_id) VALUES ('026e21bd-77e7-46bc-85ba-c7e5eea39031', '2ef12e73-2bef-4378-91d5-80306c082518');
INSERT INTO choice (id, questionnaire_id, interviewee_id) VALUES ('532bcd5a-dd34-4f9f-817c-2ffe2578d67b', 'afb83fe3-e755-403b-9a15-c18b3782c012', '72537eff-58a4-413f-81c1-5163a3c483a0');
INSERT INTO option_choice (option_id, choice_id) VALUES ('20880a56-05fa-464a-90ad-faf02a83fa77', '532bcd5a-dd34-4f9f-817c-2ffe2578d67b');
INSERT INTO choice (id, questionnaire_id, interviewee_id) VALUES ('4d388e32-b962-433f-9596-f559184af5a3', '8adfa259-7459-4497-b994-7101058c39c1', '72537eff-58a4-413f-81c1-5163a3c483a0');
INSERT INTO option_choice (option_id, choice_id) VALUES ('502fb96b-685d-47da-86bb-f40e1e8f57ef', '4d388e32-b962-433f-9596-f559184af5a3');
INSERT INTO option_choice (option_id, choice_id) VALUES ('3e047d89-087c-45bd-82d6-38c4acd5c609', '4d388e32-b962-433f-9596-f559184af5a3');
INSERT INTO option_choice (option_id, choice_id) VALUES ('9e45c288-be30-427f-be35-83a5171e2b4d', '4d388e32-b962-433f-9596-f559184af5a3');
INSERT INTO option_choice (option_id, choice_id) VALUES ('0c96072b-cf70-4fde-8afb-27bf8c3f7a8b', '4d388e32-b962-433f-9596-f559184af5a3');
INSERT INTO option_choice (option_id, choice_id) VALUES ('968d6b86-376e-4d23-9555-89ee1d638c1c', '4d388e32-b962-433f-9596-f559184af5a3');
INSERT INTO option_choice (option_id, choice_id) VALUES ('7d64ec60-4b16-49eb-a0c6-4af24c3b1767', '4d388e32-b962-433f-9596-f559184af5a3');
INSERT INTO interviewee (id, login, password, age, gender, country, marital_status) VALUES ('18d7af8e-d984-4c36-a7f0-11b1eaf41fc3', 'interviewee431', 'qwerty', 28, 'female', 'TO', 'married');
INSERT INTO choice (id, questionnaire_id, interviewee_id) VALUES ('2decb35e-fadd-4dbb-a5cc-8f7b12e22780', '8902d50d-0421-4680-82f2-f2b1b667e3fd', '18d7af8e-d984-4c36-a7f0-11b1eaf41fc3');
INSERT INTO option_choice (option_id, choice_id) VALUES ('b9a164f5-2a94-487b-874f-f3bdc79ee4e3', '2decb35e-fadd-4dbb-a5cc-8f7b12e22780');
INSERT INTO choice (id, questionnaire_id, interviewee_id) VALUES ('0a52a7d6-353a-41b0-90db-136980ca071c', 'bf8da1bc-7284-44d0-a7c0-4e0321978aa0', '18d7af8e-d984-4c36-a7f0-11b1eaf41fc3');
INSERT INTO option_choice (option_id, choice_id) VALUES ('fbbdfd34-e2c5-4e0b-b98a-d33f6f4fac06', '0a52a7d6-353a-41b0-90db-136980ca071c');
INSERT INTO interviewee (id, login, password, age, gender, country, marital_status) VALUES ('37df2577-abc0-432a-bbbf-fbb0a46a497b', 'interviewee432', 'qwerty', 41, 'female', 'DM', 'was_not_married');
INSERT INTO choice (id, questionnaire_id, interviewee_id) VALUES ('7b3b52a1-91ce-4d5c-86df-8bef3de07740', 'bf8da1bc-7284-44d0-a7c0-4e0321978aa0', '37df2577-abc0-432a-bbbf-fbb0a46a497b');
INSERT INTO option_choice (option_id, choice_id) VALUES ('9bdf6935-cda0-4d8b-82bb-51be50aece89', '7b3b52a1-91ce-4d5c-86df-8bef3de07740');
INSERT INTO choice (id, questionnaire_id, interviewee_id) VALUES ('06f634b7-fb34-46c0-9e65-466f2f2fca79', 'a345b682-c7ac-49ac-9f14-4f5173a872d8', '37df2577-abc0-432a-bbbf-fbb0a46a497b');
INSERT INTO option_choice (option_id, choice_id) VALUES ('4389db4e-2a8b-43f8-8643-dd6f5a5f160e', '06f634b7-fb34-46c0-9e65-466f2f2fca79');
INSERT INTO interviewee (id, login, password, age, gender, country, marital_status) VALUES ('a822f76a-10d3-4746-93c3-4cf90e0a2c3e', 'interviewee433', 'qwerty', 63, 'female', 'TK', 'was_not_married');
INSERT INTO choice (id, questionnaire_id, interviewee_id) VALUES ('5f996cdf-e9fe-4a51-9e4a-e23b54053668', '1a336595-020d-4026-a389-afd9a80cf707', 'a822f76a-10d3-4746-93c3-4cf90e0a2c3e');
INSERT INTO option_choice (option_id, choice_id) VALUES ('026e21bd-77e7-46bc-85ba-c7e5eea39031', '5f996cdf-e9fe-4a51-9e4a-e23b54053668');
INSERT INTO choice (id, questionnaire_id, interviewee_id) VALUES ('3b4a405f-fb75-4569-9287-23d51b2f1d7f', 'e2cf177f-e49f-4aef-99a6-095d711c6ec2', 'a822f76a-10d3-4746-93c3-4cf90e0a2c3e');
INSERT INTO option_choice (option_id, choice_id) VALUES ('242c02d5-0f4b-4e89-976f-3754854f478c', '3b4a405f-fb75-4569-9287-23d51b2f1d7f');
INSERT INTO choice (id, questionnaire_id, interviewee_id) VALUES ('e0ef6c66-5db0-4ede-b62f-bfc74011c2bb', 'f680addd-a0b2-4101-9e1f-5e0870943c68', 'a822f76a-10d3-4746-93c3-4cf90e0a2c3e');
INSERT INTO option_choice (option_id, choice_id) VALUES ('521ef3a0-411b-4392-8393-62ed9a638949', 'e0ef6c66-5db0-4ede-b62f-bfc74011c2bb');
INSERT INTO interviewee (id, login, password, age, gender, country, marital_status) VALUES ('4a18b711-474e-40ad-a6a0-d83636e452c0', 'interviewee434', 'qwerty', 43, 'male', 'SI', 'married');
INSERT INTO choice (id, questionnaire_id, interviewee_id) VALUES ('ab839422-d18f-40ec-85f9-60daa61e32d9', 'e2cf177f-e49f-4aef-99a6-095d711c6ec2', '4a18b711-474e-40ad-a6a0-d83636e452c0');
INSERT INTO option_choice (option_id, choice_id) VALUES ('242c02d5-0f4b-4e89-976f-3754854f478c', 'ab839422-d18f-40ec-85f9-60daa61e32d9');
INSERT INTO choice (id, questionnaire_id, interviewee_id) VALUES ('d015dcd6-d8ec-4892-ae0b-5c36893cce80', '557cb630-d2f4-4e11-afe9-d50534deb525', '4a18b711-474e-40ad-a6a0-d83636e452c0');
INSERT INTO option_choice (option_id, choice_id) VALUES ('b633afa9-c11d-4aab-b450-ffbcfde02318', 'd015dcd6-d8ec-4892-ae0b-5c36893cce80');
INSERT INTO choice (id, questionnaire_id, interviewee_id) VALUES ('ec3425f7-4d37-484b-8677-e20aca67aa37', '91a16ec4-1a91-44d1-bb08-6e9fc823c230', '4a18b711-474e-40ad-a6a0-d83636e452c0');
INSERT INTO option_choice (option_id, choice_id) VALUES ('5b32da45-be75-42c8-8fa7-ba776167a759', 'ec3425f7-4d37-484b-8677-e20aca67aa37');
INSERT INTO interviewee (id, login, password, age, gender, country, marital_status) VALUES ('805fe22e-d21b-4e71-8f7c-026d0a41549a', 'interviewee435', 'qwerty', 48, 'male', 'BN', 'divorced');
INSERT INTO choice (id, questionnaire_id, interviewee_id) VALUES ('f2a9dd99-d67c-4928-a816-c2c1b4435f51', '309e872a-e145-4926-998b-ec0fdb62466a', '805fe22e-d21b-4e71-8f7c-026d0a41549a');
INSERT INTO option_choice (option_id, choice_id) VALUES ('926da358-7388-4aea-b601-42bcfcd8c071', 'f2a9dd99-d67c-4928-a816-c2c1b4435f51');
INSERT INTO option_choice (option_id, choice_id) VALUES ('1dcd1e79-636e-4d6c-b9b4-dcf0da4fdaaa', 'f2a9dd99-d67c-4928-a816-c2c1b4435f51');
INSERT INTO option_choice (option_id, choice_id) VALUES ('8ccfc598-c3a0-4ad2-a052-f4e6e3edc252', 'f2a9dd99-d67c-4928-a816-c2c1b4435f51');
INSERT INTO option_choice (option_id, choice_id) VALUES ('4579f5ab-3007-4302-aa53-456cd440599b', 'f2a9dd99-d67c-4928-a816-c2c1b4435f51');
INSERT INTO interviewee (id, login, password, age, gender, country, marital_status) VALUES ('e768d15a-df25-4fa2-8272-c4f3ded7f6d6', 'interviewee436', 'qwerty', 38, 'female', 'UG', 'divorced');
INSERT INTO choice (id, questionnaire_id, interviewee_id) VALUES ('844430f6-80b3-444d-b02f-6a3453a8143b', 'a7e484ae-fb91-4ddf-a8c0-869a7f4ad0ee', 'e768d15a-df25-4fa2-8272-c4f3ded7f6d6');
INSERT INTO option_choice (option_id, choice_id) VALUES ('c2e66b7f-cc24-45a4-a017-7a4d25149a85', '844430f6-80b3-444d-b02f-6a3453a8143b');
INSERT INTO choice (id, questionnaire_id, interviewee_id) VALUES ('45a5470a-422e-4860-9fbe-0f22e4138266', 'a2f7d656-4675-4d99-9435-95cbe535c6c1', 'e768d15a-df25-4fa2-8272-c4f3ded7f6d6');
INSERT INTO option_choice (option_id, choice_id) VALUES ('c6bb5cf5-3828-4747-8bb2-776e9deaeb04', '45a5470a-422e-4860-9fbe-0f22e4138266');
INSERT INTO option_choice (option_id, choice_id) VALUES ('394c3616-edd7-4820-aa09-f4425e4f774c', '45a5470a-422e-4860-9fbe-0f22e4138266');
INSERT INTO option_choice (option_id, choice_id) VALUES ('d3d55bb1-ef9d-4b9a-b1b9-8e4375e7dbd0', '45a5470a-422e-4860-9fbe-0f22e4138266');
INSERT INTO option_choice (option_id, choice_id) VALUES ('ced72831-705a-4153-849e-71a73e5a7d3c', '45a5470a-422e-4860-9fbe-0f22e4138266');
INSERT INTO option_choice (option_id, choice_id) VALUES ('2366bc8e-690e-4739-b5f2-cf491cd8107c', '45a5470a-422e-4860-9fbe-0f22e4138266');
INSERT INTO option_choice (option_id, choice_id) VALUES ('930526a4-2714-4f39-831c-55b3185bd967', '45a5470a-422e-4860-9fbe-0f22e4138266');
INSERT INTO interviewee (id, login, password, age, gender, country, marital_status) VALUES ('cfa31600-82f6-4eb6-97be-cef0207f36dd', 'interviewee437', 'qwerty', 35, 'female', 'GG', 'married');
INSERT INTO choice (id, questionnaire_id, interviewee_id) VALUES ('b42c7df0-03e8-4034-a632-6c7c89b439b1', 'afb83fe3-e755-403b-9a15-c18b3782c012', 'cfa31600-82f6-4eb6-97be-cef0207f36dd');
INSERT INTO option_choice (option_id, choice_id) VALUES ('20880a56-05fa-464a-90ad-faf02a83fa77', 'b42c7df0-03e8-4034-a632-6c7c89b439b1');
INSERT INTO interviewee (id, login, password, age, gender, country, marital_status) VALUES ('f662b1ea-ce58-4466-8fff-ffde00d1c147', 'interviewee438', 'qwerty', 50, 'female', 'PM', 'married');
INSERT INTO choice (id, questionnaire_id, interviewee_id) VALUES ('024c4c36-81f3-4951-975c-4df56e04b713', 'a7e484ae-fb91-4ddf-a8c0-869a7f4ad0ee', 'f662b1ea-ce58-4466-8fff-ffde00d1c147');
INSERT INTO option_choice (option_id, choice_id) VALUES ('5833b1ae-14b5-474e-8178-69dc98fc720e', '024c4c36-81f3-4951-975c-4df56e04b713');
INSERT INTO interviewee (id, login, password, age, gender, country, marital_status) VALUES ('e3203488-6e79-4101-a875-221c9fa4193e', 'interviewee439', 'qwerty', 30, 'female', 'CR', 'married');
INSERT INTO choice (id, questionnaire_id, interviewee_id) VALUES ('f3c87ad6-c2d5-4253-898f-ef513b339ac9', '6a34c81d-d686-4ce4-8e2f-ec3d2ba47346', 'e3203488-6e79-4101-a875-221c9fa4193e');
INSERT INTO option_choice (option_id, choice_id) VALUES ('f7043315-74b1-4456-92cc-0c7dc1e0dd21', 'f3c87ad6-c2d5-4253-898f-ef513b339ac9');
INSERT INTO interviewee (id, login, password, age, gender, country, marital_status) VALUES ('6eee93a4-3db8-41be-89bb-a72bd379e62c', 'interviewee440', 'qwerty', 70, 'female', 'CD', 'was_not_married');
INSERT INTO choice (id, questionnaire_id, interviewee_id) VALUES ('acf785c0-ce75-436c-859f-892d6e59e381', 'a7e484ae-fb91-4ddf-a8c0-869a7f4ad0ee', '6eee93a4-3db8-41be-89bb-a72bd379e62c');
INSERT INTO option_choice (option_id, choice_id) VALUES ('5833b1ae-14b5-474e-8178-69dc98fc720e', 'acf785c0-ce75-436c-859f-892d6e59e381');
INSERT INTO choice (id, questionnaire_id, interviewee_id) VALUES ('026edbb9-16a1-422d-94b1-5c5cc44c38d6', '557cb630-d2f4-4e11-afe9-d50534deb525', '6eee93a4-3db8-41be-89bb-a72bd379e62c');
INSERT INTO option_choice (option_id, choice_id) VALUES ('b633afa9-c11d-4aab-b450-ffbcfde02318', '026edbb9-16a1-422d-94b1-5c5cc44c38d6');
INSERT INTO choice (id, questionnaire_id, interviewee_id) VALUES ('e31bfc5a-c336-4795-823e-d531a3c6383e', '1a336595-020d-4026-a389-afd9a80cf707', '6eee93a4-3db8-41be-89bb-a72bd379e62c');
INSERT INTO option_choice (option_id, choice_id) VALUES ('fb8edb03-709f-43c3-9875-7ba762e529a6', 'e31bfc5a-c336-4795-823e-d531a3c6383e');
INSERT INTO interviewee (id, login, password, age, gender, country, marital_status) VALUES ('7caee2ab-e9ce-4a41-a636-90d1fdd8e79d', 'interviewee441', 'qwerty', 55, 'female', 'SM', 'was_not_married');
INSERT INTO choice (id, questionnaire_id, interviewee_id) VALUES ('13aafef7-51d5-4bde-bd64-900dd895296b', 'e679f6e5-388e-4679-9f14-15a0896d2816', '7caee2ab-e9ce-4a41-a636-90d1fdd8e79d');
INSERT INTO option_choice (option_id, choice_id) VALUES ('5169914a-cf41-4077-8993-1322df09c3da', '13aafef7-51d5-4bde-bd64-900dd895296b');
INSERT INTO option_choice (option_id, choice_id) VALUES ('f62b7b4d-17f1-4686-9782-f0b454d6f390', '13aafef7-51d5-4bde-bd64-900dd895296b');
INSERT INTO option_choice (option_id, choice_id) VALUES ('01fc26e1-e8f8-407f-a1b8-6af243e9c3dd', '13aafef7-51d5-4bde-bd64-900dd895296b');
INSERT INTO interviewee (id, login, password, age, gender, country, marital_status) VALUES ('b618d6e3-018a-49e6-b179-203712e7d2ba', 'interviewee442', 'qwerty', 30, 'male', 'SV', 'married');
INSERT INTO choice (id, questionnaire_id, interviewee_id) VALUES ('24c608fe-a2bd-4fa9-bb36-150542ab36c1', '1a336595-020d-4026-a389-afd9a80cf707', 'b618d6e3-018a-49e6-b179-203712e7d2ba');
INSERT INTO option_choice (option_id, choice_id) VALUES ('15439bd9-6ff1-4651-a545-60ef7679f375', '24c608fe-a2bd-4fa9-bb36-150542ab36c1');
INSERT INTO interviewee (id, login, password, age, gender, country, marital_status) VALUES ('9302d740-41cc-49b1-86e4-51556198c1e2', 'interviewee443', 'qwerty', 35, 'male', 'VI', 'was_not_married');
INSERT INTO choice (id, questionnaire_id, interviewee_id) VALUES ('da6075e5-6f94-442a-98f5-fe56331bdf68', '21abb345-1235-4f5e-8b5b-2f6f89f30fee', '9302d740-41cc-49b1-86e4-51556198c1e2');
INSERT INTO option_choice (option_id, choice_id) VALUES ('4953e37a-2891-460f-84ea-4bd510463bab', 'da6075e5-6f94-442a-98f5-fe56331bdf68');
INSERT INTO interviewee (id, login, password, age, gender, country, marital_status) VALUES ('89e42079-b9e1-429c-a308-1518061f5759', 'interviewee444', 'qwerty', 64, 'female', 'ML', 'married');
INSERT INTO choice (id, questionnaire_id, interviewee_id) VALUES ('feaa63c1-a322-4993-b842-bd6b374972b2', 'd05638df-f11c-413d-8456-ee036bed2914', '89e42079-b9e1-429c-a308-1518061f5759');
INSERT INTO option_choice (option_id, choice_id) VALUES ('b0557de3-6b66-4e79-b1ac-c2b8f0a5096b', 'feaa63c1-a322-4993-b842-bd6b374972b2');
INSERT INTO choice (id, questionnaire_id, interviewee_id) VALUES ('2e77e844-9ba5-424d-a3b5-4984b424a859', '1a336595-020d-4026-a389-afd9a80cf707', '89e42079-b9e1-429c-a308-1518061f5759');
INSERT INTO option_choice (option_id, choice_id) VALUES ('22762ef8-944e-46b0-a7e0-4e990383e528', '2e77e844-9ba5-424d-a3b5-4984b424a859');
INSERT INTO choice (id, questionnaire_id, interviewee_id) VALUES ('2d516ab1-84bc-41b4-b5c0-a51ec26cb6a9', '56c296cd-7c3b-4eb1-90cb-745e555a098c', '89e42079-b9e1-429c-a308-1518061f5759');
INSERT INTO option_choice (option_id, choice_id) VALUES ('00605853-328c-4a30-9227-5513208ca17e', '2d516ab1-84bc-41b4-b5c0-a51ec26cb6a9');
INSERT INTO option_choice (option_id, choice_id) VALUES ('75d9d333-93f8-42f6-be3b-9a5a24aa476c', '2d516ab1-84bc-41b4-b5c0-a51ec26cb6a9');
INSERT INTO interviewee (id, login, password, age, gender, country, marital_status) VALUES ('fad34ecb-7705-4dab-82b8-8c1923bef70d', 'interviewee445', 'qwerty', 23, 'female', 'NA', 'was_not_married');
INSERT INTO choice (id, questionnaire_id, interviewee_id) VALUES ('744f0533-8290-47c6-80f0-b5fa2e464e0e', '0b6580ec-1374-4a48-ad1d-b1fa316ad9be', 'fad34ecb-7705-4dab-82b8-8c1923bef70d');
INSERT INTO option_choice (option_id, choice_id) VALUES ('82be4575-892d-453a-b3d9-0827c6b6d6df', '744f0533-8290-47c6-80f0-b5fa2e464e0e');
INSERT INTO option_choice (option_id, choice_id) VALUES ('82cec316-48c4-48d4-9d69-8a67e9d22eca', '744f0533-8290-47c6-80f0-b5fa2e464e0e');
INSERT INTO choice (id, questionnaire_id, interviewee_id) VALUES ('1bd980d2-a8ff-419e-bb3d-3e2a6cfcb031', 'f680addd-a0b2-4101-9e1f-5e0870943c68', 'fad34ecb-7705-4dab-82b8-8c1923bef70d');
INSERT INTO option_choice (option_id, choice_id) VALUES ('cfde0373-91b9-46f9-bc0d-a137a713d2d7', '1bd980d2-a8ff-419e-bb3d-3e2a6cfcb031');
INSERT INTO option_choice (option_id, choice_id) VALUES ('521ef3a0-411b-4392-8393-62ed9a638949', '1bd980d2-a8ff-419e-bb3d-3e2a6cfcb031');
INSERT INTO interviewee (id, login, password, age, gender, country, marital_status) VALUES ('e27676ed-7c42-463c-85ce-ad0cdd524bab', 'interviewee446', 'qwerty', 68, 'male', 'AW', 'was_not_married');
INSERT INTO choice (id, questionnaire_id, interviewee_id) VALUES ('1f01ea5c-5957-4548-8348-c8a050e15891', 'b6588e29-37de-425f-834e-e867f77794ce', 'e27676ed-7c42-463c-85ce-ad0cdd524bab');
INSERT INTO option_choice (option_id, choice_id) VALUES ('07e7a8bf-65e2-41d5-aeef-91bcbe765392', '1f01ea5c-5957-4548-8348-c8a050e15891');
INSERT INTO option_choice (option_id, choice_id) VALUES ('7f0bbd14-8cfc-4a28-88f7-5af992a4c02b', '1f01ea5c-5957-4548-8348-c8a050e15891');
INSERT INTO option_choice (option_id, choice_id) VALUES ('460ff4a7-d376-4dc8-b5bb-9ab1989fbb31', '1f01ea5c-5957-4548-8348-c8a050e15891');
INSERT INTO option_choice (option_id, choice_id) VALUES ('46bd1403-2ee0-4145-8014-8dd4fafcb8af', '1f01ea5c-5957-4548-8348-c8a050e15891');
INSERT INTO option_choice (option_id, choice_id) VALUES ('4bde418e-a165-43f7-ac7b-c6d2ab034e2e', '1f01ea5c-5957-4548-8348-c8a050e15891');
INSERT INTO choice (id, questionnaire_id, interviewee_id) VALUES ('cbce20ef-f38a-4766-803b-9fdc075a96da', 'e2cf177f-e49f-4aef-99a6-095d711c6ec2', 'e27676ed-7c42-463c-85ce-ad0cdd524bab');
INSERT INTO option_choice (option_id, choice_id) VALUES ('242c02d5-0f4b-4e89-976f-3754854f478c', 'cbce20ef-f38a-4766-803b-9fdc075a96da');
INSERT INTO interviewee (id, login, password, age, gender, country, marital_status) VALUES ('96c2621f-9085-452e-b841-916372bd6550', 'interviewee447', 'qwerty', 66, 'male', 'UG', 'divorced');
INSERT INTO choice (id, questionnaire_id, interviewee_id) VALUES ('cf77a400-cd0b-44cf-a132-83154fa5d557', '6a34c81d-d686-4ce4-8e2f-ec3d2ba47346', '96c2621f-9085-452e-b841-916372bd6550');
INSERT INTO option_choice (option_id, choice_id) VALUES ('7a83da6c-611b-4c33-a2e2-ddf398a170bc', 'cf77a400-cd0b-44cf-a132-83154fa5d557');
INSERT INTO choice (id, questionnaire_id, interviewee_id) VALUES ('5ecb6833-0dbb-4cd9-aa82-45a5dd9029ec', 'e679f6e5-388e-4679-9f14-15a0896d2816', '96c2621f-9085-452e-b841-916372bd6550');
INSERT INTO option_choice (option_id, choice_id) VALUES ('7fc08a6e-900b-45ea-b455-29a8eb343039', '5ecb6833-0dbb-4cd9-aa82-45a5dd9029ec');
INSERT INTO option_choice (option_id, choice_id) VALUES ('ae13d28d-5670-495b-a9e0-d0949dab86e3', '5ecb6833-0dbb-4cd9-aa82-45a5dd9029ec');
INSERT INTO interviewee (id, login, password, age, gender, country, marital_status) VALUES ('e55ebeb3-30f3-43d4-a516-6a0187af4355', 'interviewee448', 'qwerty', 41, 'female', 'KZ', 'married');
INSERT INTO choice (id, questionnaire_id, interviewee_id) VALUES ('8d6b0bd4-3b19-457d-abb5-144caafccb7c', 'af6f1431-a90e-4919-83a4-359d6a8a7d22', 'e55ebeb3-30f3-43d4-a516-6a0187af4355');
INSERT INTO option_choice (option_id, choice_id) VALUES ('e6932ff8-921c-4ab7-b5c5-37e59ea816fd', '8d6b0bd4-3b19-457d-abb5-144caafccb7c');
INSERT INTO option_choice (option_id, choice_id) VALUES ('14b9069e-cc19-448a-96f6-c333a9a53635', '8d6b0bd4-3b19-457d-abb5-144caafccb7c');
INSERT INTO option_choice (option_id, choice_id) VALUES ('1d5c1c89-2fbe-4efd-aab1-12329e29ad0f', '8d6b0bd4-3b19-457d-abb5-144caafccb7c');
INSERT INTO interviewee (id, login, password, age, gender, country, marital_status) VALUES ('003daa09-b74d-4141-af25-25def5c89209', 'interviewee449', 'qwerty', 51, 'male', 'CX', 'was_not_married');
INSERT INTO choice (id, questionnaire_id, interviewee_id) VALUES ('c49ee28d-0a9c-4031-be89-c165acd5b079', 'b6588e29-37de-425f-834e-e867f77794ce', '003daa09-b74d-4141-af25-25def5c89209');
INSERT INTO option_choice (option_id, choice_id) VALUES ('40c301f5-13ed-4b94-85aa-e1c562adce4d', 'c49ee28d-0a9c-4031-be89-c165acd5b079');
INSERT INTO option_choice (option_id, choice_id) VALUES ('460ff4a7-d376-4dc8-b5bb-9ab1989fbb31', 'c49ee28d-0a9c-4031-be89-c165acd5b079');
INSERT INTO option_choice (option_id, choice_id) VALUES ('7f0bbd14-8cfc-4a28-88f7-5af992a4c02b', 'c49ee28d-0a9c-4031-be89-c165acd5b079');
INSERT INTO option_choice (option_id, choice_id) VALUES ('5b82f100-bb0f-47ec-9395-7a0409f4b7ef', 'c49ee28d-0a9c-4031-be89-c165acd5b079');
INSERT INTO option_choice (option_id, choice_id) VALUES ('46bd1403-2ee0-4145-8014-8dd4fafcb8af', 'c49ee28d-0a9c-4031-be89-c165acd5b079');
INSERT INTO option_choice (option_id, choice_id) VALUES ('07e7a8bf-65e2-41d5-aeef-91bcbe765392', 'c49ee28d-0a9c-4031-be89-c165acd5b079');
INSERT INTO option_choice (option_id, choice_id) VALUES ('ec37510e-f2a1-4e16-ae94-e9ea2c4461e3', 'c49ee28d-0a9c-4031-be89-c165acd5b079');
INSERT INTO option_choice (option_id, choice_id) VALUES ('4bde418e-a165-43f7-ac7b-c6d2ab034e2e', 'c49ee28d-0a9c-4031-be89-c165acd5b079');
INSERT INTO interviewee (id, login, password, age, gender, country, marital_status) VALUES ('84b926e9-f0e5-4149-a676-fc8e3e0d8080', 'interviewee450', 'qwerty', 44, 'female', 'DO', 'divorced');
INSERT INTO choice (id, questionnaire_id, interviewee_id) VALUES ('ea0cb370-074a-45cd-b65b-ae5829c5067b', '83dbd16d-6765-468d-944f-022d10d042e5', '84b926e9-f0e5-4149-a676-fc8e3e0d8080');
INSERT INTO option_choice (option_id, choice_id) VALUES ('d6416cf3-39f7-4cf9-ba84-314605b84d03', 'ea0cb370-074a-45cd-b65b-ae5829c5067b');
INSERT INTO option_choice (option_id, choice_id) VALUES ('eee0aab7-8b77-4c19-b028-648aa7e303ed', 'ea0cb370-074a-45cd-b65b-ae5829c5067b');
INSERT INTO option_choice (option_id, choice_id) VALUES ('176e8036-bece-46c0-beb2-71eb28a41f51', 'ea0cb370-074a-45cd-b65b-ae5829c5067b');
INSERT INTO choice (id, questionnaire_id, interviewee_id) VALUES ('80860592-00aa-4538-a91e-b4f76e32502b', '1a336595-020d-4026-a389-afd9a80cf707', '84b926e9-f0e5-4149-a676-fc8e3e0d8080');
INSERT INTO option_choice (option_id, choice_id) VALUES ('026e21bd-77e7-46bc-85ba-c7e5eea39031', '80860592-00aa-4538-a91e-b4f76e32502b');
INSERT INTO interviewee (id, login, password, age, gender, country, marital_status) VALUES ('d9349449-6b8a-4cee-adbd-f962d9e80b00', 'interviewee451', 'qwerty', 19, 'female', 'ZW', 'was_not_married');
INSERT INTO choice (id, questionnaire_id, interviewee_id) VALUES ('bab9b7fb-5948-4843-afde-868187296c80', '1a336595-020d-4026-a389-afd9a80cf707', 'd9349449-6b8a-4cee-adbd-f962d9e80b00');
INSERT INTO option_choice (option_id, choice_id) VALUES ('026e21bd-77e7-46bc-85ba-c7e5eea39031', 'bab9b7fb-5948-4843-afde-868187296c80');
INSERT INTO choice (id, questionnaire_id, interviewee_id) VALUES ('16e53a3d-8ecb-4b3d-ada4-99554441b59e', 'cb70c074-82ef-4114-aabc-e940a19b5bb0', 'd9349449-6b8a-4cee-adbd-f962d9e80b00');
INSERT INTO option_choice (option_id, choice_id) VALUES ('4f47a30f-5169-4bf3-a6a9-f9777225a72d', '16e53a3d-8ecb-4b3d-ada4-99554441b59e');
INSERT INTO option_choice (option_id, choice_id) VALUES ('b2aebe06-b155-47cd-a39d-b9c1beabb465', '16e53a3d-8ecb-4b3d-ada4-99554441b59e');
INSERT INTO option_choice (option_id, choice_id) VALUES ('c2db2843-0153-4422-8aa4-c4c9e640418d', '16e53a3d-8ecb-4b3d-ada4-99554441b59e');
INSERT INTO option_choice (option_id, choice_id) VALUES ('a6011a1c-260b-45fb-ad13-b09674b0b968', '16e53a3d-8ecb-4b3d-ada4-99554441b59e');
INSERT INTO interviewee (id, login, password, age, gender, country, marital_status) VALUES ('97a611a3-e580-4288-810a-7fa018a17ad0', 'interviewee452', 'qwerty', 21, 'male', 'AI', 'married');
INSERT INTO choice (id, questionnaire_id, interviewee_id) VALUES ('46c6457e-a293-4d5f-be9e-e531cd506657', '0b6580ec-1374-4a48-ad1d-b1fa316ad9be', '97a611a3-e580-4288-810a-7fa018a17ad0');
INSERT INTO option_choice (option_id, choice_id) VALUES ('a518cc4d-143a-45ca-b29f-a7c53dacc773', '46c6457e-a293-4d5f-be9e-e531cd506657');
INSERT INTO option_choice (option_id, choice_id) VALUES ('82cec316-48c4-48d4-9d69-8a67e9d22eca', '46c6457e-a293-4d5f-be9e-e531cd506657');
INSERT INTO option_choice (option_id, choice_id) VALUES ('82be4575-892d-453a-b3d9-0827c6b6d6df', '46c6457e-a293-4d5f-be9e-e531cd506657');
INSERT INTO option_choice (option_id, choice_id) VALUES ('68263915-d7e9-4ac6-9c14-f48cf8807857', '46c6457e-a293-4d5f-be9e-e531cd506657');
INSERT INTO choice (id, questionnaire_id, interviewee_id) VALUES ('a41c3013-cd05-4911-8bc2-2a11a5792111', '1a336595-020d-4026-a389-afd9a80cf707', '97a611a3-e580-4288-810a-7fa018a17ad0');
INSERT INTO option_choice (option_id, choice_id) VALUES ('026e21bd-77e7-46bc-85ba-c7e5eea39031', 'a41c3013-cd05-4911-8bc2-2a11a5792111');
INSERT INTO interviewee (id, login, password, age, gender, country, marital_status) VALUES ('be799e4e-5ba2-499b-8333-a138921afa45', 'interviewee453', 'qwerty', 49, 'female', 'VC', 'divorced');
INSERT INTO choice (id, questionnaire_id, interviewee_id) VALUES ('41aeab08-3828-4c85-b429-8739289c3690', '56c296cd-7c3b-4eb1-90cb-745e555a098c', 'be799e4e-5ba2-499b-8333-a138921afa45');
INSERT INTO option_choice (option_id, choice_id) VALUES ('00605853-328c-4a30-9227-5513208ca17e', '41aeab08-3828-4c85-b429-8739289c3690');
INSERT INTO choice (id, questionnaire_id, interviewee_id) VALUES ('578b4472-d45a-48d0-9572-cc501846f1ae', '309e872a-e145-4926-998b-ec0fdb62466a', 'be799e4e-5ba2-499b-8333-a138921afa45');
INSERT INTO option_choice (option_id, choice_id) VALUES ('8ccfc598-c3a0-4ad2-a052-f4e6e3edc252', '578b4472-d45a-48d0-9572-cc501846f1ae');
INSERT INTO choice (id, questionnaire_id, interviewee_id) VALUES ('d9e9ed7f-ed89-4bfa-9e58-c5a2ec1a6cc5', 'cb70c074-82ef-4114-aabc-e940a19b5bb0', 'be799e4e-5ba2-499b-8333-a138921afa45');
INSERT INTO option_choice (option_id, choice_id) VALUES ('4f47a30f-5169-4bf3-a6a9-f9777225a72d', 'd9e9ed7f-ed89-4bfa-9e58-c5a2ec1a6cc5');
INSERT INTO option_choice (option_id, choice_id) VALUES ('c2db2843-0153-4422-8aa4-c4c9e640418d', 'd9e9ed7f-ed89-4bfa-9e58-c5a2ec1a6cc5');
INSERT INTO interviewee (id, login, password, age, gender, country, marital_status) VALUES ('271884ee-48a4-4747-9a4e-4dafb5fd4209', 'interviewee454', 'qwerty', 58, 'male', 'MA', 'married');
INSERT INTO choice (id, questionnaire_id, interviewee_id) VALUES ('23d0e251-d2e4-4352-9ff0-4664a41b1f83', '0b6580ec-1374-4a48-ad1d-b1fa316ad9be', '271884ee-48a4-4747-9a4e-4dafb5fd4209');
INSERT INTO option_choice (option_id, choice_id) VALUES ('82be4575-892d-453a-b3d9-0827c6b6d6df', '23d0e251-d2e4-4352-9ff0-4664a41b1f83');
INSERT INTO option_choice (option_id, choice_id) VALUES ('68263915-d7e9-4ac6-9c14-f48cf8807857', '23d0e251-d2e4-4352-9ff0-4664a41b1f83');
INSERT INTO option_choice (option_id, choice_id) VALUES ('82cec316-48c4-48d4-9d69-8a67e9d22eca', '23d0e251-d2e4-4352-9ff0-4664a41b1f83');
INSERT INTO option_choice (option_id, choice_id) VALUES ('a518cc4d-143a-45ca-b29f-a7c53dacc773', '23d0e251-d2e4-4352-9ff0-4664a41b1f83');
INSERT INTO choice (id, questionnaire_id, interviewee_id) VALUES ('ec3f4adc-7b93-47a1-be71-090ba3cfcd89', 'e679f6e5-388e-4679-9f14-15a0896d2816', '271884ee-48a4-4747-9a4e-4dafb5fd4209');
INSERT INTO option_choice (option_id, choice_id) VALUES ('3ee9dd0f-6306-4f8b-bdec-27347884621a', 'ec3f4adc-7b93-47a1-be71-090ba3cfcd89');
INSERT INTO option_choice (option_id, choice_id) VALUES ('f62b7b4d-17f1-4686-9782-f0b454d6f390', 'ec3f4adc-7b93-47a1-be71-090ba3cfcd89');
INSERT INTO interviewee (id, login, password, age, gender, country, marital_status) VALUES ('f78f8749-58c5-440b-a5ee-737b592d919f', 'interviewee455', 'qwerty', 42, 'male', 'AD', 'was_not_married');
INSERT INTO choice (id, questionnaire_id, interviewee_id) VALUES ('0e4df5b4-8df5-42e2-ae78-e48dfac14abf', '6a34c81d-d686-4ce4-8e2f-ec3d2ba47346', 'f78f8749-58c5-440b-a5ee-737b592d919f');
INSERT INTO option_choice (option_id, choice_id) VALUES ('7a83da6c-611b-4c33-a2e2-ddf398a170bc', '0e4df5b4-8df5-42e2-ae78-e48dfac14abf');
INSERT INTO choice (id, questionnaire_id, interviewee_id) VALUES ('9e225a06-bc2c-43a7-9c77-6f96d666362a', 'a2f7d656-4675-4d99-9435-95cbe535c6c1', 'f78f8749-58c5-440b-a5ee-737b592d919f');
INSERT INTO option_choice (option_id, choice_id) VALUES ('d3d55bb1-ef9d-4b9a-b1b9-8e4375e7dbd0', '9e225a06-bc2c-43a7-9c77-6f96d666362a');
INSERT INTO option_choice (option_id, choice_id) VALUES ('2366bc8e-690e-4739-b5f2-cf491cd8107c', '9e225a06-bc2c-43a7-9c77-6f96d666362a');
INSERT INTO option_choice (option_id, choice_id) VALUES ('110b73fb-e57f-409d-83dc-0d81bdd20a44', '9e225a06-bc2c-43a7-9c77-6f96d666362a');
INSERT INTO option_choice (option_id, choice_id) VALUES ('c6bb5cf5-3828-4747-8bb2-776e9deaeb04', '9e225a06-bc2c-43a7-9c77-6f96d666362a');
INSERT INTO option_choice (option_id, choice_id) VALUES ('ced72831-705a-4153-849e-71a73e5a7d3c', '9e225a06-bc2c-43a7-9c77-6f96d666362a');
INSERT INTO option_choice (option_id, choice_id) VALUES ('930526a4-2714-4f39-831c-55b3185bd967', '9e225a06-bc2c-43a7-9c77-6f96d666362a');
INSERT INTO interviewee (id, login, password, age, gender, country, marital_status) VALUES ('a5481959-bd36-4b8e-b976-b4777bb2f354', 'interviewee456', 'qwerty', 59, 'male', 'TL', 'divorced');
INSERT INTO choice (id, questionnaire_id, interviewee_id) VALUES ('d6e40bd8-09bf-45fd-a7e5-a3c7a2dc1fef', '83dbd16d-6765-468d-944f-022d10d042e5', 'a5481959-bd36-4b8e-b976-b4777bb2f354');
INSERT INTO option_choice (option_id, choice_id) VALUES ('176e8036-bece-46c0-beb2-71eb28a41f51', 'd6e40bd8-09bf-45fd-a7e5-a3c7a2dc1fef');
INSERT INTO option_choice (option_id, choice_id) VALUES ('d6416cf3-39f7-4cf9-ba84-314605b84d03', 'd6e40bd8-09bf-45fd-a7e5-a3c7a2dc1fef');
INSERT INTO option_choice (option_id, choice_id) VALUES ('d8a63395-3425-4d1b-95be-b38dc31cb0af', 'd6e40bd8-09bf-45fd-a7e5-a3c7a2dc1fef');
INSERT INTO option_choice (option_id, choice_id) VALUES ('eee0aab7-8b77-4c19-b028-648aa7e303ed', 'd6e40bd8-09bf-45fd-a7e5-a3c7a2dc1fef');
INSERT INTO choice (id, questionnaire_id, interviewee_id) VALUES ('2f8e1899-bee9-40ab-8e0c-0c5691cde5f4', 'e679f6e5-388e-4679-9f14-15a0896d2816', 'a5481959-bd36-4b8e-b976-b4777bb2f354');
INSERT INTO option_choice (option_id, choice_id) VALUES ('f62b7b4d-17f1-4686-9782-f0b454d6f390', '2f8e1899-bee9-40ab-8e0c-0c5691cde5f4');
INSERT INTO option_choice (option_id, choice_id) VALUES ('ae13d28d-5670-495b-a9e0-d0949dab86e3', '2f8e1899-bee9-40ab-8e0c-0c5691cde5f4');
INSERT INTO interviewee (id, login, password, age, gender, country, marital_status) VALUES ('f4bf80d9-27f8-4453-9711-995994304543', 'interviewee457', 'qwerty', 70, 'male', 'KG', 'was_not_married');
INSERT INTO choice (id, questionnaire_id, interviewee_id) VALUES ('28d77932-02ed-4fac-8fcc-bdc3124ea53f', 'a7e484ae-fb91-4ddf-a8c0-869a7f4ad0ee', 'f4bf80d9-27f8-4453-9711-995994304543');
INSERT INTO option_choice (option_id, choice_id) VALUES ('4331f8de-01b0-4500-b3ce-a712074f2e20', '28d77932-02ed-4fac-8fcc-bdc3124ea53f');
INSERT INTO interviewee (id, login, password, age, gender, country, marital_status) VALUES ('4ee77aa7-008c-43ee-9973-2bb9d3c8fbaf', 'interviewee458', 'qwerty', 30, 'male', 'PL', 'married');
INSERT INTO choice (id, questionnaire_id, interviewee_id) VALUES ('cd5adc8d-ed27-4c86-aa8a-fb5a127f8518', '6a34c81d-d686-4ce4-8e2f-ec3d2ba47346', '4ee77aa7-008c-43ee-9973-2bb9d3c8fbaf');
INSERT INTO option_choice (option_id, choice_id) VALUES ('39c56f53-1cf2-4487-83be-4d75b94ce4df', 'cd5adc8d-ed27-4c86-aa8a-fb5a127f8518');
INSERT INTO interviewee (id, login, password, age, gender, country, marital_status) VALUES ('bca6fc6e-33c9-45c7-b771-34a78d765114', 'interviewee459', 'qwerty', 18, 'female', 'SS', 'married');
INSERT INTO choice (id, questionnaire_id, interviewee_id) VALUES ('0e779f76-c8d7-4f13-b5a4-11f650fd0d4b', 'a345b682-c7ac-49ac-9f14-4f5173a872d8', 'bca6fc6e-33c9-45c7-b771-34a78d765114');
INSERT INTO option_choice (option_id, choice_id) VALUES ('4389db4e-2a8b-43f8-8643-dd6f5a5f160e', '0e779f76-c8d7-4f13-b5a4-11f650fd0d4b');
INSERT INTO choice (id, questionnaire_id, interviewee_id) VALUES ('bb143102-93f7-4759-a2c9-af9f83dcaae3', 'e2cf177f-e49f-4aef-99a6-095d711c6ec2', 'bca6fc6e-33c9-45c7-b771-34a78d765114');
INSERT INTO option_choice (option_id, choice_id) VALUES ('1b5e4a41-da4c-4845-8698-5ed9deee3ca2', 'bb143102-93f7-4759-a2c9-af9f83dcaae3');
INSERT INTO interviewee (id, login, password, age, gender, country, marital_status) VALUES ('57d83c65-818b-44f6-970f-d3b1f49e3d39', 'interviewee460', 'qwerty', 14, 'female', 'GU', 'divorced');
INSERT INTO choice (id, questionnaire_id, interviewee_id) VALUES ('11d6310b-ea98-43fc-b94b-de332efd8c75', '83dbd16d-6765-468d-944f-022d10d042e5', '57d83c65-818b-44f6-970f-d3b1f49e3d39');
INSERT INTO option_choice (option_id, choice_id) VALUES ('d6416cf3-39f7-4cf9-ba84-314605b84d03', '11d6310b-ea98-43fc-b94b-de332efd8c75');
INSERT INTO option_choice (option_id, choice_id) VALUES ('eee0aab7-8b77-4c19-b028-648aa7e303ed', '11d6310b-ea98-43fc-b94b-de332efd8c75');
INSERT INTO option_choice (option_id, choice_id) VALUES ('176e8036-bece-46c0-beb2-71eb28a41f51', '11d6310b-ea98-43fc-b94b-de332efd8c75');
INSERT INTO option_choice (option_id, choice_id) VALUES ('d8a63395-3425-4d1b-95be-b38dc31cb0af', '11d6310b-ea98-43fc-b94b-de332efd8c75');
INSERT INTO choice (id, questionnaire_id, interviewee_id) VALUES ('7f27f2b6-6b14-48da-bea1-c42ec9e1313c', '91a16ec4-1a91-44d1-bb08-6e9fc823c230', '57d83c65-818b-44f6-970f-d3b1f49e3d39');
INSERT INTO option_choice (option_id, choice_id) VALUES ('690b73cc-52e3-435d-a3bd-78733e5fdeaf', '7f27f2b6-6b14-48da-bea1-c42ec9e1313c');
INSERT INTO option_choice (option_id, choice_id) VALUES ('5b32da45-be75-42c8-8fa7-ba776167a759', '7f27f2b6-6b14-48da-bea1-c42ec9e1313c');
INSERT INTO choice (id, questionnaire_id, interviewee_id) VALUES ('85019bc3-f8a9-40e5-aff3-4c3c93172673', 'a2f7d656-4675-4d99-9435-95cbe535c6c1', '57d83c65-818b-44f6-970f-d3b1f49e3d39');
INSERT INTO option_choice (option_id, choice_id) VALUES ('110b73fb-e57f-409d-83dc-0d81bdd20a44', '85019bc3-f8a9-40e5-aff3-4c3c93172673');
INSERT INTO option_choice (option_id, choice_id) VALUES ('c6bb5cf5-3828-4747-8bb2-776e9deaeb04', '85019bc3-f8a9-40e5-aff3-4c3c93172673');
INSERT INTO option_choice (option_id, choice_id) VALUES ('d3d55bb1-ef9d-4b9a-b1b9-8e4375e7dbd0', '85019bc3-f8a9-40e5-aff3-4c3c93172673');
INSERT INTO option_choice (option_id, choice_id) VALUES ('ced72831-705a-4153-849e-71a73e5a7d3c', '85019bc3-f8a9-40e5-aff3-4c3c93172673');
INSERT INTO interviewee (id, login, password, age, gender, country, marital_status) VALUES ('00b2f239-3d18-4309-9aa9-f2ca519d0c6c', 'interviewee461', 'qwerty', 35, 'female', 'ES', 'divorced');
INSERT INTO choice (id, questionnaire_id, interviewee_id) VALUES ('d5a35c86-1d7c-450c-b52c-a38d7798d388', 'e679f6e5-388e-4679-9f14-15a0896d2816', '00b2f239-3d18-4309-9aa9-f2ca519d0c6c');
INSERT INTO option_choice (option_id, choice_id) VALUES ('5169914a-cf41-4077-8993-1322df09c3da', 'd5a35c86-1d7c-450c-b52c-a38d7798d388');
INSERT INTO option_choice (option_id, choice_id) VALUES ('3ee9dd0f-6306-4f8b-bdec-27347884621a', 'd5a35c86-1d7c-450c-b52c-a38d7798d388');
INSERT INTO option_choice (option_id, choice_id) VALUES ('f62b7b4d-17f1-4686-9782-f0b454d6f390', 'd5a35c86-1d7c-450c-b52c-a38d7798d388');
INSERT INTO option_choice (option_id, choice_id) VALUES ('7fc08a6e-900b-45ea-b455-29a8eb343039', 'd5a35c86-1d7c-450c-b52c-a38d7798d388');
INSERT INTO option_choice (option_id, choice_id) VALUES ('01fc26e1-e8f8-407f-a1b8-6af243e9c3dd', 'd5a35c86-1d7c-450c-b52c-a38d7798d388');
INSERT INTO choice (id, questionnaire_id, interviewee_id) VALUES ('139f4381-fcc1-42ff-bf5c-8d4170c437ed', '91a16ec4-1a91-44d1-bb08-6e9fc823c230', '00b2f239-3d18-4309-9aa9-f2ca519d0c6c');
INSERT INTO option_choice (option_id, choice_id) VALUES ('cab8632d-19dd-4ddc-9c90-669949088fa5', '139f4381-fcc1-42ff-bf5c-8d4170c437ed');
INSERT INTO option_choice (option_id, choice_id) VALUES ('690b73cc-52e3-435d-a3bd-78733e5fdeaf', '139f4381-fcc1-42ff-bf5c-8d4170c437ed');
INSERT INTO option_choice (option_id, choice_id) VALUES ('5b32da45-be75-42c8-8fa7-ba776167a759', '139f4381-fcc1-42ff-bf5c-8d4170c437ed');
INSERT INTO option_choice (option_id, choice_id) VALUES ('fbc23714-2c99-4441-8130-94075c78f6e8', '139f4381-fcc1-42ff-bf5c-8d4170c437ed');
INSERT INTO choice (id, questionnaire_id, interviewee_id) VALUES ('7de1cd71-37d3-4ec0-8096-9410f7e1add0', 'b5ae5620-2d58-48f5-a060-28e8fd1859dd', '00b2f239-3d18-4309-9aa9-f2ca519d0c6c');
INSERT INTO option_choice (option_id, choice_id) VALUES ('fecb111c-77d6-4b66-b728-32011b5211c0', '7de1cd71-37d3-4ec0-8096-9410f7e1add0');
INSERT INTO interviewee (id, login, password, age, gender, country, marital_status) VALUES ('1c4e5f44-b11f-48ed-805b-39a2edc97651', 'interviewee462', 'qwerty', 67, 'male', 'GA', 'was_not_married');
INSERT INTO choice (id, questionnaire_id, interviewee_id) VALUES ('12aa3ad2-651f-4376-be77-0d302d7e0893', 'e679f6e5-388e-4679-9f14-15a0896d2816', '1c4e5f44-b11f-48ed-805b-39a2edc97651');
INSERT INTO option_choice (option_id, choice_id) VALUES ('01fc26e1-e8f8-407f-a1b8-6af243e9c3dd', '12aa3ad2-651f-4376-be77-0d302d7e0893');
INSERT INTO option_choice (option_id, choice_id) VALUES ('7fc08a6e-900b-45ea-b455-29a8eb343039', '12aa3ad2-651f-4376-be77-0d302d7e0893');
INSERT INTO interviewee (id, login, password, age, gender, country, marital_status) VALUES ('da8a1cb0-92eb-4948-b9ba-91967ac2669c', 'interviewee463', 'qwerty', 26, 'male', 'MF', 'married');
INSERT INTO choice (id, questionnaire_id, interviewee_id) VALUES ('2c22ae92-eae8-4c2a-b725-fa7e802c298f', 'afb83fe3-e755-403b-9a15-c18b3782c012', 'da8a1cb0-92eb-4948-b9ba-91967ac2669c');
INSERT INTO option_choice (option_id, choice_id) VALUES ('db1f1f55-651e-4dd8-b4c1-deb2f26216b2', '2c22ae92-eae8-4c2a-b725-fa7e802c298f');
INSERT INTO choice (id, questionnaire_id, interviewee_id) VALUES ('bbf3a933-5afd-478d-83f6-20f32f233869', '309e872a-e145-4926-998b-ec0fdb62466a', 'da8a1cb0-92eb-4948-b9ba-91967ac2669c');
INSERT INTO option_choice (option_id, choice_id) VALUES ('8ccfc598-c3a0-4ad2-a052-f4e6e3edc252', 'bbf3a933-5afd-478d-83f6-20f32f233869');
INSERT INTO option_choice (option_id, choice_id) VALUES ('1dcd1e79-636e-4d6c-b9b4-dcf0da4fdaaa', 'bbf3a933-5afd-478d-83f6-20f32f233869');
INSERT INTO option_choice (option_id, choice_id) VALUES ('926da358-7388-4aea-b601-42bcfcd8c071', 'bbf3a933-5afd-478d-83f6-20f32f233869');
INSERT INTO interviewee (id, login, password, age, gender, country, marital_status) VALUES ('1a45bd3a-2c47-4ea4-82f9-6389a1831797', 'interviewee464', 'qwerty', 39, 'female', 'LT', 'married');
INSERT INTO choice (id, questionnaire_id, interviewee_id) VALUES ('3878fced-93b0-40b5-b5dd-0f28784c970d', 'e2cf177f-e49f-4aef-99a6-095d711c6ec2', '1a45bd3a-2c47-4ea4-82f9-6389a1831797');
INSERT INTO option_choice (option_id, choice_id) VALUES ('1b5e4a41-da4c-4845-8698-5ed9deee3ca2', '3878fced-93b0-40b5-b5dd-0f28784c970d');
INSERT INTO choice (id, questionnaire_id, interviewee_id) VALUES ('3ef28812-fe6c-4bd1-b9e0-a426c98aac8d', 'bf8da1bc-7284-44d0-a7c0-4e0321978aa0', '1a45bd3a-2c47-4ea4-82f9-6389a1831797');
INSERT INTO option_choice (option_id, choice_id) VALUES ('9bdf6935-cda0-4d8b-82bb-51be50aece89', '3ef28812-fe6c-4bd1-b9e0-a426c98aac8d');
INSERT INTO interviewee (id, login, password, age, gender, country, marital_status) VALUES ('1714a7e5-88f5-461f-99b1-0751008aca17', 'interviewee465', 'qwerty', 18, 'male', 'TR', 'divorced');
INSERT INTO choice (id, questionnaire_id, interviewee_id) VALUES ('a4a3f53e-bfdb-4f79-a371-fad0421888e5', 'a345b682-c7ac-49ac-9f14-4f5173a872d8', '1714a7e5-88f5-461f-99b1-0751008aca17');
INSERT INTO option_choice (option_id, choice_id) VALUES ('4389db4e-2a8b-43f8-8643-dd6f5a5f160e', 'a4a3f53e-bfdb-4f79-a371-fad0421888e5');
INSERT INTO choice (id, questionnaire_id, interviewee_id) VALUES ('2e767a01-60f6-43de-b4f3-909b1550b1f3', 'afb83fe3-e755-403b-9a15-c18b3782c012', '1714a7e5-88f5-461f-99b1-0751008aca17');
INSERT INTO option_choice (option_id, choice_id) VALUES ('db1f1f55-651e-4dd8-b4c1-deb2f26216b2', '2e767a01-60f6-43de-b4f3-909b1550b1f3');
INSERT INTO choice (id, questionnaire_id, interviewee_id) VALUES ('fce91088-29aa-408b-98b5-42d5b3833224', '8902d50d-0421-4680-82f2-f2b1b667e3fd', '1714a7e5-88f5-461f-99b1-0751008aca17');
INSERT INTO option_choice (option_id, choice_id) VALUES ('b9a164f5-2a94-487b-874f-f3bdc79ee4e3', 'fce91088-29aa-408b-98b5-42d5b3833224');
INSERT INTO interviewee (id, login, password, age, gender, country, marital_status) VALUES ('3468663b-e51f-42e8-94ac-f5efd5a19dbb', 'interviewee466', 'qwerty', 56, 'male', 'PY', 'divorced');
INSERT INTO choice (id, questionnaire_id, interviewee_id) VALUES ('d68686f3-05c6-4d4e-b205-3515ed0f91f6', 'e2cf177f-e49f-4aef-99a6-095d711c6ec2', '3468663b-e51f-42e8-94ac-f5efd5a19dbb');
INSERT INTO option_choice (option_id, choice_id) VALUES ('1b5e4a41-da4c-4845-8698-5ed9deee3ca2', 'd68686f3-05c6-4d4e-b205-3515ed0f91f6');
INSERT INTO choice (id, questionnaire_id, interviewee_id) VALUES ('c588a643-ad88-49a8-a371-dfaeee838d2e', 'a345b682-c7ac-49ac-9f14-4f5173a872d8', '3468663b-e51f-42e8-94ac-f5efd5a19dbb');
INSERT INTO option_choice (option_id, choice_id) VALUES ('4389db4e-2a8b-43f8-8643-dd6f5a5f160e', 'c588a643-ad88-49a8-a371-dfaeee838d2e');
INSERT INTO interviewee (id, login, password, age, gender, country, marital_status) VALUES ('863ac090-edfd-4eb4-929c-46bcac8a3077', 'interviewee467', 'qwerty', 18, 'male', 'CX', 'was_not_married');
INSERT INTO choice (id, questionnaire_id, interviewee_id) VALUES ('253f9e59-e0dc-4335-ae9e-b6ec0c593d61', '8902d50d-0421-4680-82f2-f2b1b667e3fd', '863ac090-edfd-4eb4-929c-46bcac8a3077');
INSERT INTO option_choice (option_id, choice_id) VALUES ('ac0c373d-7749-4908-8091-d580700cabb0', '253f9e59-e0dc-4335-ae9e-b6ec0c593d61');
INSERT INTO choice (id, questionnaire_id, interviewee_id) VALUES ('fbb54466-6348-4489-983d-4812a526b76f', '1a336595-020d-4026-a389-afd9a80cf707', '863ac090-edfd-4eb4-929c-46bcac8a3077');
INSERT INTO option_choice (option_id, choice_id) VALUES ('15439bd9-6ff1-4651-a545-60ef7679f375', 'fbb54466-6348-4489-983d-4812a526b76f');
INSERT INTO choice (id, questionnaire_id, interviewee_id) VALUES ('f99978aa-eb0b-4e0a-9a76-6f7aba6a83bd', '6a34c81d-d686-4ce4-8e2f-ec3d2ba47346', '863ac090-edfd-4eb4-929c-46bcac8a3077');
INSERT INTO option_choice (option_id, choice_id) VALUES ('f7043315-74b1-4456-92cc-0c7dc1e0dd21', 'f99978aa-eb0b-4e0a-9a76-6f7aba6a83bd');
INSERT INTO interviewee (id, login, password, age, gender, country, marital_status) VALUES ('f17b12e4-e886-41df-8e53-e2e9d01c5685', 'interviewee468', 'qwerty', 49, 'female', 'MO', 'was_not_married');
INSERT INTO choice (id, questionnaire_id, interviewee_id) VALUES ('7aab3b5c-3e9e-4e07-a63a-e2b68f5d5055', '309e872a-e145-4926-998b-ec0fdb62466a', 'f17b12e4-e886-41df-8e53-e2e9d01c5685');
INSERT INTO option_choice (option_id, choice_id) VALUES ('1dcd1e79-636e-4d6c-b9b4-dcf0da4fdaaa', '7aab3b5c-3e9e-4e07-a63a-e2b68f5d5055');
INSERT INTO option_choice (option_id, choice_id) VALUES ('8ccfc598-c3a0-4ad2-a052-f4e6e3edc252', '7aab3b5c-3e9e-4e07-a63a-e2b68f5d5055');
INSERT INTO option_choice (option_id, choice_id) VALUES ('926da358-7388-4aea-b601-42bcfcd8c071', '7aab3b5c-3e9e-4e07-a63a-e2b68f5d5055');
INSERT INTO choice (id, questionnaire_id, interviewee_id) VALUES ('b363310f-a237-4e61-aa83-f019ce0da8ba', '8adfa259-7459-4497-b994-7101058c39c1', 'f17b12e4-e886-41df-8e53-e2e9d01c5685');
INSERT INTO option_choice (option_id, choice_id) VALUES ('502fb96b-685d-47da-86bb-f40e1e8f57ef', 'b363310f-a237-4e61-aa83-f019ce0da8ba');
INSERT INTO option_choice (option_id, choice_id) VALUES ('9e45c288-be30-427f-be35-83a5171e2b4d', 'b363310f-a237-4e61-aa83-f019ce0da8ba');
INSERT INTO option_choice (option_id, choice_id) VALUES ('3e047d89-087c-45bd-82d6-38c4acd5c609', 'b363310f-a237-4e61-aa83-f019ce0da8ba');
INSERT INTO choice (id, questionnaire_id, interviewee_id) VALUES ('f3964a9a-a93d-4f70-a955-ca326c575e11', '83dbd16d-6765-468d-944f-022d10d042e5', 'f17b12e4-e886-41df-8e53-e2e9d01c5685');
INSERT INTO option_choice (option_id, choice_id) VALUES ('d6416cf3-39f7-4cf9-ba84-314605b84d03', 'f3964a9a-a93d-4f70-a955-ca326c575e11');
INSERT INTO option_choice (option_id, choice_id) VALUES ('d8a63395-3425-4d1b-95be-b38dc31cb0af', 'f3964a9a-a93d-4f70-a955-ca326c575e11');
INSERT INTO option_choice (option_id, choice_id) VALUES ('eee0aab7-8b77-4c19-b028-648aa7e303ed', 'f3964a9a-a93d-4f70-a955-ca326c575e11');
INSERT INTO interviewee (id, login, password, age, gender, country, marital_status) VALUES ('9e8eae9a-39fc-4a65-9587-196afec4ed03', 'interviewee469', 'qwerty', 23, 'male', 'SM', 'married');
INSERT INTO choice (id, questionnaire_id, interviewee_id) VALUES ('e95f2d9e-3227-4d89-9c4e-834bae43b250', '91a16ec4-1a91-44d1-bb08-6e9fc823c230', '9e8eae9a-39fc-4a65-9587-196afec4ed03');
INSERT INTO option_choice (option_id, choice_id) VALUES ('cab8632d-19dd-4ddc-9c90-669949088fa5', 'e95f2d9e-3227-4d89-9c4e-834bae43b250');
INSERT INTO option_choice (option_id, choice_id) VALUES ('690b73cc-52e3-435d-a3bd-78733e5fdeaf', 'e95f2d9e-3227-4d89-9c4e-834bae43b250');
INSERT INTO choice (id, questionnaire_id, interviewee_id) VALUES ('5d7f3dd9-7aba-4996-bc16-d82e420c2a34', '6a34c81d-d686-4ce4-8e2f-ec3d2ba47346', '9e8eae9a-39fc-4a65-9587-196afec4ed03');
INSERT INTO option_choice (option_id, choice_id) VALUES ('7a83da6c-611b-4c33-a2e2-ddf398a170bc', '5d7f3dd9-7aba-4996-bc16-d82e420c2a34');
INSERT INTO choice (id, questionnaire_id, interviewee_id) VALUES ('2fedd420-9f64-4070-abca-1129d9f8ca68', 'd05638df-f11c-413d-8456-ee036bed2914', '9e8eae9a-39fc-4a65-9587-196afec4ed03');
INSERT INTO option_choice (option_id, choice_id) VALUES ('b0557de3-6b66-4e79-b1ac-c2b8f0a5096b', '2fedd420-9f64-4070-abca-1129d9f8ca68');
INSERT INTO interviewee (id, login, password, age, gender, country, marital_status) VALUES ('229c3f22-b678-42b1-95e5-708e12a3fab7', 'interviewee470', 'qwerty', 52, 'female', 'OM', 'divorced');
INSERT INTO choice (id, questionnaire_id, interviewee_id) VALUES ('f7417bac-5493-47ac-836d-752186fe5218', 'b5ae5620-2d58-48f5-a060-28e8fd1859dd', '229c3f22-b678-42b1-95e5-708e12a3fab7');
INSERT INTO option_choice (option_id, choice_id) VALUES ('68702e14-fb48-4755-b6ec-11c860048f90', 'f7417bac-5493-47ac-836d-752186fe5218');
INSERT INTO choice (id, questionnaire_id, interviewee_id) VALUES ('9bc961cd-5170-47a8-b922-d33df6f9345c', '1a336595-020d-4026-a389-afd9a80cf707', '229c3f22-b678-42b1-95e5-708e12a3fab7');
INSERT INTO option_choice (option_id, choice_id) VALUES ('fb8edb03-709f-43c3-9875-7ba762e529a6', '9bc961cd-5170-47a8-b922-d33df6f9345c');
INSERT INTO choice (id, questionnaire_id, interviewee_id) VALUES ('8f874db6-33ad-44e4-9e79-61f57c97dd2c', '8902d50d-0421-4680-82f2-f2b1b667e3fd', '229c3f22-b678-42b1-95e5-708e12a3fab7');
INSERT INTO option_choice (option_id, choice_id) VALUES ('ac0c373d-7749-4908-8091-d580700cabb0', '8f874db6-33ad-44e4-9e79-61f57c97dd2c');
INSERT INTO interviewee (id, login, password, age, gender, country, marital_status) VALUES ('380acf27-4de6-4fe6-a8dc-81f1bf61d8f9', 'interviewee471', 'qwerty', 16, 'female', 'PM', 'was_not_married');
INSERT INTO choice (id, questionnaire_id, interviewee_id) VALUES ('ded7585e-799c-4d78-9c80-6f28886ddcda', 'bf8da1bc-7284-44d0-a7c0-4e0321978aa0', '380acf27-4de6-4fe6-a8dc-81f1bf61d8f9');
INSERT INTO option_choice (option_id, choice_id) VALUES ('1690438b-db39-4933-b62c-4f692bce0c76', 'ded7585e-799c-4d78-9c80-6f28886ddcda');
INSERT INTO choice (id, questionnaire_id, interviewee_id) VALUES ('275f7001-0d7a-482e-bdf7-17f42a925576', '8902d50d-0421-4680-82f2-f2b1b667e3fd', '380acf27-4de6-4fe6-a8dc-81f1bf61d8f9');
INSERT INTO option_choice (option_id, choice_id) VALUES ('b9a164f5-2a94-487b-874f-f3bdc79ee4e3', '275f7001-0d7a-482e-bdf7-17f42a925576');
INSERT INTO choice (id, questionnaire_id, interviewee_id) VALUES ('fadc9f6f-9453-4659-a05a-8c0b86ef8706', 'e679f6e5-388e-4679-9f14-15a0896d2816', '380acf27-4de6-4fe6-a8dc-81f1bf61d8f9');
INSERT INTO option_choice (option_id, choice_id) VALUES ('ae13d28d-5670-495b-a9e0-d0949dab86e3', 'fadc9f6f-9453-4659-a05a-8c0b86ef8706');
INSERT INTO interviewee (id, login, password, age, gender, country, marital_status) VALUES ('f383f34b-036a-40d2-a8ca-d4d19bd87904', 'interviewee472', 'qwerty', 63, 'male', 'SX', 'married');
INSERT INTO choice (id, questionnaire_id, interviewee_id) VALUES ('9844dbf0-f098-4169-9a7e-9be8c8b84a8f', '6a34c81d-d686-4ce4-8e2f-ec3d2ba47346', 'f383f34b-036a-40d2-a8ca-d4d19bd87904');
INSERT INTO option_choice (option_id, choice_id) VALUES ('553e0886-1a11-4d34-ad3c-c3ee745c28c8', '9844dbf0-f098-4169-9a7e-9be8c8b84a8f');
INSERT INTO choice (id, questionnaire_id, interviewee_id) VALUES ('e9655d54-b798-4d5d-807a-20b44afbaf08', 'd05638df-f11c-413d-8456-ee036bed2914', 'f383f34b-036a-40d2-a8ca-d4d19bd87904');
INSERT INTO option_choice (option_id, choice_id) VALUES ('b4b64304-6288-40df-8120-283c58db8d1a', 'e9655d54-b798-4d5d-807a-20b44afbaf08');
INSERT INTO interviewee (id, login, password, age, gender, country, marital_status) VALUES ('d540ee22-6a4f-4e04-8932-10ca4d820b56', 'interviewee473', 'qwerty', 70, 'male', 'MF', 'was_not_married');
INSERT INTO choice (id, questionnaire_id, interviewee_id) VALUES ('6e8bd9d4-ebdb-44d2-92aa-f3db85d685ef', 'bf8da1bc-7284-44d0-a7c0-4e0321978aa0', 'd540ee22-6a4f-4e04-8932-10ca4d820b56');
INSERT INTO option_choice (option_id, choice_id) VALUES ('fbbdfd34-e2c5-4e0b-b98a-d33f6f4fac06', '6e8bd9d4-ebdb-44d2-92aa-f3db85d685ef');
INSERT INTO interviewee (id, login, password, age, gender, country, marital_status) VALUES ('72ce06d3-6be2-4e29-bc23-48623f234fce', 'interviewee474', 'qwerty', 49, 'female', 'VA', 'divorced');
INSERT INTO choice (id, questionnaire_id, interviewee_id) VALUES ('66c6608a-3fd0-4613-890b-ed0b2db8981d', '0b6580ec-1374-4a48-ad1d-b1fa316ad9be', '72ce06d3-6be2-4e29-bc23-48623f234fce');
INSERT INTO option_choice (option_id, choice_id) VALUES ('68263915-d7e9-4ac6-9c14-f48cf8807857', '66c6608a-3fd0-4613-890b-ed0b2db8981d');
INSERT INTO option_choice (option_id, choice_id) VALUES ('82be4575-892d-453a-b3d9-0827c6b6d6df', '66c6608a-3fd0-4613-890b-ed0b2db8981d');
INSERT INTO choice (id, questionnaire_id, interviewee_id) VALUES ('27de5e60-7c06-4b19-93b8-07cf6de90829', '1a336595-020d-4026-a389-afd9a80cf707', '72ce06d3-6be2-4e29-bc23-48623f234fce');
INSERT INTO option_choice (option_id, choice_id) VALUES ('22762ef8-944e-46b0-a7e0-4e990383e528', '27de5e60-7c06-4b19-93b8-07cf6de90829');
INSERT INTO choice (id, questionnaire_id, interviewee_id) VALUES ('0e8c135d-8b1d-448a-a665-439fdf00ae7d', 'bf8da1bc-7284-44d0-a7c0-4e0321978aa0', '72ce06d3-6be2-4e29-bc23-48623f234fce');
INSERT INTO option_choice (option_id, choice_id) VALUES ('1690438b-db39-4933-b62c-4f692bce0c76', '0e8c135d-8b1d-448a-a665-439fdf00ae7d');
INSERT INTO interviewee (id, login, password, age, gender, country, marital_status) VALUES ('62aeb495-d42d-4d32-a1a9-007e01e9393a', 'interviewee475', 'qwerty', 56, 'female', 'SO', 'divorced');
INSERT INTO choice (id, questionnaire_id, interviewee_id) VALUES ('49ced2ab-5834-4824-a876-b0fe817c4d94', 'a345b682-c7ac-49ac-9f14-4f5173a872d8', '62aeb495-d42d-4d32-a1a9-007e01e9393a');
INSERT INTO option_choice (option_id, choice_id) VALUES ('4389db4e-2a8b-43f8-8643-dd6f5a5f160e', '49ced2ab-5834-4824-a876-b0fe817c4d94');
INSERT INTO interviewee (id, login, password, age, gender, country, marital_status) VALUES ('978abf90-1fcd-4009-a3ce-11085d298613', 'interviewee476', 'qwerty', 60, 'female', 'IO', 'was_not_married');
INSERT INTO choice (id, questionnaire_id, interviewee_id) VALUES ('4d02c5c3-3d64-4a74-806a-dcc37d116be7', '557cb630-d2f4-4e11-afe9-d50534deb525', '978abf90-1fcd-4009-a3ce-11085d298613');
INSERT INTO option_choice (option_id, choice_id) VALUES ('84999604-dd85-4536-a3fc-0dc6006d4d23', '4d02c5c3-3d64-4a74-806a-dcc37d116be7');
INSERT INTO choice (id, questionnaire_id, interviewee_id) VALUES ('dcd2e2b7-e06a-4f75-9964-2c2ebadd04c0', '83dbd16d-6765-468d-944f-022d10d042e5', '978abf90-1fcd-4009-a3ce-11085d298613');
INSERT INTO option_choice (option_id, choice_id) VALUES ('eee0aab7-8b77-4c19-b028-648aa7e303ed', 'dcd2e2b7-e06a-4f75-9964-2c2ebadd04c0');
INSERT INTO option_choice (option_id, choice_id) VALUES ('d8a63395-3425-4d1b-95be-b38dc31cb0af', 'dcd2e2b7-e06a-4f75-9964-2c2ebadd04c0');
INSERT INTO interviewee (id, login, password, age, gender, country, marital_status) VALUES ('9f1d26ae-a987-429e-8727-8d1458f39a55', 'interviewee477', 'qwerty', 57, 'female', 'DM', 'divorced');
INSERT INTO choice (id, questionnaire_id, interviewee_id) VALUES ('a6ca636f-389e-4b16-88a3-477c5476f725', 'b6588e29-37de-425f-834e-e867f77794ce', '9f1d26ae-a987-429e-8727-8d1458f39a55');
INSERT INTO option_choice (option_id, choice_id) VALUES ('ec37510e-f2a1-4e16-ae94-e9ea2c4461e3', 'a6ca636f-389e-4b16-88a3-477c5476f725');
INSERT INTO option_choice (option_id, choice_id) VALUES ('460ff4a7-d376-4dc8-b5bb-9ab1989fbb31', 'a6ca636f-389e-4b16-88a3-477c5476f725');
INSERT INTO option_choice (option_id, choice_id) VALUES ('40c301f5-13ed-4b94-85aa-e1c562adce4d', 'a6ca636f-389e-4b16-88a3-477c5476f725');
INSERT INTO choice (id, questionnaire_id, interviewee_id) VALUES ('dd30db37-a0a4-4692-a45b-eb1fa1b8fe09', '1a336595-020d-4026-a389-afd9a80cf707', '9f1d26ae-a987-429e-8727-8d1458f39a55');
INSERT INTO option_choice (option_id, choice_id) VALUES ('17fa6a45-befd-4756-95f2-c6c400c916a8', 'dd30db37-a0a4-4692-a45b-eb1fa1b8fe09');
INSERT INTO interviewee (id, login, password, age, gender, country, marital_status) VALUES ('84e53949-262d-4316-9ed8-8ce43259120b', 'interviewee478', 'qwerty', 37, 'female', 'SG', 'married');
INSERT INTO choice (id, questionnaire_id, interviewee_id) VALUES ('78d4b257-dc73-47dd-b7fe-d82ba93ee701', 'f680addd-a0b2-4101-9e1f-5e0870943c68', '84e53949-262d-4316-9ed8-8ce43259120b');
INSERT INTO option_choice (option_id, choice_id) VALUES ('cfde0373-91b9-46f9-bc0d-a137a713d2d7', '78d4b257-dc73-47dd-b7fe-d82ba93ee701');
INSERT INTO interviewee (id, login, password, age, gender, country, marital_status) VALUES ('e3a70311-0467-4f10-ae6a-a6c725e92bf6', 'interviewee479', 'qwerty', 38, 'male', 'DZ', 'was_not_married');
INSERT INTO choice (id, questionnaire_id, interviewee_id) VALUES ('1c1933ea-e503-45c9-95fb-adea22da134f', '83dbd16d-6765-468d-944f-022d10d042e5', 'e3a70311-0467-4f10-ae6a-a6c725e92bf6');
INSERT INTO option_choice (option_id, choice_id) VALUES ('eee0aab7-8b77-4c19-b028-648aa7e303ed', '1c1933ea-e503-45c9-95fb-adea22da134f');
INSERT INTO interviewee (id, login, password, age, gender, country, marital_status) VALUES ('83f92af5-7c4d-444b-85bf-084b65078c14', 'interviewee480', 'qwerty', 45, 'male', 'MS', 'divorced');
INSERT INTO choice (id, questionnaire_id, interviewee_id) VALUES ('fd3621ed-b564-4ba8-ab61-d646f12e574e', 'f680addd-a0b2-4101-9e1f-5e0870943c68', '83f92af5-7c4d-444b-85bf-084b65078c14');
INSERT INTO option_choice (option_id, choice_id) VALUES ('5e0b63d0-2a10-4ab5-a66a-a47615b50b03', 'fd3621ed-b564-4ba8-ab61-d646f12e574e');
INSERT INTO choice (id, questionnaire_id, interviewee_id) VALUES ('94d9f78f-70dd-468e-bdbd-aa6ede970f94', 'b5ae5620-2d58-48f5-a060-28e8fd1859dd', '83f92af5-7c4d-444b-85bf-084b65078c14');
INSERT INTO option_choice (option_id, choice_id) VALUES ('fecb111c-77d6-4b66-b728-32011b5211c0', '94d9f78f-70dd-468e-bdbd-aa6ede970f94');
INSERT INTO choice (id, questionnaire_id, interviewee_id) VALUES ('239ee860-ac4b-4e2a-a0c5-71ca92a56bb7', '0b6580ec-1374-4a48-ad1d-b1fa316ad9be', '83f92af5-7c4d-444b-85bf-084b65078c14');
INSERT INTO option_choice (option_id, choice_id) VALUES ('68263915-d7e9-4ac6-9c14-f48cf8807857', '239ee860-ac4b-4e2a-a0c5-71ca92a56bb7');
INSERT INTO option_choice (option_id, choice_id) VALUES ('82be4575-892d-453a-b3d9-0827c6b6d6df', '239ee860-ac4b-4e2a-a0c5-71ca92a56bb7');
INSERT INTO option_choice (option_id, choice_id) VALUES ('a518cc4d-143a-45ca-b29f-a7c53dacc773', '239ee860-ac4b-4e2a-a0c5-71ca92a56bb7');
INSERT INTO interviewee (id, login, password, age, gender, country, marital_status) VALUES ('c4c53dea-79e2-4b9f-a56e-e32890216d94', 'interviewee481', 'qwerty', 62, 'female', 'LI', 'divorced');
INSERT INTO choice (id, questionnaire_id, interviewee_id) VALUES ('86149d25-877f-4474-9d64-08055d3d3e02', '21abb345-1235-4f5e-8b5b-2f6f89f30fee', 'c4c53dea-79e2-4b9f-a56e-e32890216d94');
INSERT INTO option_choice (option_id, choice_id) VALUES ('fa871bfe-a04e-4297-af08-80cc94ccf337', '86149d25-877f-4474-9d64-08055d3d3e02');
INSERT INTO interviewee (id, login, password, age, gender, country, marital_status) VALUES ('54deb0c8-a918-4e2c-acc5-03d33129e835', 'interviewee482', 'qwerty', 68, 'female', 'VC', 'married');
INSERT INTO choice (id, questionnaire_id, interviewee_id) VALUES ('8d7f2dae-7f5b-4296-9bcb-11f9d5814da5', '6a34c81d-d686-4ce4-8e2f-ec3d2ba47346', '54deb0c8-a918-4e2c-acc5-03d33129e835');
INSERT INTO option_choice (option_id, choice_id) VALUES ('553e0886-1a11-4d34-ad3c-c3ee745c28c8', '8d7f2dae-7f5b-4296-9bcb-11f9d5814da5');
INSERT INTO choice (id, questionnaire_id, interviewee_id) VALUES ('db99d6bf-ebfe-404e-80f3-3a90c5e4928d', '342b973f-a1d1-4062-a073-fb80b6195e1a', '54deb0c8-a918-4e2c-acc5-03d33129e835');
INSERT INTO option_choice (option_id, choice_id) VALUES ('d84282d4-6002-4289-bb10-cb7bfd2e906b', 'db99d6bf-ebfe-404e-80f3-3a90c5e4928d');
INSERT INTO interviewee (id, login, password, age, gender, country, marital_status) VALUES ('45dc450d-fabc-4a6e-bc8a-f0b349c5b09d', 'interviewee483', 'qwerty', 22, 'female', 'LA', 'was_not_married');
INSERT INTO choice (id, questionnaire_id, interviewee_id) VALUES ('88bc30e1-3ca2-4bb6-9215-73fa1da751aa', 'e2cf177f-e49f-4aef-99a6-095d711c6ec2', '45dc450d-fabc-4a6e-bc8a-f0b349c5b09d');
INSERT INTO option_choice (option_id, choice_id) VALUES ('1b5e4a41-da4c-4845-8698-5ed9deee3ca2', '88bc30e1-3ca2-4bb6-9215-73fa1da751aa');
INSERT INTO interviewee (id, login, password, age, gender, country, marital_status) VALUES ('ee9467e1-1543-43e8-84c0-187bd2887180', 'interviewee484', 'qwerty', 53, 'male', 'RS', 'divorced');
INSERT INTO choice (id, questionnaire_id, interviewee_id) VALUES ('c8ae6823-b8dd-4ecb-bd68-24add20de79a', '8adfa259-7459-4497-b994-7101058c39c1', 'ee9467e1-1543-43e8-84c0-187bd2887180');
INSERT INTO option_choice (option_id, choice_id) VALUES ('968d6b86-376e-4d23-9555-89ee1d638c1c', 'c8ae6823-b8dd-4ecb-bd68-24add20de79a');
INSERT INTO option_choice (option_id, choice_id) VALUES ('3e047d89-087c-45bd-82d6-38c4acd5c609', 'c8ae6823-b8dd-4ecb-bd68-24add20de79a');
INSERT INTO option_choice (option_id, choice_id) VALUES ('0c96072b-cf70-4fde-8afb-27bf8c3f7a8b', 'c8ae6823-b8dd-4ecb-bd68-24add20de79a');
INSERT INTO option_choice (option_id, choice_id) VALUES ('7d64ec60-4b16-49eb-a0c6-4af24c3b1767', 'c8ae6823-b8dd-4ecb-bd68-24add20de79a');
INSERT INTO option_choice (option_id, choice_id) VALUES ('502fb96b-685d-47da-86bb-f40e1e8f57ef', 'c8ae6823-b8dd-4ecb-bd68-24add20de79a');
INSERT INTO interviewee (id, login, password, age, gender, country, marital_status) VALUES ('50fe5138-3d25-4e10-8c0b-7099639fb17a', 'interviewee485', 'qwerty', 18, 'male', 'GM', 'married');
INSERT INTO choice (id, questionnaire_id, interviewee_id) VALUES ('84ace52e-1723-42da-955d-d274f55fa54f', '8adfa259-7459-4497-b994-7101058c39c1', '50fe5138-3d25-4e10-8c0b-7099639fb17a');
INSERT INTO option_choice (option_id, choice_id) VALUES ('968d6b86-376e-4d23-9555-89ee1d638c1c', '84ace52e-1723-42da-955d-d274f55fa54f');
INSERT INTO option_choice (option_id, choice_id) VALUES ('3e047d89-087c-45bd-82d6-38c4acd5c609', '84ace52e-1723-42da-955d-d274f55fa54f');
INSERT INTO option_choice (option_id, choice_id) VALUES ('502fb96b-685d-47da-86bb-f40e1e8f57ef', '84ace52e-1723-42da-955d-d274f55fa54f');
INSERT INTO option_choice (option_id, choice_id) VALUES ('9e45c288-be30-427f-be35-83a5171e2b4d', '84ace52e-1723-42da-955d-d274f55fa54f');
INSERT INTO interviewee (id, login, password, age, gender, country, marital_status) VALUES ('331719fd-6ee0-4624-9e0c-a445ebae38d5', 'interviewee486', 'qwerty', 35, 'male', 'BV', 'married');
INSERT INTO choice (id, questionnaire_id, interviewee_id) VALUES ('21362765-e0dc-4551-b36c-44adf3260878', 'a2f7d656-4675-4d99-9435-95cbe535c6c1', '331719fd-6ee0-4624-9e0c-a445ebae38d5');
INSERT INTO option_choice (option_id, choice_id) VALUES ('110b73fb-e57f-409d-83dc-0d81bdd20a44', '21362765-e0dc-4551-b36c-44adf3260878');
INSERT INTO option_choice (option_id, choice_id) VALUES ('2366bc8e-690e-4739-b5f2-cf491cd8107c', '21362765-e0dc-4551-b36c-44adf3260878');
INSERT INTO option_choice (option_id, choice_id) VALUES ('930526a4-2714-4f39-831c-55b3185bd967', '21362765-e0dc-4551-b36c-44adf3260878');
INSERT INTO interviewee (id, login, password, age, gender, country, marital_status) VALUES ('391430cf-33a3-4d05-a7ee-9645596b7cc6', 'interviewee487', 'qwerty', 16, 'male', 'DJ', 'divorced');
INSERT INTO choice (id, questionnaire_id, interviewee_id) VALUES ('9533c29a-8180-42ba-a599-c50854079238', '21abb345-1235-4f5e-8b5b-2f6f89f30fee', '391430cf-33a3-4d05-a7ee-9645596b7cc6');
INSERT INTO option_choice (option_id, choice_id) VALUES ('89025574-1604-4050-9786-3bf06cdb36eb', '9533c29a-8180-42ba-a599-c50854079238');
INSERT INTO choice (id, questionnaire_id, interviewee_id) VALUES ('e3e9be56-db0c-4963-9dcb-594479b6133b', '0b6580ec-1374-4a48-ad1d-b1fa316ad9be', '391430cf-33a3-4d05-a7ee-9645596b7cc6');
INSERT INTO option_choice (option_id, choice_id) VALUES ('82cec316-48c4-48d4-9d69-8a67e9d22eca', 'e3e9be56-db0c-4963-9dcb-594479b6133b');
INSERT INTO option_choice (option_id, choice_id) VALUES ('a518cc4d-143a-45ca-b29f-a7c53dacc773', 'e3e9be56-db0c-4963-9dcb-594479b6133b');
INSERT INTO option_choice (option_id, choice_id) VALUES ('82be4575-892d-453a-b3d9-0827c6b6d6df', 'e3e9be56-db0c-4963-9dcb-594479b6133b');
INSERT INTO interviewee (id, login, password, age, gender, country, marital_status) VALUES ('52f85d41-9dcd-4e84-8729-24f929576181', 'interviewee488', 'qwerty', 68, 'male', 'LI', 'was_not_married');
INSERT INTO choice (id, questionnaire_id, interviewee_id) VALUES ('702bf834-f481-4e83-9404-a8827c1fbfdf', '8902d50d-0421-4680-82f2-f2b1b667e3fd', '52f85d41-9dcd-4e84-8729-24f929576181');
INSERT INTO option_choice (option_id, choice_id) VALUES ('cbdaf253-f6a6-406f-a288-e0397682e9f8', '702bf834-f481-4e83-9404-a8827c1fbfdf');
INSERT INTO choice (id, questionnaire_id, interviewee_id) VALUES ('d2ed42fa-2870-4ed2-8c16-b39b3c23f6fb', 'f680addd-a0b2-4101-9e1f-5e0870943c68', '52f85d41-9dcd-4e84-8729-24f929576181');
INSERT INTO option_choice (option_id, choice_id) VALUES ('cfde0373-91b9-46f9-bc0d-a137a713d2d7', 'd2ed42fa-2870-4ed2-8c16-b39b3c23f6fb');
INSERT INTO interviewee (id, login, password, age, gender, country, marital_status) VALUES ('469a7ade-5854-44c7-80c6-4823f7948ae3', 'interviewee489', 'qwerty', 26, 'female', 'PM', 'married');
INSERT INTO choice (id, questionnaire_id, interviewee_id) VALUES ('e1930682-9134-457e-a7f2-6298b68fa7be', 'bf8da1bc-7284-44d0-a7c0-4e0321978aa0', '469a7ade-5854-44c7-80c6-4823f7948ae3');
INSERT INTO option_choice (option_id, choice_id) VALUES ('1690438b-db39-4933-b62c-4f692bce0c76', 'e1930682-9134-457e-a7f2-6298b68fa7be');
INSERT INTO interviewee (id, login, password, age, gender, country, marital_status) VALUES ('cfb1a9f0-46ad-4d98-8f9a-5cccad9e1e06', 'interviewee490', 'qwerty', 39, 'male', 'BG', 'married');
INSERT INTO choice (id, questionnaire_id, interviewee_id) VALUES ('02c36261-76a2-4fdf-9a4f-4f62adfd76e1', 'd05638df-f11c-413d-8456-ee036bed2914', 'cfb1a9f0-46ad-4d98-8f9a-5cccad9e1e06');
INSERT INTO option_choice (option_id, choice_id) VALUES ('b4b64304-6288-40df-8120-283c58db8d1a', '02c36261-76a2-4fdf-9a4f-4f62adfd76e1');
INSERT INTO interviewee (id, login, password, age, gender, country, marital_status) VALUES ('b662d66c-ed65-4501-a27a-5e925fd5f2ff', 'interviewee491', 'qwerty', 39, 'male', 'DJ', 'was_not_married');
INSERT INTO choice (id, questionnaire_id, interviewee_id) VALUES ('68914fe3-3cb7-4589-a497-b79682ac6a32', '91a16ec4-1a91-44d1-bb08-6e9fc823c230', 'b662d66c-ed65-4501-a27a-5e925fd5f2ff');
INSERT INTO option_choice (option_id, choice_id) VALUES ('cab8632d-19dd-4ddc-9c90-669949088fa5', '68914fe3-3cb7-4589-a497-b79682ac6a32');
INSERT INTO interviewee (id, login, password, age, gender, country, marital_status) VALUES ('a313f8a5-327f-4926-9731-57f332db7b89', 'interviewee492', 'qwerty', 32, 'male', 'UG', 'married');
INSERT INTO choice (id, questionnaire_id, interviewee_id) VALUES ('e79cea7d-cf37-4818-993f-8907780347f6', 'a7e484ae-fb91-4ddf-a8c0-869a7f4ad0ee', 'a313f8a5-327f-4926-9731-57f332db7b89');
INSERT INTO option_choice (option_id, choice_id) VALUES ('5833b1ae-14b5-474e-8178-69dc98fc720e', 'e79cea7d-cf37-4818-993f-8907780347f6');
INSERT INTO choice (id, questionnaire_id, interviewee_id) VALUES ('8b2e7f81-3197-423f-8b3c-d8d0c4aaf3a7', 'e679f6e5-388e-4679-9f14-15a0896d2816', 'a313f8a5-327f-4926-9731-57f332db7b89');
INSERT INTO option_choice (option_id, choice_id) VALUES ('3ee9dd0f-6306-4f8b-bdec-27347884621a', '8b2e7f81-3197-423f-8b3c-d8d0c4aaf3a7');
INSERT INTO option_choice (option_id, choice_id) VALUES ('ae13d28d-5670-495b-a9e0-d0949dab86e3', '8b2e7f81-3197-423f-8b3c-d8d0c4aaf3a7');
INSERT INTO option_choice (option_id, choice_id) VALUES ('01fc26e1-e8f8-407f-a1b8-6af243e9c3dd', '8b2e7f81-3197-423f-8b3c-d8d0c4aaf3a7');
INSERT INTO option_choice (option_id, choice_id) VALUES ('5169914a-cf41-4077-8993-1322df09c3da', '8b2e7f81-3197-423f-8b3c-d8d0c4aaf3a7');
INSERT INTO choice (id, questionnaire_id, interviewee_id) VALUES ('d09eb17c-4036-4225-b9e7-7dd7abcc5e0f', '342b973f-a1d1-4062-a073-fb80b6195e1a', 'a313f8a5-327f-4926-9731-57f332db7b89');
INSERT INTO option_choice (option_id, choice_id) VALUES ('a95386af-e627-4a57-adc2-0009818da88b', 'd09eb17c-4036-4225-b9e7-7dd7abcc5e0f');
INSERT INTO interviewee (id, login, password, age, gender, country, marital_status) VALUES ('49e58c28-bab8-4106-8fe4-610fb889267c', 'interviewee493', 'qwerty', 14, 'female', 'PG', 'divorced');
INSERT INTO choice (id, questionnaire_id, interviewee_id) VALUES ('045abda5-2b1d-4dca-845e-442396c0cfb9', 'a2f7d656-4675-4d99-9435-95cbe535c6c1', '49e58c28-bab8-4106-8fe4-610fb889267c');
INSERT INTO option_choice (option_id, choice_id) VALUES ('ced72831-705a-4153-849e-71a73e5a7d3c', '045abda5-2b1d-4dca-845e-442396c0cfb9');
INSERT INTO choice (id, questionnaire_id, interviewee_id) VALUES ('37f29151-2669-4b4b-9bc7-ecbd4b11dc67', 'b6588e29-37de-425f-834e-e867f77794ce', '49e58c28-bab8-4106-8fe4-610fb889267c');
INSERT INTO option_choice (option_id, choice_id) VALUES ('46bd1403-2ee0-4145-8014-8dd4fafcb8af', '37f29151-2669-4b4b-9bc7-ecbd4b11dc67');
INSERT INTO option_choice (option_id, choice_id) VALUES ('460ff4a7-d376-4dc8-b5bb-9ab1989fbb31', '37f29151-2669-4b4b-9bc7-ecbd4b11dc67');
INSERT INTO option_choice (option_id, choice_id) VALUES ('07e7a8bf-65e2-41d5-aeef-91bcbe765392', '37f29151-2669-4b4b-9bc7-ecbd4b11dc67');
INSERT INTO option_choice (option_id, choice_id) VALUES ('4bde418e-a165-43f7-ac7b-c6d2ab034e2e', '37f29151-2669-4b4b-9bc7-ecbd4b11dc67');
INSERT INTO option_choice (option_id, choice_id) VALUES ('7f0bbd14-8cfc-4a28-88f7-5af992a4c02b', '37f29151-2669-4b4b-9bc7-ecbd4b11dc67');
INSERT INTO option_choice (option_id, choice_id) VALUES ('5b82f100-bb0f-47ec-9395-7a0409f4b7ef', '37f29151-2669-4b4b-9bc7-ecbd4b11dc67');
INSERT INTO option_choice (option_id, choice_id) VALUES ('ec37510e-f2a1-4e16-ae94-e9ea2c4461e3', '37f29151-2669-4b4b-9bc7-ecbd4b11dc67');
INSERT INTO interviewee (id, login, password, age, gender, country, marital_status) VALUES ('7c3e8940-18c0-45f4-9033-d0a768809716', 'interviewee494', 'qwerty', 19, 'male', 'BT', 'was_not_married');
INSERT INTO choice (id, questionnaire_id, interviewee_id) VALUES ('2a0877de-881e-4bb6-9d25-ef553ac9c73a', 'a2f7d656-4675-4d99-9435-95cbe535c6c1', '7c3e8940-18c0-45f4-9033-d0a768809716');
INSERT INTO option_choice (option_id, choice_id) VALUES ('c6bb5cf5-3828-4747-8bb2-776e9deaeb04', '2a0877de-881e-4bb6-9d25-ef553ac9c73a');
INSERT INTO option_choice (option_id, choice_id) VALUES ('930526a4-2714-4f39-831c-55b3185bd967', '2a0877de-881e-4bb6-9d25-ef553ac9c73a');
INSERT INTO option_choice (option_id, choice_id) VALUES ('ced72831-705a-4153-849e-71a73e5a7d3c', '2a0877de-881e-4bb6-9d25-ef553ac9c73a');
INSERT INTO choice (id, questionnaire_id, interviewee_id) VALUES ('98b91d10-6c78-401d-a1a0-079fedda4a2e', 'bf8da1bc-7284-44d0-a7c0-4e0321978aa0', '7c3e8940-18c0-45f4-9033-d0a768809716');
INSERT INTO option_choice (option_id, choice_id) VALUES ('1690438b-db39-4933-b62c-4f692bce0c76', '98b91d10-6c78-401d-a1a0-079fedda4a2e');
INSERT INTO interviewee (id, login, password, age, gender, country, marital_status) VALUES ('36539fd2-b7ee-4660-9d3e-a1ea69ed5b64', 'interviewee495', 'qwerty', 29, 'male', 'ET', 'was_not_married');
INSERT INTO choice (id, questionnaire_id, interviewee_id) VALUES ('fe8da818-5dd9-45e8-a321-5deb8a783d0c', '21abb345-1235-4f5e-8b5b-2f6f89f30fee', '36539fd2-b7ee-4660-9d3e-a1ea69ed5b64');
INSERT INTO option_choice (option_id, choice_id) VALUES ('4953e37a-2891-460f-84ea-4bd510463bab', 'fe8da818-5dd9-45e8-a321-5deb8a783d0c');
INSERT INTO interviewee (id, login, password, age, gender, country, marital_status) VALUES ('c0506fe7-f024-4100-b4b4-d6235ae24d6e', 'interviewee496', 'qwerty', 54, 'male', 'SA', 'married');
INSERT INTO choice (id, questionnaire_id, interviewee_id) VALUES ('c8d4834e-0886-46f0-920c-ee32bdd7eb12', 'b5ae5620-2d58-48f5-a060-28e8fd1859dd', 'c0506fe7-f024-4100-b4b4-d6235ae24d6e');
INSERT INTO option_choice (option_id, choice_id) VALUES ('fc3d8e7d-c82b-4208-82dd-e6917cf8765e', 'c8d4834e-0886-46f0-920c-ee32bdd7eb12');
INSERT INTO choice (id, questionnaire_id, interviewee_id) VALUES ('88f3a893-a983-44be-92a1-bb68787cc0ee', 'bf8da1bc-7284-44d0-a7c0-4e0321978aa0', 'c0506fe7-f024-4100-b4b4-d6235ae24d6e');
INSERT INTO option_choice (option_id, choice_id) VALUES ('fbbdfd34-e2c5-4e0b-b98a-d33f6f4fac06', '88f3a893-a983-44be-92a1-bb68787cc0ee');
INSERT INTO choice (id, questionnaire_id, interviewee_id) VALUES ('63dad472-a3fe-4ded-b4eb-55e59467b0ad', '1a336595-020d-4026-a389-afd9a80cf707', 'c0506fe7-f024-4100-b4b4-d6235ae24d6e');
INSERT INTO option_choice (option_id, choice_id) VALUES ('fb8edb03-709f-43c3-9875-7ba762e529a6', '63dad472-a3fe-4ded-b4eb-55e59467b0ad');
INSERT INTO interviewee (id, login, password, age, gender, country, marital_status) VALUES ('3c83cc29-ec6f-4a03-a1b1-8a88bb9a5994', 'interviewee497', 'qwerty', 25, 'female', 'TH', 'was_not_married');
INSERT INTO choice (id, questionnaire_id, interviewee_id) VALUES ('42782687-87fe-41ee-9732-c71c5c3a44c4', 'b6588e29-37de-425f-834e-e867f77794ce', '3c83cc29-ec6f-4a03-a1b1-8a88bb9a5994');
INSERT INTO option_choice (option_id, choice_id) VALUES ('7f0bbd14-8cfc-4a28-88f7-5af992a4c02b', '42782687-87fe-41ee-9732-c71c5c3a44c4');
INSERT INTO option_choice (option_id, choice_id) VALUES ('4bde418e-a165-43f7-ac7b-c6d2ab034e2e', '42782687-87fe-41ee-9732-c71c5c3a44c4');
INSERT INTO option_choice (option_id, choice_id) VALUES ('46bd1403-2ee0-4145-8014-8dd4fafcb8af', '42782687-87fe-41ee-9732-c71c5c3a44c4');
INSERT INTO option_choice (option_id, choice_id) VALUES ('ec37510e-f2a1-4e16-ae94-e9ea2c4461e3', '42782687-87fe-41ee-9732-c71c5c3a44c4');
INSERT INTO option_choice (option_id, choice_id) VALUES ('40c301f5-13ed-4b94-85aa-e1c562adce4d', '42782687-87fe-41ee-9732-c71c5c3a44c4');
INSERT INTO choice (id, questionnaire_id, interviewee_id) VALUES ('702ed048-929a-416f-9cd1-0c3b9cdc102c', 'e679f6e5-388e-4679-9f14-15a0896d2816', '3c83cc29-ec6f-4a03-a1b1-8a88bb9a5994');
INSERT INTO option_choice (option_id, choice_id) VALUES ('5169914a-cf41-4077-8993-1322df09c3da', '702ed048-929a-416f-9cd1-0c3b9cdc102c');
INSERT INTO option_choice (option_id, choice_id) VALUES ('7fc08a6e-900b-45ea-b455-29a8eb343039', '702ed048-929a-416f-9cd1-0c3b9cdc102c');
INSERT INTO option_choice (option_id, choice_id) VALUES ('3ee9dd0f-6306-4f8b-bdec-27347884621a', '702ed048-929a-416f-9cd1-0c3b9cdc102c');
INSERT INTO interviewee (id, login, password, age, gender, country, marital_status) VALUES ('5403b531-c8cf-4232-a939-3ea5fa4be200', 'interviewee498', 'qwerty', 57, 'female', 'US', 'divorced');
INSERT INTO choice (id, questionnaire_id, interviewee_id) VALUES ('be1fa601-6a70-4387-b274-279c1a8a81d5', 'd05638df-f11c-413d-8456-ee036bed2914', '5403b531-c8cf-4232-a939-3ea5fa4be200');
INSERT INTO option_choice (option_id, choice_id) VALUES ('b0557de3-6b66-4e79-b1ac-c2b8f0a5096b', 'be1fa601-6a70-4387-b274-279c1a8a81d5');
INSERT INTO choice (id, questionnaire_id, interviewee_id) VALUES ('9cc39ec6-4cd5-41b2-8bd2-a73d44187b85', 'f680addd-a0b2-4101-9e1f-5e0870943c68', '5403b531-c8cf-4232-a939-3ea5fa4be200');
INSERT INTO option_choice (option_id, choice_id) VALUES ('521ef3a0-411b-4392-8393-62ed9a638949', '9cc39ec6-4cd5-41b2-8bd2-a73d44187b85');
INSERT INTO option_choice (option_id, choice_id) VALUES ('cfde0373-91b9-46f9-bc0d-a137a713d2d7', '9cc39ec6-4cd5-41b2-8bd2-a73d44187b85');
INSERT INTO choice (id, questionnaire_id, interviewee_id) VALUES ('2e251e25-2c3b-4c35-99b9-f1b29a0404e4', 'e679f6e5-388e-4679-9f14-15a0896d2816', '5403b531-c8cf-4232-a939-3ea5fa4be200');
INSERT INTO option_choice (option_id, choice_id) VALUES ('f62b7b4d-17f1-4686-9782-f0b454d6f390', '2e251e25-2c3b-4c35-99b9-f1b29a0404e4');
INSERT INTO option_choice (option_id, choice_id) VALUES ('7fc08a6e-900b-45ea-b455-29a8eb343039', '2e251e25-2c3b-4c35-99b9-f1b29a0404e4');
INSERT INTO option_choice (option_id, choice_id) VALUES ('ae13d28d-5670-495b-a9e0-d0949dab86e3', '2e251e25-2c3b-4c35-99b9-f1b29a0404e4');
INSERT INTO option_choice (option_id, choice_id) VALUES ('01fc26e1-e8f8-407f-a1b8-6af243e9c3dd', '2e251e25-2c3b-4c35-99b9-f1b29a0404e4');
INSERT INTO option_choice (option_id, choice_id) VALUES ('3ee9dd0f-6306-4f8b-bdec-27347884621a', '2e251e25-2c3b-4c35-99b9-f1b29a0404e4');
INSERT INTO interviewee (id, login, password, age, gender, country, marital_status) VALUES ('d2a4ed19-c662-468e-b07b-ea88752bfba9', 'interviewee499', 'qwerty', 15, 'male', 'EC', 'was_not_married');
INSERT INTO choice (id, questionnaire_id, interviewee_id) VALUES ('609dd3a1-87cb-4430-8df2-db36fbb5a90a', 'a2f7d656-4675-4d99-9435-95cbe535c6c1', 'd2a4ed19-c662-468e-b07b-ea88752bfba9');
INSERT INTO option_choice (option_id, choice_id) VALUES ('ced72831-705a-4153-849e-71a73e5a7d3c', '609dd3a1-87cb-4430-8df2-db36fbb5a90a');
INSERT INTO choice (id, questionnaire_id, interviewee_id) VALUES ('08d8cbd2-5f34-4593-aded-acf8ae77ea2b', 'e2cf177f-e49f-4aef-99a6-095d711c6ec2', 'd2a4ed19-c662-468e-b07b-ea88752bfba9');
INSERT INTO option_choice (option_id, choice_id) VALUES ('242c02d5-0f4b-4e89-976f-3754854f478c', '08d8cbd2-5f34-4593-aded-acf8ae77ea2b');
INSERT INTO choice (id, questionnaire_id, interviewee_id) VALUES ('c976951d-0876-4216-853c-b0504d3a08de', 'b5ae5620-2d58-48f5-a060-28e8fd1859dd', 'd2a4ed19-c662-468e-b07b-ea88752bfba9');
INSERT INTO option_choice (option_id, choice_id) VALUES ('fc3d8e7d-c82b-4208-82dd-e6917cf8765e', 'c976951d-0876-4216-853c-b0504d3a08de');
INSERT INTO interviewee (id, login, password, age, gender, country, marital_status) VALUES ('9fcbcd22-5c0d-45ed-b1db-1bd2dcb8a493', 'interviewee500', 'qwerty', 69, 'female', 'LC', 'was_not_married');
INSERT INTO choice (id, questionnaire_id, interviewee_id) VALUES ('5731a4aa-e9b9-41f8-bc99-fa6c3bf24ac8', '342b973f-a1d1-4062-a073-fb80b6195e1a', '9fcbcd22-5c0d-45ed-b1db-1bd2dcb8a493');
INSERT INTO option_choice (option_id, choice_id) VALUES ('47afaa62-a5ba-4be6-81b8-673fae59c987', '5731a4aa-e9b9-41f8-bc99-fa6c3bf24ac8');
INSERT INTO option_choice (option_id, choice_id) VALUES ('d84282d4-6002-4289-bb10-cb7bfd2e906b', '5731a4aa-e9b9-41f8-bc99-fa6c3bf24ac8');
INSERT INTO choice (id, questionnaire_id, interviewee_id) VALUES ('bc20bd5f-35bc-42d7-95e2-1cd2033ed3a5', 'af6f1431-a90e-4919-83a4-359d6a8a7d22', '9fcbcd22-5c0d-45ed-b1db-1bd2dcb8a493');
INSERT INTO option_choice (option_id, choice_id) VALUES ('e41b3b09-f2a6-4206-bfde-743557a31646', 'bc20bd5f-35bc-42d7-95e2-1cd2033ed3a5');
INSERT INTO option_choice (option_id, choice_id) VALUES ('a3c0df26-f677-4a76-9fc9-e8bcb2a586ec', 'bc20bd5f-35bc-42d7-95e2-1cd2033ed3a5');
INSERT INTO choice (id, questionnaire_id, interviewee_id) VALUES ('fb3a59b2-d8fa-47eb-b8aa-4fad81cff7b5', '557cb630-d2f4-4e11-afe9-d50534deb525', '9fcbcd22-5c0d-45ed-b1db-1bd2dcb8a493');
INSERT INTO option_choice (option_id, choice_id) VALUES ('b633afa9-c11d-4aab-b450-ffbcfde02318', 'fb3a59b2-d8fa-47eb-b8aa-4fad81cff7b5');
INSERT INTO interviewee (id, login, password, age, gender, country, marital_status) VALUES ('cbb6a034-8763-494a-beee-c39866f86091', 'interviewee501', 'qwerty', 65, 'female', 'PG', 'was_not_married');
INSERT INTO choice (id, questionnaire_id, interviewee_id) VALUES ('d591ca55-00e6-479e-860d-9c5516177f20', '0b6580ec-1374-4a48-ad1d-b1fa316ad9be', 'cbb6a034-8763-494a-beee-c39866f86091');
INSERT INTO option_choice (option_id, choice_id) VALUES ('82cec316-48c4-48d4-9d69-8a67e9d22eca', 'd591ca55-00e6-479e-860d-9c5516177f20');
INSERT INTO option_choice (option_id, choice_id) VALUES ('68263915-d7e9-4ac6-9c14-f48cf8807857', 'd591ca55-00e6-479e-860d-9c5516177f20');
INSERT INTO choice (id, questionnaire_id, interviewee_id) VALUES ('9ba8ab6e-cfb5-48b0-92b0-ff0d2ee1599d', 'b5ae5620-2d58-48f5-a060-28e8fd1859dd', 'cbb6a034-8763-494a-beee-c39866f86091');
INSERT INTO option_choice (option_id, choice_id) VALUES ('fc3d8e7d-c82b-4208-82dd-e6917cf8765e', '9ba8ab6e-cfb5-48b0-92b0-ff0d2ee1599d');
INSERT INTO interviewee (id, login, password, age, gender, country, marital_status) VALUES ('d792a2c1-5276-4000-8677-5bf6dba6665a', 'interviewee502', 'qwerty', 17, 'male', 'IE', 'married');
INSERT INTO choice (id, questionnaire_id, interviewee_id) VALUES ('f3a0f451-9ca1-408f-aeb1-8792b55f35a9', '8adfa259-7459-4497-b994-7101058c39c1', 'd792a2c1-5276-4000-8677-5bf6dba6665a');
INSERT INTO option_choice (option_id, choice_id) VALUES ('7d64ec60-4b16-49eb-a0c6-4af24c3b1767', 'f3a0f451-9ca1-408f-aeb1-8792b55f35a9');
INSERT INTO option_choice (option_id, choice_id) VALUES ('0c96072b-cf70-4fde-8afb-27bf8c3f7a8b', 'f3a0f451-9ca1-408f-aeb1-8792b55f35a9');
INSERT INTO option_choice (option_id, choice_id) VALUES ('9e45c288-be30-427f-be35-83a5171e2b4d', 'f3a0f451-9ca1-408f-aeb1-8792b55f35a9');
INSERT INTO option_choice (option_id, choice_id) VALUES ('502fb96b-685d-47da-86bb-f40e1e8f57ef', 'f3a0f451-9ca1-408f-aeb1-8792b55f35a9');
INSERT INTO option_choice (option_id, choice_id) VALUES ('3e047d89-087c-45bd-82d6-38c4acd5c609', 'f3a0f451-9ca1-408f-aeb1-8792b55f35a9');
INSERT INTO choice (id, questionnaire_id, interviewee_id) VALUES ('c3386435-76e0-444b-ac99-0e055d1068ec', '0b6580ec-1374-4a48-ad1d-b1fa316ad9be', 'd792a2c1-5276-4000-8677-5bf6dba6665a');
INSERT INTO option_choice (option_id, choice_id) VALUES ('68263915-d7e9-4ac6-9c14-f48cf8807857', 'c3386435-76e0-444b-ac99-0e055d1068ec');
INSERT INTO choice (id, questionnaire_id, interviewee_id) VALUES ('c2f25f5e-c27b-4640-9bd9-d92813f964d1', 'b6588e29-37de-425f-834e-e867f77794ce', 'd792a2c1-5276-4000-8677-5bf6dba6665a');
INSERT INTO option_choice (option_id, choice_id) VALUES ('4bde418e-a165-43f7-ac7b-c6d2ab034e2e', 'c2f25f5e-c27b-4640-9bd9-d92813f964d1');
INSERT INTO option_choice (option_id, choice_id) VALUES ('46bd1403-2ee0-4145-8014-8dd4fafcb8af', 'c2f25f5e-c27b-4640-9bd9-d92813f964d1');
INSERT INTO option_choice (option_id, choice_id) VALUES ('40c301f5-13ed-4b94-85aa-e1c562adce4d', 'c2f25f5e-c27b-4640-9bd9-d92813f964d1');
INSERT INTO option_choice (option_id, choice_id) VALUES ('7f0bbd14-8cfc-4a28-88f7-5af992a4c02b', 'c2f25f5e-c27b-4640-9bd9-d92813f964d1');
INSERT INTO option_choice (option_id, choice_id) VALUES ('ec37510e-f2a1-4e16-ae94-e9ea2c4461e3', 'c2f25f5e-c27b-4640-9bd9-d92813f964d1');
INSERT INTO option_choice (option_id, choice_id) VALUES ('460ff4a7-d376-4dc8-b5bb-9ab1989fbb31', 'c2f25f5e-c27b-4640-9bd9-d92813f964d1');
INSERT INTO option_choice (option_id, choice_id) VALUES ('07e7a8bf-65e2-41d5-aeef-91bcbe765392', 'c2f25f5e-c27b-4640-9bd9-d92813f964d1');
INSERT INTO option_choice (option_id, choice_id) VALUES ('5b82f100-bb0f-47ec-9395-7a0409f4b7ef', 'c2f25f5e-c27b-4640-9bd9-d92813f964d1');
INSERT INTO interviewee (id, login, password, age, gender, country, marital_status) VALUES ('1ba3030e-dcd0-4bd7-9a07-d4454c67c607', 'interviewee503', 'qwerty', 40, 'female', 'GR', 'married');
INSERT INTO choice (id, questionnaire_id, interviewee_id) VALUES ('bc3d3aa3-8b67-4743-80a9-2efa44288a13', '0b6580ec-1374-4a48-ad1d-b1fa316ad9be', '1ba3030e-dcd0-4bd7-9a07-d4454c67c607');
INSERT INTO option_choice (option_id, choice_id) VALUES ('82cec316-48c4-48d4-9d69-8a67e9d22eca', 'bc3d3aa3-8b67-4743-80a9-2efa44288a13');
INSERT INTO option_choice (option_id, choice_id) VALUES ('a518cc4d-143a-45ca-b29f-a7c53dacc773', 'bc3d3aa3-8b67-4743-80a9-2efa44288a13');
INSERT INTO option_choice (option_id, choice_id) VALUES ('82be4575-892d-453a-b3d9-0827c6b6d6df', 'bc3d3aa3-8b67-4743-80a9-2efa44288a13');
INSERT INTO option_choice (option_id, choice_id) VALUES ('68263915-d7e9-4ac6-9c14-f48cf8807857', 'bc3d3aa3-8b67-4743-80a9-2efa44288a13');
INSERT INTO interviewee (id, login, password, age, gender, country, marital_status) VALUES ('cce473f6-7cff-489b-97b6-341f951fa08e', 'interviewee504', 'qwerty', 55, 'male', 'BH', 'was_not_married');
INSERT INTO choice (id, questionnaire_id, interviewee_id) VALUES ('7c633055-bbd8-4824-9a51-0bca401f6775', '557cb630-d2f4-4e11-afe9-d50534deb525', 'cce473f6-7cff-489b-97b6-341f951fa08e');
INSERT INTO option_choice (option_id, choice_id) VALUES ('b633afa9-c11d-4aab-b450-ffbcfde02318', '7c633055-bbd8-4824-9a51-0bca401f6775');
INSERT INTO interviewee (id, login, password, age, gender, country, marital_status) VALUES ('6c13b0fb-3a83-4194-bc41-df67b3888c7f', 'interviewee505', 'qwerty', 24, 'female', 'GW', 'married');
INSERT INTO choice (id, questionnaire_id, interviewee_id) VALUES ('b7e6aba8-fa82-4750-a3c5-b3843fcd4763', '0b6580ec-1374-4a48-ad1d-b1fa316ad9be', '6c13b0fb-3a83-4194-bc41-df67b3888c7f');
INSERT INTO option_choice (option_id, choice_id) VALUES ('82cec316-48c4-48d4-9d69-8a67e9d22eca', 'b7e6aba8-fa82-4750-a3c5-b3843fcd4763');
INSERT INTO option_choice (option_id, choice_id) VALUES ('a518cc4d-143a-45ca-b29f-a7c53dacc773', 'b7e6aba8-fa82-4750-a3c5-b3843fcd4763');
INSERT INTO option_choice (option_id, choice_id) VALUES ('68263915-d7e9-4ac6-9c14-f48cf8807857', 'b7e6aba8-fa82-4750-a3c5-b3843fcd4763');
INSERT INTO option_choice (option_id, choice_id) VALUES ('82be4575-892d-453a-b3d9-0827c6b6d6df', 'b7e6aba8-fa82-4750-a3c5-b3843fcd4763');
INSERT INTO choice (id, questionnaire_id, interviewee_id) VALUES ('ef1d142e-45e7-430c-90ac-e990f712d4e6', 'afb83fe3-e755-403b-9a15-c18b3782c012', '6c13b0fb-3a83-4194-bc41-df67b3888c7f');
INSERT INTO option_choice (option_id, choice_id) VALUES ('db1f1f55-651e-4dd8-b4c1-deb2f26216b2', 'ef1d142e-45e7-430c-90ac-e990f712d4e6');
INSERT INTO choice (id, questionnaire_id, interviewee_id) VALUES ('2d31d81e-0d5f-425c-afed-d1740a65adcf', 'd05638df-f11c-413d-8456-ee036bed2914', '6c13b0fb-3a83-4194-bc41-df67b3888c7f');
INSERT INTO option_choice (option_id, choice_id) VALUES ('b0557de3-6b66-4e79-b1ac-c2b8f0a5096b', '2d31d81e-0d5f-425c-afed-d1740a65adcf');
INSERT INTO interviewee (id, login, password, age, gender, country, marital_status) VALUES ('ae7cb868-9000-4da1-a628-f541eb208b4e', 'interviewee506', 'qwerty', 21, 'female', 'ZM', 'married');
INSERT INTO choice (id, questionnaire_id, interviewee_id) VALUES ('6abd0868-b80b-4b94-9d1c-2cb57e0ed711', '6a34c81d-d686-4ce4-8e2f-ec3d2ba47346', 'ae7cb868-9000-4da1-a628-f541eb208b4e');
INSERT INTO option_choice (option_id, choice_id) VALUES ('7a83da6c-611b-4c33-a2e2-ddf398a170bc', '6abd0868-b80b-4b94-9d1c-2cb57e0ed711');
INSERT INTO interviewee (id, login, password, age, gender, country, marital_status) VALUES ('5102fd28-e9e7-4877-bd0d-f861b21bdc9d', 'interviewee507', 'qwerty', 14, 'male', 'NO', 'was_not_married');
INSERT INTO choice (id, questionnaire_id, interviewee_id) VALUES ('8a77d517-411e-4a87-8c3c-6f0e9d401d93', 'e2cf177f-e49f-4aef-99a6-095d711c6ec2', '5102fd28-e9e7-4877-bd0d-f861b21bdc9d');
INSERT INTO option_choice (option_id, choice_id) VALUES ('242c02d5-0f4b-4e89-976f-3754854f478c', '8a77d517-411e-4a87-8c3c-6f0e9d401d93');
INSERT INTO choice (id, questionnaire_id, interviewee_id) VALUES ('fd03a934-44d4-4390-ad9e-4074067273cc', 'f680addd-a0b2-4101-9e1f-5e0870943c68', '5102fd28-e9e7-4877-bd0d-f861b21bdc9d');
INSERT INTO option_choice (option_id, choice_id) VALUES ('5e0b63d0-2a10-4ab5-a66a-a47615b50b03', 'fd03a934-44d4-4390-ad9e-4074067273cc');
INSERT INTO option_choice (option_id, choice_id) VALUES ('521ef3a0-411b-4392-8393-62ed9a638949', 'fd03a934-44d4-4390-ad9e-4074067273cc');
INSERT INTO choice (id, questionnaire_id, interviewee_id) VALUES ('940b9e3e-32b5-4e8c-89df-a27e644dfce8', '91a16ec4-1a91-44d1-bb08-6e9fc823c230', '5102fd28-e9e7-4877-bd0d-f861b21bdc9d');
INSERT INTO option_choice (option_id, choice_id) VALUES ('fbc23714-2c99-4441-8130-94075c78f6e8', '940b9e3e-32b5-4e8c-89df-a27e644dfce8');
INSERT INTO option_choice (option_id, choice_id) VALUES ('cab8632d-19dd-4ddc-9c90-669949088fa5', '940b9e3e-32b5-4e8c-89df-a27e644dfce8');
INSERT INTO option_choice (option_id, choice_id) VALUES ('5b32da45-be75-42c8-8fa7-ba776167a759', '940b9e3e-32b5-4e8c-89df-a27e644dfce8');
INSERT INTO option_choice (option_id, choice_id) VALUES ('690b73cc-52e3-435d-a3bd-78733e5fdeaf', '940b9e3e-32b5-4e8c-89df-a27e644dfce8');
INSERT INTO interviewee (id, login, password, age, gender, country, marital_status) VALUES ('d9581276-d8c6-42dc-84b9-54f43ca9186a', 'interviewee508', 'qwerty', 16, 'female', 'TH', 'married');
INSERT INTO choice (id, questionnaire_id, interviewee_id) VALUES ('eba4cac8-c39e-4615-b856-39ede414961e', 'b5ae5620-2d58-48f5-a060-28e8fd1859dd', 'd9581276-d8c6-42dc-84b9-54f43ca9186a');
INSERT INTO option_choice (option_id, choice_id) VALUES ('fc3d8e7d-c82b-4208-82dd-e6917cf8765e', 'eba4cac8-c39e-4615-b856-39ede414961e');
INSERT INTO interviewee (id, login, password, age, gender, country, marital_status) VALUES ('9ae0c0cb-fcf6-4b13-9e32-95545a10eb10', 'interviewee509', 'qwerty', 56, 'female', 'AI', 'married');
INSERT INTO choice (id, questionnaire_id, interviewee_id) VALUES ('88711d0f-762b-4712-a084-39161d672405', '6a34c81d-d686-4ce4-8e2f-ec3d2ba47346', '9ae0c0cb-fcf6-4b13-9e32-95545a10eb10');
INSERT INTO option_choice (option_id, choice_id) VALUES ('553e0886-1a11-4d34-ad3c-c3ee745c28c8', '88711d0f-762b-4712-a084-39161d672405');
INSERT INTO choice (id, questionnaire_id, interviewee_id) VALUES ('d3ba45b2-c9a6-405e-b2c0-66cd9acccc2f', 'a7e484ae-fb91-4ddf-a8c0-869a7f4ad0ee', '9ae0c0cb-fcf6-4b13-9e32-95545a10eb10');
INSERT INTO option_choice (option_id, choice_id) VALUES ('5833b1ae-14b5-474e-8178-69dc98fc720e', 'd3ba45b2-c9a6-405e-b2c0-66cd9acccc2f');
INSERT INTO interviewee (id, login, password, age, gender, country, marital_status) VALUES ('ea8b84ec-b802-4b3d-8f47-f9dcf8bc695f', 'interviewee510', 'qwerty', 49, 'female', 'FR', 'married');
INSERT INTO choice (id, questionnaire_id, interviewee_id) VALUES ('e531a668-e3f2-4511-b1ac-004c41a51b6a', 'e2cf177f-e49f-4aef-99a6-095d711c6ec2', 'ea8b84ec-b802-4b3d-8f47-f9dcf8bc695f');
INSERT INTO option_choice (option_id, choice_id) VALUES ('1b5e4a41-da4c-4845-8698-5ed9deee3ca2', 'e531a668-e3f2-4511-b1ac-004c41a51b6a');
INSERT INTO choice (id, questionnaire_id, interviewee_id) VALUES ('82f8d2b6-06db-4ee5-8c4a-c9a0b39da088', 'd05638df-f11c-413d-8456-ee036bed2914', 'ea8b84ec-b802-4b3d-8f47-f9dcf8bc695f');
INSERT INTO option_choice (option_id, choice_id) VALUES ('b4b64304-6288-40df-8120-283c58db8d1a', '82f8d2b6-06db-4ee5-8c4a-c9a0b39da088');
INSERT INTO choice (id, questionnaire_id, interviewee_id) VALUES ('57aa42eb-7b60-40d7-add9-bd3bbef176e2', 'bf8da1bc-7284-44d0-a7c0-4e0321978aa0', 'ea8b84ec-b802-4b3d-8f47-f9dcf8bc695f');
INSERT INTO option_choice (option_id, choice_id) VALUES ('fbbdfd34-e2c5-4e0b-b98a-d33f6f4fac06', '57aa42eb-7b60-40d7-add9-bd3bbef176e2');
INSERT INTO interviewee (id, login, password, age, gender, country, marital_status) VALUES ('8a4d97d0-9617-42a1-969e-15dd1702ebf9', 'interviewee511', 'qwerty', 57, 'male', 'JE', 'was_not_married');
INSERT INTO choice (id, questionnaire_id, interviewee_id) VALUES ('a15bbdac-b2e2-42a6-86ac-e4baa0af2c5c', '6a34c81d-d686-4ce4-8e2f-ec3d2ba47346', '8a4d97d0-9617-42a1-969e-15dd1702ebf9');
INSERT INTO option_choice (option_id, choice_id) VALUES ('553e0886-1a11-4d34-ad3c-c3ee745c28c8', 'a15bbdac-b2e2-42a6-86ac-e4baa0af2c5c');
INSERT INTO interviewee (id, login, password, age, gender, country, marital_status) VALUES ('44e6a902-7ab9-4fdc-8474-091d6d106d91', 'interviewee512', 'qwerty', 26, 'female', 'PR', 'was_not_married');
INSERT INTO choice (id, questionnaire_id, interviewee_id) VALUES ('589681aa-d2b6-4aac-95e9-c28e69bc8b7a', 'b6588e29-37de-425f-834e-e867f77794ce', '44e6a902-7ab9-4fdc-8474-091d6d106d91');
INSERT INTO option_choice (option_id, choice_id) VALUES ('40c301f5-13ed-4b94-85aa-e1c562adce4d', '589681aa-d2b6-4aac-95e9-c28e69bc8b7a');
INSERT INTO option_choice (option_id, choice_id) VALUES ('7f0bbd14-8cfc-4a28-88f7-5af992a4c02b', '589681aa-d2b6-4aac-95e9-c28e69bc8b7a');
INSERT INTO option_choice (option_id, choice_id) VALUES ('460ff4a7-d376-4dc8-b5bb-9ab1989fbb31', '589681aa-d2b6-4aac-95e9-c28e69bc8b7a');
INSERT INTO option_choice (option_id, choice_id) VALUES ('4bde418e-a165-43f7-ac7b-c6d2ab034e2e', '589681aa-d2b6-4aac-95e9-c28e69bc8b7a');
INSERT INTO choice (id, questionnaire_id, interviewee_id) VALUES ('5d8ca123-383f-491d-a4a7-6b786b5c6bce', '309e872a-e145-4926-998b-ec0fdb62466a', '44e6a902-7ab9-4fdc-8474-091d6d106d91');
INSERT INTO option_choice (option_id, choice_id) VALUES ('8ccfc598-c3a0-4ad2-a052-f4e6e3edc252', '5d8ca123-383f-491d-a4a7-6b786b5c6bce');
INSERT INTO option_choice (option_id, choice_id) VALUES ('1dcd1e79-636e-4d6c-b9b4-dcf0da4fdaaa', '5d8ca123-383f-491d-a4a7-6b786b5c6bce');
INSERT INTO choice (id, questionnaire_id, interviewee_id) VALUES ('6f1fa469-3498-41b2-a532-aef777040b34', '91a16ec4-1a91-44d1-bb08-6e9fc823c230', '44e6a902-7ab9-4fdc-8474-091d6d106d91');
INSERT INTO option_choice (option_id, choice_id) VALUES ('5b32da45-be75-42c8-8fa7-ba776167a759', '6f1fa469-3498-41b2-a532-aef777040b34');
INSERT INTO interviewee (id, login, password, age, gender, country, marital_status) VALUES ('02dba59c-9675-4eeb-9df7-66e8fd0bb18b', 'interviewee513', 'qwerty', 70, 'male', 'BV', 'was_not_married');
INSERT INTO choice (id, questionnaire_id, interviewee_id) VALUES ('1f9746bf-2a54-4707-982e-2ed9c2d1e379', 'e679f6e5-388e-4679-9f14-15a0896d2816', '02dba59c-9675-4eeb-9df7-66e8fd0bb18b');
INSERT INTO option_choice (option_id, choice_id) VALUES ('ae13d28d-5670-495b-a9e0-d0949dab86e3', '1f9746bf-2a54-4707-982e-2ed9c2d1e379');
INSERT INTO option_choice (option_id, choice_id) VALUES ('01fc26e1-e8f8-407f-a1b8-6af243e9c3dd', '1f9746bf-2a54-4707-982e-2ed9c2d1e379');
INSERT INTO option_choice (option_id, choice_id) VALUES ('7fc08a6e-900b-45ea-b455-29a8eb343039', '1f9746bf-2a54-4707-982e-2ed9c2d1e379');
INSERT INTO option_choice (option_id, choice_id) VALUES ('f62b7b4d-17f1-4686-9782-f0b454d6f390', '1f9746bf-2a54-4707-982e-2ed9c2d1e379');
INSERT INTO option_choice (option_id, choice_id) VALUES ('5169914a-cf41-4077-8993-1322df09c3da', '1f9746bf-2a54-4707-982e-2ed9c2d1e379');
INSERT INTO option_choice (option_id, choice_id) VALUES ('3ee9dd0f-6306-4f8b-bdec-27347884621a', '1f9746bf-2a54-4707-982e-2ed9c2d1e379');
INSERT INTO interviewee (id, login, password, age, gender, country, marital_status) VALUES ('fa6f4498-d57d-442b-a878-bb7dfddfa4a2', 'interviewee514', 'qwerty', 56, 'male', 'MR', 'was_not_married');
INSERT INTO choice (id, questionnaire_id, interviewee_id) VALUES ('4fee0575-a458-49f8-b515-b8432dfec8d2', '8adfa259-7459-4497-b994-7101058c39c1', 'fa6f4498-d57d-442b-a878-bb7dfddfa4a2');
INSERT INTO option_choice (option_id, choice_id) VALUES ('502fb96b-685d-47da-86bb-f40e1e8f57ef', '4fee0575-a458-49f8-b515-b8432dfec8d2');
INSERT INTO option_choice (option_id, choice_id) VALUES ('0c96072b-cf70-4fde-8afb-27bf8c3f7a8b', '4fee0575-a458-49f8-b515-b8432dfec8d2');
INSERT INTO option_choice (option_id, choice_id) VALUES ('9e45c288-be30-427f-be35-83a5171e2b4d', '4fee0575-a458-49f8-b515-b8432dfec8d2');
INSERT INTO option_choice (option_id, choice_id) VALUES ('968d6b86-376e-4d23-9555-89ee1d638c1c', '4fee0575-a458-49f8-b515-b8432dfec8d2');
INSERT INTO choice (id, questionnaire_id, interviewee_id) VALUES ('11c9f81e-7c2e-4110-aa67-18593f9244ed', 'b5ae5620-2d58-48f5-a060-28e8fd1859dd', 'fa6f4498-d57d-442b-a878-bb7dfddfa4a2');
INSERT INTO option_choice (option_id, choice_id) VALUES ('68702e14-fb48-4755-b6ec-11c860048f90', '11c9f81e-7c2e-4110-aa67-18593f9244ed');
INSERT INTO interviewee (id, login, password, age, gender, country, marital_status) VALUES ('bd996adc-1675-4c4b-ae03-c706b0040386', 'interviewee515', 'qwerty', 32, 'male', 'VC', 'married');
INSERT INTO choice (id, questionnaire_id, interviewee_id) VALUES ('9fe4ae58-c110-4d99-96a4-4562a3d636c1', '309e872a-e145-4926-998b-ec0fdb62466a', 'bd996adc-1675-4c4b-ae03-c706b0040386');
INSERT INTO option_choice (option_id, choice_id) VALUES ('8ccfc598-c3a0-4ad2-a052-f4e6e3edc252', '9fe4ae58-c110-4d99-96a4-4562a3d636c1');
INSERT INTO option_choice (option_id, choice_id) VALUES ('4579f5ab-3007-4302-aa53-456cd440599b', '9fe4ae58-c110-4d99-96a4-4562a3d636c1');
INSERT INTO choice (id, questionnaire_id, interviewee_id) VALUES ('f671600a-74ff-4e42-8584-77a005b2fda9', 'afb83fe3-e755-403b-9a15-c18b3782c012', 'bd996adc-1675-4c4b-ae03-c706b0040386');
INSERT INTO option_choice (option_id, choice_id) VALUES ('db1f1f55-651e-4dd8-b4c1-deb2f26216b2', 'f671600a-74ff-4e42-8584-77a005b2fda9');
INSERT INTO interviewee (id, login, password, age, gender, country, marital_status) VALUES ('da2114f3-8392-4c85-aee5-7acb3f535c77', 'interviewee516', 'qwerty', 19, 'female', 'MQ', 'divorced');
INSERT INTO choice (id, questionnaire_id, interviewee_id) VALUES ('bf1c33b0-b22e-45d5-96be-8ed87cfe198f', 'e679f6e5-388e-4679-9f14-15a0896d2816', 'da2114f3-8392-4c85-aee5-7acb3f535c77');
INSERT INTO option_choice (option_id, choice_id) VALUES ('f62b7b4d-17f1-4686-9782-f0b454d6f390', 'bf1c33b0-b22e-45d5-96be-8ed87cfe198f');
INSERT INTO option_choice (option_id, choice_id) VALUES ('7fc08a6e-900b-45ea-b455-29a8eb343039', 'bf1c33b0-b22e-45d5-96be-8ed87cfe198f');
INSERT INTO option_choice (option_id, choice_id) VALUES ('5169914a-cf41-4077-8993-1322df09c3da', 'bf1c33b0-b22e-45d5-96be-8ed87cfe198f');
INSERT INTO option_choice (option_id, choice_id) VALUES ('ae13d28d-5670-495b-a9e0-d0949dab86e3', 'bf1c33b0-b22e-45d5-96be-8ed87cfe198f');
INSERT INTO option_choice (option_id, choice_id) VALUES ('3ee9dd0f-6306-4f8b-bdec-27347884621a', 'bf1c33b0-b22e-45d5-96be-8ed87cfe198f');
INSERT INTO option_choice (option_id, choice_id) VALUES ('01fc26e1-e8f8-407f-a1b8-6af243e9c3dd', 'bf1c33b0-b22e-45d5-96be-8ed87cfe198f');
INSERT INTO choice (id, questionnaire_id, interviewee_id) VALUES ('7e1f46d1-7433-4cfb-b5cf-1fdca003d155', 'afb83fe3-e755-403b-9a15-c18b3782c012', 'da2114f3-8392-4c85-aee5-7acb3f535c77');
INSERT INTO option_choice (option_id, choice_id) VALUES ('db1f1f55-651e-4dd8-b4c1-deb2f26216b2', '7e1f46d1-7433-4cfb-b5cf-1fdca003d155');
INSERT INTO choice (id, questionnaire_id, interviewee_id) VALUES ('6ca4d802-172a-453a-aa66-bdb480090452', '557cb630-d2f4-4e11-afe9-d50534deb525', 'da2114f3-8392-4c85-aee5-7acb3f535c77');
INSERT INTO option_choice (option_id, choice_id) VALUES ('84999604-dd85-4536-a3fc-0dc6006d4d23', '6ca4d802-172a-453a-aa66-bdb480090452');
INSERT INTO interviewee (id, login, password, age, gender, country, marital_status) VALUES ('4f7f735f-d0b0-441a-8ad8-7648fcb7ad23', 'interviewee517', 'qwerty', 52, 'female', 'NC', 'was_not_married');
INSERT INTO choice (id, questionnaire_id, interviewee_id) VALUES ('d73a4d00-ca5b-4f06-a108-dc037af401ad', 'e2cf177f-e49f-4aef-99a6-095d711c6ec2', '4f7f735f-d0b0-441a-8ad8-7648fcb7ad23');
INSERT INTO option_choice (option_id, choice_id) VALUES ('1b5e4a41-da4c-4845-8698-5ed9deee3ca2', 'd73a4d00-ca5b-4f06-a108-dc037af401ad');
INSERT INTO choice (id, questionnaire_id, interviewee_id) VALUES ('62a8122c-6de5-4468-bce1-c294e61900c7', '56c296cd-7c3b-4eb1-90cb-745e555a098c', '4f7f735f-d0b0-441a-8ad8-7648fcb7ad23');
INSERT INTO option_choice (option_id, choice_id) VALUES ('0e27133d-354c-4e2d-af9f-e74397954328', '62a8122c-6de5-4468-bce1-c294e61900c7');
INSERT INTO interviewee (id, login, password, age, gender, country, marital_status) VALUES ('aa337b98-9a5d-4143-92b0-27e0cabe6b64', 'interviewee518', 'qwerty', 41, 'male', 'MF', 'was_not_married');
INSERT INTO choice (id, questionnaire_id, interviewee_id) VALUES ('5abd4608-57e2-4fd0-a304-8fdb6d346003', '8902d50d-0421-4680-82f2-f2b1b667e3fd', 'aa337b98-9a5d-4143-92b0-27e0cabe6b64');
INSERT INTO option_choice (option_id, choice_id) VALUES ('b9a164f5-2a94-487b-874f-f3bdc79ee4e3', '5abd4608-57e2-4fd0-a304-8fdb6d346003');
INSERT INTO choice (id, questionnaire_id, interviewee_id) VALUES ('0cf3d7f0-c0ea-4f25-b7aa-4fc5d5cca599', 'f680addd-a0b2-4101-9e1f-5e0870943c68', 'aa337b98-9a5d-4143-92b0-27e0cabe6b64');
INSERT INTO option_choice (option_id, choice_id) VALUES ('cfde0373-91b9-46f9-bc0d-a137a713d2d7', '0cf3d7f0-c0ea-4f25-b7aa-4fc5d5cca599');
INSERT INTO option_choice (option_id, choice_id) VALUES ('5e0b63d0-2a10-4ab5-a66a-a47615b50b03', '0cf3d7f0-c0ea-4f25-b7aa-4fc5d5cca599');
INSERT INTO option_choice (option_id, choice_id) VALUES ('521ef3a0-411b-4392-8393-62ed9a638949', '0cf3d7f0-c0ea-4f25-b7aa-4fc5d5cca599');
INSERT INTO interviewee (id, login, password, age, gender, country, marital_status) VALUES ('2e0e0cf9-4a96-4a4c-9a5d-e1d11a1ef391', 'interviewee519', 'qwerty', 41, 'female', 'PW', 'divorced');
INSERT INTO choice (id, questionnaire_id, interviewee_id) VALUES ('dd46b5c1-dc1e-42a0-8878-e1e1229265ee', 'b5ae5620-2d58-48f5-a060-28e8fd1859dd', '2e0e0cf9-4a96-4a4c-9a5d-e1d11a1ef391');
INSERT INTO option_choice (option_id, choice_id) VALUES ('6d0af933-e0cd-405e-8ecb-b04a62b5d13f', 'dd46b5c1-dc1e-42a0-8878-e1e1229265ee');
INSERT INTO interviewee (id, login, password, age, gender, country, marital_status) VALUES ('180c9281-eef4-42ae-8175-f76fc24351f2', 'interviewee520', 'qwerty', 70, 'male', 'UM', 'was_not_married');
INSERT INTO choice (id, questionnaire_id, interviewee_id) VALUES ('fad5e9fe-cbd3-4bae-960d-94b805c91e0b', 'a7e484ae-fb91-4ddf-a8c0-869a7f4ad0ee', '180c9281-eef4-42ae-8175-f76fc24351f2');
INSERT INTO option_choice (option_id, choice_id) VALUES ('5833b1ae-14b5-474e-8178-69dc98fc720e', 'fad5e9fe-cbd3-4bae-960d-94b805c91e0b');
INSERT INTO interviewee (id, login, password, age, gender, country, marital_status) VALUES ('d94d0d2a-7630-4a92-8e98-a073285ac412', 'interviewee521', 'qwerty', 34, 'female', 'CF', 'was_not_married');
INSERT INTO choice (id, questionnaire_id, interviewee_id) VALUES ('72151129-a50c-46b9-a845-dad28007cc34', 'a7e484ae-fb91-4ddf-a8c0-869a7f4ad0ee', 'd94d0d2a-7630-4a92-8e98-a073285ac412');
INSERT INTO option_choice (option_id, choice_id) VALUES ('c2e66b7f-cc24-45a4-a017-7a4d25149a85', '72151129-a50c-46b9-a845-dad28007cc34');
INSERT INTO interviewee (id, login, password, age, gender, country, marital_status) VALUES ('3cbe1724-88e9-45db-b8ae-ca586b3715f3', 'interviewee522', 'qwerty', 43, 'male', 'KG', 'divorced');
INSERT INTO choice (id, questionnaire_id, interviewee_id) VALUES ('dfd68cb3-e5c7-45ef-ba44-cfb537de5405', '0b6580ec-1374-4a48-ad1d-b1fa316ad9be', '3cbe1724-88e9-45db-b8ae-ca586b3715f3');
INSERT INTO option_choice (option_id, choice_id) VALUES ('82be4575-892d-453a-b3d9-0827c6b6d6df', 'dfd68cb3-e5c7-45ef-ba44-cfb537de5405');
INSERT INTO option_choice (option_id, choice_id) VALUES ('82cec316-48c4-48d4-9d69-8a67e9d22eca', 'dfd68cb3-e5c7-45ef-ba44-cfb537de5405');
INSERT INTO option_choice (option_id, choice_id) VALUES ('68263915-d7e9-4ac6-9c14-f48cf8807857', 'dfd68cb3-e5c7-45ef-ba44-cfb537de5405');
INSERT INTO interviewee (id, login, password, age, gender, country, marital_status) VALUES ('992a5ba3-03a0-4f6f-8910-945340f91ba1', 'interviewee523', 'qwerty', 56, 'female', 'BF', 'married');
INSERT INTO choice (id, questionnaire_id, interviewee_id) VALUES ('4dfa5861-3e3a-410f-8ecf-9310707ead29', '83dbd16d-6765-468d-944f-022d10d042e5', '992a5ba3-03a0-4f6f-8910-945340f91ba1');
INSERT INTO option_choice (option_id, choice_id) VALUES ('176e8036-bece-46c0-beb2-71eb28a41f51', '4dfa5861-3e3a-410f-8ecf-9310707ead29');
INSERT INTO option_choice (option_id, choice_id) VALUES ('eee0aab7-8b77-4c19-b028-648aa7e303ed', '4dfa5861-3e3a-410f-8ecf-9310707ead29');
INSERT INTO option_choice (option_id, choice_id) VALUES ('d6416cf3-39f7-4cf9-ba84-314605b84d03', '4dfa5861-3e3a-410f-8ecf-9310707ead29');
INSERT INTO choice (id, questionnaire_id, interviewee_id) VALUES ('7d6e48ac-3f85-4787-b7ae-d6e744ddd6df', '342b973f-a1d1-4062-a073-fb80b6195e1a', '992a5ba3-03a0-4f6f-8910-945340f91ba1');
INSERT INTO option_choice (option_id, choice_id) VALUES ('d84282d4-6002-4289-bb10-cb7bfd2e906b', '7d6e48ac-3f85-4787-b7ae-d6e744ddd6df');
INSERT INTO option_choice (option_id, choice_id) VALUES ('47afaa62-a5ba-4be6-81b8-673fae59c987', '7d6e48ac-3f85-4787-b7ae-d6e744ddd6df');
INSERT INTO interviewee (id, login, password, age, gender, country, marital_status) VALUES ('5b5aac53-c973-44bd-9b31-a7f971e05f16', 'interviewee524', 'qwerty', 21, 'male', 'IQ', 'divorced');
INSERT INTO choice (id, questionnaire_id, interviewee_id) VALUES ('f0845752-b078-459f-be12-598579572c57', 'a345b682-c7ac-49ac-9f14-4f5173a872d8', '5b5aac53-c973-44bd-9b31-a7f971e05f16');
INSERT INTO option_choice (option_id, choice_id) VALUES ('4389db4e-2a8b-43f8-8643-dd6f5a5f160e', 'f0845752-b078-459f-be12-598579572c57');
INSERT INTO choice (id, questionnaire_id, interviewee_id) VALUES ('248a6093-15e1-4dd8-b9f1-32bedb304ea3', 'a2f7d656-4675-4d99-9435-95cbe535c6c1', '5b5aac53-c973-44bd-9b31-a7f971e05f16');
INSERT INTO option_choice (option_id, choice_id) VALUES ('930526a4-2714-4f39-831c-55b3185bd967', '248a6093-15e1-4dd8-b9f1-32bedb304ea3');
INSERT INTO option_choice (option_id, choice_id) VALUES ('2366bc8e-690e-4739-b5f2-cf491cd8107c', '248a6093-15e1-4dd8-b9f1-32bedb304ea3');
INSERT INTO choice (id, questionnaire_id, interviewee_id) VALUES ('31527a2b-c2bd-449b-aaa1-8197695b6cf0', 'a7e484ae-fb91-4ddf-a8c0-869a7f4ad0ee', '5b5aac53-c973-44bd-9b31-a7f971e05f16');
INSERT INTO option_choice (option_id, choice_id) VALUES ('5833b1ae-14b5-474e-8178-69dc98fc720e', '31527a2b-c2bd-449b-aaa1-8197695b6cf0');
INSERT INTO interviewee (id, login, password, age, gender, country, marital_status) VALUES ('f92bdf40-27f9-4f16-b545-0ae1a9eca6b2', 'interviewee525', 'qwerty', 43, 'female', 'VC', 'married');
INSERT INTO choice (id, questionnaire_id, interviewee_id) VALUES ('3074d3ca-b1a4-42ae-b4d9-e5db87424958', '309e872a-e145-4926-998b-ec0fdb62466a', 'f92bdf40-27f9-4f16-b545-0ae1a9eca6b2');
INSERT INTO option_choice (option_id, choice_id) VALUES ('1dcd1e79-636e-4d6c-b9b4-dcf0da4fdaaa', '3074d3ca-b1a4-42ae-b4d9-e5db87424958');
INSERT INTO option_choice (option_id, choice_id) VALUES ('4579f5ab-3007-4302-aa53-456cd440599b', '3074d3ca-b1a4-42ae-b4d9-e5db87424958');
INSERT INTO interviewee (id, login, password, age, gender, country, marital_status) VALUES ('72bafac7-7b5c-4fb3-acce-4a2aa31d860f', 'interviewee526', 'qwerty', 69, 'male', 'IR', 'was_not_married');
INSERT INTO choice (id, questionnaire_id, interviewee_id) VALUES ('c4ea4a94-26fc-4de7-8e5d-52e8925690dc', '56c296cd-7c3b-4eb1-90cb-745e555a098c', '72bafac7-7b5c-4fb3-acce-4a2aa31d860f');
INSERT INTO option_choice (option_id, choice_id) VALUES ('00605853-328c-4a30-9227-5513208ca17e', 'c4ea4a94-26fc-4de7-8e5d-52e8925690dc');
INSERT INTO choice (id, questionnaire_id, interviewee_id) VALUES ('a5f1aa89-12af-416a-8f90-3bc0f421501e', '0b6580ec-1374-4a48-ad1d-b1fa316ad9be', '72bafac7-7b5c-4fb3-acce-4a2aa31d860f');
INSERT INTO option_choice (option_id, choice_id) VALUES ('82be4575-892d-453a-b3d9-0827c6b6d6df', 'a5f1aa89-12af-416a-8f90-3bc0f421501e');
INSERT INTO option_choice (option_id, choice_id) VALUES ('82cec316-48c4-48d4-9d69-8a67e9d22eca', 'a5f1aa89-12af-416a-8f90-3bc0f421501e');
INSERT INTO option_choice (option_id, choice_id) VALUES ('a518cc4d-143a-45ca-b29f-a7c53dacc773', 'a5f1aa89-12af-416a-8f90-3bc0f421501e');
INSERT INTO option_choice (option_id, choice_id) VALUES ('68263915-d7e9-4ac6-9c14-f48cf8807857', 'a5f1aa89-12af-416a-8f90-3bc0f421501e');
INSERT INTO choice (id, questionnaire_id, interviewee_id) VALUES ('6e2c689d-411e-44f2-af16-92feb9cad5fc', '91a16ec4-1a91-44d1-bb08-6e9fc823c230', '72bafac7-7b5c-4fb3-acce-4a2aa31d860f');
INSERT INTO option_choice (option_id, choice_id) VALUES ('5b32da45-be75-42c8-8fa7-ba776167a759', '6e2c689d-411e-44f2-af16-92feb9cad5fc');
INSERT INTO option_choice (option_id, choice_id) VALUES ('fbc23714-2c99-4441-8130-94075c78f6e8', '6e2c689d-411e-44f2-af16-92feb9cad5fc');
INSERT INTO option_choice (option_id, choice_id) VALUES ('690b73cc-52e3-435d-a3bd-78733e5fdeaf', '6e2c689d-411e-44f2-af16-92feb9cad5fc');
INSERT INTO option_choice (option_id, choice_id) VALUES ('cab8632d-19dd-4ddc-9c90-669949088fa5', '6e2c689d-411e-44f2-af16-92feb9cad5fc');
INSERT INTO interviewee (id, login, password, age, gender, country, marital_status) VALUES ('47af5431-4e7c-4bc1-be7f-ff67e20a37d9', 'interviewee527', 'qwerty', 27, 'female', 'PL', 'was_not_married');
INSERT INTO choice (id, questionnaire_id, interviewee_id) VALUES ('5cac35a9-9339-4ca3-affc-74934c81be77', '0b6580ec-1374-4a48-ad1d-b1fa316ad9be', '47af5431-4e7c-4bc1-be7f-ff67e20a37d9');
INSERT INTO option_choice (option_id, choice_id) VALUES ('82cec316-48c4-48d4-9d69-8a67e9d22eca', '5cac35a9-9339-4ca3-affc-74934c81be77');
INSERT INTO choice (id, questionnaire_id, interviewee_id) VALUES ('aca9b7bc-cd28-45a2-92eb-ed48a65dded2', 'f680addd-a0b2-4101-9e1f-5e0870943c68', '47af5431-4e7c-4bc1-be7f-ff67e20a37d9');
INSERT INTO option_choice (option_id, choice_id) VALUES ('521ef3a0-411b-4392-8393-62ed9a638949', 'aca9b7bc-cd28-45a2-92eb-ed48a65dded2');
INSERT INTO option_choice (option_id, choice_id) VALUES ('cfde0373-91b9-46f9-bc0d-a137a713d2d7', 'aca9b7bc-cd28-45a2-92eb-ed48a65dded2');
INSERT INTO interviewee (id, login, password, age, gender, country, marital_status) VALUES ('8c741a49-b97f-495c-8207-6157f723f351', 'interviewee528', 'qwerty', 37, 'male', 'ET', 'was_not_married');
INSERT INTO choice (id, questionnaire_id, interviewee_id) VALUES ('7ca8ce8f-70d0-43e0-a08d-10cfc62d9e78', 'f680addd-a0b2-4101-9e1f-5e0870943c68', '8c741a49-b97f-495c-8207-6157f723f351');
INSERT INTO option_choice (option_id, choice_id) VALUES ('521ef3a0-411b-4392-8393-62ed9a638949', '7ca8ce8f-70d0-43e0-a08d-10cfc62d9e78');
INSERT INTO option_choice (option_id, choice_id) VALUES ('5e0b63d0-2a10-4ab5-a66a-a47615b50b03', '7ca8ce8f-70d0-43e0-a08d-10cfc62d9e78');
INSERT INTO option_choice (option_id, choice_id) VALUES ('cfde0373-91b9-46f9-bc0d-a137a713d2d7', '7ca8ce8f-70d0-43e0-a08d-10cfc62d9e78');
INSERT INTO choice (id, questionnaire_id, interviewee_id) VALUES ('d8fae529-ef73-4a24-8ec4-21e12afba14a', '91a16ec4-1a91-44d1-bb08-6e9fc823c230', '8c741a49-b97f-495c-8207-6157f723f351');
INSERT INTO option_choice (option_id, choice_id) VALUES ('5b32da45-be75-42c8-8fa7-ba776167a759', 'd8fae529-ef73-4a24-8ec4-21e12afba14a');
INSERT INTO option_choice (option_id, choice_id) VALUES ('690b73cc-52e3-435d-a3bd-78733e5fdeaf', 'd8fae529-ef73-4a24-8ec4-21e12afba14a');
INSERT INTO interviewee (id, login, password, age, gender, country, marital_status) VALUES ('e25dee2b-024f-4883-a4c1-8c0d117c85a2', 'interviewee529', 'qwerty', 70, 'male', 'SV', 'divorced');
INSERT INTO choice (id, questionnaire_id, interviewee_id) VALUES ('575558d8-6c1f-4f09-b88b-a63648340dcd', '83dbd16d-6765-468d-944f-022d10d042e5', 'e25dee2b-024f-4883-a4c1-8c0d117c85a2');
INSERT INTO option_choice (option_id, choice_id) VALUES ('176e8036-bece-46c0-beb2-71eb28a41f51', '575558d8-6c1f-4f09-b88b-a63648340dcd');
INSERT INTO interviewee (id, login, password, age, gender, country, marital_status) VALUES ('72d1188e-2b49-466c-986a-333a79271723', 'interviewee530', 'qwerty', 22, 'male', 'SD', 'divorced');
INSERT INTO choice (id, questionnaire_id, interviewee_id) VALUES ('6088db3c-e94c-46c2-96e8-72c201b7f0bc', 'a2f7d656-4675-4d99-9435-95cbe535c6c1', '72d1188e-2b49-466c-986a-333a79271723');
INSERT INTO option_choice (option_id, choice_id) VALUES ('2366bc8e-690e-4739-b5f2-cf491cd8107c', '6088db3c-e94c-46c2-96e8-72c201b7f0bc');
INSERT INTO option_choice (option_id, choice_id) VALUES ('110b73fb-e57f-409d-83dc-0d81bdd20a44', '6088db3c-e94c-46c2-96e8-72c201b7f0bc');
INSERT INTO option_choice (option_id, choice_id) VALUES ('c6bb5cf5-3828-4747-8bb2-776e9deaeb04', '6088db3c-e94c-46c2-96e8-72c201b7f0bc');
INSERT INTO option_choice (option_id, choice_id) VALUES ('394c3616-edd7-4820-aa09-f4425e4f774c', '6088db3c-e94c-46c2-96e8-72c201b7f0bc');
INSERT INTO option_choice (option_id, choice_id) VALUES ('930526a4-2714-4f39-831c-55b3185bd967', '6088db3c-e94c-46c2-96e8-72c201b7f0bc');
INSERT INTO option_choice (option_id, choice_id) VALUES ('d3d55bb1-ef9d-4b9a-b1b9-8e4375e7dbd0', '6088db3c-e94c-46c2-96e8-72c201b7f0bc');
INSERT INTO choice (id, questionnaire_id, interviewee_id) VALUES ('799961b7-7966-4520-9032-dafbc23e83c6', 'a345b682-c7ac-49ac-9f14-4f5173a872d8', '72d1188e-2b49-466c-986a-333a79271723');
INSERT INTO option_choice (option_id, choice_id) VALUES ('4389db4e-2a8b-43f8-8643-dd6f5a5f160e', '799961b7-7966-4520-9032-dafbc23e83c6');
INSERT INTO choice (id, questionnaire_id, interviewee_id) VALUES ('972c8b96-8ddc-4f5c-89a6-a78f6d59b0ce', 'bf8da1bc-7284-44d0-a7c0-4e0321978aa0', '72d1188e-2b49-466c-986a-333a79271723');
INSERT INTO option_choice (option_id, choice_id) VALUES ('9bdf6935-cda0-4d8b-82bb-51be50aece89', '972c8b96-8ddc-4f5c-89a6-a78f6d59b0ce');
INSERT INTO interviewee (id, login, password, age, gender, country, marital_status) VALUES ('b4aa9cc7-6b10-4abe-b205-37b7256f70c8', 'interviewee531', 'qwerty', 67, 'male', 'HU', 'married');
INSERT INTO choice (id, questionnaire_id, interviewee_id) VALUES ('33352c90-3c07-4fc2-94d4-d6355f748ca7', 'afb83fe3-e755-403b-9a15-c18b3782c012', 'b4aa9cc7-6b10-4abe-b205-37b7256f70c8');
INSERT INTO option_choice (option_id, choice_id) VALUES ('20880a56-05fa-464a-90ad-faf02a83fa77', '33352c90-3c07-4fc2-94d4-d6355f748ca7');
INSERT INTO choice (id, questionnaire_id, interviewee_id) VALUES ('960b8a69-378c-4594-8329-3ac2ad4d05c1', '8adfa259-7459-4497-b994-7101058c39c1', 'b4aa9cc7-6b10-4abe-b205-37b7256f70c8');
INSERT INTO option_choice (option_id, choice_id) VALUES ('0c96072b-cf70-4fde-8afb-27bf8c3f7a8b', '960b8a69-378c-4594-8329-3ac2ad4d05c1');
INSERT INTO option_choice (option_id, choice_id) VALUES ('7d64ec60-4b16-49eb-a0c6-4af24c3b1767', '960b8a69-378c-4594-8329-3ac2ad4d05c1');
INSERT INTO option_choice (option_id, choice_id) VALUES ('968d6b86-376e-4d23-9555-89ee1d638c1c', '960b8a69-378c-4594-8329-3ac2ad4d05c1');
INSERT INTO choice (id, questionnaire_id, interviewee_id) VALUES ('a3e746a2-0f7c-4cca-9d28-a158f6057a1e', 'a7e484ae-fb91-4ddf-a8c0-869a7f4ad0ee', 'b4aa9cc7-6b10-4abe-b205-37b7256f70c8');
INSERT INTO option_choice (option_id, choice_id) VALUES ('4331f8de-01b0-4500-b3ce-a712074f2e20', 'a3e746a2-0f7c-4cca-9d28-a158f6057a1e');
INSERT INTO interviewee (id, login, password, age, gender, country, marital_status) VALUES ('065830d2-b5c9-40a9-8a58-0e80e4b83527', 'interviewee532', 'qwerty', 61, 'male', 'IN', 'divorced');
INSERT INTO choice (id, questionnaire_id, interviewee_id) VALUES ('40273e8c-8955-43d8-8998-0151440ff7bd', 'b6588e29-37de-425f-834e-e867f77794ce', '065830d2-b5c9-40a9-8a58-0e80e4b83527');
INSERT INTO option_choice (option_id, choice_id) VALUES ('46bd1403-2ee0-4145-8014-8dd4fafcb8af', '40273e8c-8955-43d8-8998-0151440ff7bd');
INSERT INTO option_choice (option_id, choice_id) VALUES ('ec37510e-f2a1-4e16-ae94-e9ea2c4461e3', '40273e8c-8955-43d8-8998-0151440ff7bd');
INSERT INTO option_choice (option_id, choice_id) VALUES ('5b82f100-bb0f-47ec-9395-7a0409f4b7ef', '40273e8c-8955-43d8-8998-0151440ff7bd');
INSERT INTO option_choice (option_id, choice_id) VALUES ('07e7a8bf-65e2-41d5-aeef-91bcbe765392', '40273e8c-8955-43d8-8998-0151440ff7bd');
INSERT INTO option_choice (option_id, choice_id) VALUES ('7f0bbd14-8cfc-4a28-88f7-5af992a4c02b', '40273e8c-8955-43d8-8998-0151440ff7bd');
INSERT INTO option_choice (option_id, choice_id) VALUES ('4bde418e-a165-43f7-ac7b-c6d2ab034e2e', '40273e8c-8955-43d8-8998-0151440ff7bd');
INSERT INTO choice (id, questionnaire_id, interviewee_id) VALUES ('a2529d77-e50b-46d6-9476-56f8d0bfc416', '91a16ec4-1a91-44d1-bb08-6e9fc823c230', '065830d2-b5c9-40a9-8a58-0e80e4b83527');
INSERT INTO option_choice (option_id, choice_id) VALUES ('cab8632d-19dd-4ddc-9c90-669949088fa5', 'a2529d77-e50b-46d6-9476-56f8d0bfc416');
INSERT INTO option_choice (option_id, choice_id) VALUES ('5b32da45-be75-42c8-8fa7-ba776167a759', 'a2529d77-e50b-46d6-9476-56f8d0bfc416');
INSERT INTO option_choice (option_id, choice_id) VALUES ('690b73cc-52e3-435d-a3bd-78733e5fdeaf', 'a2529d77-e50b-46d6-9476-56f8d0bfc416');
INSERT INTO interviewee (id, login, password, age, gender, country, marital_status) VALUES ('769b9a19-b425-4a50-8307-3a51a0da77fd', 'interviewee533', 'qwerty', 60, 'male', 'PW', 'was_not_married');
INSERT INTO choice (id, questionnaire_id, interviewee_id) VALUES ('855e688f-7f3f-4ad4-a976-e8d9d7c4133f', '6a34c81d-d686-4ce4-8e2f-ec3d2ba47346', '769b9a19-b425-4a50-8307-3a51a0da77fd');
INSERT INTO option_choice (option_id, choice_id) VALUES ('f7043315-74b1-4456-92cc-0c7dc1e0dd21', '855e688f-7f3f-4ad4-a976-e8d9d7c4133f');
INSERT INTO choice (id, questionnaire_id, interviewee_id) VALUES ('897fb2f5-a05a-4d2b-9d5f-fa6b6d2c8f14', 'f680addd-a0b2-4101-9e1f-5e0870943c68', '769b9a19-b425-4a50-8307-3a51a0da77fd');
INSERT INTO option_choice (option_id, choice_id) VALUES ('5e0b63d0-2a10-4ab5-a66a-a47615b50b03', '897fb2f5-a05a-4d2b-9d5f-fa6b6d2c8f14');
INSERT INTO interviewee (id, login, password, age, gender, country, marital_status) VALUES ('833863ab-0c03-47ba-a4eb-251faeba2b50', 'interviewee534', 'qwerty', 58, 'male', 'IE', 'divorced');
INSERT INTO choice (id, questionnaire_id, interviewee_id) VALUES ('f19c2fd9-264f-4c17-9767-e963662e0b84', 'af6f1431-a90e-4919-83a4-359d6a8a7d22', '833863ab-0c03-47ba-a4eb-251faeba2b50');
INSERT INTO option_choice (option_id, choice_id) VALUES ('e41b3b09-f2a6-4206-bfde-743557a31646', 'f19c2fd9-264f-4c17-9767-e963662e0b84');
INSERT INTO option_choice (option_id, choice_id) VALUES ('e6932ff8-921c-4ab7-b5c5-37e59ea816fd', 'f19c2fd9-264f-4c17-9767-e963662e0b84');
INSERT INTO option_choice (option_id, choice_id) VALUES ('1d5c1c89-2fbe-4efd-aab1-12329e29ad0f', 'f19c2fd9-264f-4c17-9767-e963662e0b84');
INSERT INTO option_choice (option_id, choice_id) VALUES ('b6cea016-cb83-4752-bbc0-0e2a71b294d6', 'f19c2fd9-264f-4c17-9767-e963662e0b84');
INSERT INTO option_choice (option_id, choice_id) VALUES ('d6e4609d-6705-4cc8-b83a-4786ea4f6ad6', 'f19c2fd9-264f-4c17-9767-e963662e0b84');
INSERT INTO interviewee (id, login, password, age, gender, country, marital_status) VALUES ('bb2fb444-8857-4663-86f4-fcb6659dea61', 'interviewee535', 'qwerty', 21, 'male', 'BL', 'married');
INSERT INTO choice (id, questionnaire_id, interviewee_id) VALUES ('9d8e06a8-8edf-4926-8860-9d9e2cec9d9f', '1a336595-020d-4026-a389-afd9a80cf707', 'bb2fb444-8857-4663-86f4-fcb6659dea61');
INSERT INTO option_choice (option_id, choice_id) VALUES ('22762ef8-944e-46b0-a7e0-4e990383e528', '9d8e06a8-8edf-4926-8860-9d9e2cec9d9f');
INSERT INTO interviewee (id, login, password, age, gender, country, marital_status) VALUES ('90300cd1-7d61-44ef-82be-64223d4ba892', 'interviewee536', 'qwerty', 45, 'female', 'LR', 'married');
INSERT INTO choice (id, questionnaire_id, interviewee_id) VALUES ('0c7c6266-0f42-4f2f-875a-fe3b544faadd', 'a345b682-c7ac-49ac-9f14-4f5173a872d8', '90300cd1-7d61-44ef-82be-64223d4ba892');
INSERT INTO option_choice (option_id, choice_id) VALUES ('4389db4e-2a8b-43f8-8643-dd6f5a5f160e', '0c7c6266-0f42-4f2f-875a-fe3b544faadd');
INSERT INTO choice (id, questionnaire_id, interviewee_id) VALUES ('ba8aacab-46aa-4713-81a4-ee6b10dc4b47', '1a336595-020d-4026-a389-afd9a80cf707', '90300cd1-7d61-44ef-82be-64223d4ba892');
INSERT INTO option_choice (option_id, choice_id) VALUES ('22762ef8-944e-46b0-a7e0-4e990383e528', 'ba8aacab-46aa-4713-81a4-ee6b10dc4b47');
INSERT INTO interviewee (id, login, password, age, gender, country, marital_status) VALUES ('12254cb5-74e2-4769-8dde-7900a99c54c4', 'interviewee537', 'qwerty', 53, 'male', 'SZ', 'divorced');
INSERT INTO choice (id, questionnaire_id, interviewee_id) VALUES ('698b8ea6-d374-41a8-bfd6-fa9321a73a0a', '91a16ec4-1a91-44d1-bb08-6e9fc823c230', '12254cb5-74e2-4769-8dde-7900a99c54c4');
INSERT INTO option_choice (option_id, choice_id) VALUES ('690b73cc-52e3-435d-a3bd-78733e5fdeaf', '698b8ea6-d374-41a8-bfd6-fa9321a73a0a');
INSERT INTO option_choice (option_id, choice_id) VALUES ('cab8632d-19dd-4ddc-9c90-669949088fa5', '698b8ea6-d374-41a8-bfd6-fa9321a73a0a');
INSERT INTO option_choice (option_id, choice_id) VALUES ('5b32da45-be75-42c8-8fa7-ba776167a759', '698b8ea6-d374-41a8-bfd6-fa9321a73a0a');
INSERT INTO option_choice (option_id, choice_id) VALUES ('fbc23714-2c99-4441-8130-94075c78f6e8', '698b8ea6-d374-41a8-bfd6-fa9321a73a0a');
INSERT INTO interviewee (id, login, password, age, gender, country, marital_status) VALUES ('3f51c94e-58fd-453c-9640-7cc353349235', 'interviewee538', 'qwerty', 60, 'male', 'CI', 'married');
INSERT INTO choice (id, questionnaire_id, interviewee_id) VALUES ('89d917ea-6cdb-4480-a4ec-bbc671a5c84c', '56c296cd-7c3b-4eb1-90cb-745e555a098c', '3f51c94e-58fd-453c-9640-7cc353349235');
INSERT INTO option_choice (option_id, choice_id) VALUES ('00605853-328c-4a30-9227-5513208ca17e', '89d917ea-6cdb-4480-a4ec-bbc671a5c84c');
INSERT INTO option_choice (option_id, choice_id) VALUES ('0e27133d-354c-4e2d-af9f-e74397954328', '89d917ea-6cdb-4480-a4ec-bbc671a5c84c');
INSERT INTO option_choice (option_id, choice_id) VALUES ('d583c2c9-6998-483b-a5e4-67068e974d6f', '89d917ea-6cdb-4480-a4ec-bbc671a5c84c');
INSERT INTO option_choice (option_id, choice_id) VALUES ('75d9d333-93f8-42f6-be3b-9a5a24aa476c', '89d917ea-6cdb-4480-a4ec-bbc671a5c84c');
INSERT INTO option_choice (option_id, choice_id) VALUES ('e2f977a1-4767-4f5b-b056-27e45348cf1a', '89d917ea-6cdb-4480-a4ec-bbc671a5c84c');
INSERT INTO interviewee (id, login, password, age, gender, country, marital_status) VALUES ('c6b3a2b9-c1a4-4b5f-8b84-8c73f38ca1d4', 'interviewee539', 'qwerty', 48, 'male', 'PW', 'was_not_married');
INSERT INTO choice (id, questionnaire_id, interviewee_id) VALUES ('37ccc59a-254a-42cd-97d0-5dbe7d40ab4d', 'e2cf177f-e49f-4aef-99a6-095d711c6ec2', 'c6b3a2b9-c1a4-4b5f-8b84-8c73f38ca1d4');
INSERT INTO option_choice (option_id, choice_id) VALUES ('242c02d5-0f4b-4e89-976f-3754854f478c', '37ccc59a-254a-42cd-97d0-5dbe7d40ab4d');
INSERT INTO choice (id, questionnaire_id, interviewee_id) VALUES ('3df7e465-7efe-4dd3-9cd0-9f8750022fb6', 'a7e484ae-fb91-4ddf-a8c0-869a7f4ad0ee', 'c6b3a2b9-c1a4-4b5f-8b84-8c73f38ca1d4');
INSERT INTO option_choice (option_id, choice_id) VALUES ('c2e66b7f-cc24-45a4-a017-7a4d25149a85', '3df7e465-7efe-4dd3-9cd0-9f8750022fb6');
INSERT INTO interviewee (id, login, password, age, gender, country, marital_status) VALUES ('a51d4f44-5505-4606-b956-f3e54e06a6d0', 'interviewee540', 'qwerty', 25, 'female', 'ZM', 'married');
INSERT INTO choice (id, questionnaire_id, interviewee_id) VALUES ('5d2c5cbd-46d4-46e4-aaf4-070e5a199d20', '0b6580ec-1374-4a48-ad1d-b1fa316ad9be', 'a51d4f44-5505-4606-b956-f3e54e06a6d0');
INSERT INTO option_choice (option_id, choice_id) VALUES ('a518cc4d-143a-45ca-b29f-a7c53dacc773', '5d2c5cbd-46d4-46e4-aaf4-070e5a199d20');
INSERT INTO option_choice (option_id, choice_id) VALUES ('82cec316-48c4-48d4-9d69-8a67e9d22eca', '5d2c5cbd-46d4-46e4-aaf4-070e5a199d20');
INSERT INTO option_choice (option_id, choice_id) VALUES ('68263915-d7e9-4ac6-9c14-f48cf8807857', '5d2c5cbd-46d4-46e4-aaf4-070e5a199d20');
INSERT INTO interviewee (id, login, password, age, gender, country, marital_status) VALUES ('d16897b3-7f20-43ab-afee-56708737cbb2', 'interviewee541', 'qwerty', 31, 'female', 'HN', 'was_not_married');
INSERT INTO choice (id, questionnaire_id, interviewee_id) VALUES ('ffe5c39d-d1ea-495f-9fc2-437d052def2a', '309e872a-e145-4926-998b-ec0fdb62466a', 'd16897b3-7f20-43ab-afee-56708737cbb2');
INSERT INTO option_choice (option_id, choice_id) VALUES ('8ccfc598-c3a0-4ad2-a052-f4e6e3edc252', 'ffe5c39d-d1ea-495f-9fc2-437d052def2a');
INSERT INTO option_choice (option_id, choice_id) VALUES ('926da358-7388-4aea-b601-42bcfcd8c071', 'ffe5c39d-d1ea-495f-9fc2-437d052def2a');
INSERT INTO option_choice (option_id, choice_id) VALUES ('4579f5ab-3007-4302-aa53-456cd440599b', 'ffe5c39d-d1ea-495f-9fc2-437d052def2a');
INSERT INTO choice (id, questionnaire_id, interviewee_id) VALUES ('89a45632-fecb-4ba5-8303-2b18b9da4f17', '91a16ec4-1a91-44d1-bb08-6e9fc823c230', 'd16897b3-7f20-43ab-afee-56708737cbb2');
INSERT INTO option_choice (option_id, choice_id) VALUES ('690b73cc-52e3-435d-a3bd-78733e5fdeaf', '89a45632-fecb-4ba5-8303-2b18b9da4f17');
INSERT INTO option_choice (option_id, choice_id) VALUES ('fbc23714-2c99-4441-8130-94075c78f6e8', '89a45632-fecb-4ba5-8303-2b18b9da4f17');
INSERT INTO option_choice (option_id, choice_id) VALUES ('cab8632d-19dd-4ddc-9c90-669949088fa5', '89a45632-fecb-4ba5-8303-2b18b9da4f17');
INSERT INTO option_choice (option_id, choice_id) VALUES ('5b32da45-be75-42c8-8fa7-ba776167a759', '89a45632-fecb-4ba5-8303-2b18b9da4f17');
INSERT INTO choice (id, questionnaire_id, interviewee_id) VALUES ('925ee240-9ae2-484f-a259-f32f6d5d052c', '1a336595-020d-4026-a389-afd9a80cf707', 'd16897b3-7f20-43ab-afee-56708737cbb2');
INSERT INTO option_choice (option_id, choice_id) VALUES ('fb8edb03-709f-43c3-9875-7ba762e529a6', '925ee240-9ae2-484f-a259-f32f6d5d052c');
INSERT INTO interviewee (id, login, password, age, gender, country, marital_status) VALUES ('727d8b56-c65d-46a0-8de2-a9ae57904abb', 'interviewee542', 'qwerty', 28, 'female', 'MO', 'married');
INSERT INTO choice (id, questionnaire_id, interviewee_id) VALUES ('a53ca4c4-246a-4130-b841-95b694dd0ff2', '0b6580ec-1374-4a48-ad1d-b1fa316ad9be', '727d8b56-c65d-46a0-8de2-a9ae57904abb');
INSERT INTO option_choice (option_id, choice_id) VALUES ('a518cc4d-143a-45ca-b29f-a7c53dacc773', 'a53ca4c4-246a-4130-b841-95b694dd0ff2');
INSERT INTO option_choice (option_id, choice_id) VALUES ('82cec316-48c4-48d4-9d69-8a67e9d22eca', 'a53ca4c4-246a-4130-b841-95b694dd0ff2');
INSERT INTO option_choice (option_id, choice_id) VALUES ('82be4575-892d-453a-b3d9-0827c6b6d6df', 'a53ca4c4-246a-4130-b841-95b694dd0ff2');
INSERT INTO option_choice (option_id, choice_id) VALUES ('68263915-d7e9-4ac6-9c14-f48cf8807857', 'a53ca4c4-246a-4130-b841-95b694dd0ff2');
INSERT INTO choice (id, questionnaire_id, interviewee_id) VALUES ('c4666e30-b240-43eb-9967-371ecd41e701', '8adfa259-7459-4497-b994-7101058c39c1', '727d8b56-c65d-46a0-8de2-a9ae57904abb');
INSERT INTO option_choice (option_id, choice_id) VALUES ('3e047d89-087c-45bd-82d6-38c4acd5c609', 'c4666e30-b240-43eb-9967-371ecd41e701');
INSERT INTO option_choice (option_id, choice_id) VALUES ('9e45c288-be30-427f-be35-83a5171e2b4d', 'c4666e30-b240-43eb-9967-371ecd41e701');
INSERT INTO option_choice (option_id, choice_id) VALUES ('502fb96b-685d-47da-86bb-f40e1e8f57ef', 'c4666e30-b240-43eb-9967-371ecd41e701');
INSERT INTO option_choice (option_id, choice_id) VALUES ('7d64ec60-4b16-49eb-a0c6-4af24c3b1767', 'c4666e30-b240-43eb-9967-371ecd41e701');
INSERT INTO option_choice (option_id, choice_id) VALUES ('968d6b86-376e-4d23-9555-89ee1d638c1c', 'c4666e30-b240-43eb-9967-371ecd41e701');
INSERT INTO choice (id, questionnaire_id, interviewee_id) VALUES ('36324835-250f-4b5c-addc-b198a926a091', 'a345b682-c7ac-49ac-9f14-4f5173a872d8', '727d8b56-c65d-46a0-8de2-a9ae57904abb');
INSERT INTO option_choice (option_id, choice_id) VALUES ('4389db4e-2a8b-43f8-8643-dd6f5a5f160e', '36324835-250f-4b5c-addc-b198a926a091');
INSERT INTO interviewee (id, login, password, age, gender, country, marital_status) VALUES ('6968b612-f224-48a9-90ae-885af4428e4a', 'interviewee543', 'qwerty', 36, 'male', 'NR', 'married');
INSERT INTO choice (id, questionnaire_id, interviewee_id) VALUES ('df5ee87d-43bb-44c4-8690-b496e1e4c14e', '8adfa259-7459-4497-b994-7101058c39c1', '6968b612-f224-48a9-90ae-885af4428e4a');
INSERT INTO option_choice (option_id, choice_id) VALUES ('7d64ec60-4b16-49eb-a0c6-4af24c3b1767', 'df5ee87d-43bb-44c4-8690-b496e1e4c14e');
INSERT INTO option_choice (option_id, choice_id) VALUES ('9e45c288-be30-427f-be35-83a5171e2b4d', 'df5ee87d-43bb-44c4-8690-b496e1e4c14e');
INSERT INTO option_choice (option_id, choice_id) VALUES ('3e047d89-087c-45bd-82d6-38c4acd5c609', 'df5ee87d-43bb-44c4-8690-b496e1e4c14e');
INSERT INTO interviewee (id, login, password, age, gender, country, marital_status) VALUES ('49483198-5f2b-4654-86c5-e052c8e8d41a', 'interviewee544', 'qwerty', 54, 'male', 'SZ', 'married');
INSERT INTO choice (id, questionnaire_id, interviewee_id) VALUES ('cb19c118-f103-4848-b01e-cd33d595a249', 'a2f7d656-4675-4d99-9435-95cbe535c6c1', '49483198-5f2b-4654-86c5-e052c8e8d41a');
INSERT INTO option_choice (option_id, choice_id) VALUES ('ced72831-705a-4153-849e-71a73e5a7d3c', 'cb19c118-f103-4848-b01e-cd33d595a249');
INSERT INTO option_choice (option_id, choice_id) VALUES ('394c3616-edd7-4820-aa09-f4425e4f774c', 'cb19c118-f103-4848-b01e-cd33d595a249');
INSERT INTO option_choice (option_id, choice_id) VALUES ('c6bb5cf5-3828-4747-8bb2-776e9deaeb04', 'cb19c118-f103-4848-b01e-cd33d595a249');
INSERT INTO option_choice (option_id, choice_id) VALUES ('930526a4-2714-4f39-831c-55b3185bd967', 'cb19c118-f103-4848-b01e-cd33d595a249');
INSERT INTO choice (id, questionnaire_id, interviewee_id) VALUES ('f4c0b7a1-0d85-48fe-866c-c28c4ee6076b', 'd05638df-f11c-413d-8456-ee036bed2914', '49483198-5f2b-4654-86c5-e052c8e8d41a');
INSERT INTO option_choice (option_id, choice_id) VALUES ('b0557de3-6b66-4e79-b1ac-c2b8f0a5096b', 'f4c0b7a1-0d85-48fe-866c-c28c4ee6076b');
INSERT INTO choice (id, questionnaire_id, interviewee_id) VALUES ('808fa46f-2b4a-469a-b5fb-08b06d7a2042', 'b5ae5620-2d58-48f5-a060-28e8fd1859dd', '49483198-5f2b-4654-86c5-e052c8e8d41a');
INSERT INTO option_choice (option_id, choice_id) VALUES ('346ef5d2-77a0-4ce4-a407-38382a94f28d', '808fa46f-2b4a-469a-b5fb-08b06d7a2042');
INSERT INTO interviewee (id, login, password, age, gender, country, marital_status) VALUES ('9126843a-e95a-4f29-89ac-6bb073fade36', 'interviewee545', 'qwerty', 54, 'male', 'CN', 'married');
INSERT INTO choice (id, questionnaire_id, interviewee_id) VALUES ('4120e6e6-e114-4dc4-a863-a4cde39b17ce', 'cb70c074-82ef-4114-aabc-e940a19b5bb0', '9126843a-e95a-4f29-89ac-6bb073fade36');
INSERT INTO option_choice (option_id, choice_id) VALUES ('c2db2843-0153-4422-8aa4-c4c9e640418d', '4120e6e6-e114-4dc4-a863-a4cde39b17ce');
INSERT INTO option_choice (option_id, choice_id) VALUES ('a6011a1c-260b-45fb-ad13-b09674b0b968', '4120e6e6-e114-4dc4-a863-a4cde39b17ce');
INSERT INTO option_choice (option_id, choice_id) VALUES ('4f47a30f-5169-4bf3-a6a9-f9777225a72d', '4120e6e6-e114-4dc4-a863-a4cde39b17ce');
INSERT INTO interviewee (id, login, password, age, gender, country, marital_status) VALUES ('4f672e3a-8dc7-42ae-80b0-3f5fe2279bff', 'interviewee546', 'qwerty', 45, 'female', 'MP', 'married');
INSERT INTO choice (id, questionnaire_id, interviewee_id) VALUES ('2ee9e422-749c-4616-90d3-e2eae3b72291', 'cb70c074-82ef-4114-aabc-e940a19b5bb0', '4f672e3a-8dc7-42ae-80b0-3f5fe2279bff');
INSERT INTO option_choice (option_id, choice_id) VALUES ('a6011a1c-260b-45fb-ad13-b09674b0b968', '2ee9e422-749c-4616-90d3-e2eae3b72291');
INSERT INTO option_choice (option_id, choice_id) VALUES ('b2aebe06-b155-47cd-a39d-b9c1beabb465', '2ee9e422-749c-4616-90d3-e2eae3b72291');
INSERT INTO option_choice (option_id, choice_id) VALUES ('4fbbc5c4-5cc1-4421-86a2-d7151c56a9df', '2ee9e422-749c-4616-90d3-e2eae3b72291');
INSERT INTO option_choice (option_id, choice_id) VALUES ('c2db2843-0153-4422-8aa4-c4c9e640418d', '2ee9e422-749c-4616-90d3-e2eae3b72291');
INSERT INTO choice (id, questionnaire_id, interviewee_id) VALUES ('29335dfa-f28d-45d2-8f1d-97ed59600b98', '342b973f-a1d1-4062-a073-fb80b6195e1a', '4f672e3a-8dc7-42ae-80b0-3f5fe2279bff');
INSERT INTO option_choice (option_id, choice_id) VALUES ('a95386af-e627-4a57-adc2-0009818da88b', '29335dfa-f28d-45d2-8f1d-97ed59600b98');
INSERT INTO choice (id, questionnaire_id, interviewee_id) VALUES ('641aaefb-2349-4434-8f29-9dc78c92c73c', '83dbd16d-6765-468d-944f-022d10d042e5', '4f672e3a-8dc7-42ae-80b0-3f5fe2279bff');
INSERT INTO option_choice (option_id, choice_id) VALUES ('eee0aab7-8b77-4c19-b028-648aa7e303ed', '641aaefb-2349-4434-8f29-9dc78c92c73c');
INSERT INTO option_choice (option_id, choice_id) VALUES ('d6416cf3-39f7-4cf9-ba84-314605b84d03', '641aaefb-2349-4434-8f29-9dc78c92c73c');
INSERT INTO option_choice (option_id, choice_id) VALUES ('176e8036-bece-46c0-beb2-71eb28a41f51', '641aaefb-2349-4434-8f29-9dc78c92c73c');
INSERT INTO interviewee (id, login, password, age, gender, country, marital_status) VALUES ('1516c96a-d059-4c88-8129-40035bf7a6d4', 'interviewee547', 'qwerty', 17, 'male', 'UA', 'divorced');
INSERT INTO choice (id, questionnaire_id, interviewee_id) VALUES ('8f1bae07-7400-497e-bb55-a8b14ab0bf6b', 'afb83fe3-e755-403b-9a15-c18b3782c012', '1516c96a-d059-4c88-8129-40035bf7a6d4');
INSERT INTO option_choice (option_id, choice_id) VALUES ('db1f1f55-651e-4dd8-b4c1-deb2f26216b2', '8f1bae07-7400-497e-bb55-a8b14ab0bf6b');
INSERT INTO choice (id, questionnaire_id, interviewee_id) VALUES ('e99ba676-9d07-48bd-aff5-f476a758de1c', 'a345b682-c7ac-49ac-9f14-4f5173a872d8', '1516c96a-d059-4c88-8129-40035bf7a6d4');
INSERT INTO option_choice (option_id, choice_id) VALUES ('4389db4e-2a8b-43f8-8643-dd6f5a5f160e', 'e99ba676-9d07-48bd-aff5-f476a758de1c');
INSERT INTO interviewee (id, login, password, age, gender, country, marital_status) VALUES ('abfd428b-f667-4b70-9aff-5479e49f5810', 'interviewee548', 'qwerty', 41, 'female', 'RW', 'divorced');
INSERT INTO choice (id, questionnaire_id, interviewee_id) VALUES ('95416da5-2695-439b-8918-c3d2c4c75599', '0b6580ec-1374-4a48-ad1d-b1fa316ad9be', 'abfd428b-f667-4b70-9aff-5479e49f5810');
INSERT INTO option_choice (option_id, choice_id) VALUES ('82be4575-892d-453a-b3d9-0827c6b6d6df', '95416da5-2695-439b-8918-c3d2c4c75599');
INSERT INTO option_choice (option_id, choice_id) VALUES ('82cec316-48c4-48d4-9d69-8a67e9d22eca', '95416da5-2695-439b-8918-c3d2c4c75599');
INSERT INTO option_choice (option_id, choice_id) VALUES ('a518cc4d-143a-45ca-b29f-a7c53dacc773', '95416da5-2695-439b-8918-c3d2c4c75599');
INSERT INTO option_choice (option_id, choice_id) VALUES ('68263915-d7e9-4ac6-9c14-f48cf8807857', '95416da5-2695-439b-8918-c3d2c4c75599');
INSERT INTO interviewee (id, login, password, age, gender, country, marital_status) VALUES ('48b05787-e6b6-4252-ac5e-6a7161302954', 'interviewee549', 'qwerty', 14, 'male', 'AM', 'divorced');
INSERT INTO choice (id, questionnaire_id, interviewee_id) VALUES ('3b08b1dd-ed94-4e3a-8295-d3c700dd0719', '1a336595-020d-4026-a389-afd9a80cf707', '48b05787-e6b6-4252-ac5e-6a7161302954');
INSERT INTO option_choice (option_id, choice_id) VALUES ('17fa6a45-befd-4756-95f2-c6c400c916a8', '3b08b1dd-ed94-4e3a-8295-d3c700dd0719');
INSERT INTO choice (id, questionnaire_id, interviewee_id) VALUES ('cd378fc6-daf3-4b02-844a-3a16165bfe4a', 'd05638df-f11c-413d-8456-ee036bed2914', '48b05787-e6b6-4252-ac5e-6a7161302954');
INSERT INTO option_choice (option_id, choice_id) VALUES ('b0557de3-6b66-4e79-b1ac-c2b8f0a5096b', 'cd378fc6-daf3-4b02-844a-3a16165bfe4a');
INSERT INTO choice (id, questionnaire_id, interviewee_id) VALUES ('3237afc7-950c-47f8-99ac-eb71ee79bbab', '0b6580ec-1374-4a48-ad1d-b1fa316ad9be', '48b05787-e6b6-4252-ac5e-6a7161302954');
INSERT INTO option_choice (option_id, choice_id) VALUES ('82be4575-892d-453a-b3d9-0827c6b6d6df', '3237afc7-950c-47f8-99ac-eb71ee79bbab');
INSERT INTO option_choice (option_id, choice_id) VALUES ('82cec316-48c4-48d4-9d69-8a67e9d22eca', '3237afc7-950c-47f8-99ac-eb71ee79bbab');
INSERT INTO option_choice (option_id, choice_id) VALUES ('68263915-d7e9-4ac6-9c14-f48cf8807857', '3237afc7-950c-47f8-99ac-eb71ee79bbab');
INSERT INTO interviewee (id, login, password, age, gender, country, marital_status) VALUES ('432e34b4-5dc8-4126-9cbd-4f1f962aff81', 'interviewee550', 'qwerty', 40, 'female', 'NA', 'divorced');
INSERT INTO choice (id, questionnaire_id, interviewee_id) VALUES ('5793238c-4eb1-4104-80c9-e22880d6baae', '0b6580ec-1374-4a48-ad1d-b1fa316ad9be', '432e34b4-5dc8-4126-9cbd-4f1f962aff81');
INSERT INTO option_choice (option_id, choice_id) VALUES ('a518cc4d-143a-45ca-b29f-a7c53dacc773', '5793238c-4eb1-4104-80c9-e22880d6baae');
INSERT INTO option_choice (option_id, choice_id) VALUES ('68263915-d7e9-4ac6-9c14-f48cf8807857', '5793238c-4eb1-4104-80c9-e22880d6baae');
INSERT INTO choice (id, questionnaire_id, interviewee_id) VALUES ('e6e7a32b-f29c-4121-9745-75d68c1a9e79', '309e872a-e145-4926-998b-ec0fdb62466a', '432e34b4-5dc8-4126-9cbd-4f1f962aff81');
INSERT INTO option_choice (option_id, choice_id) VALUES ('4579f5ab-3007-4302-aa53-456cd440599b', 'e6e7a32b-f29c-4121-9745-75d68c1a9e79');
INSERT INTO option_choice (option_id, choice_id) VALUES ('1dcd1e79-636e-4d6c-b9b4-dcf0da4fdaaa', 'e6e7a32b-f29c-4121-9745-75d68c1a9e79');
INSERT INTO option_choice (option_id, choice_id) VALUES ('8ccfc598-c3a0-4ad2-a052-f4e6e3edc252', 'e6e7a32b-f29c-4121-9745-75d68c1a9e79');
INSERT INTO interviewee (id, login, password, age, gender, country, marital_status) VALUES ('e874ad3b-8cb3-4981-96e4-d2f6a8e0d9a7', 'interviewee551', 'qwerty', 56, 'male', 'HU', 'was_not_married');
INSERT INTO choice (id, questionnaire_id, interviewee_id) VALUES ('7799195f-d4c7-45cb-8272-b62d718f3b27', '8902d50d-0421-4680-82f2-f2b1b667e3fd', 'e874ad3b-8cb3-4981-96e4-d2f6a8e0d9a7');
INSERT INTO option_choice (option_id, choice_id) VALUES ('cbdaf253-f6a6-406f-a288-e0397682e9f8', '7799195f-d4c7-45cb-8272-b62d718f3b27');
INSERT INTO choice (id, questionnaire_id, interviewee_id) VALUES ('4d199370-abb3-4d14-b48a-25f651a622d8', 'e679f6e5-388e-4679-9f14-15a0896d2816', 'e874ad3b-8cb3-4981-96e4-d2f6a8e0d9a7');
INSERT INTO option_choice (option_id, choice_id) VALUES ('7fc08a6e-900b-45ea-b455-29a8eb343039', '4d199370-abb3-4d14-b48a-25f651a622d8');
INSERT INTO option_choice (option_id, choice_id) VALUES ('01fc26e1-e8f8-407f-a1b8-6af243e9c3dd', '4d199370-abb3-4d14-b48a-25f651a622d8');
INSERT INTO option_choice (option_id, choice_id) VALUES ('ae13d28d-5670-495b-a9e0-d0949dab86e3', '4d199370-abb3-4d14-b48a-25f651a622d8');
INSERT INTO option_choice (option_id, choice_id) VALUES ('f62b7b4d-17f1-4686-9782-f0b454d6f390', '4d199370-abb3-4d14-b48a-25f651a622d8');
INSERT INTO option_choice (option_id, choice_id) VALUES ('5169914a-cf41-4077-8993-1322df09c3da', '4d199370-abb3-4d14-b48a-25f651a622d8');
INSERT INTO option_choice (option_id, choice_id) VALUES ('3ee9dd0f-6306-4f8b-bdec-27347884621a', '4d199370-abb3-4d14-b48a-25f651a622d8');
INSERT INTO interviewee (id, login, password, age, gender, country, marital_status) VALUES ('a6345a22-6bb6-4f45-90e0-b2b66c63ed55', 'interviewee552', 'qwerty', 56, 'female', 'PE', 'divorced');
INSERT INTO choice (id, questionnaire_id, interviewee_id) VALUES ('a1840521-a244-4679-9afb-aa806d930a26', '342b973f-a1d1-4062-a073-fb80b6195e1a', 'a6345a22-6bb6-4f45-90e0-b2b66c63ed55');
INSERT INTO option_choice (option_id, choice_id) VALUES ('a95386af-e627-4a57-adc2-0009818da88b', 'a1840521-a244-4679-9afb-aa806d930a26');
INSERT INTO option_choice (option_id, choice_id) VALUES ('47afaa62-a5ba-4be6-81b8-673fae59c987', 'a1840521-a244-4679-9afb-aa806d930a26');
INSERT INTO choice (id, questionnaire_id, interviewee_id) VALUES ('3282e6c0-3095-4500-891e-77f56954706f', 'cb70c074-82ef-4114-aabc-e940a19b5bb0', 'a6345a22-6bb6-4f45-90e0-b2b66c63ed55');
INSERT INTO option_choice (option_id, choice_id) VALUES ('a6011a1c-260b-45fb-ad13-b09674b0b968', '3282e6c0-3095-4500-891e-77f56954706f');
INSERT INTO option_choice (option_id, choice_id) VALUES ('4f47a30f-5169-4bf3-a6a9-f9777225a72d', '3282e6c0-3095-4500-891e-77f56954706f');
INSERT INTO interviewee (id, login, password, age, gender, country, marital_status) VALUES ('628f6a19-c5dc-4f24-a3cc-eb0111d71a4d', 'interviewee553', 'qwerty', 37, 'female', 'SN', 'divorced');
INSERT INTO choice (id, questionnaire_id, interviewee_id) VALUES ('e07179d5-1435-409c-95cd-401ebe3945ff', '342b973f-a1d1-4062-a073-fb80b6195e1a', '628f6a19-c5dc-4f24-a3cc-eb0111d71a4d');
INSERT INTO option_choice (option_id, choice_id) VALUES ('47afaa62-a5ba-4be6-81b8-673fae59c987', 'e07179d5-1435-409c-95cd-401ebe3945ff');
INSERT INTO option_choice (option_id, choice_id) VALUES ('a95386af-e627-4a57-adc2-0009818da88b', 'e07179d5-1435-409c-95cd-401ebe3945ff');
INSERT INTO option_choice (option_id, choice_id) VALUES ('d84282d4-6002-4289-bb10-cb7bfd2e906b', 'e07179d5-1435-409c-95cd-401ebe3945ff');
INSERT INTO choice (id, questionnaire_id, interviewee_id) VALUES ('bd8ed799-c43d-4efd-948d-82b254286813', 'cb70c074-82ef-4114-aabc-e940a19b5bb0', '628f6a19-c5dc-4f24-a3cc-eb0111d71a4d');
INSERT INTO option_choice (option_id, choice_id) VALUES ('4f47a30f-5169-4bf3-a6a9-f9777225a72d', 'bd8ed799-c43d-4efd-948d-82b254286813');
INSERT INTO option_choice (option_id, choice_id) VALUES ('b2aebe06-b155-47cd-a39d-b9c1beabb465', 'bd8ed799-c43d-4efd-948d-82b254286813');
INSERT INTO interviewee (id, login, password, age, gender, country, marital_status) VALUES ('ba14a8b5-e8e5-4fc8-9629-47437c7e8ab2', 'interviewee554', 'qwerty', 24, 'male', 'LK', 'was_not_married');
INSERT INTO choice (id, questionnaire_id, interviewee_id) VALUES ('ba71eda1-27bc-4676-8f62-532c900af4b4', '91a16ec4-1a91-44d1-bb08-6e9fc823c230', 'ba14a8b5-e8e5-4fc8-9629-47437c7e8ab2');
INSERT INTO option_choice (option_id, choice_id) VALUES ('690b73cc-52e3-435d-a3bd-78733e5fdeaf', 'ba71eda1-27bc-4676-8f62-532c900af4b4');
INSERT INTO option_choice (option_id, choice_id) VALUES ('fbc23714-2c99-4441-8130-94075c78f6e8', 'ba71eda1-27bc-4676-8f62-532c900af4b4');
INSERT INTO option_choice (option_id, choice_id) VALUES ('5b32da45-be75-42c8-8fa7-ba776167a759', 'ba71eda1-27bc-4676-8f62-532c900af4b4');
INSERT INTO option_choice (option_id, choice_id) VALUES ('cab8632d-19dd-4ddc-9c90-669949088fa5', 'ba71eda1-27bc-4676-8f62-532c900af4b4');
INSERT INTO choice (id, questionnaire_id, interviewee_id) VALUES ('edec610e-65b6-4eb4-b1a6-1f0b800e0800', '56c296cd-7c3b-4eb1-90cb-745e555a098c', 'ba14a8b5-e8e5-4fc8-9629-47437c7e8ab2');
INSERT INTO option_choice (option_id, choice_id) VALUES ('d583c2c9-6998-483b-a5e4-67068e974d6f', 'edec610e-65b6-4eb4-b1a6-1f0b800e0800');
INSERT INTO option_choice (option_id, choice_id) VALUES ('0e27133d-354c-4e2d-af9f-e74397954328', 'edec610e-65b6-4eb4-b1a6-1f0b800e0800');
INSERT INTO option_choice (option_id, choice_id) VALUES ('75d9d333-93f8-42f6-be3b-9a5a24aa476c', 'edec610e-65b6-4eb4-b1a6-1f0b800e0800');
INSERT INTO interviewee (id, login, password, age, gender, country, marital_status) VALUES ('2eeed68a-31f0-4d29-84f2-0901ccf396c1', 'interviewee555', 'qwerty', 17, 'male', 'SC', 'divorced');
INSERT INTO choice (id, questionnaire_id, interviewee_id) VALUES ('70909080-5675-4a6f-9993-6828343633b4', 'f680addd-a0b2-4101-9e1f-5e0870943c68', '2eeed68a-31f0-4d29-84f2-0901ccf396c1');
INSERT INTO option_choice (option_id, choice_id) VALUES ('521ef3a0-411b-4392-8393-62ed9a638949', '70909080-5675-4a6f-9993-6828343633b4');
INSERT INTO choice (id, questionnaire_id, interviewee_id) VALUES ('b5bf258e-1fbd-439e-a14e-46d8e999b08b', 'cb70c074-82ef-4114-aabc-e940a19b5bb0', '2eeed68a-31f0-4d29-84f2-0901ccf396c1');
INSERT INTO option_choice (option_id, choice_id) VALUES ('a6011a1c-260b-45fb-ad13-b09674b0b968', 'b5bf258e-1fbd-439e-a14e-46d8e999b08b');
INSERT INTO option_choice (option_id, choice_id) VALUES ('b2aebe06-b155-47cd-a39d-b9c1beabb465', 'b5bf258e-1fbd-439e-a14e-46d8e999b08b');
INSERT INTO option_choice (option_id, choice_id) VALUES ('4fbbc5c4-5cc1-4421-86a2-d7151c56a9df', 'b5bf258e-1fbd-439e-a14e-46d8e999b08b');
INSERT INTO option_choice (option_id, choice_id) VALUES ('4f47a30f-5169-4bf3-a6a9-f9777225a72d', 'b5bf258e-1fbd-439e-a14e-46d8e999b08b');
INSERT INTO choice (id, questionnaire_id, interviewee_id) VALUES ('c7404ce3-9def-43fc-8cde-dc1cc6307fb4', 'd05638df-f11c-413d-8456-ee036bed2914', '2eeed68a-31f0-4d29-84f2-0901ccf396c1');
INSERT INTO option_choice (option_id, choice_id) VALUES ('b4b64304-6288-40df-8120-283c58db8d1a', 'c7404ce3-9def-43fc-8cde-dc1cc6307fb4');
INSERT INTO interviewee (id, login, password, age, gender, country, marital_status) VALUES ('f43e7b7e-c0fc-4a7b-8e25-3efc71cec6b3', 'interviewee556', 'qwerty', 18, 'male', 'ZM', 'married');
INSERT INTO choice (id, questionnaire_id, interviewee_id) VALUES ('aedd1d2b-4eb6-4bb6-83a5-72693fe68783', '309e872a-e145-4926-998b-ec0fdb62466a', 'f43e7b7e-c0fc-4a7b-8e25-3efc71cec6b3');
INSERT INTO option_choice (option_id, choice_id) VALUES ('926da358-7388-4aea-b601-42bcfcd8c071', 'aedd1d2b-4eb6-4bb6-83a5-72693fe68783');
INSERT INTO option_choice (option_id, choice_id) VALUES ('8ccfc598-c3a0-4ad2-a052-f4e6e3edc252', 'aedd1d2b-4eb6-4bb6-83a5-72693fe68783');
INSERT INTO interviewee (id, login, password, age, gender, country, marital_status) VALUES ('b521b1e7-df0f-4f13-a3df-0f5df10ec1f4', 'interviewee557', 'qwerty', 70, 'male', 'GF', 'married');
INSERT INTO choice (id, questionnaire_id, interviewee_id) VALUES ('493a9aea-a7e6-450c-8065-3792707249a1', 'b5ae5620-2d58-48f5-a060-28e8fd1859dd', 'b521b1e7-df0f-4f13-a3df-0f5df10ec1f4');
INSERT INTO option_choice (option_id, choice_id) VALUES ('346ef5d2-77a0-4ce4-a407-38382a94f28d', '493a9aea-a7e6-450c-8065-3792707249a1');
INSERT INTO choice (id, questionnaire_id, interviewee_id) VALUES ('7088a6eb-9b8b-4571-b7c3-2c8f72f3965f', 'e2cf177f-e49f-4aef-99a6-095d711c6ec2', 'b521b1e7-df0f-4f13-a3df-0f5df10ec1f4');
INSERT INTO option_choice (option_id, choice_id) VALUES ('1b5e4a41-da4c-4845-8698-5ed9deee3ca2', '7088a6eb-9b8b-4571-b7c3-2c8f72f3965f');
INSERT INTO choice (id, questionnaire_id, interviewee_id) VALUES ('488e7c22-3f70-4b27-bbc0-a2b39bb895e6', '0b6580ec-1374-4a48-ad1d-b1fa316ad9be', 'b521b1e7-df0f-4f13-a3df-0f5df10ec1f4');
INSERT INTO option_choice (option_id, choice_id) VALUES ('68263915-d7e9-4ac6-9c14-f48cf8807857', '488e7c22-3f70-4b27-bbc0-a2b39bb895e6');
INSERT INTO interviewee (id, login, password, age, gender, country, marital_status) VALUES ('318ccfb9-8a89-4732-8e95-24ab923783f1', 'interviewee558', 'qwerty', 68, 'female', 'TO', 'divorced');
INSERT INTO choice (id, questionnaire_id, interviewee_id) VALUES ('db067b4e-9141-42e5-802c-b86a53176817', '1a336595-020d-4026-a389-afd9a80cf707', '318ccfb9-8a89-4732-8e95-24ab923783f1');
INSERT INTO option_choice (option_id, choice_id) VALUES ('026e21bd-77e7-46bc-85ba-c7e5eea39031', 'db067b4e-9141-42e5-802c-b86a53176817');
INSERT INTO choice (id, questionnaire_id, interviewee_id) VALUES ('09e89c45-51e6-4b63-9fcb-7c7796b210af', 'bf8da1bc-7284-44d0-a7c0-4e0321978aa0', '318ccfb9-8a89-4732-8e95-24ab923783f1');
INSERT INTO option_choice (option_id, choice_id) VALUES ('1690438b-db39-4933-b62c-4f692bce0c76', '09e89c45-51e6-4b63-9fcb-7c7796b210af');
INSERT INTO choice (id, questionnaire_id, interviewee_id) VALUES ('638d4ee3-c99e-41d5-b4f9-b68898002fb0', 'd05638df-f11c-413d-8456-ee036bed2914', '318ccfb9-8a89-4732-8e95-24ab923783f1');
INSERT INTO option_choice (option_id, choice_id) VALUES ('b0557de3-6b66-4e79-b1ac-c2b8f0a5096b', '638d4ee3-c99e-41d5-b4f9-b68898002fb0');
INSERT INTO interviewee (id, login, password, age, gender, country, marital_status) VALUES ('ad3188a1-f38f-4b19-926f-0597eb0ef025', 'interviewee559', 'qwerty', 42, 'male', 'CC', 'married');
INSERT INTO choice (id, questionnaire_id, interviewee_id) VALUES ('24d816b1-be49-45fe-8726-41c59ed3e793', '91a16ec4-1a91-44d1-bb08-6e9fc823c230', 'ad3188a1-f38f-4b19-926f-0597eb0ef025');
INSERT INTO option_choice (option_id, choice_id) VALUES ('690b73cc-52e3-435d-a3bd-78733e5fdeaf', '24d816b1-be49-45fe-8726-41c59ed3e793');
INSERT INTO option_choice (option_id, choice_id) VALUES ('fbc23714-2c99-4441-8130-94075c78f6e8', '24d816b1-be49-45fe-8726-41c59ed3e793');
INSERT INTO interviewee (id, login, password, age, gender, country, marital_status) VALUES ('7802ba4f-d43b-4ccc-8327-e794a088e89d', 'interviewee560', 'qwerty', 68, 'female', 'NR', 'married');
INSERT INTO choice (id, questionnaire_id, interviewee_id) VALUES ('d6f4064f-2ecc-444c-8d2e-9dab84e4b7e3', 'b5ae5620-2d58-48f5-a060-28e8fd1859dd', '7802ba4f-d43b-4ccc-8327-e794a088e89d');
INSERT INTO option_choice (option_id, choice_id) VALUES ('a5e432ce-d2c6-4c6b-912f-dd0aa7f19d87', 'd6f4064f-2ecc-444c-8d2e-9dab84e4b7e3');
INSERT INTO choice (id, questionnaire_id, interviewee_id) VALUES ('5b6a10ee-abac-411c-b3fb-1bcedab87e81', '8adfa259-7459-4497-b994-7101058c39c1', '7802ba4f-d43b-4ccc-8327-e794a088e89d');
INSERT INTO option_choice (option_id, choice_id) VALUES ('3e047d89-087c-45bd-82d6-38c4acd5c609', '5b6a10ee-abac-411c-b3fb-1bcedab87e81');
INSERT INTO option_choice (option_id, choice_id) VALUES ('968d6b86-376e-4d23-9555-89ee1d638c1c', '5b6a10ee-abac-411c-b3fb-1bcedab87e81');
INSERT INTO option_choice (option_id, choice_id) VALUES ('7d64ec60-4b16-49eb-a0c6-4af24c3b1767', '5b6a10ee-abac-411c-b3fb-1bcedab87e81');
INSERT INTO interviewee (id, login, password, age, gender, country, marital_status) VALUES ('758745f1-dad9-4e94-8990-89778fe13a0b', 'interviewee561', 'qwerty', 48, 'female', 'VC', 'was_not_married');
INSERT INTO choice (id, questionnaire_id, interviewee_id) VALUES ('624a89a7-6c3f-45f7-b8ba-abc216a5f17c', '557cb630-d2f4-4e11-afe9-d50534deb525', '758745f1-dad9-4e94-8990-89778fe13a0b');
INSERT INTO option_choice (option_id, choice_id) VALUES ('b633afa9-c11d-4aab-b450-ffbcfde02318', '624a89a7-6c3f-45f7-b8ba-abc216a5f17c');
INSERT INTO interviewee (id, login, password, age, gender, country, marital_status) VALUES ('bdd212dd-9847-4211-b652-c87040254334', 'interviewee562', 'qwerty', 55, 'male', 'SX', 'married');
INSERT INTO choice (id, questionnaire_id, interviewee_id) VALUES ('a7f11ec7-0d21-41e1-b3c7-e6a3a34a8566', '8adfa259-7459-4497-b994-7101058c39c1', 'bdd212dd-9847-4211-b652-c87040254334');
INSERT INTO option_choice (option_id, choice_id) VALUES ('968d6b86-376e-4d23-9555-89ee1d638c1c', 'a7f11ec7-0d21-41e1-b3c7-e6a3a34a8566');
INSERT INTO option_choice (option_id, choice_id) VALUES ('9e45c288-be30-427f-be35-83a5171e2b4d', 'a7f11ec7-0d21-41e1-b3c7-e6a3a34a8566');
INSERT INTO choice (id, questionnaire_id, interviewee_id) VALUES ('70a70b77-2f7d-472e-a8a1-48f53acd8284', '342b973f-a1d1-4062-a073-fb80b6195e1a', 'bdd212dd-9847-4211-b652-c87040254334');
INSERT INTO option_choice (option_id, choice_id) VALUES ('a95386af-e627-4a57-adc2-0009818da88b', '70a70b77-2f7d-472e-a8a1-48f53acd8284');
INSERT INTO option_choice (option_id, choice_id) VALUES ('47afaa62-a5ba-4be6-81b8-673fae59c987', '70a70b77-2f7d-472e-a8a1-48f53acd8284');
INSERT INTO choice (id, questionnaire_id, interviewee_id) VALUES ('e4135634-7d2c-4f41-9832-63f19484201b', 'cb70c074-82ef-4114-aabc-e940a19b5bb0', 'bdd212dd-9847-4211-b652-c87040254334');
INSERT INTO option_choice (option_id, choice_id) VALUES ('4fbbc5c4-5cc1-4421-86a2-d7151c56a9df', 'e4135634-7d2c-4f41-9832-63f19484201b');
INSERT INTO option_choice (option_id, choice_id) VALUES ('b2aebe06-b155-47cd-a39d-b9c1beabb465', 'e4135634-7d2c-4f41-9832-63f19484201b');
INSERT INTO option_choice (option_id, choice_id) VALUES ('4f47a30f-5169-4bf3-a6a9-f9777225a72d', 'e4135634-7d2c-4f41-9832-63f19484201b');
INSERT INTO interviewee (id, login, password, age, gender, country, marital_status) VALUES ('53c89675-3e4f-407f-87d2-76334c4aa05a', 'interviewee563', 'qwerty', 23, 'male', 'BW', 'married');
INSERT INTO choice (id, questionnaire_id, interviewee_id) VALUES ('5fbb402e-24af-4195-9fa9-d05e36401a14', 'af6f1431-a90e-4919-83a4-359d6a8a7d22', '53c89675-3e4f-407f-87d2-76334c4aa05a');
INSERT INTO option_choice (option_id, choice_id) VALUES ('e41b3b09-f2a6-4206-bfde-743557a31646', '5fbb402e-24af-4195-9fa9-d05e36401a14');
INSERT INTO option_choice (option_id, choice_id) VALUES ('a3c0df26-f677-4a76-9fc9-e8bcb2a586ec', '5fbb402e-24af-4195-9fa9-d05e36401a14');
INSERT INTO option_choice (option_id, choice_id) VALUES ('14b9069e-cc19-448a-96f6-c333a9a53635', '5fbb402e-24af-4195-9fa9-d05e36401a14');
INSERT INTO option_choice (option_id, choice_id) VALUES ('d6e4609d-6705-4cc8-b83a-4786ea4f6ad6', '5fbb402e-24af-4195-9fa9-d05e36401a14');
INSERT INTO option_choice (option_id, choice_id) VALUES ('e6932ff8-921c-4ab7-b5c5-37e59ea816fd', '5fbb402e-24af-4195-9fa9-d05e36401a14');
INSERT INTO option_choice (option_id, choice_id) VALUES ('b6cea016-cb83-4752-bbc0-0e2a71b294d6', '5fbb402e-24af-4195-9fa9-d05e36401a14');
INSERT INTO interviewee (id, login, password, age, gender, country, marital_status) VALUES ('0b2788b9-e1a1-474f-bd28-a459d0ef432f', 'interviewee564', 'qwerty', 67, 'male', 'MQ', 'married');
INSERT INTO choice (id, questionnaire_id, interviewee_id) VALUES ('a6b8aaaf-85d1-45fd-86ce-678c17f8fce8', '8adfa259-7459-4497-b994-7101058c39c1', '0b2788b9-e1a1-474f-bd28-a459d0ef432f');
INSERT INTO option_choice (option_id, choice_id) VALUES ('0c96072b-cf70-4fde-8afb-27bf8c3f7a8b', 'a6b8aaaf-85d1-45fd-86ce-678c17f8fce8');
INSERT INTO option_choice (option_id, choice_id) VALUES ('7d64ec60-4b16-49eb-a0c6-4af24c3b1767', 'a6b8aaaf-85d1-45fd-86ce-678c17f8fce8');
INSERT INTO choice (id, questionnaire_id, interviewee_id) VALUES ('ee12f26d-c45d-4cc6-b72d-a84940413d27', '0b6580ec-1374-4a48-ad1d-b1fa316ad9be', '0b2788b9-e1a1-474f-bd28-a459d0ef432f');
INSERT INTO option_choice (option_id, choice_id) VALUES ('68263915-d7e9-4ac6-9c14-f48cf8807857', 'ee12f26d-c45d-4cc6-b72d-a84940413d27');
INSERT INTO option_choice (option_id, choice_id) VALUES ('82be4575-892d-453a-b3d9-0827c6b6d6df', 'ee12f26d-c45d-4cc6-b72d-a84940413d27');
INSERT INTO option_choice (option_id, choice_id) VALUES ('82cec316-48c4-48d4-9d69-8a67e9d22eca', 'ee12f26d-c45d-4cc6-b72d-a84940413d27');
INSERT INTO interviewee (id, login, password, age, gender, country, marital_status) VALUES ('48151b29-63e7-4e56-af29-334db8e4c986', 'interviewee565', 'qwerty', 33, 'male', 'RS', 'married');
INSERT INTO choice (id, questionnaire_id, interviewee_id) VALUES ('7fe55796-b650-4704-b3eb-4f9eb002b9ad', '8902d50d-0421-4680-82f2-f2b1b667e3fd', '48151b29-63e7-4e56-af29-334db8e4c986');
INSERT INTO option_choice (option_id, choice_id) VALUES ('699e6428-3838-43e4-88f0-8fa31ae6d648', '7fe55796-b650-4704-b3eb-4f9eb002b9ad');
INSERT INTO interviewee (id, login, password, age, gender, country, marital_status) VALUES ('f8a6f24f-0e5c-4207-b283-5625b1e37616', 'interviewee566', 'qwerty', 50, 'male', 'GL', 'divorced');
INSERT INTO choice (id, questionnaire_id, interviewee_id) VALUES ('0f8eb6fa-f088-4412-9daf-b6b1d7420e9c', 'f680addd-a0b2-4101-9e1f-5e0870943c68', 'f8a6f24f-0e5c-4207-b283-5625b1e37616');
INSERT INTO option_choice (option_id, choice_id) VALUES ('521ef3a0-411b-4392-8393-62ed9a638949', '0f8eb6fa-f088-4412-9daf-b6b1d7420e9c');
INSERT INTO option_choice (option_id, choice_id) VALUES ('5e0b63d0-2a10-4ab5-a66a-a47615b50b03', '0f8eb6fa-f088-4412-9daf-b6b1d7420e9c');
INSERT INTO option_choice (option_id, choice_id) VALUES ('cfde0373-91b9-46f9-bc0d-a137a713d2d7', '0f8eb6fa-f088-4412-9daf-b6b1d7420e9c');
INSERT INTO choice (id, questionnaire_id, interviewee_id) VALUES ('39615c60-32ca-4d2f-9cb3-ea2ab9219df2', '56c296cd-7c3b-4eb1-90cb-745e555a098c', 'f8a6f24f-0e5c-4207-b283-5625b1e37616');
INSERT INTO option_choice (option_id, choice_id) VALUES ('d583c2c9-6998-483b-a5e4-67068e974d6f', '39615c60-32ca-4d2f-9cb3-ea2ab9219df2');
INSERT INTO option_choice (option_id, choice_id) VALUES ('00605853-328c-4a30-9227-5513208ca17e', '39615c60-32ca-4d2f-9cb3-ea2ab9219df2');
INSERT INTO option_choice (option_id, choice_id) VALUES ('75d9d333-93f8-42f6-be3b-9a5a24aa476c', '39615c60-32ca-4d2f-9cb3-ea2ab9219df2');
INSERT INTO option_choice (option_id, choice_id) VALUES ('e2f977a1-4767-4f5b-b056-27e45348cf1a', '39615c60-32ca-4d2f-9cb3-ea2ab9219df2');
INSERT INTO choice (id, questionnaire_id, interviewee_id) VALUES ('ffd2b339-9d59-4bd6-a02c-36dacf22258a', 'cb70c074-82ef-4114-aabc-e940a19b5bb0', 'f8a6f24f-0e5c-4207-b283-5625b1e37616');
INSERT INTO option_choice (option_id, choice_id) VALUES ('b2aebe06-b155-47cd-a39d-b9c1beabb465', 'ffd2b339-9d59-4bd6-a02c-36dacf22258a');
INSERT INTO option_choice (option_id, choice_id) VALUES ('c2db2843-0153-4422-8aa4-c4c9e640418d', 'ffd2b339-9d59-4bd6-a02c-36dacf22258a');
INSERT INTO interviewee (id, login, password, age, gender, country, marital_status) VALUES ('887aa895-7065-49e0-9bf8-7686ccf2f312', 'interviewee567', 'qwerty', 66, 'female', 'MU', 'married');
INSERT INTO choice (id, questionnaire_id, interviewee_id) VALUES ('5083b2a3-5b95-473f-854e-aaf452e37125', 'af6f1431-a90e-4919-83a4-359d6a8a7d22', '887aa895-7065-49e0-9bf8-7686ccf2f312');
INSERT INTO option_choice (option_id, choice_id) VALUES ('d6e4609d-6705-4cc8-b83a-4786ea4f6ad6', '5083b2a3-5b95-473f-854e-aaf452e37125');
INSERT INTO option_choice (option_id, choice_id) VALUES ('a3c0df26-f677-4a76-9fc9-e8bcb2a586ec', '5083b2a3-5b95-473f-854e-aaf452e37125');
INSERT INTO choice (id, questionnaire_id, interviewee_id) VALUES ('1c212117-0543-4666-9081-1fb92f91cfa5', '8adfa259-7459-4497-b994-7101058c39c1', '887aa895-7065-49e0-9bf8-7686ccf2f312');
INSERT INTO option_choice (option_id, choice_id) VALUES ('502fb96b-685d-47da-86bb-f40e1e8f57ef', '1c212117-0543-4666-9081-1fb92f91cfa5');
INSERT INTO option_choice (option_id, choice_id) VALUES ('968d6b86-376e-4d23-9555-89ee1d638c1c', '1c212117-0543-4666-9081-1fb92f91cfa5');
INSERT INTO option_choice (option_id, choice_id) VALUES ('9e45c288-be30-427f-be35-83a5171e2b4d', '1c212117-0543-4666-9081-1fb92f91cfa5');
INSERT INTO option_choice (option_id, choice_id) VALUES ('7d64ec60-4b16-49eb-a0c6-4af24c3b1767', '1c212117-0543-4666-9081-1fb92f91cfa5');
INSERT INTO option_choice (option_id, choice_id) VALUES ('3e047d89-087c-45bd-82d6-38c4acd5c609', '1c212117-0543-4666-9081-1fb92f91cfa5');
INSERT INTO option_choice (option_id, choice_id) VALUES ('0c96072b-cf70-4fde-8afb-27bf8c3f7a8b', '1c212117-0543-4666-9081-1fb92f91cfa5');
INSERT INTO choice (id, questionnaire_id, interviewee_id) VALUES ('bd60a8c7-04cc-4886-b234-f5e26edb81a4', 'e2cf177f-e49f-4aef-99a6-095d711c6ec2', '887aa895-7065-49e0-9bf8-7686ccf2f312');
INSERT INTO option_choice (option_id, choice_id) VALUES ('242c02d5-0f4b-4e89-976f-3754854f478c', 'bd60a8c7-04cc-4886-b234-f5e26edb81a4');
INSERT INTO interviewee (id, login, password, age, gender, country, marital_status) VALUES ('32282147-f757-47ea-bd6c-8b2ec900bb85', 'interviewee568', 'qwerty', 32, 'male', 'FR', 'was_not_married');
INSERT INTO choice (id, questionnaire_id, interviewee_id) VALUES ('e170beec-9761-44ad-b5c9-662fd27041e2', '91a16ec4-1a91-44d1-bb08-6e9fc823c230', '32282147-f757-47ea-bd6c-8b2ec900bb85');
INSERT INTO option_choice (option_id, choice_id) VALUES ('690b73cc-52e3-435d-a3bd-78733e5fdeaf', 'e170beec-9761-44ad-b5c9-662fd27041e2');
INSERT INTO choice (id, questionnaire_id, interviewee_id) VALUES ('400aaf89-cfa8-4b3a-ab2a-8f3b7643f21b', 'b6588e29-37de-425f-834e-e867f77794ce', '32282147-f757-47ea-bd6c-8b2ec900bb85');
INSERT INTO option_choice (option_id, choice_id) VALUES ('5b82f100-bb0f-47ec-9395-7a0409f4b7ef', '400aaf89-cfa8-4b3a-ab2a-8f3b7643f21b');
INSERT INTO option_choice (option_id, choice_id) VALUES ('07e7a8bf-65e2-41d5-aeef-91bcbe765392', '400aaf89-cfa8-4b3a-ab2a-8f3b7643f21b');
INSERT INTO option_choice (option_id, choice_id) VALUES ('ec37510e-f2a1-4e16-ae94-e9ea2c4461e3', '400aaf89-cfa8-4b3a-ab2a-8f3b7643f21b');
INSERT INTO option_choice (option_id, choice_id) VALUES ('40c301f5-13ed-4b94-85aa-e1c562adce4d', '400aaf89-cfa8-4b3a-ab2a-8f3b7643f21b');
INSERT INTO option_choice (option_id, choice_id) VALUES ('7f0bbd14-8cfc-4a28-88f7-5af992a4c02b', '400aaf89-cfa8-4b3a-ab2a-8f3b7643f21b');
INSERT INTO option_choice (option_id, choice_id) VALUES ('460ff4a7-d376-4dc8-b5bb-9ab1989fbb31', '400aaf89-cfa8-4b3a-ab2a-8f3b7643f21b');
INSERT INTO option_choice (option_id, choice_id) VALUES ('46bd1403-2ee0-4145-8014-8dd4fafcb8af', '400aaf89-cfa8-4b3a-ab2a-8f3b7643f21b');
INSERT INTO option_choice (option_id, choice_id) VALUES ('4bde418e-a165-43f7-ac7b-c6d2ab034e2e', '400aaf89-cfa8-4b3a-ab2a-8f3b7643f21b');
INSERT INTO interviewee (id, login, password, age, gender, country, marital_status) VALUES ('a294eae0-b2f6-45ad-bdfe-0d3b256518d2', 'interviewee569', 'qwerty', 64, 'female', 'PR', 'married');
INSERT INTO choice (id, questionnaire_id, interviewee_id) VALUES ('3a46e0a1-8140-4c34-826e-2edbc5bc96e5', 'cb70c074-82ef-4114-aabc-e940a19b5bb0', 'a294eae0-b2f6-45ad-bdfe-0d3b256518d2');
INSERT INTO option_choice (option_id, choice_id) VALUES ('4fbbc5c4-5cc1-4421-86a2-d7151c56a9df', '3a46e0a1-8140-4c34-826e-2edbc5bc96e5');
INSERT INTO option_choice (option_id, choice_id) VALUES ('b2aebe06-b155-47cd-a39d-b9c1beabb465', '3a46e0a1-8140-4c34-826e-2edbc5bc96e5');
INSERT INTO option_choice (option_id, choice_id) VALUES ('a6011a1c-260b-45fb-ad13-b09674b0b968', '3a46e0a1-8140-4c34-826e-2edbc5bc96e5');
INSERT INTO choice (id, questionnaire_id, interviewee_id) VALUES ('8f8df422-bb73-4fda-afd6-ee0e81c1a952', '557cb630-d2f4-4e11-afe9-d50534deb525', 'a294eae0-b2f6-45ad-bdfe-0d3b256518d2');
INSERT INTO option_choice (option_id, choice_id) VALUES ('b633afa9-c11d-4aab-b450-ffbcfde02318', '8f8df422-bb73-4fda-afd6-ee0e81c1a952');
INSERT INTO choice (id, questionnaire_id, interviewee_id) VALUES ('231e9132-22cc-498a-8afd-6e054cd0a8aa', '342b973f-a1d1-4062-a073-fb80b6195e1a', 'a294eae0-b2f6-45ad-bdfe-0d3b256518d2');
INSERT INTO option_choice (option_id, choice_id) VALUES ('d84282d4-6002-4289-bb10-cb7bfd2e906b', '231e9132-22cc-498a-8afd-6e054cd0a8aa');
INSERT INTO option_choice (option_id, choice_id) VALUES ('47afaa62-a5ba-4be6-81b8-673fae59c987', '231e9132-22cc-498a-8afd-6e054cd0a8aa');
INSERT INTO interviewee (id, login, password, age, gender, country, marital_status) VALUES ('3df7df19-2a9d-4576-aba0-da907f1226bf', 'interviewee570', 'qwerty', 66, 'male', 'NF', 'was_not_married');
INSERT INTO choice (id, questionnaire_id, interviewee_id) VALUES ('7c77f649-4dac-4bcd-921c-4b08ce0d1e4c', 'af6f1431-a90e-4919-83a4-359d6a8a7d22', '3df7df19-2a9d-4576-aba0-da907f1226bf');
INSERT INTO option_choice (option_id, choice_id) VALUES ('1d5c1c89-2fbe-4efd-aab1-12329e29ad0f', '7c77f649-4dac-4bcd-921c-4b08ce0d1e4c');
INSERT INTO option_choice (option_id, choice_id) VALUES ('e6932ff8-921c-4ab7-b5c5-37e59ea816fd', '7c77f649-4dac-4bcd-921c-4b08ce0d1e4c');
INSERT INTO option_choice (option_id, choice_id) VALUES ('d6e4609d-6705-4cc8-b83a-4786ea4f6ad6', '7c77f649-4dac-4bcd-921c-4b08ce0d1e4c');
INSERT INTO option_choice (option_id, choice_id) VALUES ('a3c0df26-f677-4a76-9fc9-e8bcb2a586ec', '7c77f649-4dac-4bcd-921c-4b08ce0d1e4c');
INSERT INTO choice (id, questionnaire_id, interviewee_id) VALUES ('d92b4db5-5a71-4a28-9162-5dc699f15b02', 'a345b682-c7ac-49ac-9f14-4f5173a872d8', '3df7df19-2a9d-4576-aba0-da907f1226bf');
INSERT INTO option_choice (option_id, choice_id) VALUES ('4389db4e-2a8b-43f8-8643-dd6f5a5f160e', 'd92b4db5-5a71-4a28-9162-5dc699f15b02');
INSERT INTO choice (id, questionnaire_id, interviewee_id) VALUES ('a2009ea3-c3a8-4d79-bc45-d81765080bba', '0b6580ec-1374-4a48-ad1d-b1fa316ad9be', '3df7df19-2a9d-4576-aba0-da907f1226bf');
INSERT INTO option_choice (option_id, choice_id) VALUES ('68263915-d7e9-4ac6-9c14-f48cf8807857', 'a2009ea3-c3a8-4d79-bc45-d81765080bba');
INSERT INTO option_choice (option_id, choice_id) VALUES ('82be4575-892d-453a-b3d9-0827c6b6d6df', 'a2009ea3-c3a8-4d79-bc45-d81765080bba');
INSERT INTO option_choice (option_id, choice_id) VALUES ('a518cc4d-143a-45ca-b29f-a7c53dacc773', 'a2009ea3-c3a8-4d79-bc45-d81765080bba');
INSERT INTO interviewee (id, login, password, age, gender, country, marital_status) VALUES ('dd92f55f-c026-420f-88b9-b95f9b769694', 'interviewee571', 'qwerty', 14, 'female', 'AQ', 'divorced');
INSERT INTO choice (id, questionnaire_id, interviewee_id) VALUES ('732dc2da-a2b2-419f-a0f7-d6b264e1f15f', '309e872a-e145-4926-998b-ec0fdb62466a', 'dd92f55f-c026-420f-88b9-b95f9b769694');
INSERT INTO option_choice (option_id, choice_id) VALUES ('4579f5ab-3007-4302-aa53-456cd440599b', '732dc2da-a2b2-419f-a0f7-d6b264e1f15f');
INSERT INTO option_choice (option_id, choice_id) VALUES ('926da358-7388-4aea-b601-42bcfcd8c071', '732dc2da-a2b2-419f-a0f7-d6b264e1f15f');
INSERT INTO option_choice (option_id, choice_id) VALUES ('8ccfc598-c3a0-4ad2-a052-f4e6e3edc252', '732dc2da-a2b2-419f-a0f7-d6b264e1f15f');
INSERT INTO option_choice (option_id, choice_id) VALUES ('1dcd1e79-636e-4d6c-b9b4-dcf0da4fdaaa', '732dc2da-a2b2-419f-a0f7-d6b264e1f15f');
INSERT INTO interviewee (id, login, password, age, gender, country, marital_status) VALUES ('39aa07fd-85e8-4b6c-83eb-ac0f09dc76ce', 'interviewee572', 'qwerty', 60, 'female', 'CH', 'married');
INSERT INTO choice (id, questionnaire_id, interviewee_id) VALUES ('598d3b8f-2ac6-444f-9cb8-fbbdf0fc4e6c', 'a345b682-c7ac-49ac-9f14-4f5173a872d8', '39aa07fd-85e8-4b6c-83eb-ac0f09dc76ce');
INSERT INTO option_choice (option_id, choice_id) VALUES ('faa6ab11-59ef-4e3b-aa30-88fe576f7451', '598d3b8f-2ac6-444f-9cb8-fbbdf0fc4e6c');
INSERT INTO choice (id, questionnaire_id, interviewee_id) VALUES ('da6d7474-c7f0-44e5-b1c0-283ffbbf2150', '83dbd16d-6765-468d-944f-022d10d042e5', '39aa07fd-85e8-4b6c-83eb-ac0f09dc76ce');
INSERT INTO option_choice (option_id, choice_id) VALUES ('d6416cf3-39f7-4cf9-ba84-314605b84d03', 'da6d7474-c7f0-44e5-b1c0-283ffbbf2150');
INSERT INTO option_choice (option_id, choice_id) VALUES ('d8a63395-3425-4d1b-95be-b38dc31cb0af', 'da6d7474-c7f0-44e5-b1c0-283ffbbf2150');
INSERT INTO option_choice (option_id, choice_id) VALUES ('176e8036-bece-46c0-beb2-71eb28a41f51', 'da6d7474-c7f0-44e5-b1c0-283ffbbf2150');
INSERT INTO option_choice (option_id, choice_id) VALUES ('eee0aab7-8b77-4c19-b028-648aa7e303ed', 'da6d7474-c7f0-44e5-b1c0-283ffbbf2150');
INSERT INTO interviewee (id, login, password, age, gender, country, marital_status) VALUES ('9f0aea03-3a1e-417d-a646-667b7c0c2023', 'interviewee573', 'qwerty', 58, 'male', 'DZ', 'divorced');
INSERT INTO choice (id, questionnaire_id, interviewee_id) VALUES ('58245156-bf2f-41f2-8410-33bf71469b32', '56c296cd-7c3b-4eb1-90cb-745e555a098c', '9f0aea03-3a1e-417d-a646-667b7c0c2023');
INSERT INTO option_choice (option_id, choice_id) VALUES ('0e27133d-354c-4e2d-af9f-e74397954328', '58245156-bf2f-41f2-8410-33bf71469b32');
INSERT INTO option_choice (option_id, choice_id) VALUES ('00605853-328c-4a30-9227-5513208ca17e', '58245156-bf2f-41f2-8410-33bf71469b32');
INSERT INTO option_choice (option_id, choice_id) VALUES ('e2f977a1-4767-4f5b-b056-27e45348cf1a', '58245156-bf2f-41f2-8410-33bf71469b32');
INSERT INTO choice (id, questionnaire_id, interviewee_id) VALUES ('a77ecb4b-7e57-49a1-8881-2aa0f990598b', '1a336595-020d-4026-a389-afd9a80cf707', '9f0aea03-3a1e-417d-a646-667b7c0c2023');
INSERT INTO option_choice (option_id, choice_id) VALUES ('17fa6a45-befd-4756-95f2-c6c400c916a8', 'a77ecb4b-7e57-49a1-8881-2aa0f990598b');
INSERT INTO interviewee (id, login, password, age, gender, country, marital_status) VALUES ('c2bb4337-be61-4cd4-81ca-8395c7c0a43e', 'interviewee574', 'qwerty', 62, 'male', 'BL', 'married');
INSERT INTO choice (id, questionnaire_id, interviewee_id) VALUES ('2719f9d2-9677-4742-aaf7-d23f145589b2', '557cb630-d2f4-4e11-afe9-d50534deb525', 'c2bb4337-be61-4cd4-81ca-8395c7c0a43e');
INSERT INTO option_choice (option_id, choice_id) VALUES ('84999604-dd85-4536-a3fc-0dc6006d4d23', '2719f9d2-9677-4742-aaf7-d23f145589b2');
INSERT INTO interviewee (id, login, password, age, gender, country, marital_status) VALUES ('3ac51cc6-f4a1-42cf-b716-c2994a347acb', 'interviewee575', 'qwerty', 34, 'male', 'TW', 'divorced');
INSERT INTO choice (id, questionnaire_id, interviewee_id) VALUES ('b09eb7b3-1e4c-43f5-8b24-38915d999c6f', '0b6580ec-1374-4a48-ad1d-b1fa316ad9be', '3ac51cc6-f4a1-42cf-b716-c2994a347acb');
INSERT INTO option_choice (option_id, choice_id) VALUES ('82be4575-892d-453a-b3d9-0827c6b6d6df', 'b09eb7b3-1e4c-43f5-8b24-38915d999c6f');
INSERT INTO interviewee (id, login, password, age, gender, country, marital_status) VALUES ('ac433fe1-4322-4f6f-9871-b6efe0742a46', 'interviewee576', 'qwerty', 69, 'female', 'DJ', 'was_not_married');
INSERT INTO choice (id, questionnaire_id, interviewee_id) VALUES ('5c590b9a-3e4b-412d-85f2-eef69c76f454', '91a16ec4-1a91-44d1-bb08-6e9fc823c230', 'ac433fe1-4322-4f6f-9871-b6efe0742a46');
INSERT INTO option_choice (option_id, choice_id) VALUES ('cab8632d-19dd-4ddc-9c90-669949088fa5', '5c590b9a-3e4b-412d-85f2-eef69c76f454');
INSERT INTO option_choice (option_id, choice_id) VALUES ('fbc23714-2c99-4441-8130-94075c78f6e8', '5c590b9a-3e4b-412d-85f2-eef69c76f454');
INSERT INTO option_choice (option_id, choice_id) VALUES ('5b32da45-be75-42c8-8fa7-ba776167a759', '5c590b9a-3e4b-412d-85f2-eef69c76f454');
INSERT INTO option_choice (option_id, choice_id) VALUES ('690b73cc-52e3-435d-a3bd-78733e5fdeaf', '5c590b9a-3e4b-412d-85f2-eef69c76f454');
INSERT INTO choice (id, questionnaire_id, interviewee_id) VALUES ('1dfbe758-76e6-4663-bdff-0310d391a4d2', '6a34c81d-d686-4ce4-8e2f-ec3d2ba47346', 'ac433fe1-4322-4f6f-9871-b6efe0742a46');
INSERT INTO option_choice (option_id, choice_id) VALUES ('7a83da6c-611b-4c33-a2e2-ddf398a170bc', '1dfbe758-76e6-4663-bdff-0310d391a4d2');
INSERT INTO interviewee (id, login, password, age, gender, country, marital_status) VALUES ('07e751a2-cca7-4bf3-b612-bff521edea03', 'interviewee577', 'qwerty', 23, 'female', 'GR', 'married');
INSERT INTO choice (id, questionnaire_id, interviewee_id) VALUES ('22aa7b0b-2bb3-4d31-9620-020640d6f257', '8902d50d-0421-4680-82f2-f2b1b667e3fd', '07e751a2-cca7-4bf3-b612-bff521edea03');
INSERT INTO option_choice (option_id, choice_id) VALUES ('cbdaf253-f6a6-406f-a288-e0397682e9f8', '22aa7b0b-2bb3-4d31-9620-020640d6f257');
INSERT INTO choice (id, questionnaire_id, interviewee_id) VALUES ('8b6ff3b0-c183-40f9-a591-6efffd402cdc', 'f680addd-a0b2-4101-9e1f-5e0870943c68', '07e751a2-cca7-4bf3-b612-bff521edea03');
INSERT INTO option_choice (option_id, choice_id) VALUES ('5e0b63d0-2a10-4ab5-a66a-a47615b50b03', '8b6ff3b0-c183-40f9-a591-6efffd402cdc');
INSERT INTO option_choice (option_id, choice_id) VALUES ('cfde0373-91b9-46f9-bc0d-a137a713d2d7', '8b6ff3b0-c183-40f9-a591-6efffd402cdc');
INSERT INTO interviewee (id, login, password, age, gender, country, marital_status) VALUES ('362ad33b-027a-40a9-8045-4572807e2a0e', 'interviewee578', 'qwerty', 33, 'female', 'DJ', 'was_not_married');
INSERT INTO choice (id, questionnaire_id, interviewee_id) VALUES ('4b3747d5-8f42-4218-a70a-ee0d6a18e0a0', '1a336595-020d-4026-a389-afd9a80cf707', '362ad33b-027a-40a9-8045-4572807e2a0e');
INSERT INTO option_choice (option_id, choice_id) VALUES ('22762ef8-944e-46b0-a7e0-4e990383e528', '4b3747d5-8f42-4218-a70a-ee0d6a18e0a0');
INSERT INTO choice (id, questionnaire_id, interviewee_id) VALUES ('da603870-4dbe-45e7-b629-a3e00e770128', 'afb83fe3-e755-403b-9a15-c18b3782c012', '362ad33b-027a-40a9-8045-4572807e2a0e');
INSERT INTO option_choice (option_id, choice_id) VALUES ('20880a56-05fa-464a-90ad-faf02a83fa77', 'da603870-4dbe-45e7-b629-a3e00e770128');
INSERT INTO interviewee (id, login, password, age, gender, country, marital_status) VALUES ('19f1aeee-ff6d-4f04-9906-9b81811cf6d5', 'interviewee579', 'qwerty', 17, 'male', 'CF', 'married');
INSERT INTO choice (id, questionnaire_id, interviewee_id) VALUES ('5788cc61-aa81-4cc5-aa63-2f8c489b61f9', 'd05638df-f11c-413d-8456-ee036bed2914', '19f1aeee-ff6d-4f04-9906-9b81811cf6d5');
INSERT INTO option_choice (option_id, choice_id) VALUES ('b0557de3-6b66-4e79-b1ac-c2b8f0a5096b', '5788cc61-aa81-4cc5-aa63-2f8c489b61f9');
INSERT INTO choice (id, questionnaire_id, interviewee_id) VALUES ('04fdb6fb-28b6-48e2-b7d9-66942d7ea1d5', 'af6f1431-a90e-4919-83a4-359d6a8a7d22', '19f1aeee-ff6d-4f04-9906-9b81811cf6d5');
INSERT INTO option_choice (option_id, choice_id) VALUES ('e6932ff8-921c-4ab7-b5c5-37e59ea816fd', '04fdb6fb-28b6-48e2-b7d9-66942d7ea1d5');
INSERT INTO option_choice (option_id, choice_id) VALUES ('a3c0df26-f677-4a76-9fc9-e8bcb2a586ec', '04fdb6fb-28b6-48e2-b7d9-66942d7ea1d5');
INSERT INTO option_choice (option_id, choice_id) VALUES ('b6cea016-cb83-4752-bbc0-0e2a71b294d6', '04fdb6fb-28b6-48e2-b7d9-66942d7ea1d5');
INSERT INTO option_choice (option_id, choice_id) VALUES ('d6e4609d-6705-4cc8-b83a-4786ea4f6ad6', '04fdb6fb-28b6-48e2-b7d9-66942d7ea1d5');
INSERT INTO option_choice (option_id, choice_id) VALUES ('14b9069e-cc19-448a-96f6-c333a9a53635', '04fdb6fb-28b6-48e2-b7d9-66942d7ea1d5');
INSERT INTO option_choice (option_id, choice_id) VALUES ('1d5c1c89-2fbe-4efd-aab1-12329e29ad0f', '04fdb6fb-28b6-48e2-b7d9-66942d7ea1d5');
INSERT INTO option_choice (option_id, choice_id) VALUES ('e41b3b09-f2a6-4206-bfde-743557a31646', '04fdb6fb-28b6-48e2-b7d9-66942d7ea1d5');
INSERT INTO choice (id, questionnaire_id, interviewee_id) VALUES ('c87a07c9-bfb0-4aa8-b226-bd97a6e090dd', '342b973f-a1d1-4062-a073-fb80b6195e1a', '19f1aeee-ff6d-4f04-9906-9b81811cf6d5');
INSERT INTO option_choice (option_id, choice_id) VALUES ('a95386af-e627-4a57-adc2-0009818da88b', 'c87a07c9-bfb0-4aa8-b226-bd97a6e090dd');
INSERT INTO option_choice (option_id, choice_id) VALUES ('47afaa62-a5ba-4be6-81b8-673fae59c987', 'c87a07c9-bfb0-4aa8-b226-bd97a6e090dd');
INSERT INTO option_choice (option_id, choice_id) VALUES ('d84282d4-6002-4289-bb10-cb7bfd2e906b', 'c87a07c9-bfb0-4aa8-b226-bd97a6e090dd');
INSERT INTO interviewee (id, login, password, age, gender, country, marital_status) VALUES ('7cace91a-d993-4b1a-bc16-0b5b64750633', 'interviewee580', 'qwerty', 23, 'female', 'NU', 'divorced');
INSERT INTO choice (id, questionnaire_id, interviewee_id) VALUES ('ce5beaab-ae3a-429c-b1f3-196fb767c54f', 'e679f6e5-388e-4679-9f14-15a0896d2816', '7cace91a-d993-4b1a-bc16-0b5b64750633');
INSERT INTO option_choice (option_id, choice_id) VALUES ('ae13d28d-5670-495b-a9e0-d0949dab86e3', 'ce5beaab-ae3a-429c-b1f3-196fb767c54f');
INSERT INTO option_choice (option_id, choice_id) VALUES ('7fc08a6e-900b-45ea-b455-29a8eb343039', 'ce5beaab-ae3a-429c-b1f3-196fb767c54f');
INSERT INTO choice (id, questionnaire_id, interviewee_id) VALUES ('c66301c6-6b61-46ed-9a39-543e2c7ba336', '1a336595-020d-4026-a389-afd9a80cf707', '7cace91a-d993-4b1a-bc16-0b5b64750633');
INSERT INTO option_choice (option_id, choice_id) VALUES ('17fa6a45-befd-4756-95f2-c6c400c916a8', 'c66301c6-6b61-46ed-9a39-543e2c7ba336');
INSERT INTO choice (id, questionnaire_id, interviewee_id) VALUES ('5344573e-df0f-4e46-8fda-57b4b60f5e46', '91a16ec4-1a91-44d1-bb08-6e9fc823c230', '7cace91a-d993-4b1a-bc16-0b5b64750633');
INSERT INTO option_choice (option_id, choice_id) VALUES ('5b32da45-be75-42c8-8fa7-ba776167a759', '5344573e-df0f-4e46-8fda-57b4b60f5e46');
INSERT INTO option_choice (option_id, choice_id) VALUES ('fbc23714-2c99-4441-8130-94075c78f6e8', '5344573e-df0f-4e46-8fda-57b4b60f5e46');
INSERT INTO option_choice (option_id, choice_id) VALUES ('cab8632d-19dd-4ddc-9c90-669949088fa5', '5344573e-df0f-4e46-8fda-57b4b60f5e46');
INSERT INTO interviewee (id, login, password, age, gender, country, marital_status) VALUES ('55b46dbe-924b-4ae1-8a88-ddb2b7e913f7', 'interviewee581', 'qwerty', 29, 'male', 'GD', 'divorced');
INSERT INTO choice (id, questionnaire_id, interviewee_id) VALUES ('16aac8b7-b54d-4272-a71e-3b9cd0d9977f', '342b973f-a1d1-4062-a073-fb80b6195e1a', '55b46dbe-924b-4ae1-8a88-ddb2b7e913f7');
INSERT INTO option_choice (option_id, choice_id) VALUES ('a95386af-e627-4a57-adc2-0009818da88b', '16aac8b7-b54d-4272-a71e-3b9cd0d9977f');
INSERT INTO option_choice (option_id, choice_id) VALUES ('47afaa62-a5ba-4be6-81b8-673fae59c987', '16aac8b7-b54d-4272-a71e-3b9cd0d9977f');
INSERT INTO choice (id, questionnaire_id, interviewee_id) VALUES ('9aa77f67-9519-4058-a0fa-794af752cf20', 'b5ae5620-2d58-48f5-a060-28e8fd1859dd', '55b46dbe-924b-4ae1-8a88-ddb2b7e913f7');
INSERT INTO option_choice (option_id, choice_id) VALUES ('a5e432ce-d2c6-4c6b-912f-dd0aa7f19d87', '9aa77f67-9519-4058-a0fa-794af752cf20');
INSERT INTO choice (id, questionnaire_id, interviewee_id) VALUES ('917ad5e7-a72c-43c0-a066-274a376cf815', '6a34c81d-d686-4ce4-8e2f-ec3d2ba47346', '55b46dbe-924b-4ae1-8a88-ddb2b7e913f7');
INSERT INTO option_choice (option_id, choice_id) VALUES ('553e0886-1a11-4d34-ad3c-c3ee745c28c8', '917ad5e7-a72c-43c0-a066-274a376cf815');
INSERT INTO interviewee (id, login, password, age, gender, country, marital_status) VALUES ('6596064f-4721-4957-bdf8-a25bcdc46b9f', 'interviewee582', 'qwerty', 65, 'male', 'BS', 'divorced');
INSERT INTO choice (id, questionnaire_id, interviewee_id) VALUES ('174eba07-6be7-4b84-9546-1a27ecc12132', 'b6588e29-37de-425f-834e-e867f77794ce', '6596064f-4721-4957-bdf8-a25bcdc46b9f');
INSERT INTO option_choice (option_id, choice_id) VALUES ('07e7a8bf-65e2-41d5-aeef-91bcbe765392', '174eba07-6be7-4b84-9546-1a27ecc12132');
INSERT INTO option_choice (option_id, choice_id) VALUES ('4bde418e-a165-43f7-ac7b-c6d2ab034e2e', '174eba07-6be7-4b84-9546-1a27ecc12132');
INSERT INTO option_choice (option_id, choice_id) VALUES ('460ff4a7-d376-4dc8-b5bb-9ab1989fbb31', '174eba07-6be7-4b84-9546-1a27ecc12132');
INSERT INTO option_choice (option_id, choice_id) VALUES ('7f0bbd14-8cfc-4a28-88f7-5af992a4c02b', '174eba07-6be7-4b84-9546-1a27ecc12132');
INSERT INTO option_choice (option_id, choice_id) VALUES ('40c301f5-13ed-4b94-85aa-e1c562adce4d', '174eba07-6be7-4b84-9546-1a27ecc12132');
INSERT INTO option_choice (option_id, choice_id) VALUES ('46bd1403-2ee0-4145-8014-8dd4fafcb8af', '174eba07-6be7-4b84-9546-1a27ecc12132');
INSERT INTO interviewee (id, login, password, age, gender, country, marital_status) VALUES ('2f9685e2-f25d-43af-b3a8-758a00fb3ca6', 'interviewee583', 'qwerty', 18, 'male', 'GQ', 'divorced');
INSERT INTO choice (id, questionnaire_id, interviewee_id) VALUES ('9efa04da-134a-4766-9b00-22b76c527c18', '83dbd16d-6765-468d-944f-022d10d042e5', '2f9685e2-f25d-43af-b3a8-758a00fb3ca6');
INSERT INTO option_choice (option_id, choice_id) VALUES ('d6416cf3-39f7-4cf9-ba84-314605b84d03', '9efa04da-134a-4766-9b00-22b76c527c18');
INSERT INTO choice (id, questionnaire_id, interviewee_id) VALUES ('a88714ef-9a4c-409b-bb26-c34d7c391796', '1a336595-020d-4026-a389-afd9a80cf707', '2f9685e2-f25d-43af-b3a8-758a00fb3ca6');
INSERT INTO option_choice (option_id, choice_id) VALUES ('22762ef8-944e-46b0-a7e0-4e990383e528', 'a88714ef-9a4c-409b-bb26-c34d7c391796');
INSERT INTO choice (id, questionnaire_id, interviewee_id) VALUES ('f39fbe01-82f8-4122-86f5-227a8f02803d', 'afb83fe3-e755-403b-9a15-c18b3782c012', '2f9685e2-f25d-43af-b3a8-758a00fb3ca6');
INSERT INTO option_choice (option_id, choice_id) VALUES ('20880a56-05fa-464a-90ad-faf02a83fa77', 'f39fbe01-82f8-4122-86f5-227a8f02803d');
INSERT INTO interviewee (id, login, password, age, gender, country, marital_status) VALUES ('21591425-0a52-41ca-8ff5-2364072afa7c', 'interviewee584', 'qwerty', 26, 'female', 'GS', 'married');
INSERT INTO choice (id, questionnaire_id, interviewee_id) VALUES ('0b7289ba-4ce7-4e73-9476-626d63f4e098', 'cb70c074-82ef-4114-aabc-e940a19b5bb0', '21591425-0a52-41ca-8ff5-2364072afa7c');
INSERT INTO option_choice (option_id, choice_id) VALUES ('c2db2843-0153-4422-8aa4-c4c9e640418d', '0b7289ba-4ce7-4e73-9476-626d63f4e098');
INSERT INTO option_choice (option_id, choice_id) VALUES ('4fbbc5c4-5cc1-4421-86a2-d7151c56a9df', '0b7289ba-4ce7-4e73-9476-626d63f4e098');
INSERT INTO option_choice (option_id, choice_id) VALUES ('b2aebe06-b155-47cd-a39d-b9c1beabb465', '0b7289ba-4ce7-4e73-9476-626d63f4e098');
INSERT INTO interviewee (id, login, password, age, gender, country, marital_status) VALUES ('4bfd587e-3c75-4538-94ac-3c2550e72e92', 'interviewee585', 'qwerty', 58, 'male', 'UZ', 'married');
INSERT INTO choice (id, questionnaire_id, interviewee_id) VALUES ('374d993d-ae14-410f-9093-a026b64c9d74', '6a34c81d-d686-4ce4-8e2f-ec3d2ba47346', '4bfd587e-3c75-4538-94ac-3c2550e72e92');
INSERT INTO option_choice (option_id, choice_id) VALUES ('7a83da6c-611b-4c33-a2e2-ddf398a170bc', '374d993d-ae14-410f-9093-a026b64c9d74');
INSERT INTO choice (id, questionnaire_id, interviewee_id) VALUES ('d486294c-1a20-4709-93b8-46c5b6938df8', '83dbd16d-6765-468d-944f-022d10d042e5', '4bfd587e-3c75-4538-94ac-3c2550e72e92');
INSERT INTO option_choice (option_id, choice_id) VALUES ('d6416cf3-39f7-4cf9-ba84-314605b84d03', 'd486294c-1a20-4709-93b8-46c5b6938df8');
INSERT INTO interviewee (id, login, password, age, gender, country, marital_status) VALUES ('ce193bac-eaf7-485f-aac9-19a2d6664439', 'interviewee586', 'qwerty', 24, 'male', 'CO', 'divorced');
INSERT INTO choice (id, questionnaire_id, interviewee_id) VALUES ('9a984551-7457-46ee-b4e6-eb24b69ed496', '342b973f-a1d1-4062-a073-fb80b6195e1a', 'ce193bac-eaf7-485f-aac9-19a2d6664439');
INSERT INTO option_choice (option_id, choice_id) VALUES ('d84282d4-6002-4289-bb10-cb7bfd2e906b', '9a984551-7457-46ee-b4e6-eb24b69ed496');
INSERT INTO option_choice (option_id, choice_id) VALUES ('47afaa62-a5ba-4be6-81b8-673fae59c987', '9a984551-7457-46ee-b4e6-eb24b69ed496');
INSERT INTO interviewee (id, login, password, age, gender, country, marital_status) VALUES ('26d11d3f-6388-471a-8811-fd52a38b0397', 'interviewee587', 'qwerty', 59, 'male', 'KG', 'was_not_married');
INSERT INTO choice (id, questionnaire_id, interviewee_id) VALUES ('5422d624-2bfc-4f65-913e-e0b89db73a1f', '8adfa259-7459-4497-b994-7101058c39c1', '26d11d3f-6388-471a-8811-fd52a38b0397');
INSERT INTO option_choice (option_id, choice_id) VALUES ('0c96072b-cf70-4fde-8afb-27bf8c3f7a8b', '5422d624-2bfc-4f65-913e-e0b89db73a1f');
INSERT INTO option_choice (option_id, choice_id) VALUES ('7d64ec60-4b16-49eb-a0c6-4af24c3b1767', '5422d624-2bfc-4f65-913e-e0b89db73a1f');
INSERT INTO option_choice (option_id, choice_id) VALUES ('3e047d89-087c-45bd-82d6-38c4acd5c609', '5422d624-2bfc-4f65-913e-e0b89db73a1f');
INSERT INTO option_choice (option_id, choice_id) VALUES ('9e45c288-be30-427f-be35-83a5171e2b4d', '5422d624-2bfc-4f65-913e-e0b89db73a1f');
INSERT INTO option_choice (option_id, choice_id) VALUES ('968d6b86-376e-4d23-9555-89ee1d638c1c', '5422d624-2bfc-4f65-913e-e0b89db73a1f');
INSERT INTO option_choice (option_id, choice_id) VALUES ('502fb96b-685d-47da-86bb-f40e1e8f57ef', '5422d624-2bfc-4f65-913e-e0b89db73a1f');
INSERT INTO choice (id, questionnaire_id, interviewee_id) VALUES ('dfd3e01f-8e30-43d1-898f-f30da2ab8e9d', '83dbd16d-6765-468d-944f-022d10d042e5', '26d11d3f-6388-471a-8811-fd52a38b0397');
INSERT INTO option_choice (option_id, choice_id) VALUES ('d6416cf3-39f7-4cf9-ba84-314605b84d03', 'dfd3e01f-8e30-43d1-898f-f30da2ab8e9d');
INSERT INTO option_choice (option_id, choice_id) VALUES ('eee0aab7-8b77-4c19-b028-648aa7e303ed', 'dfd3e01f-8e30-43d1-898f-f30da2ab8e9d');
INSERT INTO option_choice (option_id, choice_id) VALUES ('176e8036-bece-46c0-beb2-71eb28a41f51', 'dfd3e01f-8e30-43d1-898f-f30da2ab8e9d');
INSERT INTO interviewee (id, login, password, age, gender, country, marital_status) VALUES ('4791cf28-c63e-4824-b832-4d12bf7f4570', 'interviewee588', 'qwerty', 45, 'female', 'MX', 'married');
INSERT INTO choice (id, questionnaire_id, interviewee_id) VALUES ('1d929c73-4f83-4724-8a62-5970baee7c05', '1a336595-020d-4026-a389-afd9a80cf707', '4791cf28-c63e-4824-b832-4d12bf7f4570');
INSERT INTO option_choice (option_id, choice_id) VALUES ('22762ef8-944e-46b0-a7e0-4e990383e528', '1d929c73-4f83-4724-8a62-5970baee7c05');
INSERT INTO interviewee (id, login, password, age, gender, country, marital_status) VALUES ('a707ed86-2d89-4abb-888c-cc38e3f5124b', 'interviewee589', 'qwerty', 57, 'male', 'PS', 'married');
INSERT INTO choice (id, questionnaire_id, interviewee_id) VALUES ('a0235e71-c416-4a99-ab32-79bde809c325', '1a336595-020d-4026-a389-afd9a80cf707', 'a707ed86-2d89-4abb-888c-cc38e3f5124b');
INSERT INTO option_choice (option_id, choice_id) VALUES ('15439bd9-6ff1-4651-a545-60ef7679f375', 'a0235e71-c416-4a99-ab32-79bde809c325');
INSERT INTO interviewee (id, login, password, age, gender, country, marital_status) VALUES ('6ed3c907-18b7-46c2-8928-acfa997482a9', 'interviewee590', 'qwerty', 43, 'female', 'PW', 'married');
INSERT INTO choice (id, questionnaire_id, interviewee_id) VALUES ('f6b0d03c-4ae7-45fc-830c-b768b6722aee', '91a16ec4-1a91-44d1-bb08-6e9fc823c230', '6ed3c907-18b7-46c2-8928-acfa997482a9');
INSERT INTO option_choice (option_id, choice_id) VALUES ('cab8632d-19dd-4ddc-9c90-669949088fa5', 'f6b0d03c-4ae7-45fc-830c-b768b6722aee');
INSERT INTO choice (id, questionnaire_id, interviewee_id) VALUES ('61abc3c1-17a4-4251-8c54-facba3972107', 'a2f7d656-4675-4d99-9435-95cbe535c6c1', '6ed3c907-18b7-46c2-8928-acfa997482a9');
INSERT INTO option_choice (option_id, choice_id) VALUES ('930526a4-2714-4f39-831c-55b3185bd967', '61abc3c1-17a4-4251-8c54-facba3972107');
INSERT INTO option_choice (option_id, choice_id) VALUES ('2366bc8e-690e-4739-b5f2-cf491cd8107c', '61abc3c1-17a4-4251-8c54-facba3972107');
INSERT INTO option_choice (option_id, choice_id) VALUES ('394c3616-edd7-4820-aa09-f4425e4f774c', '61abc3c1-17a4-4251-8c54-facba3972107');
INSERT INTO option_choice (option_id, choice_id) VALUES ('ced72831-705a-4153-849e-71a73e5a7d3c', '61abc3c1-17a4-4251-8c54-facba3972107');
INSERT INTO option_choice (option_id, choice_id) VALUES ('110b73fb-e57f-409d-83dc-0d81bdd20a44', '61abc3c1-17a4-4251-8c54-facba3972107');
INSERT INTO option_choice (option_id, choice_id) VALUES ('d3d55bb1-ef9d-4b9a-b1b9-8e4375e7dbd0', '61abc3c1-17a4-4251-8c54-facba3972107');
INSERT INTO option_choice (option_id, choice_id) VALUES ('c6bb5cf5-3828-4747-8bb2-776e9deaeb04', '61abc3c1-17a4-4251-8c54-facba3972107');
INSERT INTO choice (id, questionnaire_id, interviewee_id) VALUES ('25a5a7f0-689c-4b28-8473-788fe96feee2', 'b5ae5620-2d58-48f5-a060-28e8fd1859dd', '6ed3c907-18b7-46c2-8928-acfa997482a9');
INSERT INTO option_choice (option_id, choice_id) VALUES ('68702e14-fb48-4755-b6ec-11c860048f90', '25a5a7f0-689c-4b28-8473-788fe96feee2');
INSERT INTO interviewee (id, login, password, age, gender, country, marital_status) VALUES ('fe032a1f-6718-45e9-92e0-a56d1e4647fc', 'interviewee591', 'qwerty', 70, 'male', 'PT', 'married');
INSERT INTO choice (id, questionnaire_id, interviewee_id) VALUES ('3ad4285d-e960-4387-a1b4-c6285a191c67', 'f680addd-a0b2-4101-9e1f-5e0870943c68', 'fe032a1f-6718-45e9-92e0-a56d1e4647fc');
INSERT INTO option_choice (option_id, choice_id) VALUES ('521ef3a0-411b-4392-8393-62ed9a638949', '3ad4285d-e960-4387-a1b4-c6285a191c67');
INSERT INTO option_choice (option_id, choice_id) VALUES ('cfde0373-91b9-46f9-bc0d-a137a713d2d7', '3ad4285d-e960-4387-a1b4-c6285a191c67');
INSERT INTO option_choice (option_id, choice_id) VALUES ('5e0b63d0-2a10-4ab5-a66a-a47615b50b03', '3ad4285d-e960-4387-a1b4-c6285a191c67');
INSERT INTO choice (id, questionnaire_id, interviewee_id) VALUES ('20e6d3d0-85c1-40ce-b918-72231df465fb', '309e872a-e145-4926-998b-ec0fdb62466a', 'fe032a1f-6718-45e9-92e0-a56d1e4647fc');
INSERT INTO option_choice (option_id, choice_id) VALUES ('8ccfc598-c3a0-4ad2-a052-f4e6e3edc252', '20e6d3d0-85c1-40ce-b918-72231df465fb');
INSERT INTO option_choice (option_id, choice_id) VALUES ('1dcd1e79-636e-4d6c-b9b4-dcf0da4fdaaa', '20e6d3d0-85c1-40ce-b918-72231df465fb');
INSERT INTO choice (id, questionnaire_id, interviewee_id) VALUES ('5790b8a4-0a0c-4627-b5e3-4645f522c9f6', 'e679f6e5-388e-4679-9f14-15a0896d2816', 'fe032a1f-6718-45e9-92e0-a56d1e4647fc');
INSERT INTO option_choice (option_id, choice_id) VALUES ('5169914a-cf41-4077-8993-1322df09c3da', '5790b8a4-0a0c-4627-b5e3-4645f522c9f6');
INSERT INTO option_choice (option_id, choice_id) VALUES ('f62b7b4d-17f1-4686-9782-f0b454d6f390', '5790b8a4-0a0c-4627-b5e3-4645f522c9f6');
INSERT INTO option_choice (option_id, choice_id) VALUES ('7fc08a6e-900b-45ea-b455-29a8eb343039', '5790b8a4-0a0c-4627-b5e3-4645f522c9f6');
INSERT INTO option_choice (option_id, choice_id) VALUES ('ae13d28d-5670-495b-a9e0-d0949dab86e3', '5790b8a4-0a0c-4627-b5e3-4645f522c9f6');
INSERT INTO interviewee (id, login, password, age, gender, country, marital_status) VALUES ('08aa6a68-ffb0-4069-9214-a2b36a96a2a2', 'interviewee592', 'qwerty', 49, 'female', 'PT', 'married');
INSERT INTO choice (id, questionnaire_id, interviewee_id) VALUES ('a73b10ed-bf6d-4bd6-8887-3ca1339597c3', 'b6588e29-37de-425f-834e-e867f77794ce', '08aa6a68-ffb0-4069-9214-a2b36a96a2a2');
INSERT INTO option_choice (option_id, choice_id) VALUES ('460ff4a7-d376-4dc8-b5bb-9ab1989fbb31', 'a73b10ed-bf6d-4bd6-8887-3ca1339597c3');
INSERT INTO choice (id, questionnaire_id, interviewee_id) VALUES ('50226918-52c7-4bea-9aa6-0245c8b12cb8', 'af6f1431-a90e-4919-83a4-359d6a8a7d22', '08aa6a68-ffb0-4069-9214-a2b36a96a2a2');
INSERT INTO option_choice (option_id, choice_id) VALUES ('a3c0df26-f677-4a76-9fc9-e8bcb2a586ec', '50226918-52c7-4bea-9aa6-0245c8b12cb8');
INSERT INTO option_choice (option_id, choice_id) VALUES ('14b9069e-cc19-448a-96f6-c333a9a53635', '50226918-52c7-4bea-9aa6-0245c8b12cb8');
INSERT INTO option_choice (option_id, choice_id) VALUES ('b6cea016-cb83-4752-bbc0-0e2a71b294d6', '50226918-52c7-4bea-9aa6-0245c8b12cb8');
INSERT INTO option_choice (option_id, choice_id) VALUES ('d6e4609d-6705-4cc8-b83a-4786ea4f6ad6', '50226918-52c7-4bea-9aa6-0245c8b12cb8');
INSERT INTO interviewee (id, login, password, age, gender, country, marital_status) VALUES ('ab1e8d28-e47b-43a0-a599-e4fc5d8069ac', 'interviewee593', 'qwerty', 44, 'male', 'CK', 'married');
INSERT INTO choice (id, questionnaire_id, interviewee_id) VALUES ('18041514-5948-4a11-8373-850175f4905a', 'cb70c074-82ef-4114-aabc-e940a19b5bb0', 'ab1e8d28-e47b-43a0-a599-e4fc5d8069ac');
INSERT INTO option_choice (option_id, choice_id) VALUES ('b2aebe06-b155-47cd-a39d-b9c1beabb465', '18041514-5948-4a11-8373-850175f4905a');
INSERT INTO option_choice (option_id, choice_id) VALUES ('a6011a1c-260b-45fb-ad13-b09674b0b968', '18041514-5948-4a11-8373-850175f4905a');
INSERT INTO option_choice (option_id, choice_id) VALUES ('c2db2843-0153-4422-8aa4-c4c9e640418d', '18041514-5948-4a11-8373-850175f4905a');
INSERT INTO option_choice (option_id, choice_id) VALUES ('4fbbc5c4-5cc1-4421-86a2-d7151c56a9df', '18041514-5948-4a11-8373-850175f4905a');
INSERT INTO option_choice (option_id, choice_id) VALUES ('4f47a30f-5169-4bf3-a6a9-f9777225a72d', '18041514-5948-4a11-8373-850175f4905a');
INSERT INTO choice (id, questionnaire_id, interviewee_id) VALUES ('d51c91bd-1f4f-4080-9389-8f2e34615563', 'e2cf177f-e49f-4aef-99a6-095d711c6ec2', 'ab1e8d28-e47b-43a0-a599-e4fc5d8069ac');
INSERT INTO option_choice (option_id, choice_id) VALUES ('1b5e4a41-da4c-4845-8698-5ed9deee3ca2', 'd51c91bd-1f4f-4080-9389-8f2e34615563');
INSERT INTO interviewee (id, login, password, age, gender, country, marital_status) VALUES ('4e117eb8-a5c6-461d-a651-5e11ddb9ad26', 'interviewee594', 'qwerty', 33, 'female', 'FO', 'divorced');
INSERT INTO choice (id, questionnaire_id, interviewee_id) VALUES ('2586ac18-1c3a-4549-8130-64ec3b6df5df', 'afb83fe3-e755-403b-9a15-c18b3782c012', '4e117eb8-a5c6-461d-a651-5e11ddb9ad26');
INSERT INTO option_choice (option_id, choice_id) VALUES ('db1f1f55-651e-4dd8-b4c1-deb2f26216b2', '2586ac18-1c3a-4549-8130-64ec3b6df5df');
INSERT INTO choice (id, questionnaire_id, interviewee_id) VALUES ('df15c198-6fd7-4bb9-943f-0747b6238f5a', 'af6f1431-a90e-4919-83a4-359d6a8a7d22', '4e117eb8-a5c6-461d-a651-5e11ddb9ad26');
INSERT INTO option_choice (option_id, choice_id) VALUES ('e6932ff8-921c-4ab7-b5c5-37e59ea816fd', 'df15c198-6fd7-4bb9-943f-0747b6238f5a');
INSERT INTO option_choice (option_id, choice_id) VALUES ('1d5c1c89-2fbe-4efd-aab1-12329e29ad0f', 'df15c198-6fd7-4bb9-943f-0747b6238f5a');
INSERT INTO choice (id, questionnaire_id, interviewee_id) VALUES ('909396db-faa8-4c12-beeb-3b8b78cf4fcb', '342b973f-a1d1-4062-a073-fb80b6195e1a', '4e117eb8-a5c6-461d-a651-5e11ddb9ad26');
INSERT INTO option_choice (option_id, choice_id) VALUES ('a95386af-e627-4a57-adc2-0009818da88b', '909396db-faa8-4c12-beeb-3b8b78cf4fcb');
INSERT INTO interviewee (id, login, password, age, gender, country, marital_status) VALUES ('860023ec-a6ee-4d24-a607-852b77ec3c02', 'interviewee595', 'qwerty', 37, 'female', 'NZ', 'divorced');
INSERT INTO choice (id, questionnaire_id, interviewee_id) VALUES ('151dcbaf-3d6b-472d-ad42-dc1bd1618ac2', 'e679f6e5-388e-4679-9f14-15a0896d2816', '860023ec-a6ee-4d24-a607-852b77ec3c02');
INSERT INTO option_choice (option_id, choice_id) VALUES ('ae13d28d-5670-495b-a9e0-d0949dab86e3', '151dcbaf-3d6b-472d-ad42-dc1bd1618ac2');
INSERT INTO choice (id, questionnaire_id, interviewee_id) VALUES ('63354fdc-4c49-4953-aca5-937cd878c365', '342b973f-a1d1-4062-a073-fb80b6195e1a', '860023ec-a6ee-4d24-a607-852b77ec3c02');
INSERT INTO option_choice (option_id, choice_id) VALUES ('a95386af-e627-4a57-adc2-0009818da88b', '63354fdc-4c49-4953-aca5-937cd878c365');
INSERT INTO option_choice (option_id, choice_id) VALUES ('d84282d4-6002-4289-bb10-cb7bfd2e906b', '63354fdc-4c49-4953-aca5-937cd878c365');
INSERT INTO choice (id, questionnaire_id, interviewee_id) VALUES ('597e7af3-10e7-4f47-b0bb-8c63afc1d232', '8902d50d-0421-4680-82f2-f2b1b667e3fd', '860023ec-a6ee-4d24-a607-852b77ec3c02');
INSERT INTO option_choice (option_id, choice_id) VALUES ('b9a164f5-2a94-487b-874f-f3bdc79ee4e3', '597e7af3-10e7-4f47-b0bb-8c63afc1d232');
INSERT INTO interviewee (id, login, password, age, gender, country, marital_status) VALUES ('912f00fd-cace-4170-a3ef-82ce7665b571', 'interviewee596', 'qwerty', 52, 'male', 'CD', 'was_not_married');
INSERT INTO choice (id, questionnaire_id, interviewee_id) VALUES ('cbf16a22-78d8-4fd5-8caf-650aef0c1d9c', '6a34c81d-d686-4ce4-8e2f-ec3d2ba47346', '912f00fd-cace-4170-a3ef-82ce7665b571');
INSERT INTO option_choice (option_id, choice_id) VALUES ('7a83da6c-611b-4c33-a2e2-ddf398a170bc', 'cbf16a22-78d8-4fd5-8caf-650aef0c1d9c');
INSERT INTO interviewee (id, login, password, age, gender, country, marital_status) VALUES ('568feca4-6de9-48f8-8a61-ed2b000515f9', 'interviewee597', 'qwerty', 21, 'female', 'SX', 'was_not_married');
INSERT INTO choice (id, questionnaire_id, interviewee_id) VALUES ('559c36cd-21b6-42d4-89ea-80ee54387ca9', '6a34c81d-d686-4ce4-8e2f-ec3d2ba47346', '568feca4-6de9-48f8-8a61-ed2b000515f9');
INSERT INTO option_choice (option_id, choice_id) VALUES ('f7043315-74b1-4456-92cc-0c7dc1e0dd21', '559c36cd-21b6-42d4-89ea-80ee54387ca9');
INSERT INTO choice (id, questionnaire_id, interviewee_id) VALUES ('303e3ccc-a01f-407c-a51c-5a7091e44354', '83dbd16d-6765-468d-944f-022d10d042e5', '568feca4-6de9-48f8-8a61-ed2b000515f9');
INSERT INTO option_choice (option_id, choice_id) VALUES ('d8a63395-3425-4d1b-95be-b38dc31cb0af', '303e3ccc-a01f-407c-a51c-5a7091e44354');
INSERT INTO interviewee (id, login, password, age, gender, country, marital_status) VALUES ('76e8578c-c5a9-4ba3-b0bb-84f195471748', 'interviewee598', 'qwerty', 59, 'female', 'RU', 'married');
INSERT INTO choice (id, questionnaire_id, interviewee_id) VALUES ('b7c63334-a941-4c49-b4dd-c8788e032fd6', 'e679f6e5-388e-4679-9f14-15a0896d2816', '76e8578c-c5a9-4ba3-b0bb-84f195471748');
INSERT INTO option_choice (option_id, choice_id) VALUES ('5169914a-cf41-4077-8993-1322df09c3da', 'b7c63334-a941-4c49-b4dd-c8788e032fd6');
INSERT INTO choice (id, questionnaire_id, interviewee_id) VALUES ('37283c11-f688-42a1-a375-8fcdb9c82b8d', '8adfa259-7459-4497-b994-7101058c39c1', '76e8578c-c5a9-4ba3-b0bb-84f195471748');
INSERT INTO option_choice (option_id, choice_id) VALUES ('9e45c288-be30-427f-be35-83a5171e2b4d', '37283c11-f688-42a1-a375-8fcdb9c82b8d');
INSERT INTO option_choice (option_id, choice_id) VALUES ('968d6b86-376e-4d23-9555-89ee1d638c1c', '37283c11-f688-42a1-a375-8fcdb9c82b8d');
INSERT INTO option_choice (option_id, choice_id) VALUES ('3e047d89-087c-45bd-82d6-38c4acd5c609', '37283c11-f688-42a1-a375-8fcdb9c82b8d');
INSERT INTO option_choice (option_id, choice_id) VALUES ('502fb96b-685d-47da-86bb-f40e1e8f57ef', '37283c11-f688-42a1-a375-8fcdb9c82b8d');
INSERT INTO option_choice (option_id, choice_id) VALUES ('7d64ec60-4b16-49eb-a0c6-4af24c3b1767', '37283c11-f688-42a1-a375-8fcdb9c82b8d');
INSERT INTO interviewee (id, login, password, age, gender, country, marital_status) VALUES ('e8b5bb77-8a01-4da8-bb33-9b00e6f4bb4c', 'interviewee599', 'qwerty', 44, 'female', 'AL', 'was_not_married');
INSERT INTO choice (id, questionnaire_id, interviewee_id) VALUES ('5c02ff3a-0a5e-40d4-9dd3-f31dc84e6a3a', 'afb83fe3-e755-403b-9a15-c18b3782c012', 'e8b5bb77-8a01-4da8-bb33-9b00e6f4bb4c');
INSERT INTO option_choice (option_id, choice_id) VALUES ('db1f1f55-651e-4dd8-b4c1-deb2f26216b2', '5c02ff3a-0a5e-40d4-9dd3-f31dc84e6a3a');
INSERT INTO choice (id, questionnaire_id, interviewee_id) VALUES ('608be0cc-272e-4af9-914b-a3b22b278264', '557cb630-d2f4-4e11-afe9-d50534deb525', 'e8b5bb77-8a01-4da8-bb33-9b00e6f4bb4c');
INSERT INTO option_choice (option_id, choice_id) VALUES ('00c926c5-0a12-4a44-9ada-24439d217263', '608be0cc-272e-4af9-914b-a3b22b278264');
INSERT INTO interviewee (id, login, password, age, gender, country, marital_status) VALUES ('9cef66d2-0ae5-45ac-b781-3ac472d67f3e', 'interviewee600', 'qwerty', 37, 'male', 'WS', 'was_not_married');
INSERT INTO choice (id, questionnaire_id, interviewee_id) VALUES ('e79e8e50-7149-44c7-88c5-e241747f5097', 'b6588e29-37de-425f-834e-e867f77794ce', '9cef66d2-0ae5-45ac-b781-3ac472d67f3e');
INSERT INTO option_choice (option_id, choice_id) VALUES ('460ff4a7-d376-4dc8-b5bb-9ab1989fbb31', 'e79e8e50-7149-44c7-88c5-e241747f5097');
INSERT INTO option_choice (option_id, choice_id) VALUES ('4bde418e-a165-43f7-ac7b-c6d2ab034e2e', 'e79e8e50-7149-44c7-88c5-e241747f5097');
INSERT INTO choice (id, questionnaire_id, interviewee_id) VALUES ('42f95174-e8d1-4e1b-9081-bb613dff032f', 'a7e484ae-fb91-4ddf-a8c0-869a7f4ad0ee', '9cef66d2-0ae5-45ac-b781-3ac472d67f3e');
INSERT INTO option_choice (option_id, choice_id) VALUES ('4331f8de-01b0-4500-b3ce-a712074f2e20', '42f95174-e8d1-4e1b-9081-bb613dff032f');
INSERT INTO interviewee (id, login, password, age, gender, country, marital_status) VALUES ('dc2d8a6f-9c04-40f9-b108-6d65f3f8c6f3', 'interviewee601', 'qwerty', 69, 'female', 'LV', 'divorced');
INSERT INTO choice (id, questionnaire_id, interviewee_id) VALUES ('4d900f69-190f-4b68-8fc2-88ac6ca7ea7c', 'a345b682-c7ac-49ac-9f14-4f5173a872d8', 'dc2d8a6f-9c04-40f9-b108-6d65f3f8c6f3');
INSERT INTO option_choice (option_id, choice_id) VALUES ('faa6ab11-59ef-4e3b-aa30-88fe576f7451', '4d900f69-190f-4b68-8fc2-88ac6ca7ea7c');
INSERT INTO choice (id, questionnaire_id, interviewee_id) VALUES ('5e8bb702-87ca-4086-8464-df18dad3551e', '83dbd16d-6765-468d-944f-022d10d042e5', 'dc2d8a6f-9c04-40f9-b108-6d65f3f8c6f3');
INSERT INTO option_choice (option_id, choice_id) VALUES ('d8a63395-3425-4d1b-95be-b38dc31cb0af', '5e8bb702-87ca-4086-8464-df18dad3551e');
INSERT INTO option_choice (option_id, choice_id) VALUES ('eee0aab7-8b77-4c19-b028-648aa7e303ed', '5e8bb702-87ca-4086-8464-df18dad3551e');
INSERT INTO option_choice (option_id, choice_id) VALUES ('d6416cf3-39f7-4cf9-ba84-314605b84d03', '5e8bb702-87ca-4086-8464-df18dad3551e');
INSERT INTO option_choice (option_id, choice_id) VALUES ('176e8036-bece-46c0-beb2-71eb28a41f51', '5e8bb702-87ca-4086-8464-df18dad3551e');
INSERT INTO choice (id, questionnaire_id, interviewee_id) VALUES ('f8396e28-6a0d-4f14-8f7b-24bb119eac0f', 'b5ae5620-2d58-48f5-a060-28e8fd1859dd', 'dc2d8a6f-9c04-40f9-b108-6d65f3f8c6f3');
INSERT INTO option_choice (option_id, choice_id) VALUES ('68702e14-fb48-4755-b6ec-11c860048f90', 'f8396e28-6a0d-4f14-8f7b-24bb119eac0f');
INSERT INTO interviewee (id, login, password, age, gender, country, marital_status) VALUES ('91d9cf70-6bd6-46c0-b3ab-ad012a38d01b', 'interviewee602', 'qwerty', 17, 'male', 'CG', 'divorced');
INSERT INTO choice (id, questionnaire_id, interviewee_id) VALUES ('309226cc-9669-4684-9a79-ff9930c18c9e', 'bf8da1bc-7284-44d0-a7c0-4e0321978aa0', '91d9cf70-6bd6-46c0-b3ab-ad012a38d01b');
INSERT INTO option_choice (option_id, choice_id) VALUES ('9bdf6935-cda0-4d8b-82bb-51be50aece89', '309226cc-9669-4684-9a79-ff9930c18c9e');
INSERT INTO choice (id, questionnaire_id, interviewee_id) VALUES ('8ba09e91-732d-400b-b23a-cc95f490b246', '8adfa259-7459-4497-b994-7101058c39c1', '91d9cf70-6bd6-46c0-b3ab-ad012a38d01b');
INSERT INTO option_choice (option_id, choice_id) VALUES ('502fb96b-685d-47da-86bb-f40e1e8f57ef', '8ba09e91-732d-400b-b23a-cc95f490b246');
INSERT INTO option_choice (option_id, choice_id) VALUES ('3e047d89-087c-45bd-82d6-38c4acd5c609', '8ba09e91-732d-400b-b23a-cc95f490b246');
INSERT INTO option_choice (option_id, choice_id) VALUES ('0c96072b-cf70-4fde-8afb-27bf8c3f7a8b', '8ba09e91-732d-400b-b23a-cc95f490b246');
INSERT INTO interviewee (id, login, password, age, gender, country, marital_status) VALUES ('fc954cb2-7e87-4302-80c4-934f4274443f', 'interviewee603', 'qwerty', 34, 'female', 'AF', 'divorced');
INSERT INTO choice (id, questionnaire_id, interviewee_id) VALUES ('1c9a77f5-8182-458a-8057-ffcbdce8ee09', '56c296cd-7c3b-4eb1-90cb-745e555a098c', 'fc954cb2-7e87-4302-80c4-934f4274443f');
INSERT INTO option_choice (option_id, choice_id) VALUES ('00605853-328c-4a30-9227-5513208ca17e', '1c9a77f5-8182-458a-8057-ffcbdce8ee09');
INSERT INTO option_choice (option_id, choice_id) VALUES ('75d9d333-93f8-42f6-be3b-9a5a24aa476c', '1c9a77f5-8182-458a-8057-ffcbdce8ee09');
INSERT INTO option_choice (option_id, choice_id) VALUES ('d583c2c9-6998-483b-a5e4-67068e974d6f', '1c9a77f5-8182-458a-8057-ffcbdce8ee09');
INSERT INTO option_choice (option_id, choice_id) VALUES ('e2f977a1-4767-4f5b-b056-27e45348cf1a', '1c9a77f5-8182-458a-8057-ffcbdce8ee09');
INSERT INTO option_choice (option_id, choice_id) VALUES ('0e27133d-354c-4e2d-af9f-e74397954328', '1c9a77f5-8182-458a-8057-ffcbdce8ee09');
INSERT INTO choice (id, questionnaire_id, interviewee_id) VALUES ('732b11e0-13e5-4281-844b-8127e5f2a8e8', 'e2cf177f-e49f-4aef-99a6-095d711c6ec2', 'fc954cb2-7e87-4302-80c4-934f4274443f');
INSERT INTO option_choice (option_id, choice_id) VALUES ('1b5e4a41-da4c-4845-8698-5ed9deee3ca2', '732b11e0-13e5-4281-844b-8127e5f2a8e8');
INSERT INTO choice (id, questionnaire_id, interviewee_id) VALUES ('eda22b0f-205c-4bc4-924a-5bfb62017e63', '8902d50d-0421-4680-82f2-f2b1b667e3fd', 'fc954cb2-7e87-4302-80c4-934f4274443f');
INSERT INTO option_choice (option_id, choice_id) VALUES ('b9a164f5-2a94-487b-874f-f3bdc79ee4e3', 'eda22b0f-205c-4bc4-924a-5bfb62017e63');
INSERT INTO interviewee (id, login, password, age, gender, country, marital_status) VALUES ('d907d1c8-41dd-465a-b8cf-1e422771ad85', 'interviewee604', 'qwerty', 54, 'female', 'OM', 'divorced');
INSERT INTO choice (id, questionnaire_id, interviewee_id) VALUES ('ecfb68ad-3b2f-4ed3-81cb-59c31c1ee8b6', '21abb345-1235-4f5e-8b5b-2f6f89f30fee', 'd907d1c8-41dd-465a-b8cf-1e422771ad85');
INSERT INTO option_choice (option_id, choice_id) VALUES ('bf5bc6ce-b791-45ed-9dbe-fe939c3ccd4b', 'ecfb68ad-3b2f-4ed3-81cb-59c31c1ee8b6');
INSERT INTO choice (id, questionnaire_id, interviewee_id) VALUES ('b263c82c-c949-44ce-816a-fbb6bdf36f3f', 'cb70c074-82ef-4114-aabc-e940a19b5bb0', 'd907d1c8-41dd-465a-b8cf-1e422771ad85');
INSERT INTO option_choice (option_id, choice_id) VALUES ('4fbbc5c4-5cc1-4421-86a2-d7151c56a9df', 'b263c82c-c949-44ce-816a-fbb6bdf36f3f');
INSERT INTO option_choice (option_id, choice_id) VALUES ('b2aebe06-b155-47cd-a39d-b9c1beabb465', 'b263c82c-c949-44ce-816a-fbb6bdf36f3f');
INSERT INTO option_choice (option_id, choice_id) VALUES ('4f47a30f-5169-4bf3-a6a9-f9777225a72d', 'b263c82c-c949-44ce-816a-fbb6bdf36f3f');
INSERT INTO option_choice (option_id, choice_id) VALUES ('c2db2843-0153-4422-8aa4-c4c9e640418d', 'b263c82c-c949-44ce-816a-fbb6bdf36f3f');
INSERT INTO option_choice (option_id, choice_id) VALUES ('a6011a1c-260b-45fb-ad13-b09674b0b968', 'b263c82c-c949-44ce-816a-fbb6bdf36f3f');
INSERT INTO choice (id, questionnaire_id, interviewee_id) VALUES ('19147e18-8a7a-4dea-8fe4-efe47fe43e21', '91a16ec4-1a91-44d1-bb08-6e9fc823c230', 'd907d1c8-41dd-465a-b8cf-1e422771ad85');
INSERT INTO option_choice (option_id, choice_id) VALUES ('690b73cc-52e3-435d-a3bd-78733e5fdeaf', '19147e18-8a7a-4dea-8fe4-efe47fe43e21');
INSERT INTO option_choice (option_id, choice_id) VALUES ('5b32da45-be75-42c8-8fa7-ba776167a759', '19147e18-8a7a-4dea-8fe4-efe47fe43e21');
INSERT INTO option_choice (option_id, choice_id) VALUES ('cab8632d-19dd-4ddc-9c90-669949088fa5', '19147e18-8a7a-4dea-8fe4-efe47fe43e21');
INSERT INTO option_choice (option_id, choice_id) VALUES ('fbc23714-2c99-4441-8130-94075c78f6e8', '19147e18-8a7a-4dea-8fe4-efe47fe43e21');
INSERT INTO interviewee (id, login, password, age, gender, country, marital_status) VALUES ('15d2ba77-032a-40e1-b817-23f2fb1d6a8c', 'interviewee605', 'qwerty', 21, 'male', 'JE', 'married');
INSERT INTO choice (id, questionnaire_id, interviewee_id) VALUES ('6dde5dfe-5028-431e-9838-ea93a11b417d', 'e679f6e5-388e-4679-9f14-15a0896d2816', '15d2ba77-032a-40e1-b817-23f2fb1d6a8c');
INSERT INTO option_choice (option_id, choice_id) VALUES ('f62b7b4d-17f1-4686-9782-f0b454d6f390', '6dde5dfe-5028-431e-9838-ea93a11b417d');
INSERT INTO option_choice (option_id, choice_id) VALUES ('5169914a-cf41-4077-8993-1322df09c3da', '6dde5dfe-5028-431e-9838-ea93a11b417d');
INSERT INTO option_choice (option_id, choice_id) VALUES ('01fc26e1-e8f8-407f-a1b8-6af243e9c3dd', '6dde5dfe-5028-431e-9838-ea93a11b417d');
INSERT INTO option_choice (option_id, choice_id) VALUES ('3ee9dd0f-6306-4f8b-bdec-27347884621a', '6dde5dfe-5028-431e-9838-ea93a11b417d');
INSERT INTO choice (id, questionnaire_id, interviewee_id) VALUES ('c10d1dd1-38cb-4f74-bd9b-4327615aa9b0', 'a2f7d656-4675-4d99-9435-95cbe535c6c1', '15d2ba77-032a-40e1-b817-23f2fb1d6a8c');
INSERT INTO option_choice (option_id, choice_id) VALUES ('930526a4-2714-4f39-831c-55b3185bd967', 'c10d1dd1-38cb-4f74-bd9b-4327615aa9b0');
INSERT INTO option_choice (option_id, choice_id) VALUES ('394c3616-edd7-4820-aa09-f4425e4f774c', 'c10d1dd1-38cb-4f74-bd9b-4327615aa9b0');
INSERT INTO option_choice (option_id, choice_id) VALUES ('ced72831-705a-4153-849e-71a73e5a7d3c', 'c10d1dd1-38cb-4f74-bd9b-4327615aa9b0');
INSERT INTO option_choice (option_id, choice_id) VALUES ('2366bc8e-690e-4739-b5f2-cf491cd8107c', 'c10d1dd1-38cb-4f74-bd9b-4327615aa9b0');
INSERT INTO option_choice (option_id, choice_id) VALUES ('c6bb5cf5-3828-4747-8bb2-776e9deaeb04', 'c10d1dd1-38cb-4f74-bd9b-4327615aa9b0');
INSERT INTO option_choice (option_id, choice_id) VALUES ('110b73fb-e57f-409d-83dc-0d81bdd20a44', 'c10d1dd1-38cb-4f74-bd9b-4327615aa9b0');
INSERT INTO option_choice (option_id, choice_id) VALUES ('d3d55bb1-ef9d-4b9a-b1b9-8e4375e7dbd0', 'c10d1dd1-38cb-4f74-bd9b-4327615aa9b0');
INSERT INTO choice (id, questionnaire_id, interviewee_id) VALUES ('83d02a79-ff89-4076-a56d-1864c5678faa', 'a7e484ae-fb91-4ddf-a8c0-869a7f4ad0ee', '15d2ba77-032a-40e1-b817-23f2fb1d6a8c');
INSERT INTO option_choice (option_id, choice_id) VALUES ('4331f8de-01b0-4500-b3ce-a712074f2e20', '83d02a79-ff89-4076-a56d-1864c5678faa');
INSERT INTO interviewee (id, login, password, age, gender, country, marital_status) VALUES ('f9698710-0158-4f6a-b5e5-b7b5df767384', 'interviewee606', 'qwerty', 17, 'male', 'OM', 'divorced');
INSERT INTO choice (id, questionnaire_id, interviewee_id) VALUES ('70f2cca1-eaee-4f42-8e3d-bc0178d4ab11', '83dbd16d-6765-468d-944f-022d10d042e5', 'f9698710-0158-4f6a-b5e5-b7b5df767384');
INSERT INTO option_choice (option_id, choice_id) VALUES ('d8a63395-3425-4d1b-95be-b38dc31cb0af', '70f2cca1-eaee-4f42-8e3d-bc0178d4ab11');
INSERT INTO option_choice (option_id, choice_id) VALUES ('eee0aab7-8b77-4c19-b028-648aa7e303ed', '70f2cca1-eaee-4f42-8e3d-bc0178d4ab11');
INSERT INTO choice (id, questionnaire_id, interviewee_id) VALUES ('b8ee41b4-1fe5-4657-be91-d8332edd1db3', 'bf8da1bc-7284-44d0-a7c0-4e0321978aa0', 'f9698710-0158-4f6a-b5e5-b7b5df767384');
INSERT INTO option_choice (option_id, choice_id) VALUES ('9bdf6935-cda0-4d8b-82bb-51be50aece89', 'b8ee41b4-1fe5-4657-be91-d8332edd1db3');
INSERT INTO interviewee (id, login, password, age, gender, country, marital_status) VALUES ('19f023ed-b5de-46e9-aaa1-1a7486cc36cc', 'interviewee607', 'qwerty', 47, 'male', 'IS', 'married');
INSERT INTO choice (id, questionnaire_id, interviewee_id) VALUES ('db39bff8-7c24-4cc1-91b3-9e0ff45f9abe', '21abb345-1235-4f5e-8b5b-2f6f89f30fee', '19f023ed-b5de-46e9-aaa1-1a7486cc36cc');
INSERT INTO option_choice (option_id, choice_id) VALUES ('fa871bfe-a04e-4297-af08-80cc94ccf337', 'db39bff8-7c24-4cc1-91b3-9e0ff45f9abe');
INSERT INTO choice (id, questionnaire_id, interviewee_id) VALUES ('ba3c4e08-3036-4a7f-95e6-4882220e5c68', '8adfa259-7459-4497-b994-7101058c39c1', '19f023ed-b5de-46e9-aaa1-1a7486cc36cc');
INSERT INTO option_choice (option_id, choice_id) VALUES ('502fb96b-685d-47da-86bb-f40e1e8f57ef', 'ba3c4e08-3036-4a7f-95e6-4882220e5c68');
INSERT INTO interviewee (id, login, password, age, gender, country, marital_status) VALUES ('4e6a0007-b30d-45cd-8f87-3bf703dc5ada', 'interviewee608', 'qwerty', 67, 'male', 'PK', 'was_not_married');
INSERT INTO choice (id, questionnaire_id, interviewee_id) VALUES ('de299689-6443-47cf-9fed-ad333216ee19', 'e2cf177f-e49f-4aef-99a6-095d711c6ec2', '4e6a0007-b30d-45cd-8f87-3bf703dc5ada');
INSERT INTO option_choice (option_id, choice_id) VALUES ('1b5e4a41-da4c-4845-8698-5ed9deee3ca2', 'de299689-6443-47cf-9fed-ad333216ee19');
INSERT INTO choice (id, questionnaire_id, interviewee_id) VALUES ('66b59585-8f57-4254-8904-8fc4ca665036', 'afb83fe3-e755-403b-9a15-c18b3782c012', '4e6a0007-b30d-45cd-8f87-3bf703dc5ada');
INSERT INTO option_choice (option_id, choice_id) VALUES ('20880a56-05fa-464a-90ad-faf02a83fa77', '66b59585-8f57-4254-8904-8fc4ca665036');
INSERT INTO choice (id, questionnaire_id, interviewee_id) VALUES ('c7cba4df-48de-49c6-a269-5b138b47cf99', 'a7e484ae-fb91-4ddf-a8c0-869a7f4ad0ee', '4e6a0007-b30d-45cd-8f87-3bf703dc5ada');
INSERT INTO option_choice (option_id, choice_id) VALUES ('4331f8de-01b0-4500-b3ce-a712074f2e20', 'c7cba4df-48de-49c6-a269-5b138b47cf99');
INSERT INTO interviewee (id, login, password, age, gender, country, marital_status) VALUES ('156d415a-d639-4ca8-9fa9-2c6a2fdf42df', 'interviewee609', 'qwerty', 42, 'male', 'ER', 'was_not_married');
INSERT INTO choice (id, questionnaire_id, interviewee_id) VALUES ('38678d1c-470d-462c-9140-6012a0be9043', 'f680addd-a0b2-4101-9e1f-5e0870943c68', '156d415a-d639-4ca8-9fa9-2c6a2fdf42df');
INSERT INTO option_choice (option_id, choice_id) VALUES ('cfde0373-91b9-46f9-bc0d-a137a713d2d7', '38678d1c-470d-462c-9140-6012a0be9043');
INSERT INTO option_choice (option_id, choice_id) VALUES ('5e0b63d0-2a10-4ab5-a66a-a47615b50b03', '38678d1c-470d-462c-9140-6012a0be9043');
INSERT INTO option_choice (option_id, choice_id) VALUES ('521ef3a0-411b-4392-8393-62ed9a638949', '38678d1c-470d-462c-9140-6012a0be9043');
INSERT INTO choice (id, questionnaire_id, interviewee_id) VALUES ('1425846b-9897-453a-83df-9c0c6aa0e204', 'afb83fe3-e755-403b-9a15-c18b3782c012', '156d415a-d639-4ca8-9fa9-2c6a2fdf42df');
INSERT INTO option_choice (option_id, choice_id) VALUES ('db1f1f55-651e-4dd8-b4c1-deb2f26216b2', '1425846b-9897-453a-83df-9c0c6aa0e204');
INSERT INTO choice (id, questionnaire_id, interviewee_id) VALUES ('3d016c81-18e3-4a0e-9f0a-789baabe2b56', '56c296cd-7c3b-4eb1-90cb-745e555a098c', '156d415a-d639-4ca8-9fa9-2c6a2fdf42df');
INSERT INTO option_choice (option_id, choice_id) VALUES ('75d9d333-93f8-42f6-be3b-9a5a24aa476c', '3d016c81-18e3-4a0e-9f0a-789baabe2b56');
INSERT INTO option_choice (option_id, choice_id) VALUES ('d583c2c9-6998-483b-a5e4-67068e974d6f', '3d016c81-18e3-4a0e-9f0a-789baabe2b56');
INSERT INTO option_choice (option_id, choice_id) VALUES ('00605853-328c-4a30-9227-5513208ca17e', '3d016c81-18e3-4a0e-9f0a-789baabe2b56');
INSERT INTO option_choice (option_id, choice_id) VALUES ('0e27133d-354c-4e2d-af9f-e74397954328', '3d016c81-18e3-4a0e-9f0a-789baabe2b56');
INSERT INTO option_choice (option_id, choice_id) VALUES ('e2f977a1-4767-4f5b-b056-27e45348cf1a', '3d016c81-18e3-4a0e-9f0a-789baabe2b56');
INSERT INTO interviewee (id, login, password, age, gender, country, marital_status) VALUES ('be645a10-92a3-49a1-8621-643f49ca3dcd', 'interviewee610', 'qwerty', 30, 'male', 'TF', 'married');
INSERT INTO choice (id, questionnaire_id, interviewee_id) VALUES ('fe22fb03-9710-46dc-be11-ab70f9188b1e', 'bf8da1bc-7284-44d0-a7c0-4e0321978aa0', 'be645a10-92a3-49a1-8621-643f49ca3dcd');
INSERT INTO option_choice (option_id, choice_id) VALUES ('1690438b-db39-4933-b62c-4f692bce0c76', 'fe22fb03-9710-46dc-be11-ab70f9188b1e');
INSERT INTO choice (id, questionnaire_id, interviewee_id) VALUES ('c87682fd-398e-4ccf-bc0c-401f9cc3eae3', 'a2f7d656-4675-4d99-9435-95cbe535c6c1', 'be645a10-92a3-49a1-8621-643f49ca3dcd');
INSERT INTO option_choice (option_id, choice_id) VALUES ('930526a4-2714-4f39-831c-55b3185bd967', 'c87682fd-398e-4ccf-bc0c-401f9cc3eae3');
INSERT INTO option_choice (option_id, choice_id) VALUES ('2366bc8e-690e-4739-b5f2-cf491cd8107c', 'c87682fd-398e-4ccf-bc0c-401f9cc3eae3');
INSERT INTO option_choice (option_id, choice_id) VALUES ('c6bb5cf5-3828-4747-8bb2-776e9deaeb04', 'c87682fd-398e-4ccf-bc0c-401f9cc3eae3');
INSERT INTO option_choice (option_id, choice_id) VALUES ('394c3616-edd7-4820-aa09-f4425e4f774c', 'c87682fd-398e-4ccf-bc0c-401f9cc3eae3');
INSERT INTO option_choice (option_id, choice_id) VALUES ('d3d55bb1-ef9d-4b9a-b1b9-8e4375e7dbd0', 'c87682fd-398e-4ccf-bc0c-401f9cc3eae3');
INSERT INTO option_choice (option_id, choice_id) VALUES ('110b73fb-e57f-409d-83dc-0d81bdd20a44', 'c87682fd-398e-4ccf-bc0c-401f9cc3eae3');
INSERT INTO choice (id, questionnaire_id, interviewee_id) VALUES ('3cf871b3-13e1-4bfb-8f34-2e7e2a5b2982', '0b6580ec-1374-4a48-ad1d-b1fa316ad9be', 'be645a10-92a3-49a1-8621-643f49ca3dcd');
INSERT INTO option_choice (option_id, choice_id) VALUES ('82be4575-892d-453a-b3d9-0827c6b6d6df', '3cf871b3-13e1-4bfb-8f34-2e7e2a5b2982');
INSERT INTO interviewee (id, login, password, age, gender, country, marital_status) VALUES ('622c4d70-d037-417e-a322-a68454873547', 'interviewee611', 'qwerty', 48, 'male', 'VN', 'married');
INSERT INTO choice (id, questionnaire_id, interviewee_id) VALUES ('08d654b6-7311-408e-b8da-f99decc7f7a0', 'a345b682-c7ac-49ac-9f14-4f5173a872d8', '622c4d70-d037-417e-a322-a68454873547');
INSERT INTO option_choice (option_id, choice_id) VALUES ('faa6ab11-59ef-4e3b-aa30-88fe576f7451', '08d654b6-7311-408e-b8da-f99decc7f7a0');
INSERT INTO choice (id, questionnaire_id, interviewee_id) VALUES ('6020dcb6-c793-4799-810d-09f410097858', '557cb630-d2f4-4e11-afe9-d50534deb525', '622c4d70-d037-417e-a322-a68454873547');
INSERT INTO option_choice (option_id, choice_id) VALUES ('3495c366-5183-4e9e-856e-8a1c40f7bab1', '6020dcb6-c793-4799-810d-09f410097858');
INSERT INTO choice (id, questionnaire_id, interviewee_id) VALUES ('377be3c9-06c8-459a-af74-c9c64e7cf826', '309e872a-e145-4926-998b-ec0fdb62466a', '622c4d70-d037-417e-a322-a68454873547');
INSERT INTO option_choice (option_id, choice_id) VALUES ('1dcd1e79-636e-4d6c-b9b4-dcf0da4fdaaa', '377be3c9-06c8-459a-af74-c9c64e7cf826');
INSERT INTO option_choice (option_id, choice_id) VALUES ('926da358-7388-4aea-b601-42bcfcd8c071', '377be3c9-06c8-459a-af74-c9c64e7cf826');
INSERT INTO option_choice (option_id, choice_id) VALUES ('4579f5ab-3007-4302-aa53-456cd440599b', '377be3c9-06c8-459a-af74-c9c64e7cf826');
INSERT INTO interviewee (id, login, password, age, gender, country, marital_status) VALUES ('ddaef45c-e1a7-443d-aee2-ca887ddd115f', 'interviewee612', 'qwerty', 46, 'male', 'TN', 'married');
INSERT INTO choice (id, questionnaire_id, interviewee_id) VALUES ('9ae2481e-ddca-4bf8-b66d-6cedb1a14f47', 'a2f7d656-4675-4d99-9435-95cbe535c6c1', 'ddaef45c-e1a7-443d-aee2-ca887ddd115f');
INSERT INTO option_choice (option_id, choice_id) VALUES ('2366bc8e-690e-4739-b5f2-cf491cd8107c', '9ae2481e-ddca-4bf8-b66d-6cedb1a14f47');
INSERT INTO option_choice (option_id, choice_id) VALUES ('d3d55bb1-ef9d-4b9a-b1b9-8e4375e7dbd0', '9ae2481e-ddca-4bf8-b66d-6cedb1a14f47');
INSERT INTO choice (id, questionnaire_id, interviewee_id) VALUES ('13a4d510-2884-40de-8d55-2b8096d912c6', '342b973f-a1d1-4062-a073-fb80b6195e1a', 'ddaef45c-e1a7-443d-aee2-ca887ddd115f');
INSERT INTO option_choice (option_id, choice_id) VALUES ('a95386af-e627-4a57-adc2-0009818da88b', '13a4d510-2884-40de-8d55-2b8096d912c6');
INSERT INTO option_choice (option_id, choice_id) VALUES ('d84282d4-6002-4289-bb10-cb7bfd2e906b', '13a4d510-2884-40de-8d55-2b8096d912c6');
INSERT INTO option_choice (option_id, choice_id) VALUES ('47afaa62-a5ba-4be6-81b8-673fae59c987', '13a4d510-2884-40de-8d55-2b8096d912c6');
INSERT INTO interviewee (id, login, password, age, gender, country, marital_status) VALUES ('cc9f4987-d8c0-4f2e-a6f1-91cabe2b670b', 'interviewee613', 'qwerty', 36, 'male', 'TH', 'married');
INSERT INTO choice (id, questionnaire_id, interviewee_id) VALUES ('5d41c33f-8fa4-4128-bbc3-134289967d18', '6a34c81d-d686-4ce4-8e2f-ec3d2ba47346', 'cc9f4987-d8c0-4f2e-a6f1-91cabe2b670b');
INSERT INTO option_choice (option_id, choice_id) VALUES ('7a83da6c-611b-4c33-a2e2-ddf398a170bc', '5d41c33f-8fa4-4128-bbc3-134289967d18');
INSERT INTO choice (id, questionnaire_id, interviewee_id) VALUES ('59563517-faec-4a2d-a8e5-1adb4cb5d111', '557cb630-d2f4-4e11-afe9-d50534deb525', 'cc9f4987-d8c0-4f2e-a6f1-91cabe2b670b');
INSERT INTO option_choice (option_id, choice_id) VALUES ('e7f8d933-d81f-4080-9dd3-d1b981b9cd11', '59563517-faec-4a2d-a8e5-1adb4cb5d111');
INSERT INTO choice (id, questionnaire_id, interviewee_id) VALUES ('555c3065-e898-4aa1-a9b8-df889413b10d', '8adfa259-7459-4497-b994-7101058c39c1', 'cc9f4987-d8c0-4f2e-a6f1-91cabe2b670b');
INSERT INTO option_choice (option_id, choice_id) VALUES ('7d64ec60-4b16-49eb-a0c6-4af24c3b1767', '555c3065-e898-4aa1-a9b8-df889413b10d');
INSERT INTO option_choice (option_id, choice_id) VALUES ('3e047d89-087c-45bd-82d6-38c4acd5c609', '555c3065-e898-4aa1-a9b8-df889413b10d');
INSERT INTO option_choice (option_id, choice_id) VALUES ('502fb96b-685d-47da-86bb-f40e1e8f57ef', '555c3065-e898-4aa1-a9b8-df889413b10d');
INSERT INTO option_choice (option_id, choice_id) VALUES ('9e45c288-be30-427f-be35-83a5171e2b4d', '555c3065-e898-4aa1-a9b8-df889413b10d');
INSERT INTO interviewee (id, login, password, age, gender, country, marital_status) VALUES ('e4c9a018-2d63-40e0-b692-5f76c4d80d41', 'interviewee614', 'qwerty', 42, 'female', 'HT', 'married');
INSERT INTO choice (id, questionnaire_id, interviewee_id) VALUES ('1a885e32-d49a-41e1-960a-55c74261f2e2', 'd05638df-f11c-413d-8456-ee036bed2914', 'e4c9a018-2d63-40e0-b692-5f76c4d80d41');
INSERT INTO option_choice (option_id, choice_id) VALUES ('b4b64304-6288-40df-8120-283c58db8d1a', '1a885e32-d49a-41e1-960a-55c74261f2e2');
INSERT INTO choice (id, questionnaire_id, interviewee_id) VALUES ('fd0edf7b-3402-4b93-a3db-88da7782e7db', 'e2cf177f-e49f-4aef-99a6-095d711c6ec2', 'e4c9a018-2d63-40e0-b692-5f76c4d80d41');
INSERT INTO option_choice (option_id, choice_id) VALUES ('242c02d5-0f4b-4e89-976f-3754854f478c', 'fd0edf7b-3402-4b93-a3db-88da7782e7db');
INSERT INTO interviewee (id, login, password, age, gender, country, marital_status) VALUES ('2ea963c2-1795-4384-8f1c-61f825307de8', 'interviewee615', 'qwerty', 30, 'female', 'BW', 'was_not_married');
INSERT INTO choice (id, questionnaire_id, interviewee_id) VALUES ('4828b563-caef-4d34-a3a8-17130fb2f38e', '0b6580ec-1374-4a48-ad1d-b1fa316ad9be', '2ea963c2-1795-4384-8f1c-61f825307de8');
INSERT INTO option_choice (option_id, choice_id) VALUES ('68263915-d7e9-4ac6-9c14-f48cf8807857', '4828b563-caef-4d34-a3a8-17130fb2f38e');
INSERT INTO option_choice (option_id, choice_id) VALUES ('82cec316-48c4-48d4-9d69-8a67e9d22eca', '4828b563-caef-4d34-a3a8-17130fb2f38e');
INSERT INTO option_choice (option_id, choice_id) VALUES ('a518cc4d-143a-45ca-b29f-a7c53dacc773', '4828b563-caef-4d34-a3a8-17130fb2f38e');
INSERT INTO option_choice (option_id, choice_id) VALUES ('82be4575-892d-453a-b3d9-0827c6b6d6df', '4828b563-caef-4d34-a3a8-17130fb2f38e');
INSERT INTO choice (id, questionnaire_id, interviewee_id) VALUES ('4a8b6dbd-ffb3-4cab-ab46-7714894d19e1', '56c296cd-7c3b-4eb1-90cb-745e555a098c', '2ea963c2-1795-4384-8f1c-61f825307de8');
INSERT INTO option_choice (option_id, choice_id) VALUES ('d583c2c9-6998-483b-a5e4-67068e974d6f', '4a8b6dbd-ffb3-4cab-ab46-7714894d19e1');
INSERT INTO option_choice (option_id, choice_id) VALUES ('75d9d333-93f8-42f6-be3b-9a5a24aa476c', '4a8b6dbd-ffb3-4cab-ab46-7714894d19e1');
INSERT INTO option_choice (option_id, choice_id) VALUES ('00605853-328c-4a30-9227-5513208ca17e', '4a8b6dbd-ffb3-4cab-ab46-7714894d19e1');
INSERT INTO interviewee (id, login, password, age, gender, country, marital_status) VALUES ('6b219b6a-bdbc-4fb6-8d6a-d92c203c3301', 'interviewee616', 'qwerty', 38, 'male', 'FI', 'married');
INSERT INTO choice (id, questionnaire_id, interviewee_id) VALUES ('a7bac9a3-7258-4f4d-b7db-fb19becf9536', '309e872a-e145-4926-998b-ec0fdb62466a', '6b219b6a-bdbc-4fb6-8d6a-d92c203c3301');
INSERT INTO option_choice (option_id, choice_id) VALUES ('926da358-7388-4aea-b601-42bcfcd8c071', 'a7bac9a3-7258-4f4d-b7db-fb19becf9536');
INSERT INTO option_choice (option_id, choice_id) VALUES ('8ccfc598-c3a0-4ad2-a052-f4e6e3edc252', 'a7bac9a3-7258-4f4d-b7db-fb19becf9536');
INSERT INTO option_choice (option_id, choice_id) VALUES ('4579f5ab-3007-4302-aa53-456cd440599b', 'a7bac9a3-7258-4f4d-b7db-fb19becf9536');
INSERT INTO choice (id, questionnaire_id, interviewee_id) VALUES ('ae72fbd8-0f4e-4978-a973-fa6023b2bdd4', 'b6588e29-37de-425f-834e-e867f77794ce', '6b219b6a-bdbc-4fb6-8d6a-d92c203c3301');
INSERT INTO option_choice (option_id, choice_id) VALUES ('07e7a8bf-65e2-41d5-aeef-91bcbe765392', 'ae72fbd8-0f4e-4978-a973-fa6023b2bdd4');
INSERT INTO option_choice (option_id, choice_id) VALUES ('46bd1403-2ee0-4145-8014-8dd4fafcb8af', 'ae72fbd8-0f4e-4978-a973-fa6023b2bdd4');
INSERT INTO option_choice (option_id, choice_id) VALUES ('460ff4a7-d376-4dc8-b5bb-9ab1989fbb31', 'ae72fbd8-0f4e-4978-a973-fa6023b2bdd4');
INSERT INTO option_choice (option_id, choice_id) VALUES ('5b82f100-bb0f-47ec-9395-7a0409f4b7ef', 'ae72fbd8-0f4e-4978-a973-fa6023b2bdd4');
INSERT INTO option_choice (option_id, choice_id) VALUES ('4bde418e-a165-43f7-ac7b-c6d2ab034e2e', 'ae72fbd8-0f4e-4978-a973-fa6023b2bdd4');
INSERT INTO option_choice (option_id, choice_id) VALUES ('40c301f5-13ed-4b94-85aa-e1c562adce4d', 'ae72fbd8-0f4e-4978-a973-fa6023b2bdd4');
INSERT INTO option_choice (option_id, choice_id) VALUES ('ec37510e-f2a1-4e16-ae94-e9ea2c4461e3', 'ae72fbd8-0f4e-4978-a973-fa6023b2bdd4');
INSERT INTO option_choice (option_id, choice_id) VALUES ('7f0bbd14-8cfc-4a28-88f7-5af992a4c02b', 'ae72fbd8-0f4e-4978-a973-fa6023b2bdd4');
INSERT INTO interviewee (id, login, password, age, gender, country, marital_status) VALUES ('45ea3975-91ff-429c-a10e-e07692d96245', 'interviewee617', 'qwerty', 24, 'female', 'AQ', 'divorced');
INSERT INTO choice (id, questionnaire_id, interviewee_id) VALUES ('1469b2ea-4817-402a-801e-a853cec6cdad', 'cb70c074-82ef-4114-aabc-e940a19b5bb0', '45ea3975-91ff-429c-a10e-e07692d96245');
INSERT INTO option_choice (option_id, choice_id) VALUES ('c2db2843-0153-4422-8aa4-c4c9e640418d', '1469b2ea-4817-402a-801e-a853cec6cdad');
INSERT INTO option_choice (option_id, choice_id) VALUES ('b2aebe06-b155-47cd-a39d-b9c1beabb465', '1469b2ea-4817-402a-801e-a853cec6cdad');
INSERT INTO option_choice (option_id, choice_id) VALUES ('4fbbc5c4-5cc1-4421-86a2-d7151c56a9df', '1469b2ea-4817-402a-801e-a853cec6cdad');
INSERT INTO choice (id, questionnaire_id, interviewee_id) VALUES ('37d92194-a8bd-4eda-8af9-0310d9d41d0a', '91a16ec4-1a91-44d1-bb08-6e9fc823c230', '45ea3975-91ff-429c-a10e-e07692d96245');
INSERT INTO option_choice (option_id, choice_id) VALUES ('cab8632d-19dd-4ddc-9c90-669949088fa5', '37d92194-a8bd-4eda-8af9-0310d9d41d0a');
INSERT INTO option_choice (option_id, choice_id) VALUES ('690b73cc-52e3-435d-a3bd-78733e5fdeaf', '37d92194-a8bd-4eda-8af9-0310d9d41d0a');
INSERT INTO choice (id, questionnaire_id, interviewee_id) VALUES ('b86d1789-dcb5-48e0-9e96-73f04bba585d', 'afb83fe3-e755-403b-9a15-c18b3782c012', '45ea3975-91ff-429c-a10e-e07692d96245');
INSERT INTO option_choice (option_id, choice_id) VALUES ('20880a56-05fa-464a-90ad-faf02a83fa77', 'b86d1789-dcb5-48e0-9e96-73f04bba585d');
INSERT INTO interviewee (id, login, password, age, gender, country, marital_status) VALUES ('f93c6555-221a-4559-9aed-4a10c04b9bf2', 'interviewee618', 'qwerty', 42, 'male', 'HU', 'married');
INSERT INTO choice (id, questionnaire_id, interviewee_id) VALUES ('8aa32115-a272-4496-b744-b289f8fb5e90', 'f680addd-a0b2-4101-9e1f-5e0870943c68', 'f93c6555-221a-4559-9aed-4a10c04b9bf2');
INSERT INTO option_choice (option_id, choice_id) VALUES ('521ef3a0-411b-4392-8393-62ed9a638949', '8aa32115-a272-4496-b744-b289f8fb5e90');
INSERT INTO option_choice (option_id, choice_id) VALUES ('5e0b63d0-2a10-4ab5-a66a-a47615b50b03', '8aa32115-a272-4496-b744-b289f8fb5e90');
INSERT INTO choice (id, questionnaire_id, interviewee_id) VALUES ('b6027987-7c3b-4842-880e-b6e1098edc28', 'e679f6e5-388e-4679-9f14-15a0896d2816', 'f93c6555-221a-4559-9aed-4a10c04b9bf2');
INSERT INTO option_choice (option_id, choice_id) VALUES ('01fc26e1-e8f8-407f-a1b8-6af243e9c3dd', 'b6027987-7c3b-4842-880e-b6e1098edc28');
INSERT INTO interviewee (id, login, password, age, gender, country, marital_status) VALUES ('481ad556-031d-4272-91a9-ef7702eca944', 'interviewee619', 'qwerty', 48, 'male', 'DJ', 'was_not_married');
INSERT INTO choice (id, questionnaire_id, interviewee_id) VALUES ('9aee78df-a32f-49b9-972c-88da727011af', '21abb345-1235-4f5e-8b5b-2f6f89f30fee', '481ad556-031d-4272-91a9-ef7702eca944');
INSERT INTO option_choice (option_id, choice_id) VALUES ('89025574-1604-4050-9786-3bf06cdb36eb', '9aee78df-a32f-49b9-972c-88da727011af');
INSERT INTO interviewee (id, login, password, age, gender, country, marital_status) VALUES ('9c6eec29-8750-43fd-9bf0-00f02a8dc52c', 'interviewee620', 'qwerty', 26, 'female', 'SY', 'was_not_married');
INSERT INTO choice (id, questionnaire_id, interviewee_id) VALUES ('f16b391d-4edf-4a0f-9af0-d70f5e8609d8', 'e679f6e5-388e-4679-9f14-15a0896d2816', '9c6eec29-8750-43fd-9bf0-00f02a8dc52c');
INSERT INTO option_choice (option_id, choice_id) VALUES ('01fc26e1-e8f8-407f-a1b8-6af243e9c3dd', 'f16b391d-4edf-4a0f-9af0-d70f5e8609d8');
INSERT INTO option_choice (option_id, choice_id) VALUES ('ae13d28d-5670-495b-a9e0-d0949dab86e3', 'f16b391d-4edf-4a0f-9af0-d70f5e8609d8');
INSERT INTO option_choice (option_id, choice_id) VALUES ('7fc08a6e-900b-45ea-b455-29a8eb343039', 'f16b391d-4edf-4a0f-9af0-d70f5e8609d8');
INSERT INTO option_choice (option_id, choice_id) VALUES ('5169914a-cf41-4077-8993-1322df09c3da', 'f16b391d-4edf-4a0f-9af0-d70f5e8609d8');
INSERT INTO option_choice (option_id, choice_id) VALUES ('f62b7b4d-17f1-4686-9782-f0b454d6f390', 'f16b391d-4edf-4a0f-9af0-d70f5e8609d8');
INSERT INTO option_choice (option_id, choice_id) VALUES ('3ee9dd0f-6306-4f8b-bdec-27347884621a', 'f16b391d-4edf-4a0f-9af0-d70f5e8609d8');
INSERT INTO interviewee (id, login, password, age, gender, country, marital_status) VALUES ('47b371ce-866c-42cb-abdd-34171a530c5a', 'interviewee621', 'qwerty', 32, 'male', 'ID', 'divorced');
INSERT INTO choice (id, questionnaire_id, interviewee_id) VALUES ('c629f3f4-077e-4fd2-bfc9-1079c7742c46', '21abb345-1235-4f5e-8b5b-2f6f89f30fee', '47b371ce-866c-42cb-abdd-34171a530c5a');
INSERT INTO option_choice (option_id, choice_id) VALUES ('bf5bc6ce-b791-45ed-9dbe-fe939c3ccd4b', 'c629f3f4-077e-4fd2-bfc9-1079c7742c46');
INSERT INTO choice (id, questionnaire_id, interviewee_id) VALUES ('77857b81-39db-4772-9f57-e5f1f0f5c022', 'a345b682-c7ac-49ac-9f14-4f5173a872d8', '47b371ce-866c-42cb-abdd-34171a530c5a');
INSERT INTO option_choice (option_id, choice_id) VALUES ('4389db4e-2a8b-43f8-8643-dd6f5a5f160e', '77857b81-39db-4772-9f57-e5f1f0f5c022');
INSERT INTO interviewee (id, login, password, age, gender, country, marital_status) VALUES ('e83c56a7-1f07-493f-9f2d-cbb929de16f2', 'interviewee622', 'qwerty', 51, 'male', 'CM', 'was_not_married');
INSERT INTO choice (id, questionnaire_id, interviewee_id) VALUES ('74eaa4e2-ebbb-4758-9566-68da0c4cacfb', 'afb83fe3-e755-403b-9a15-c18b3782c012', 'e83c56a7-1f07-493f-9f2d-cbb929de16f2');
INSERT INTO option_choice (option_id, choice_id) VALUES ('20880a56-05fa-464a-90ad-faf02a83fa77', '74eaa4e2-ebbb-4758-9566-68da0c4cacfb');
INSERT INTO interviewee (id, login, password, age, gender, country, marital_status) VALUES ('d4279f08-f2ca-4f69-a3c8-fb81d22c47d3', 'interviewee623', 'qwerty', 26, 'male', 'ZA', 'was_not_married');
INSERT INTO choice (id, questionnaire_id, interviewee_id) VALUES ('3ca750f7-607d-4af2-8ff4-ff0e56e078e6', 'd05638df-f11c-413d-8456-ee036bed2914', 'd4279f08-f2ca-4f69-a3c8-fb81d22c47d3');
INSERT INTO option_choice (option_id, choice_id) VALUES ('b4b64304-6288-40df-8120-283c58db8d1a', '3ca750f7-607d-4af2-8ff4-ff0e56e078e6');
INSERT INTO choice (id, questionnaire_id, interviewee_id) VALUES ('aa65e7bc-327d-4235-a332-e468a0e4c151', '342b973f-a1d1-4062-a073-fb80b6195e1a', 'd4279f08-f2ca-4f69-a3c8-fb81d22c47d3');
INSERT INTO option_choice (option_id, choice_id) VALUES ('47afaa62-a5ba-4be6-81b8-673fae59c987', 'aa65e7bc-327d-4235-a332-e468a0e4c151');
INSERT INTO option_choice (option_id, choice_id) VALUES ('a95386af-e627-4a57-adc2-0009818da88b', 'aa65e7bc-327d-4235-a332-e468a0e4c151');
INSERT INTO choice (id, questionnaire_id, interviewee_id) VALUES ('af4ccc33-1143-4c10-b8c2-1cf3555e1b86', 'bf8da1bc-7284-44d0-a7c0-4e0321978aa0', 'd4279f08-f2ca-4f69-a3c8-fb81d22c47d3');
INSERT INTO option_choice (option_id, choice_id) VALUES ('9bdf6935-cda0-4d8b-82bb-51be50aece89', 'af4ccc33-1143-4c10-b8c2-1cf3555e1b86');
INSERT INTO interviewee (id, login, password, age, gender, country, marital_status) VALUES ('4badca38-513a-4f71-986b-42f1505a1be0', 'interviewee624', 'qwerty', 14, 'male', 'SJ', 'was_not_married');
INSERT INTO choice (id, questionnaire_id, interviewee_id) VALUES ('9713a85f-ae5b-42b2-a642-8151067b99dc', '8adfa259-7459-4497-b994-7101058c39c1', '4badca38-513a-4f71-986b-42f1505a1be0');
INSERT INTO option_choice (option_id, choice_id) VALUES ('0c96072b-cf70-4fde-8afb-27bf8c3f7a8b', '9713a85f-ae5b-42b2-a642-8151067b99dc');
INSERT INTO option_choice (option_id, choice_id) VALUES ('3e047d89-087c-45bd-82d6-38c4acd5c609', '9713a85f-ae5b-42b2-a642-8151067b99dc');
INSERT INTO option_choice (option_id, choice_id) VALUES ('968d6b86-376e-4d23-9555-89ee1d638c1c', '9713a85f-ae5b-42b2-a642-8151067b99dc');
INSERT INTO option_choice (option_id, choice_id) VALUES ('9e45c288-be30-427f-be35-83a5171e2b4d', '9713a85f-ae5b-42b2-a642-8151067b99dc');
INSERT INTO option_choice (option_id, choice_id) VALUES ('502fb96b-685d-47da-86bb-f40e1e8f57ef', '9713a85f-ae5b-42b2-a642-8151067b99dc');
INSERT INTO choice (id, questionnaire_id, interviewee_id) VALUES ('3ef78a37-9a75-4e7b-b4da-01946aead069', '6a34c81d-d686-4ce4-8e2f-ec3d2ba47346', '4badca38-513a-4f71-986b-42f1505a1be0');
INSERT INTO option_choice (option_id, choice_id) VALUES ('553e0886-1a11-4d34-ad3c-c3ee745c28c8', '3ef78a37-9a75-4e7b-b4da-01946aead069');
INSERT INTO interviewee (id, login, password, age, gender, country, marital_status) VALUES ('7ae0adf4-4e96-4c7e-835a-d556eaa5de0e', 'interviewee625', 'qwerty', 17, 'female', 'WS', 'married');
INSERT INTO choice (id, questionnaire_id, interviewee_id) VALUES ('bd69f642-2cdb-444a-ae63-466f179e4de3', 'af6f1431-a90e-4919-83a4-359d6a8a7d22', '7ae0adf4-4e96-4c7e-835a-d556eaa5de0e');
INSERT INTO option_choice (option_id, choice_id) VALUES ('b6cea016-cb83-4752-bbc0-0e2a71b294d6', 'bd69f642-2cdb-444a-ae63-466f179e4de3');
INSERT INTO option_choice (option_id, choice_id) VALUES ('1d5c1c89-2fbe-4efd-aab1-12329e29ad0f', 'bd69f642-2cdb-444a-ae63-466f179e4de3');
INSERT INTO choice (id, questionnaire_id, interviewee_id) VALUES ('30d2d943-c56b-460d-bc90-8be830951d13', '21abb345-1235-4f5e-8b5b-2f6f89f30fee', '7ae0adf4-4e96-4c7e-835a-d556eaa5de0e');
INSERT INTO option_choice (option_id, choice_id) VALUES ('89025574-1604-4050-9786-3bf06cdb36eb', '30d2d943-c56b-460d-bc90-8be830951d13');
INSERT INTO choice (id, questionnaire_id, interviewee_id) VALUES ('81b7edcd-8a61-4201-8aeb-d1043a8ff09f', 'b5ae5620-2d58-48f5-a060-28e8fd1859dd', '7ae0adf4-4e96-4c7e-835a-d556eaa5de0e');
INSERT INTO option_choice (option_id, choice_id) VALUES ('6d0af933-e0cd-405e-8ecb-b04a62b5d13f', '81b7edcd-8a61-4201-8aeb-d1043a8ff09f');
INSERT INTO interviewee (id, login, password, age, gender, country, marital_status) VALUES ('b89d4256-26f2-4389-aef8-d35af20c9da4', 'interviewee626', 'qwerty', 15, 'female', 'TK', 'married');
INSERT INTO choice (id, questionnaire_id, interviewee_id) VALUES ('69e58203-bcc9-4e8a-bbd7-53026a311a2a', 'af6f1431-a90e-4919-83a4-359d6a8a7d22', 'b89d4256-26f2-4389-aef8-d35af20c9da4');
INSERT INTO option_choice (option_id, choice_id) VALUES ('a3c0df26-f677-4a76-9fc9-e8bcb2a586ec', '69e58203-bcc9-4e8a-bbd7-53026a311a2a');
INSERT INTO option_choice (option_id, choice_id) VALUES ('e6932ff8-921c-4ab7-b5c5-37e59ea816fd', '69e58203-bcc9-4e8a-bbd7-53026a311a2a');
INSERT INTO option_choice (option_id, choice_id) VALUES ('14b9069e-cc19-448a-96f6-c333a9a53635', '69e58203-bcc9-4e8a-bbd7-53026a311a2a');
INSERT INTO option_choice (option_id, choice_id) VALUES ('d6e4609d-6705-4cc8-b83a-4786ea4f6ad6', '69e58203-bcc9-4e8a-bbd7-53026a311a2a');
INSERT INTO option_choice (option_id, choice_id) VALUES ('e41b3b09-f2a6-4206-bfde-743557a31646', '69e58203-bcc9-4e8a-bbd7-53026a311a2a');
INSERT INTO option_choice (option_id, choice_id) VALUES ('1d5c1c89-2fbe-4efd-aab1-12329e29ad0f', '69e58203-bcc9-4e8a-bbd7-53026a311a2a');
INSERT INTO choice (id, questionnaire_id, interviewee_id) VALUES ('a5a67810-6ca2-4a1e-9725-af9d2fe4a188', 'b6588e29-37de-425f-834e-e867f77794ce', 'b89d4256-26f2-4389-aef8-d35af20c9da4');
INSERT INTO option_choice (option_id, choice_id) VALUES ('ec37510e-f2a1-4e16-ae94-e9ea2c4461e3', 'a5a67810-6ca2-4a1e-9725-af9d2fe4a188');
INSERT INTO option_choice (option_id, choice_id) VALUES ('46bd1403-2ee0-4145-8014-8dd4fafcb8af', 'a5a67810-6ca2-4a1e-9725-af9d2fe4a188');
INSERT INTO option_choice (option_id, choice_id) VALUES ('5b82f100-bb0f-47ec-9395-7a0409f4b7ef', 'a5a67810-6ca2-4a1e-9725-af9d2fe4a188');
INSERT INTO option_choice (option_id, choice_id) VALUES ('07e7a8bf-65e2-41d5-aeef-91bcbe765392', 'a5a67810-6ca2-4a1e-9725-af9d2fe4a188');
INSERT INTO option_choice (option_id, choice_id) VALUES ('7f0bbd14-8cfc-4a28-88f7-5af992a4c02b', 'a5a67810-6ca2-4a1e-9725-af9d2fe4a188');
INSERT INTO option_choice (option_id, choice_id) VALUES ('460ff4a7-d376-4dc8-b5bb-9ab1989fbb31', 'a5a67810-6ca2-4a1e-9725-af9d2fe4a188');
INSERT INTO interviewee (id, login, password, age, gender, country, marital_status) VALUES ('523e36d1-b34c-498c-bf5e-128552e3eb2a', 'interviewee627', 'qwerty', 60, 'female', 'SD', 'married');
INSERT INTO choice (id, questionnaire_id, interviewee_id) VALUES ('3176a7cd-fc70-4f71-b268-10164332716f', '91a16ec4-1a91-44d1-bb08-6e9fc823c230', '523e36d1-b34c-498c-bf5e-128552e3eb2a');
INSERT INTO option_choice (option_id, choice_id) VALUES ('fbc23714-2c99-4441-8130-94075c78f6e8', '3176a7cd-fc70-4f71-b268-10164332716f');
INSERT INTO option_choice (option_id, choice_id) VALUES ('690b73cc-52e3-435d-a3bd-78733e5fdeaf', '3176a7cd-fc70-4f71-b268-10164332716f');
INSERT INTO choice (id, questionnaire_id, interviewee_id) VALUES ('715d7d12-b2cf-4ba1-8249-24f6f3fe124e', '8902d50d-0421-4680-82f2-f2b1b667e3fd', '523e36d1-b34c-498c-bf5e-128552e3eb2a');
INSERT INTO option_choice (option_id, choice_id) VALUES ('ac0c373d-7749-4908-8091-d580700cabb0', '715d7d12-b2cf-4ba1-8249-24f6f3fe124e');
INSERT INTO interviewee (id, login, password, age, gender, country, marital_status) VALUES ('9368d718-ff71-441d-bfd8-de394ce3b76f', 'interviewee628', 'qwerty', 60, 'male', 'AR', 'married');
INSERT INTO choice (id, questionnaire_id, interviewee_id) VALUES ('6477e9fc-ef85-4d02-a5b0-49ad05e13baf', '6a34c81d-d686-4ce4-8e2f-ec3d2ba47346', '9368d718-ff71-441d-bfd8-de394ce3b76f');
INSERT INTO option_choice (option_id, choice_id) VALUES ('553e0886-1a11-4d34-ad3c-c3ee745c28c8', '6477e9fc-ef85-4d02-a5b0-49ad05e13baf');
INSERT INTO interviewee (id, login, password, age, gender, country, marital_status) VALUES ('84327805-1903-49f7-ab8c-0a78d7494637', 'interviewee629', 'qwerty', 42, 'female', 'MZ', 'was_not_married');
INSERT INTO choice (id, questionnaire_id, interviewee_id) VALUES ('029138c2-c940-4f9a-a8d7-bbed9cc467cf', '309e872a-e145-4926-998b-ec0fdb62466a', '84327805-1903-49f7-ab8c-0a78d7494637');
INSERT INTO option_choice (option_id, choice_id) VALUES ('4579f5ab-3007-4302-aa53-456cd440599b', '029138c2-c940-4f9a-a8d7-bbed9cc467cf');
INSERT INTO choice (id, questionnaire_id, interviewee_id) VALUES ('2c6149ae-88dd-413e-aa13-0227fdc06a43', '557cb630-d2f4-4e11-afe9-d50534deb525', '84327805-1903-49f7-ab8c-0a78d7494637');
INSERT INTO option_choice (option_id, choice_id) VALUES ('e7f8d933-d81f-4080-9dd3-d1b981b9cd11', '2c6149ae-88dd-413e-aa13-0227fdc06a43');
INSERT INTO choice (id, questionnaire_id, interviewee_id) VALUES ('05152d26-c02c-4414-af35-4eb5757bc2cf', '8adfa259-7459-4497-b994-7101058c39c1', '84327805-1903-49f7-ab8c-0a78d7494637');
INSERT INTO option_choice (option_id, choice_id) VALUES ('502fb96b-685d-47da-86bb-f40e1e8f57ef', '05152d26-c02c-4414-af35-4eb5757bc2cf');
INSERT INTO option_choice (option_id, choice_id) VALUES ('7d64ec60-4b16-49eb-a0c6-4af24c3b1767', '05152d26-c02c-4414-af35-4eb5757bc2cf');
INSERT INTO option_choice (option_id, choice_id) VALUES ('968d6b86-376e-4d23-9555-89ee1d638c1c', '05152d26-c02c-4414-af35-4eb5757bc2cf');
INSERT INTO option_choice (option_id, choice_id) VALUES ('3e047d89-087c-45bd-82d6-38c4acd5c609', '05152d26-c02c-4414-af35-4eb5757bc2cf');
INSERT INTO option_choice (option_id, choice_id) VALUES ('9e45c288-be30-427f-be35-83a5171e2b4d', '05152d26-c02c-4414-af35-4eb5757bc2cf');
INSERT INTO option_choice (option_id, choice_id) VALUES ('0c96072b-cf70-4fde-8afb-27bf8c3f7a8b', '05152d26-c02c-4414-af35-4eb5757bc2cf');
INSERT INTO interviewee (id, login, password, age, gender, country, marital_status) VALUES ('0f8de394-6766-4d2d-875a-78cb9b554050', 'interviewee630', 'qwerty', 65, 'female', 'ER', 'was_not_married');
INSERT INTO choice (id, questionnaire_id, interviewee_id) VALUES ('7bce6a68-5739-458d-9984-2fa5d95aebdd', 'a7e484ae-fb91-4ddf-a8c0-869a7f4ad0ee', '0f8de394-6766-4d2d-875a-78cb9b554050');
INSERT INTO option_choice (option_id, choice_id) VALUES ('4331f8de-01b0-4500-b3ce-a712074f2e20', '7bce6a68-5739-458d-9984-2fa5d95aebdd');
INSERT INTO choice (id, questionnaire_id, interviewee_id) VALUES ('ccc64067-18b9-4f77-87e5-219584468dba', '309e872a-e145-4926-998b-ec0fdb62466a', '0f8de394-6766-4d2d-875a-78cb9b554050');
INSERT INTO option_choice (option_id, choice_id) VALUES ('4579f5ab-3007-4302-aa53-456cd440599b', 'ccc64067-18b9-4f77-87e5-219584468dba');
INSERT INTO option_choice (option_id, choice_id) VALUES ('8ccfc598-c3a0-4ad2-a052-f4e6e3edc252', 'ccc64067-18b9-4f77-87e5-219584468dba');
INSERT INTO option_choice (option_id, choice_id) VALUES ('1dcd1e79-636e-4d6c-b9b4-dcf0da4fdaaa', 'ccc64067-18b9-4f77-87e5-219584468dba');
INSERT INTO choice (id, questionnaire_id, interviewee_id) VALUES ('f71a86e4-fcf2-4ee9-a102-4944f9dfc3fc', '342b973f-a1d1-4062-a073-fb80b6195e1a', '0f8de394-6766-4d2d-875a-78cb9b554050');
INSERT INTO option_choice (option_id, choice_id) VALUES ('d84282d4-6002-4289-bb10-cb7bfd2e906b', 'f71a86e4-fcf2-4ee9-a102-4944f9dfc3fc');
INSERT INTO option_choice (option_id, choice_id) VALUES ('47afaa62-a5ba-4be6-81b8-673fae59c987', 'f71a86e4-fcf2-4ee9-a102-4944f9dfc3fc');
INSERT INTO interviewee (id, login, password, age, gender, country, marital_status) VALUES ('b6c8243e-aeed-4650-a2ab-4c283aa0b75c', 'interviewee631', 'qwerty', 60, 'male', 'ID', 'married');
INSERT INTO choice (id, questionnaire_id, interviewee_id) VALUES ('9611707e-3684-4788-a705-6242ac37d725', 'e2cf177f-e49f-4aef-99a6-095d711c6ec2', 'b6c8243e-aeed-4650-a2ab-4c283aa0b75c');
INSERT INTO option_choice (option_id, choice_id) VALUES ('1b5e4a41-da4c-4845-8698-5ed9deee3ca2', '9611707e-3684-4788-a705-6242ac37d725');
INSERT INTO interviewee (id, login, password, age, gender, country, marital_status) VALUES ('00b5be88-e67f-4afb-b155-c3c1f268d40f', 'interviewee632', 'qwerty', 52, 'male', 'LC', 'married');
INSERT INTO choice (id, questionnaire_id, interviewee_id) VALUES ('e8a6cb13-d0d8-447e-9491-bd67e97695f8', '309e872a-e145-4926-998b-ec0fdb62466a', '00b5be88-e67f-4afb-b155-c3c1f268d40f');
INSERT INTO option_choice (option_id, choice_id) VALUES ('4579f5ab-3007-4302-aa53-456cd440599b', 'e8a6cb13-d0d8-447e-9491-bd67e97695f8');
INSERT INTO option_choice (option_id, choice_id) VALUES ('8ccfc598-c3a0-4ad2-a052-f4e6e3edc252', 'e8a6cb13-d0d8-447e-9491-bd67e97695f8');
INSERT INTO interviewee (id, login, password, age, gender, country, marital_status) VALUES ('3dbe55bd-43f5-4842-880c-c1a7a79b3370', 'interviewee633', 'qwerty', 60, 'male', 'BG', 'was_not_married');
INSERT INTO choice (id, questionnaire_id, interviewee_id) VALUES ('14763626-fbbe-49c3-ad75-131fb00b7fd6', 'e679f6e5-388e-4679-9f14-15a0896d2816', '3dbe55bd-43f5-4842-880c-c1a7a79b3370');
INSERT INTO option_choice (option_id, choice_id) VALUES ('01fc26e1-e8f8-407f-a1b8-6af243e9c3dd', '14763626-fbbe-49c3-ad75-131fb00b7fd6');
INSERT INTO choice (id, questionnaire_id, interviewee_id) VALUES ('589a1829-434f-498f-a3cc-40ade56645f7', '1a336595-020d-4026-a389-afd9a80cf707', '3dbe55bd-43f5-4842-880c-c1a7a79b3370');
INSERT INTO option_choice (option_id, choice_id) VALUES ('026e21bd-77e7-46bc-85ba-c7e5eea39031', '589a1829-434f-498f-a3cc-40ade56645f7');
INSERT INTO choice (id, questionnaire_id, interviewee_id) VALUES ('0aa95d4b-df96-4128-96ab-f1b552115165', 'b6588e29-37de-425f-834e-e867f77794ce', '3dbe55bd-43f5-4842-880c-c1a7a79b3370');
INSERT INTO option_choice (option_id, choice_id) VALUES ('5b82f100-bb0f-47ec-9395-7a0409f4b7ef', '0aa95d4b-df96-4128-96ab-f1b552115165');
INSERT INTO interviewee (id, login, password, age, gender, country, marital_status) VALUES ('a47b10c0-c94d-4273-881a-4fc39aed9a11', 'interviewee634', 'qwerty', 64, 'male', 'HK', 'divorced');
INSERT INTO choice (id, questionnaire_id, interviewee_id) VALUES ('9c8e183d-ea0b-455c-8bd3-001a63ee04ef', 'e2cf177f-e49f-4aef-99a6-095d711c6ec2', 'a47b10c0-c94d-4273-881a-4fc39aed9a11');
INSERT INTO option_choice (option_id, choice_id) VALUES ('1b5e4a41-da4c-4845-8698-5ed9deee3ca2', '9c8e183d-ea0b-455c-8bd3-001a63ee04ef');
INSERT INTO interviewee (id, login, password, age, gender, country, marital_status) VALUES ('6980b917-c73a-4512-8151-5f3f015b0dad', 'interviewee635', 'qwerty', 17, 'female', 'GD', 'was_not_married');
INSERT INTO choice (id, questionnaire_id, interviewee_id) VALUES ('e031acf4-d7d9-4788-a1fa-05b0eab955b8', 'a2f7d656-4675-4d99-9435-95cbe535c6c1', '6980b917-c73a-4512-8151-5f3f015b0dad');
INSERT INTO option_choice (option_id, choice_id) VALUES ('394c3616-edd7-4820-aa09-f4425e4f774c', 'e031acf4-d7d9-4788-a1fa-05b0eab955b8');
INSERT INTO option_choice (option_id, choice_id) VALUES ('ced72831-705a-4153-849e-71a73e5a7d3c', 'e031acf4-d7d9-4788-a1fa-05b0eab955b8');
INSERT INTO option_choice (option_id, choice_id) VALUES ('930526a4-2714-4f39-831c-55b3185bd967', 'e031acf4-d7d9-4788-a1fa-05b0eab955b8');
INSERT INTO option_choice (option_id, choice_id) VALUES ('d3d55bb1-ef9d-4b9a-b1b9-8e4375e7dbd0', 'e031acf4-d7d9-4788-a1fa-05b0eab955b8');
INSERT INTO interviewee (id, login, password, age, gender, country, marital_status) VALUES ('9f9af9e6-5a01-4db2-a621-cf487d9cb3f2', 'interviewee636', 'qwerty', 30, 'male', 'ID', 'was_not_married');
INSERT INTO choice (id, questionnaire_id, interviewee_id) VALUES ('2c85bb4c-8f77-4248-b4fc-76014a443115', '56c296cd-7c3b-4eb1-90cb-745e555a098c', '9f9af9e6-5a01-4db2-a621-cf487d9cb3f2');
INSERT INTO option_choice (option_id, choice_id) VALUES ('e2f977a1-4767-4f5b-b056-27e45348cf1a', '2c85bb4c-8f77-4248-b4fc-76014a443115');
INSERT INTO choice (id, questionnaire_id, interviewee_id) VALUES ('63274c8a-980f-4166-9372-7ac1f3945973', 'b6588e29-37de-425f-834e-e867f77794ce', '9f9af9e6-5a01-4db2-a621-cf487d9cb3f2');
INSERT INTO option_choice (option_id, choice_id) VALUES ('ec37510e-f2a1-4e16-ae94-e9ea2c4461e3', '63274c8a-980f-4166-9372-7ac1f3945973');
INSERT INTO option_choice (option_id, choice_id) VALUES ('7f0bbd14-8cfc-4a28-88f7-5af992a4c02b', '63274c8a-980f-4166-9372-7ac1f3945973');
INSERT INTO option_choice (option_id, choice_id) VALUES ('5b82f100-bb0f-47ec-9395-7a0409f4b7ef', '63274c8a-980f-4166-9372-7ac1f3945973');
INSERT INTO option_choice (option_id, choice_id) VALUES ('40c301f5-13ed-4b94-85aa-e1c562adce4d', '63274c8a-980f-4166-9372-7ac1f3945973');
INSERT INTO choice (id, questionnaire_id, interviewee_id) VALUES ('055c8cc7-0aef-4966-a948-76eb6756a972', '8902d50d-0421-4680-82f2-f2b1b667e3fd', '9f9af9e6-5a01-4db2-a621-cf487d9cb3f2');
INSERT INTO option_choice (option_id, choice_id) VALUES ('699e6428-3838-43e4-88f0-8fa31ae6d648', '055c8cc7-0aef-4966-a948-76eb6756a972');
INSERT INTO interviewee (id, login, password, age, gender, country, marital_status) VALUES ('f6e6b697-06ac-4f66-abf9-40cb15863d1a', 'interviewee637', 'qwerty', 31, 'male', 'CC', 'married');
INSERT INTO choice (id, questionnaire_id, interviewee_id) VALUES ('aaf1a814-d881-411a-93a1-bc6d3564f5cb', '557cb630-d2f4-4e11-afe9-d50534deb525', 'f6e6b697-06ac-4f66-abf9-40cb15863d1a');
INSERT INTO option_choice (option_id, choice_id) VALUES ('84999604-dd85-4536-a3fc-0dc6006d4d23', 'aaf1a814-d881-411a-93a1-bc6d3564f5cb');
INSERT INTO choice (id, questionnaire_id, interviewee_id) VALUES ('e975d08b-35d0-4694-9a0e-dd2810d37b3a', 'cb70c074-82ef-4114-aabc-e940a19b5bb0', 'f6e6b697-06ac-4f66-abf9-40cb15863d1a');
INSERT INTO option_choice (option_id, choice_id) VALUES ('4f47a30f-5169-4bf3-a6a9-f9777225a72d', 'e975d08b-35d0-4694-9a0e-dd2810d37b3a');
INSERT INTO option_choice (option_id, choice_id) VALUES ('b2aebe06-b155-47cd-a39d-b9c1beabb465', 'e975d08b-35d0-4694-9a0e-dd2810d37b3a');
INSERT INTO interviewee (id, login, password, age, gender, country, marital_status) VALUES ('828f216a-5eb0-49ab-97c2-590218b67705', 'interviewee638', 'qwerty', 28, 'male', 'MD', 'married');
INSERT INTO choice (id, questionnaire_id, interviewee_id) VALUES ('be6c44f0-d3b4-4176-8058-1d61f563abd3', 'f680addd-a0b2-4101-9e1f-5e0870943c68', '828f216a-5eb0-49ab-97c2-590218b67705');
INSERT INTO option_choice (option_id, choice_id) VALUES ('cfde0373-91b9-46f9-bc0d-a137a713d2d7', 'be6c44f0-d3b4-4176-8058-1d61f563abd3');
INSERT INTO interviewee (id, login, password, age, gender, country, marital_status) VALUES ('80715089-405f-4753-9d60-73895803da5e', 'interviewee639', 'qwerty', 17, 'female', 'TZ', 'was_not_married');
INSERT INTO choice (id, questionnaire_id, interviewee_id) VALUES ('a1223a65-5da3-4b98-b2b6-786943b51de7', '8902d50d-0421-4680-82f2-f2b1b667e3fd', '80715089-405f-4753-9d60-73895803da5e');
INSERT INTO option_choice (option_id, choice_id) VALUES ('cbdaf253-f6a6-406f-a288-e0397682e9f8', 'a1223a65-5da3-4b98-b2b6-786943b51de7');
INSERT INTO interviewee (id, login, password, age, gender, country, marital_status) VALUES ('0d2b3775-6890-4eb7-9761-2521d183a265', 'interviewee640', 'qwerty', 55, 'male', 'HN', 'was_not_married');
INSERT INTO choice (id, questionnaire_id, interviewee_id) VALUES ('62a62a22-1fa2-4588-beaa-d4acf9dd3ea2', 'd05638df-f11c-413d-8456-ee036bed2914', '0d2b3775-6890-4eb7-9761-2521d183a265');
INSERT INTO option_choice (option_id, choice_id) VALUES ('b4b64304-6288-40df-8120-283c58db8d1a', '62a62a22-1fa2-4588-beaa-d4acf9dd3ea2');
INSERT INTO choice (id, questionnaire_id, interviewee_id) VALUES ('dfe7f69f-4b13-4202-98dd-6d251870095d', '21abb345-1235-4f5e-8b5b-2f6f89f30fee', '0d2b3775-6890-4eb7-9761-2521d183a265');
INSERT INTO option_choice (option_id, choice_id) VALUES ('785185e3-f7db-4c98-901d-0cf973d9050c', 'dfe7f69f-4b13-4202-98dd-6d251870095d');
INSERT INTO choice (id, questionnaire_id, interviewee_id) VALUES ('f16b38af-6e02-4baa-8902-a39796346f04', 'af6f1431-a90e-4919-83a4-359d6a8a7d22', '0d2b3775-6890-4eb7-9761-2521d183a265');
INSERT INTO option_choice (option_id, choice_id) VALUES ('d6e4609d-6705-4cc8-b83a-4786ea4f6ad6', 'f16b38af-6e02-4baa-8902-a39796346f04');
INSERT INTO option_choice (option_id, choice_id) VALUES ('e41b3b09-f2a6-4206-bfde-743557a31646', 'f16b38af-6e02-4baa-8902-a39796346f04');
INSERT INTO option_choice (option_id, choice_id) VALUES ('14b9069e-cc19-448a-96f6-c333a9a53635', 'f16b38af-6e02-4baa-8902-a39796346f04');
INSERT INTO option_choice (option_id, choice_id) VALUES ('e6932ff8-921c-4ab7-b5c5-37e59ea816fd', 'f16b38af-6e02-4baa-8902-a39796346f04');
INSERT INTO option_choice (option_id, choice_id) VALUES ('a3c0df26-f677-4a76-9fc9-e8bcb2a586ec', 'f16b38af-6e02-4baa-8902-a39796346f04');
INSERT INTO interviewee (id, login, password, age, gender, country, marital_status) VALUES ('49d7ce6d-33e2-458a-8441-3d57ddae8368', 'interviewee641', 'qwerty', 35, 'female', 'FK', 'divorced');
INSERT INTO choice (id, questionnaire_id, interviewee_id) VALUES ('ee06ad60-e5b3-41bc-a4e4-c0bc0e28aeb2', '6a34c81d-d686-4ce4-8e2f-ec3d2ba47346', '49d7ce6d-33e2-458a-8441-3d57ddae8368');
INSERT INTO option_choice (option_id, choice_id) VALUES ('39c56f53-1cf2-4487-83be-4d75b94ce4df', 'ee06ad60-e5b3-41bc-a4e4-c0bc0e28aeb2');
INSERT INTO choice (id, questionnaire_id, interviewee_id) VALUES ('024d02d6-2f0b-4389-83f6-944a9bcf0855', 'b6588e29-37de-425f-834e-e867f77794ce', '49d7ce6d-33e2-458a-8441-3d57ddae8368');
INSERT INTO option_choice (option_id, choice_id) VALUES ('40c301f5-13ed-4b94-85aa-e1c562adce4d', '024d02d6-2f0b-4389-83f6-944a9bcf0855');
INSERT INTO option_choice (option_id, choice_id) VALUES ('4bde418e-a165-43f7-ac7b-c6d2ab034e2e', '024d02d6-2f0b-4389-83f6-944a9bcf0855');
INSERT INTO option_choice (option_id, choice_id) VALUES ('7f0bbd14-8cfc-4a28-88f7-5af992a4c02b', '024d02d6-2f0b-4389-83f6-944a9bcf0855');
INSERT INTO option_choice (option_id, choice_id) VALUES ('46bd1403-2ee0-4145-8014-8dd4fafcb8af', '024d02d6-2f0b-4389-83f6-944a9bcf0855');
INSERT INTO option_choice (option_id, choice_id) VALUES ('07e7a8bf-65e2-41d5-aeef-91bcbe765392', '024d02d6-2f0b-4389-83f6-944a9bcf0855');
INSERT INTO option_choice (option_id, choice_id) VALUES ('ec37510e-f2a1-4e16-ae94-e9ea2c4461e3', '024d02d6-2f0b-4389-83f6-944a9bcf0855');
INSERT INTO option_choice (option_id, choice_id) VALUES ('460ff4a7-d376-4dc8-b5bb-9ab1989fbb31', '024d02d6-2f0b-4389-83f6-944a9bcf0855');
INSERT INTO choice (id, questionnaire_id, interviewee_id) VALUES ('2e7fc9cc-dad2-4682-b317-f5a7ff5211c6', '8902d50d-0421-4680-82f2-f2b1b667e3fd', '49d7ce6d-33e2-458a-8441-3d57ddae8368');
INSERT INTO option_choice (option_id, choice_id) VALUES ('cbdaf253-f6a6-406f-a288-e0397682e9f8', '2e7fc9cc-dad2-4682-b317-f5a7ff5211c6');
INSERT INTO interviewee (id, login, password, age, gender, country, marital_status) VALUES ('ab81ebb2-eaa8-4bc8-8df4-352f2c91f314', 'interviewee642', 'qwerty', 54, 'female', 'NI', 'was_not_married');
INSERT INTO choice (id, questionnaire_id, interviewee_id) VALUES ('fe9a111d-17cf-4974-98e5-8ebae82c8199', 'e2cf177f-e49f-4aef-99a6-095d711c6ec2', 'ab81ebb2-eaa8-4bc8-8df4-352f2c91f314');
INSERT INTO option_choice (option_id, choice_id) VALUES ('242c02d5-0f4b-4e89-976f-3754854f478c', 'fe9a111d-17cf-4974-98e5-8ebae82c8199');
INSERT INTO choice (id, questionnaire_id, interviewee_id) VALUES ('0d61a5a6-df1e-4a18-b1d0-865c5e1d3670', 'b5ae5620-2d58-48f5-a060-28e8fd1859dd', 'ab81ebb2-eaa8-4bc8-8df4-352f2c91f314');
INSERT INTO option_choice (option_id, choice_id) VALUES ('a5e432ce-d2c6-4c6b-912f-dd0aa7f19d87', '0d61a5a6-df1e-4a18-b1d0-865c5e1d3670');
INSERT INTO interviewee (id, login, password, age, gender, country, marital_status) VALUES ('2dfa9fef-26b9-4391-adb5-29569e2b1620', 'interviewee643', 'qwerty', 66, 'male', 'LI', 'was_not_married');
INSERT INTO choice (id, questionnaire_id, interviewee_id) VALUES ('ae389342-b71f-4abf-b546-a621de8ff4f6', 'afb83fe3-e755-403b-9a15-c18b3782c012', '2dfa9fef-26b9-4391-adb5-29569e2b1620');
INSERT INTO option_choice (option_id, choice_id) VALUES ('db1f1f55-651e-4dd8-b4c1-deb2f26216b2', 'ae389342-b71f-4abf-b546-a621de8ff4f6');
INSERT INTO choice (id, questionnaire_id, interviewee_id) VALUES ('401dfc3e-9049-44c5-9c51-b278ee836d60', '557cb630-d2f4-4e11-afe9-d50534deb525', '2dfa9fef-26b9-4391-adb5-29569e2b1620');
INSERT INTO option_choice (option_id, choice_id) VALUES ('e7f8d933-d81f-4080-9dd3-d1b981b9cd11', '401dfc3e-9049-44c5-9c51-b278ee836d60');
INSERT INTO interviewee (id, login, password, age, gender, country, marital_status) VALUES ('031ff028-8e71-47ac-9be5-28dc5f629b13', 'interviewee644', 'qwerty', 43, 'male', 'BB', 'married');
INSERT INTO choice (id, questionnaire_id, interviewee_id) VALUES ('a12fb3f0-dce3-4c3f-9f96-cd637383e3f4', 'afb83fe3-e755-403b-9a15-c18b3782c012', '031ff028-8e71-47ac-9be5-28dc5f629b13');
INSERT INTO option_choice (option_id, choice_id) VALUES ('db1f1f55-651e-4dd8-b4c1-deb2f26216b2', 'a12fb3f0-dce3-4c3f-9f96-cd637383e3f4');
INSERT INTO choice (id, questionnaire_id, interviewee_id) VALUES ('f144aa98-fbef-49ad-aff7-b3d5854c94ad', '8902d50d-0421-4680-82f2-f2b1b667e3fd', '031ff028-8e71-47ac-9be5-28dc5f629b13');
INSERT INTO option_choice (option_id, choice_id) VALUES ('699e6428-3838-43e4-88f0-8fa31ae6d648', 'f144aa98-fbef-49ad-aff7-b3d5854c94ad');
INSERT INTO choice (id, questionnaire_id, interviewee_id) VALUES ('6ee245bc-5946-4ccc-856b-21842d19aea7', 'f680addd-a0b2-4101-9e1f-5e0870943c68', '031ff028-8e71-47ac-9be5-28dc5f629b13');
INSERT INTO option_choice (option_id, choice_id) VALUES ('5e0b63d0-2a10-4ab5-a66a-a47615b50b03', '6ee245bc-5946-4ccc-856b-21842d19aea7');
INSERT INTO option_choice (option_id, choice_id) VALUES ('cfde0373-91b9-46f9-bc0d-a137a713d2d7', '6ee245bc-5946-4ccc-856b-21842d19aea7');
INSERT INTO interviewee (id, login, password, age, gender, country, marital_status) VALUES ('d36b663f-7474-4e4f-be62-b069489cf4ae', 'interviewee645', 'qwerty', 29, 'male', 'MN', 'was_not_married');
INSERT INTO choice (id, questionnaire_id, interviewee_id) VALUES ('3423812d-a86f-4f10-b30c-b381ba322c92', 'a7e484ae-fb91-4ddf-a8c0-869a7f4ad0ee', 'd36b663f-7474-4e4f-be62-b069489cf4ae');
INSERT INTO option_choice (option_id, choice_id) VALUES ('5833b1ae-14b5-474e-8178-69dc98fc720e', '3423812d-a86f-4f10-b30c-b381ba322c92');
INSERT INTO choice (id, questionnaire_id, interviewee_id) VALUES ('83431c54-6f3a-4153-86ce-216e8445ea43', '8adfa259-7459-4497-b994-7101058c39c1', 'd36b663f-7474-4e4f-be62-b069489cf4ae');
INSERT INTO option_choice (option_id, choice_id) VALUES ('9e45c288-be30-427f-be35-83a5171e2b4d', '83431c54-6f3a-4153-86ce-216e8445ea43');
INSERT INTO interviewee (id, login, password, age, gender, country, marital_status) VALUES ('a0e77959-e214-4870-a5bb-45083b3a431f', 'interviewee646', 'qwerty', 24, 'male', 'IQ', 'was_not_married');
INSERT INTO choice (id, questionnaire_id, interviewee_id) VALUES ('ba9a6620-085a-4c07-9812-c9a9788411da', 'b6588e29-37de-425f-834e-e867f77794ce', 'a0e77959-e214-4870-a5bb-45083b3a431f');
INSERT INTO option_choice (option_id, choice_id) VALUES ('07e7a8bf-65e2-41d5-aeef-91bcbe765392', 'ba9a6620-085a-4c07-9812-c9a9788411da');
INSERT INTO interviewee (id, login, password, age, gender, country, marital_status) VALUES ('3ada94b6-3267-4954-bd49-f0f5013e854a', 'interviewee647', 'qwerty', 21, 'female', 'WF', 'was_not_married');
INSERT INTO choice (id, questionnaire_id, interviewee_id) VALUES ('541b192d-6cd8-41e5-9d7b-1d9e809947be', 'af6f1431-a90e-4919-83a4-359d6a8a7d22', '3ada94b6-3267-4954-bd49-f0f5013e854a');
INSERT INTO option_choice (option_id, choice_id) VALUES ('1d5c1c89-2fbe-4efd-aab1-12329e29ad0f', '541b192d-6cd8-41e5-9d7b-1d9e809947be');
INSERT INTO option_choice (option_id, choice_id) VALUES ('d6e4609d-6705-4cc8-b83a-4786ea4f6ad6', '541b192d-6cd8-41e5-9d7b-1d9e809947be');
INSERT INTO interviewee (id, login, password, age, gender, country, marital_status) VALUES ('13bd720c-1ebd-4070-9dc6-06cd3e6fa012', 'interviewee648', 'qwerty', 15, 'male', 'CX', 'divorced');
INSERT INTO choice (id, questionnaire_id, interviewee_id) VALUES ('b28a110d-2617-4afd-8df5-cf2f95c9950f', '0b6580ec-1374-4a48-ad1d-b1fa316ad9be', '13bd720c-1ebd-4070-9dc6-06cd3e6fa012');
INSERT INTO option_choice (option_id, choice_id) VALUES ('68263915-d7e9-4ac6-9c14-f48cf8807857', 'b28a110d-2617-4afd-8df5-cf2f95c9950f');
INSERT INTO option_choice (option_id, choice_id) VALUES ('82be4575-892d-453a-b3d9-0827c6b6d6df', 'b28a110d-2617-4afd-8df5-cf2f95c9950f');
INSERT INTO choice (id, questionnaire_id, interviewee_id) VALUES ('6e564646-fa7a-4ae4-ab44-e4204ae4d31b', '557cb630-d2f4-4e11-afe9-d50534deb525', '13bd720c-1ebd-4070-9dc6-06cd3e6fa012');
INSERT INTO option_choice (option_id, choice_id) VALUES ('338fc3c2-48fc-411f-ab74-61fbb6f73594', '6e564646-fa7a-4ae4-ab44-e4204ae4d31b');
INSERT INTO choice (id, questionnaire_id, interviewee_id) VALUES ('87116ff8-6fcf-4c04-a6ff-8ed52a8d6473', '91a16ec4-1a91-44d1-bb08-6e9fc823c230', '13bd720c-1ebd-4070-9dc6-06cd3e6fa012');
INSERT INTO option_choice (option_id, choice_id) VALUES ('690b73cc-52e3-435d-a3bd-78733e5fdeaf', '87116ff8-6fcf-4c04-a6ff-8ed52a8d6473');
INSERT INTO option_choice (option_id, choice_id) VALUES ('fbc23714-2c99-4441-8130-94075c78f6e8', '87116ff8-6fcf-4c04-a6ff-8ed52a8d6473');
INSERT INTO option_choice (option_id, choice_id) VALUES ('cab8632d-19dd-4ddc-9c90-669949088fa5', '87116ff8-6fcf-4c04-a6ff-8ed52a8d6473');
INSERT INTO interviewee (id, login, password, age, gender, country, marital_status) VALUES ('ec8bad38-7c98-44cc-87c4-fdbd8b56c392', 'interviewee649', 'qwerty', 60, 'female', 'AR', 'married');
INSERT INTO choice (id, questionnaire_id, interviewee_id) VALUES ('db6c4d58-5af3-4992-a85b-f1b4736c6677', '342b973f-a1d1-4062-a073-fb80b6195e1a', 'ec8bad38-7c98-44cc-87c4-fdbd8b56c392');
INSERT INTO option_choice (option_id, choice_id) VALUES ('d84282d4-6002-4289-bb10-cb7bfd2e906b', 'db6c4d58-5af3-4992-a85b-f1b4736c6677');
INSERT INTO option_choice (option_id, choice_id) VALUES ('a95386af-e627-4a57-adc2-0009818da88b', 'db6c4d58-5af3-4992-a85b-f1b4736c6677');
INSERT INTO interviewee (id, login, password, age, gender, country, marital_status) VALUES ('be2dc34c-149b-411b-98d9-8a095d8e5e4d', 'interviewee650', 'qwerty', 33, 'female', 'SM', 'was_not_married');
INSERT INTO choice (id, questionnaire_id, interviewee_id) VALUES ('73175bad-18e7-401b-a92a-55f76868c5bc', '557cb630-d2f4-4e11-afe9-d50534deb525', 'be2dc34c-149b-411b-98d9-8a095d8e5e4d');
INSERT INTO option_choice (option_id, choice_id) VALUES ('00c926c5-0a12-4a44-9ada-24439d217263', '73175bad-18e7-401b-a92a-55f76868c5bc');
INSERT INTO choice (id, questionnaire_id, interviewee_id) VALUES ('bce06917-f1a7-405c-9598-ee40ec58e1ed', 'd05638df-f11c-413d-8456-ee036bed2914', 'be2dc34c-149b-411b-98d9-8a095d8e5e4d');
INSERT INTO option_choice (option_id, choice_id) VALUES ('b4b64304-6288-40df-8120-283c58db8d1a', 'bce06917-f1a7-405c-9598-ee40ec58e1ed');
INSERT INTO interviewee (id, login, password, age, gender, country, marital_status) VALUES ('f534ebc0-824f-4bc2-b5d2-5185a833b420', 'interviewee651', 'qwerty', 29, 'female', 'KM', 'married');
INSERT INTO choice (id, questionnaire_id, interviewee_id) VALUES ('d5833f88-cb82-4867-a124-b5711aedd445', '83dbd16d-6765-468d-944f-022d10d042e5', 'f534ebc0-824f-4bc2-b5d2-5185a833b420');
INSERT INTO option_choice (option_id, choice_id) VALUES ('d6416cf3-39f7-4cf9-ba84-314605b84d03', 'd5833f88-cb82-4867-a124-b5711aedd445');
INSERT INTO option_choice (option_id, choice_id) VALUES ('176e8036-bece-46c0-beb2-71eb28a41f51', 'd5833f88-cb82-4867-a124-b5711aedd445');
INSERT INTO option_choice (option_id, choice_id) VALUES ('eee0aab7-8b77-4c19-b028-648aa7e303ed', 'd5833f88-cb82-4867-a124-b5711aedd445');
INSERT INTO option_choice (option_id, choice_id) VALUES ('d8a63395-3425-4d1b-95be-b38dc31cb0af', 'd5833f88-cb82-4867-a124-b5711aedd445');
INSERT INTO choice (id, questionnaire_id, interviewee_id) VALUES ('bb86326f-aabe-433a-aac2-3d165d0fc92a', 'e679f6e5-388e-4679-9f14-15a0896d2816', 'f534ebc0-824f-4bc2-b5d2-5185a833b420');
INSERT INTO option_choice (option_id, choice_id) VALUES ('ae13d28d-5670-495b-a9e0-d0949dab86e3', 'bb86326f-aabe-433a-aac2-3d165d0fc92a');
INSERT INTO interviewee (id, login, password, age, gender, country, marital_status) VALUES ('22591f24-726a-48bf-8256-3cc42542c3c9', 'interviewee652', 'qwerty', 18, 'female', 'ET', 'divorced');
INSERT INTO choice (id, questionnaire_id, interviewee_id) VALUES ('e329bc33-b93e-449f-a210-6be1fe09c54d', '21abb345-1235-4f5e-8b5b-2f6f89f30fee', '22591f24-726a-48bf-8256-3cc42542c3c9');
INSERT INTO option_choice (option_id, choice_id) VALUES ('4953e37a-2891-460f-84ea-4bd510463bab', 'e329bc33-b93e-449f-a210-6be1fe09c54d');
INSERT INTO choice (id, questionnaire_id, interviewee_id) VALUES ('af0e1d24-b6be-42e2-9863-9395b0a69d92', '8adfa259-7459-4497-b994-7101058c39c1', '22591f24-726a-48bf-8256-3cc42542c3c9');
INSERT INTO option_choice (option_id, choice_id) VALUES ('0c96072b-cf70-4fde-8afb-27bf8c3f7a8b', 'af0e1d24-b6be-42e2-9863-9395b0a69d92');
INSERT INTO option_choice (option_id, choice_id) VALUES ('9e45c288-be30-427f-be35-83a5171e2b4d', 'af0e1d24-b6be-42e2-9863-9395b0a69d92');
INSERT INTO interviewee (id, login, password, age, gender, country, marital_status) VALUES ('438c3b90-28f8-459b-83c1-11e2bd366c3a', 'interviewee653', 'qwerty', 34, 'male', 'SS', 'divorced');
INSERT INTO choice (id, questionnaire_id, interviewee_id) VALUES ('b6636398-1249-4435-b338-31c32b5cb59d', '0b6580ec-1374-4a48-ad1d-b1fa316ad9be', '438c3b90-28f8-459b-83c1-11e2bd366c3a');
INSERT INTO option_choice (option_id, choice_id) VALUES ('82be4575-892d-453a-b3d9-0827c6b6d6df', 'b6636398-1249-4435-b338-31c32b5cb59d');
INSERT INTO option_choice (option_id, choice_id) VALUES ('68263915-d7e9-4ac6-9c14-f48cf8807857', 'b6636398-1249-4435-b338-31c32b5cb59d');
INSERT INTO option_choice (option_id, choice_id) VALUES ('a518cc4d-143a-45ca-b29f-a7c53dacc773', 'b6636398-1249-4435-b338-31c32b5cb59d');
INSERT INTO choice (id, questionnaire_id, interviewee_id) VALUES ('bae7510d-d37d-4d52-8b6b-9a43bee33f71', 'cb70c074-82ef-4114-aabc-e940a19b5bb0', '438c3b90-28f8-459b-83c1-11e2bd366c3a');
INSERT INTO option_choice (option_id, choice_id) VALUES ('c2db2843-0153-4422-8aa4-c4c9e640418d', 'bae7510d-d37d-4d52-8b6b-9a43bee33f71');
INSERT INTO option_choice (option_id, choice_id) VALUES ('4fbbc5c4-5cc1-4421-86a2-d7151c56a9df', 'bae7510d-d37d-4d52-8b6b-9a43bee33f71');
INSERT INTO interviewee (id, login, password, age, gender, country, marital_status) VALUES ('5e247866-2c7d-4aba-befa-087996c04921', 'interviewee654', 'qwerty', 20, 'male', 'MM', 'divorced');
INSERT INTO choice (id, questionnaire_id, interviewee_id) VALUES ('8d31bd9c-3e4f-4a57-b14c-547bf9aebba9', '8adfa259-7459-4497-b994-7101058c39c1', '5e247866-2c7d-4aba-befa-087996c04921');
INSERT INTO option_choice (option_id, choice_id) VALUES ('502fb96b-685d-47da-86bb-f40e1e8f57ef', '8d31bd9c-3e4f-4a57-b14c-547bf9aebba9');
INSERT INTO option_choice (option_id, choice_id) VALUES ('0c96072b-cf70-4fde-8afb-27bf8c3f7a8b', '8d31bd9c-3e4f-4a57-b14c-547bf9aebba9');
INSERT INTO option_choice (option_id, choice_id) VALUES ('968d6b86-376e-4d23-9555-89ee1d638c1c', '8d31bd9c-3e4f-4a57-b14c-547bf9aebba9');
INSERT INTO option_choice (option_id, choice_id) VALUES ('7d64ec60-4b16-49eb-a0c6-4af24c3b1767', '8d31bd9c-3e4f-4a57-b14c-547bf9aebba9');
INSERT INTO option_choice (option_id, choice_id) VALUES ('9e45c288-be30-427f-be35-83a5171e2b4d', '8d31bd9c-3e4f-4a57-b14c-547bf9aebba9');
INSERT INTO interviewee (id, login, password, age, gender, country, marital_status) VALUES ('aa322690-b90f-4f3a-878d-53bc9b5b97a4', 'interviewee655', 'qwerty', 56, 'female', 'CO', 'married');
INSERT INTO choice (id, questionnaire_id, interviewee_id) VALUES ('6c9743e3-b12d-482d-82fc-dbb1666d1886', 'e2cf177f-e49f-4aef-99a6-095d711c6ec2', 'aa322690-b90f-4f3a-878d-53bc9b5b97a4');
INSERT INTO option_choice (option_id, choice_id) VALUES ('242c02d5-0f4b-4e89-976f-3754854f478c', '6c9743e3-b12d-482d-82fc-dbb1666d1886');
INSERT INTO choice (id, questionnaire_id, interviewee_id) VALUES ('55ff0fb7-964f-4487-8700-866610783b57', '56c296cd-7c3b-4eb1-90cb-745e555a098c', 'aa322690-b90f-4f3a-878d-53bc9b5b97a4');
INSERT INTO option_choice (option_id, choice_id) VALUES ('75d9d333-93f8-42f6-be3b-9a5a24aa476c', '55ff0fb7-964f-4487-8700-866610783b57');
INSERT INTO option_choice (option_id, choice_id) VALUES ('e2f977a1-4767-4f5b-b056-27e45348cf1a', '55ff0fb7-964f-4487-8700-866610783b57');
INSERT INTO option_choice (option_id, choice_id) VALUES ('d583c2c9-6998-483b-a5e4-67068e974d6f', '55ff0fb7-964f-4487-8700-866610783b57');
INSERT INTO option_choice (option_id, choice_id) VALUES ('00605853-328c-4a30-9227-5513208ca17e', '55ff0fb7-964f-4487-8700-866610783b57');
INSERT INTO option_choice (option_id, choice_id) VALUES ('0e27133d-354c-4e2d-af9f-e74397954328', '55ff0fb7-964f-4487-8700-866610783b57');
INSERT INTO interviewee (id, login, password, age, gender, country, marital_status) VALUES ('f45be6c7-a4d4-4814-b6f4-304d83996a63', 'interviewee656', 'qwerty', 17, 'male', 'PY', 'divorced');
INSERT INTO choice (id, questionnaire_id, interviewee_id) VALUES ('3cec69a7-bd18-4c7c-bcc7-ada0cb8e5970', '0b6580ec-1374-4a48-ad1d-b1fa316ad9be', 'f45be6c7-a4d4-4814-b6f4-304d83996a63');
INSERT INTO option_choice (option_id, choice_id) VALUES ('68263915-d7e9-4ac6-9c14-f48cf8807857', '3cec69a7-bd18-4c7c-bcc7-ada0cb8e5970');
INSERT INTO option_choice (option_id, choice_id) VALUES ('82be4575-892d-453a-b3d9-0827c6b6d6df', '3cec69a7-bd18-4c7c-bcc7-ada0cb8e5970');
INSERT INTO option_choice (option_id, choice_id) VALUES ('a518cc4d-143a-45ca-b29f-a7c53dacc773', '3cec69a7-bd18-4c7c-bcc7-ada0cb8e5970');
INSERT INTO choice (id, questionnaire_id, interviewee_id) VALUES ('f4c3536f-ba64-4be7-a68a-16b127a03ae5', 'd05638df-f11c-413d-8456-ee036bed2914', 'f45be6c7-a4d4-4814-b6f4-304d83996a63');
INSERT INTO option_choice (option_id, choice_id) VALUES ('b0557de3-6b66-4e79-b1ac-c2b8f0a5096b', 'f4c3536f-ba64-4be7-a68a-16b127a03ae5');
INSERT INTO interviewee (id, login, password, age, gender, country, marital_status) VALUES ('87a8df6d-8a6f-4884-84d2-bd3865afa950', 'interviewee657', 'qwerty', 67, 'male', 'PL', 'married');
INSERT INTO choice (id, questionnaire_id, interviewee_id) VALUES ('db62ba4c-6e84-4b24-8f24-b7720922cac9', 'af6f1431-a90e-4919-83a4-359d6a8a7d22', '87a8df6d-8a6f-4884-84d2-bd3865afa950');
INSERT INTO option_choice (option_id, choice_id) VALUES ('e41b3b09-f2a6-4206-bfde-743557a31646', 'db62ba4c-6e84-4b24-8f24-b7720922cac9');
INSERT INTO option_choice (option_id, choice_id) VALUES ('a3c0df26-f677-4a76-9fc9-e8bcb2a586ec', 'db62ba4c-6e84-4b24-8f24-b7720922cac9');
INSERT INTO option_choice (option_id, choice_id) VALUES ('d6e4609d-6705-4cc8-b83a-4786ea4f6ad6', 'db62ba4c-6e84-4b24-8f24-b7720922cac9');
INSERT INTO option_choice (option_id, choice_id) VALUES ('1d5c1c89-2fbe-4efd-aab1-12329e29ad0f', 'db62ba4c-6e84-4b24-8f24-b7720922cac9');
INSERT INTO choice (id, questionnaire_id, interviewee_id) VALUES ('7ebdf8bb-4fef-45a3-9bd2-baca444a4de0', '0b6580ec-1374-4a48-ad1d-b1fa316ad9be', '87a8df6d-8a6f-4884-84d2-bd3865afa950');
INSERT INTO option_choice (option_id, choice_id) VALUES ('a518cc4d-143a-45ca-b29f-a7c53dacc773', '7ebdf8bb-4fef-45a3-9bd2-baca444a4de0');
INSERT INTO option_choice (option_id, choice_id) VALUES ('82cec316-48c4-48d4-9d69-8a67e9d22eca', '7ebdf8bb-4fef-45a3-9bd2-baca444a4de0');
INSERT INTO choice (id, questionnaire_id, interviewee_id) VALUES ('d294ff7a-ba12-44d3-a1b7-e6176afe3907', '1a336595-020d-4026-a389-afd9a80cf707', '87a8df6d-8a6f-4884-84d2-bd3865afa950');
INSERT INTO option_choice (option_id, choice_id) VALUES ('026e21bd-77e7-46bc-85ba-c7e5eea39031', 'd294ff7a-ba12-44d3-a1b7-e6176afe3907');
INSERT INTO interviewee (id, login, password, age, gender, country, marital_status) VALUES ('d7e3f1ab-49ff-4105-9d48-08c788b1d5bc', 'interviewee658', 'qwerty', 64, 'male', 'AE', 'was_not_married');
INSERT INTO choice (id, questionnaire_id, interviewee_id) VALUES ('2c5f345b-35fa-4526-8e0a-a8166bb2e7cd', 'b5ae5620-2d58-48f5-a060-28e8fd1859dd', 'd7e3f1ab-49ff-4105-9d48-08c788b1d5bc');
INSERT INTO option_choice (option_id, choice_id) VALUES ('fc3d8e7d-c82b-4208-82dd-e6917cf8765e', '2c5f345b-35fa-4526-8e0a-a8166bb2e7cd');
INSERT INTO choice (id, questionnaire_id, interviewee_id) VALUES ('fb45ecb5-5c3e-4815-8ecd-45624667ae89', '309e872a-e145-4926-998b-ec0fdb62466a', 'd7e3f1ab-49ff-4105-9d48-08c788b1d5bc');
INSERT INTO option_choice (option_id, choice_id) VALUES ('926da358-7388-4aea-b601-42bcfcd8c071', 'fb45ecb5-5c3e-4815-8ecd-45624667ae89');
INSERT INTO option_choice (option_id, choice_id) VALUES ('4579f5ab-3007-4302-aa53-456cd440599b', 'fb45ecb5-5c3e-4815-8ecd-45624667ae89');
INSERT INTO interviewee (id, login, password, age, gender, country, marital_status) VALUES ('1b87b81a-a838-4bc2-b803-1d1177936057', 'interviewee659', 'qwerty', 17, 'female', 'TO', 'divorced');
INSERT INTO choice (id, questionnaire_id, interviewee_id) VALUES ('83d47f10-022f-4f39-b467-f074f570fde5', 'd05638df-f11c-413d-8456-ee036bed2914', '1b87b81a-a838-4bc2-b803-1d1177936057');
INSERT INTO option_choice (option_id, choice_id) VALUES ('b4b64304-6288-40df-8120-283c58db8d1a', '83d47f10-022f-4f39-b467-f074f570fde5');
INSERT INTO choice (id, questionnaire_id, interviewee_id) VALUES ('e85bb27f-ff51-48bf-aa80-e6ed7c64a75c', 'af6f1431-a90e-4919-83a4-359d6a8a7d22', '1b87b81a-a838-4bc2-b803-1d1177936057');
INSERT INTO option_choice (option_id, choice_id) VALUES ('e41b3b09-f2a6-4206-bfde-743557a31646', 'e85bb27f-ff51-48bf-aa80-e6ed7c64a75c');
INSERT INTO interviewee (id, login, password, age, gender, country, marital_status) VALUES ('ee04920a-3153-4ad2-b4dc-0885769ecd61', 'interviewee660', 'qwerty', 60, 'female', 'KH', 'divorced');
INSERT INTO choice (id, questionnaire_id, interviewee_id) VALUES ('1969475d-48fe-4b78-a22e-09a8e0ed987f', 'a7e484ae-fb91-4ddf-a8c0-869a7f4ad0ee', 'ee04920a-3153-4ad2-b4dc-0885769ecd61');
INSERT INTO option_choice (option_id, choice_id) VALUES ('5833b1ae-14b5-474e-8178-69dc98fc720e', '1969475d-48fe-4b78-a22e-09a8e0ed987f');
INSERT INTO interviewee (id, login, password, age, gender, country, marital_status) VALUES ('3447b62c-e0a3-4f5d-93b9-4e130c183144', 'interviewee661', 'qwerty', 51, 'female', 'RS', 'was_not_married');
INSERT INTO choice (id, questionnaire_id, interviewee_id) VALUES ('40993c5b-e272-41ae-bcaa-de3353015073', '83dbd16d-6765-468d-944f-022d10d042e5', '3447b62c-e0a3-4f5d-93b9-4e130c183144');
INSERT INTO option_choice (option_id, choice_id) VALUES ('d6416cf3-39f7-4cf9-ba84-314605b84d03', '40993c5b-e272-41ae-bcaa-de3353015073');
INSERT INTO option_choice (option_id, choice_id) VALUES ('d8a63395-3425-4d1b-95be-b38dc31cb0af', '40993c5b-e272-41ae-bcaa-de3353015073');
INSERT INTO option_choice (option_id, choice_id) VALUES ('eee0aab7-8b77-4c19-b028-648aa7e303ed', '40993c5b-e272-41ae-bcaa-de3353015073');
INSERT INTO interviewee (id, login, password, age, gender, country, marital_status) VALUES ('c189fc86-f6b0-415c-85e8-f0ccf9b3785a', 'interviewee662', 'qwerty', 25, 'male', 'GG', 'divorced');
INSERT INTO choice (id, questionnaire_id, interviewee_id) VALUES ('a2a212f2-5f7c-4b6e-9f4d-310674fb1119', '309e872a-e145-4926-998b-ec0fdb62466a', 'c189fc86-f6b0-415c-85e8-f0ccf9b3785a');
INSERT INTO option_choice (option_id, choice_id) VALUES ('8ccfc598-c3a0-4ad2-a052-f4e6e3edc252', 'a2a212f2-5f7c-4b6e-9f4d-310674fb1119');
INSERT INTO choice (id, questionnaire_id, interviewee_id) VALUES ('c726dafe-ade4-4137-ad98-1c48a254c820', 'a345b682-c7ac-49ac-9f14-4f5173a872d8', 'c189fc86-f6b0-415c-85e8-f0ccf9b3785a');
INSERT INTO option_choice (option_id, choice_id) VALUES ('4389db4e-2a8b-43f8-8643-dd6f5a5f160e', 'c726dafe-ade4-4137-ad98-1c48a254c820');
INSERT INTO choice (id, questionnaire_id, interviewee_id) VALUES ('856935f1-841d-47d7-8373-d1c8e42e0bff', '1a336595-020d-4026-a389-afd9a80cf707', 'c189fc86-f6b0-415c-85e8-f0ccf9b3785a');
INSERT INTO option_choice (option_id, choice_id) VALUES ('17fa6a45-befd-4756-95f2-c6c400c916a8', '856935f1-841d-47d7-8373-d1c8e42e0bff');
INSERT INTO interviewee (id, login, password, age, gender, country, marital_status) VALUES ('90550245-b816-45e8-a597-24102f6f66f1', 'interviewee663', 'qwerty', 53, 'female', 'GU', 'was_not_married');
INSERT INTO choice (id, questionnaire_id, interviewee_id) VALUES ('df765798-a02a-4710-af45-004efd94a6f6', '83dbd16d-6765-468d-944f-022d10d042e5', '90550245-b816-45e8-a597-24102f6f66f1');
INSERT INTO option_choice (option_id, choice_id) VALUES ('d8a63395-3425-4d1b-95be-b38dc31cb0af', 'df765798-a02a-4710-af45-004efd94a6f6');
INSERT INTO option_choice (option_id, choice_id) VALUES ('176e8036-bece-46c0-beb2-71eb28a41f51', 'df765798-a02a-4710-af45-004efd94a6f6');
INSERT INTO interviewee (id, login, password, age, gender, country, marital_status) VALUES ('40f2969e-dba1-4200-97d9-4336d901b694', 'interviewee664', 'qwerty', 38, 'male', 'RE', 'was_not_married');
INSERT INTO choice (id, questionnaire_id, interviewee_id) VALUES ('aadace35-28fc-4e3e-8d08-795c2e8cf7a1', '342b973f-a1d1-4062-a073-fb80b6195e1a', '40f2969e-dba1-4200-97d9-4336d901b694');
INSERT INTO option_choice (option_id, choice_id) VALUES ('d84282d4-6002-4289-bb10-cb7bfd2e906b', 'aadace35-28fc-4e3e-8d08-795c2e8cf7a1');
INSERT INTO option_choice (option_id, choice_id) VALUES ('47afaa62-a5ba-4be6-81b8-673fae59c987', 'aadace35-28fc-4e3e-8d08-795c2e8cf7a1');
INSERT INTO option_choice (option_id, choice_id) VALUES ('a95386af-e627-4a57-adc2-0009818da88b', 'aadace35-28fc-4e3e-8d08-795c2e8cf7a1');
INSERT INTO choice (id, questionnaire_id, interviewee_id) VALUES ('da5619c2-24c8-4a74-98ca-c012efe339f7', 'f680addd-a0b2-4101-9e1f-5e0870943c68', '40f2969e-dba1-4200-97d9-4336d901b694');
INSERT INTO option_choice (option_id, choice_id) VALUES ('521ef3a0-411b-4392-8393-62ed9a638949', 'da5619c2-24c8-4a74-98ca-c012efe339f7');
INSERT INTO option_choice (option_id, choice_id) VALUES ('5e0b63d0-2a10-4ab5-a66a-a47615b50b03', 'da5619c2-24c8-4a74-98ca-c012efe339f7');
INSERT INTO interviewee (id, login, password, age, gender, country, marital_status) VALUES ('562c97fe-233e-4bea-9588-3723d3980026', 'interviewee665', 'qwerty', 46, 'male', 'NL', 'was_not_married');
INSERT INTO choice (id, questionnaire_id, interviewee_id) VALUES ('43b8eee6-ff6d-4433-9edb-229e88e4a72e', '8902d50d-0421-4680-82f2-f2b1b667e3fd', '562c97fe-233e-4bea-9588-3723d3980026');
INSERT INTO option_choice (option_id, choice_id) VALUES ('699e6428-3838-43e4-88f0-8fa31ae6d648', '43b8eee6-ff6d-4433-9edb-229e88e4a72e');
INSERT INTO interviewee (id, login, password, age, gender, country, marital_status) VALUES ('855bdd4c-550d-43a3-b85f-6f4ec31478d4', 'interviewee666', 'qwerty', 19, 'male', 'MY', 'married');
INSERT INTO choice (id, questionnaire_id, interviewee_id) VALUES ('ab0ba018-9869-4722-be6b-413f24b98ce6', '56c296cd-7c3b-4eb1-90cb-745e555a098c', '855bdd4c-550d-43a3-b85f-6f4ec31478d4');
INSERT INTO option_choice (option_id, choice_id) VALUES ('0e27133d-354c-4e2d-af9f-e74397954328', 'ab0ba018-9869-4722-be6b-413f24b98ce6');
INSERT INTO choice (id, questionnaire_id, interviewee_id) VALUES ('46700c1e-7c11-4884-b0b8-6bd43c32f332', '0b6580ec-1374-4a48-ad1d-b1fa316ad9be', '855bdd4c-550d-43a3-b85f-6f4ec31478d4');
INSERT INTO option_choice (option_id, choice_id) VALUES ('82be4575-892d-453a-b3d9-0827c6b6d6df', '46700c1e-7c11-4884-b0b8-6bd43c32f332');
INSERT INTO option_choice (option_id, choice_id) VALUES ('82cec316-48c4-48d4-9d69-8a67e9d22eca', '46700c1e-7c11-4884-b0b8-6bd43c32f332');
INSERT INTO option_choice (option_id, choice_id) VALUES ('a518cc4d-143a-45ca-b29f-a7c53dacc773', '46700c1e-7c11-4884-b0b8-6bd43c32f332');
INSERT INTO option_choice (option_id, choice_id) VALUES ('68263915-d7e9-4ac6-9c14-f48cf8807857', '46700c1e-7c11-4884-b0b8-6bd43c32f332');
INSERT INTO choice (id, questionnaire_id, interviewee_id) VALUES ('29fa587d-8592-40ba-ba0e-4943876a7e0c', '557cb630-d2f4-4e11-afe9-d50534deb525', '855bdd4c-550d-43a3-b85f-6f4ec31478d4');
INSERT INTO option_choice (option_id, choice_id) VALUES ('84999604-dd85-4536-a3fc-0dc6006d4d23', '29fa587d-8592-40ba-ba0e-4943876a7e0c');
INSERT INTO interviewee (id, login, password, age, gender, country, marital_status) VALUES ('9c582c24-4fa9-4017-8bd8-29eaf626d171', 'interviewee667', 'qwerty', 69, 'female', 'SD', 'was_not_married');
INSERT INTO choice (id, questionnaire_id, interviewee_id) VALUES ('6793c316-1375-48dc-ac16-2307042cc8af', '0b6580ec-1374-4a48-ad1d-b1fa316ad9be', '9c582c24-4fa9-4017-8bd8-29eaf626d171');
INSERT INTO option_choice (option_id, choice_id) VALUES ('82be4575-892d-453a-b3d9-0827c6b6d6df', '6793c316-1375-48dc-ac16-2307042cc8af');
INSERT INTO option_choice (option_id, choice_id) VALUES ('82cec316-48c4-48d4-9d69-8a67e9d22eca', '6793c316-1375-48dc-ac16-2307042cc8af');
INSERT INTO option_choice (option_id, choice_id) VALUES ('a518cc4d-143a-45ca-b29f-a7c53dacc773', '6793c316-1375-48dc-ac16-2307042cc8af');
INSERT INTO option_choice (option_id, choice_id) VALUES ('68263915-d7e9-4ac6-9c14-f48cf8807857', '6793c316-1375-48dc-ac16-2307042cc8af');
INSERT INTO choice (id, questionnaire_id, interviewee_id) VALUES ('0aacb1e3-c2aa-4f81-81ea-fb2fba7ff63b', '8902d50d-0421-4680-82f2-f2b1b667e3fd', '9c582c24-4fa9-4017-8bd8-29eaf626d171');
INSERT INTO option_choice (option_id, choice_id) VALUES ('b9a164f5-2a94-487b-874f-f3bdc79ee4e3', '0aacb1e3-c2aa-4f81-81ea-fb2fba7ff63b');
INSERT INTO interviewee (id, login, password, age, gender, country, marital_status) VALUES ('12ae1eef-db44-4002-9494-2f7fd9d0a738', 'interviewee668', 'qwerty', 47, 'female', 'NC', 'was_not_married');
INSERT INTO choice (id, questionnaire_id, interviewee_id) VALUES ('72a80554-e6a7-4a33-91a9-605608152f63', 'bf8da1bc-7284-44d0-a7c0-4e0321978aa0', '12ae1eef-db44-4002-9494-2f7fd9d0a738');
INSERT INTO option_choice (option_id, choice_id) VALUES ('1690438b-db39-4933-b62c-4f692bce0c76', '72a80554-e6a7-4a33-91a9-605608152f63');
INSERT INTO choice (id, questionnaire_id, interviewee_id) VALUES ('c4df8a6c-f449-4dd2-bab2-af4cab6edf49', 'af6f1431-a90e-4919-83a4-359d6a8a7d22', '12ae1eef-db44-4002-9494-2f7fd9d0a738');
INSERT INTO option_choice (option_id, choice_id) VALUES ('e6932ff8-921c-4ab7-b5c5-37e59ea816fd', 'c4df8a6c-f449-4dd2-bab2-af4cab6edf49');
INSERT INTO option_choice (option_id, choice_id) VALUES ('e41b3b09-f2a6-4206-bfde-743557a31646', 'c4df8a6c-f449-4dd2-bab2-af4cab6edf49');
INSERT INTO option_choice (option_id, choice_id) VALUES ('d6e4609d-6705-4cc8-b83a-4786ea4f6ad6', 'c4df8a6c-f449-4dd2-bab2-af4cab6edf49');
INSERT INTO option_choice (option_id, choice_id) VALUES ('1d5c1c89-2fbe-4efd-aab1-12329e29ad0f', 'c4df8a6c-f449-4dd2-bab2-af4cab6edf49');
INSERT INTO option_choice (option_id, choice_id) VALUES ('a3c0df26-f677-4a76-9fc9-e8bcb2a586ec', 'c4df8a6c-f449-4dd2-bab2-af4cab6edf49');
INSERT INTO interviewee (id, login, password, age, gender, country, marital_status) VALUES ('829eafe3-19c7-4d58-8c22-91bd7d9ec8d6', 'interviewee669', 'qwerty', 44, 'female', 'BT', 'divorced');
INSERT INTO choice (id, questionnaire_id, interviewee_id) VALUES ('c6eb6b62-a2ee-421d-85f6-022403755eec', '8902d50d-0421-4680-82f2-f2b1b667e3fd', '829eafe3-19c7-4d58-8c22-91bd7d9ec8d6');
INSERT INTO option_choice (option_id, choice_id) VALUES ('cbdaf253-f6a6-406f-a288-e0397682e9f8', 'c6eb6b62-a2ee-421d-85f6-022403755eec');
INSERT INTO choice (id, questionnaire_id, interviewee_id) VALUES ('34a5663f-8349-4635-a1ea-9050c2c88216', '342b973f-a1d1-4062-a073-fb80b6195e1a', '829eafe3-19c7-4d58-8c22-91bd7d9ec8d6');
INSERT INTO option_choice (option_id, choice_id) VALUES ('a95386af-e627-4a57-adc2-0009818da88b', '34a5663f-8349-4635-a1ea-9050c2c88216');
INSERT INTO option_choice (option_id, choice_id) VALUES ('47afaa62-a5ba-4be6-81b8-673fae59c987', '34a5663f-8349-4635-a1ea-9050c2c88216');
INSERT INTO option_choice (option_id, choice_id) VALUES ('d84282d4-6002-4289-bb10-cb7bfd2e906b', '34a5663f-8349-4635-a1ea-9050c2c88216');
INSERT INTO interviewee (id, login, password, age, gender, country, marital_status) VALUES ('3b1a396d-8b86-4e74-be22-79722c737fe2', 'interviewee670', 'qwerty', 61, 'male', 'FO', 'was_not_married');
INSERT INTO choice (id, questionnaire_id, interviewee_id) VALUES ('b0e57691-de4f-41ee-8b1a-ece37af2131b', '8902d50d-0421-4680-82f2-f2b1b667e3fd', '3b1a396d-8b86-4e74-be22-79722c737fe2');
INSERT INTO option_choice (option_id, choice_id) VALUES ('cbdaf253-f6a6-406f-a288-e0397682e9f8', 'b0e57691-de4f-41ee-8b1a-ece37af2131b');
INSERT INTO choice (id, questionnaire_id, interviewee_id) VALUES ('22dd0967-d420-4105-a581-a5b0e57861fc', 'a345b682-c7ac-49ac-9f14-4f5173a872d8', '3b1a396d-8b86-4e74-be22-79722c737fe2');
INSERT INTO option_choice (option_id, choice_id) VALUES ('4389db4e-2a8b-43f8-8643-dd6f5a5f160e', '22dd0967-d420-4105-a581-a5b0e57861fc');
INSERT INTO choice (id, questionnaire_id, interviewee_id) VALUES ('d751cc9b-da09-41aa-9cf8-f9af18b70817', '557cb630-d2f4-4e11-afe9-d50534deb525', '3b1a396d-8b86-4e74-be22-79722c737fe2');
INSERT INTO option_choice (option_id, choice_id) VALUES ('a143441c-01fe-4ebf-95df-3b5e2d100514', 'd751cc9b-da09-41aa-9cf8-f9af18b70817');
INSERT INTO interviewee (id, login, password, age, gender, country, marital_status) VALUES ('112909b5-11fc-46bb-b0d4-6570a98fb5f9', 'interviewee671', 'qwerty', 69, 'male', 'NC', 'married');
INSERT INTO choice (id, questionnaire_id, interviewee_id) VALUES ('82c857c6-fa33-4f8f-8cc9-ec8cd6dca5e5', '8902d50d-0421-4680-82f2-f2b1b667e3fd', '112909b5-11fc-46bb-b0d4-6570a98fb5f9');
INSERT INTO option_choice (option_id, choice_id) VALUES ('699e6428-3838-43e4-88f0-8fa31ae6d648', '82c857c6-fa33-4f8f-8cc9-ec8cd6dca5e5');
INSERT INTO choice (id, questionnaire_id, interviewee_id) VALUES ('96f8605b-b001-4845-a2b9-4a55318e8803', 'b5ae5620-2d58-48f5-a060-28e8fd1859dd', '112909b5-11fc-46bb-b0d4-6570a98fb5f9');
INSERT INTO option_choice (option_id, choice_id) VALUES ('346ef5d2-77a0-4ce4-a407-38382a94f28d', '96f8605b-b001-4845-a2b9-4a55318e8803');
INSERT INTO choice (id, questionnaire_id, interviewee_id) VALUES ('3561de4d-2a64-45d2-8460-49abd6e867bf', 'e679f6e5-388e-4679-9f14-15a0896d2816', '112909b5-11fc-46bb-b0d4-6570a98fb5f9');
INSERT INTO option_choice (option_id, choice_id) VALUES ('7fc08a6e-900b-45ea-b455-29a8eb343039', '3561de4d-2a64-45d2-8460-49abd6e867bf');
INSERT INTO option_choice (option_id, choice_id) VALUES ('01fc26e1-e8f8-407f-a1b8-6af243e9c3dd', '3561de4d-2a64-45d2-8460-49abd6e867bf');
INSERT INTO option_choice (option_id, choice_id) VALUES ('5169914a-cf41-4077-8993-1322df09c3da', '3561de4d-2a64-45d2-8460-49abd6e867bf');
INSERT INTO interviewee (id, login, password, age, gender, country, marital_status) VALUES ('e34a43e4-7b81-41bd-a926-1cdeeb6917b7', 'interviewee672', 'qwerty', 34, 'female', 'IL', 'was_not_married');
INSERT INTO choice (id, questionnaire_id, interviewee_id) VALUES ('fde7f587-5788-4909-9050-443791ddbfc4', 'a2f7d656-4675-4d99-9435-95cbe535c6c1', 'e34a43e4-7b81-41bd-a926-1cdeeb6917b7');
INSERT INTO option_choice (option_id, choice_id) VALUES ('110b73fb-e57f-409d-83dc-0d81bdd20a44', 'fde7f587-5788-4909-9050-443791ddbfc4');
INSERT INTO option_choice (option_id, choice_id) VALUES ('c6bb5cf5-3828-4747-8bb2-776e9deaeb04', 'fde7f587-5788-4909-9050-443791ddbfc4');
INSERT INTO option_choice (option_id, choice_id) VALUES ('930526a4-2714-4f39-831c-55b3185bd967', 'fde7f587-5788-4909-9050-443791ddbfc4');
INSERT INTO option_choice (option_id, choice_id) VALUES ('2366bc8e-690e-4739-b5f2-cf491cd8107c', 'fde7f587-5788-4909-9050-443791ddbfc4');
INSERT INTO option_choice (option_id, choice_id) VALUES ('d3d55bb1-ef9d-4b9a-b1b9-8e4375e7dbd0', 'fde7f587-5788-4909-9050-443791ddbfc4');
INSERT INTO option_choice (option_id, choice_id) VALUES ('394c3616-edd7-4820-aa09-f4425e4f774c', 'fde7f587-5788-4909-9050-443791ddbfc4');
INSERT INTO interviewee (id, login, password, age, gender, country, marital_status) VALUES ('5eed113e-cb31-4b96-814a-9df51f4cdf3c', 'interviewee673', 'qwerty', 53, 'male', 'GA', 'married');
INSERT INTO choice (id, questionnaire_id, interviewee_id) VALUES ('f72c1856-a128-475c-8336-40caf00e54cf', '309e872a-e145-4926-998b-ec0fdb62466a', '5eed113e-cb31-4b96-814a-9df51f4cdf3c');
INSERT INTO option_choice (option_id, choice_id) VALUES ('4579f5ab-3007-4302-aa53-456cd440599b', 'f72c1856-a128-475c-8336-40caf00e54cf');
INSERT INTO option_choice (option_id, choice_id) VALUES ('8ccfc598-c3a0-4ad2-a052-f4e6e3edc252', 'f72c1856-a128-475c-8336-40caf00e54cf');
INSERT INTO option_choice (option_id, choice_id) VALUES ('926da358-7388-4aea-b601-42bcfcd8c071', 'f72c1856-a128-475c-8336-40caf00e54cf');
INSERT INTO option_choice (option_id, choice_id) VALUES ('1dcd1e79-636e-4d6c-b9b4-dcf0da4fdaaa', 'f72c1856-a128-475c-8336-40caf00e54cf');
INSERT INTO choice (id, questionnaire_id, interviewee_id) VALUES ('a8786167-53bf-49a8-8fec-b5674c3919ef', 'cb70c074-82ef-4114-aabc-e940a19b5bb0', '5eed113e-cb31-4b96-814a-9df51f4cdf3c');
INSERT INTO option_choice (option_id, choice_id) VALUES ('b2aebe06-b155-47cd-a39d-b9c1beabb465', 'a8786167-53bf-49a8-8fec-b5674c3919ef');
INSERT INTO option_choice (option_id, choice_id) VALUES ('4f47a30f-5169-4bf3-a6a9-f9777225a72d', 'a8786167-53bf-49a8-8fec-b5674c3919ef');
INSERT INTO interviewee (id, login, password, age, gender, country, marital_status) VALUES ('0f6f0c01-31f8-42bd-9d6a-d3cd52c0b6cb', 'interviewee674', 'qwerty', 22, 'male', 'GY', 'married');
INSERT INTO choice (id, questionnaire_id, interviewee_id) VALUES ('ee67ca23-4bf0-4b04-a0ee-df6f75c3941a', 'afb83fe3-e755-403b-9a15-c18b3782c012', '0f6f0c01-31f8-42bd-9d6a-d3cd52c0b6cb');
INSERT INTO option_choice (option_id, choice_id) VALUES ('20880a56-05fa-464a-90ad-faf02a83fa77', 'ee67ca23-4bf0-4b04-a0ee-df6f75c3941a');
INSERT INTO interviewee (id, login, password, age, gender, country, marital_status) VALUES ('9c9056ac-4a7e-4345-ba62-510245df0574', 'interviewee675', 'qwerty', 47, 'female', 'PK', 'was_not_married');
INSERT INTO choice (id, questionnaire_id, interviewee_id) VALUES ('1a6a57e2-e7f2-4271-97cc-4fa65b85d6b2', '83dbd16d-6765-468d-944f-022d10d042e5', '9c9056ac-4a7e-4345-ba62-510245df0574');
INSERT INTO option_choice (option_id, choice_id) VALUES ('d6416cf3-39f7-4cf9-ba84-314605b84d03', '1a6a57e2-e7f2-4271-97cc-4fa65b85d6b2');
INSERT INTO option_choice (option_id, choice_id) VALUES ('eee0aab7-8b77-4c19-b028-648aa7e303ed', '1a6a57e2-e7f2-4271-97cc-4fa65b85d6b2');
INSERT INTO option_choice (option_id, choice_id) VALUES ('d8a63395-3425-4d1b-95be-b38dc31cb0af', '1a6a57e2-e7f2-4271-97cc-4fa65b85d6b2');
INSERT INTO option_choice (option_id, choice_id) VALUES ('176e8036-bece-46c0-beb2-71eb28a41f51', '1a6a57e2-e7f2-4271-97cc-4fa65b85d6b2');
INSERT INTO choice (id, questionnaire_id, interviewee_id) VALUES ('997cd15d-501a-419f-a608-bef4a0daaac3', 'a7e484ae-fb91-4ddf-a8c0-869a7f4ad0ee', '9c9056ac-4a7e-4345-ba62-510245df0574');
INSERT INTO option_choice (option_id, choice_id) VALUES ('c2e66b7f-cc24-45a4-a017-7a4d25149a85', '997cd15d-501a-419f-a608-bef4a0daaac3');
INSERT INTO choice (id, questionnaire_id, interviewee_id) VALUES ('c4e8c1e7-bbe4-4156-9b6b-5030b147763f', '56c296cd-7c3b-4eb1-90cb-745e555a098c', '9c9056ac-4a7e-4345-ba62-510245df0574');
INSERT INTO option_choice (option_id, choice_id) VALUES ('d583c2c9-6998-483b-a5e4-67068e974d6f', 'c4e8c1e7-bbe4-4156-9b6b-5030b147763f');
INSERT INTO option_choice (option_id, choice_id) VALUES ('75d9d333-93f8-42f6-be3b-9a5a24aa476c', 'c4e8c1e7-bbe4-4156-9b6b-5030b147763f');
INSERT INTO option_choice (option_id, choice_id) VALUES ('e2f977a1-4767-4f5b-b056-27e45348cf1a', 'c4e8c1e7-bbe4-4156-9b6b-5030b147763f');
INSERT INTO option_choice (option_id, choice_id) VALUES ('0e27133d-354c-4e2d-af9f-e74397954328', 'c4e8c1e7-bbe4-4156-9b6b-5030b147763f');
INSERT INTO option_choice (option_id, choice_id) VALUES ('00605853-328c-4a30-9227-5513208ca17e', 'c4e8c1e7-bbe4-4156-9b6b-5030b147763f');
INSERT INTO interviewee (id, login, password, age, gender, country, marital_status) VALUES ('ca3238be-6112-4f4f-a0a1-ad60460b85f9', 'interviewee676', 'qwerty', 27, 'female', 'DM', 'divorced');
INSERT INTO choice (id, questionnaire_id, interviewee_id) VALUES ('6ae88a3f-35c9-4665-b057-ecc1cd20f2a3', 'a2f7d656-4675-4d99-9435-95cbe535c6c1', 'ca3238be-6112-4f4f-a0a1-ad60460b85f9');
INSERT INTO option_choice (option_id, choice_id) VALUES ('d3d55bb1-ef9d-4b9a-b1b9-8e4375e7dbd0', '6ae88a3f-35c9-4665-b057-ecc1cd20f2a3');
INSERT INTO option_choice (option_id, choice_id) VALUES ('ced72831-705a-4153-849e-71a73e5a7d3c', '6ae88a3f-35c9-4665-b057-ecc1cd20f2a3');
INSERT INTO option_choice (option_id, choice_id) VALUES ('c6bb5cf5-3828-4747-8bb2-776e9deaeb04', '6ae88a3f-35c9-4665-b057-ecc1cd20f2a3');
INSERT INTO option_choice (option_id, choice_id) VALUES ('930526a4-2714-4f39-831c-55b3185bd967', '6ae88a3f-35c9-4665-b057-ecc1cd20f2a3');
INSERT INTO option_choice (option_id, choice_id) VALUES ('2366bc8e-690e-4739-b5f2-cf491cd8107c', '6ae88a3f-35c9-4665-b057-ecc1cd20f2a3');
INSERT INTO choice (id, questionnaire_id, interviewee_id) VALUES ('99a231ed-1f56-4e00-bab1-5c13b6981156', 'e2cf177f-e49f-4aef-99a6-095d711c6ec2', 'ca3238be-6112-4f4f-a0a1-ad60460b85f9');
INSERT INTO option_choice (option_id, choice_id) VALUES ('1b5e4a41-da4c-4845-8698-5ed9deee3ca2', '99a231ed-1f56-4e00-bab1-5c13b6981156');
INSERT INTO choice (id, questionnaire_id, interviewee_id) VALUES ('9db20f2f-9aaf-4f36-a239-89fec66887c8', '342b973f-a1d1-4062-a073-fb80b6195e1a', 'ca3238be-6112-4f4f-a0a1-ad60460b85f9');
INSERT INTO option_choice (option_id, choice_id) VALUES ('d84282d4-6002-4289-bb10-cb7bfd2e906b', '9db20f2f-9aaf-4f36-a239-89fec66887c8');
INSERT INTO option_choice (option_id, choice_id) VALUES ('a95386af-e627-4a57-adc2-0009818da88b', '9db20f2f-9aaf-4f36-a239-89fec66887c8');
INSERT INTO option_choice (option_id, choice_id) VALUES ('47afaa62-a5ba-4be6-81b8-673fae59c987', '9db20f2f-9aaf-4f36-a239-89fec66887c8');
INSERT INTO interviewee (id, login, password, age, gender, country, marital_status) VALUES ('1ac06f51-9d82-40f5-99f6-66f89eec4b4f', 'interviewee677', 'qwerty', 37, 'male', 'BY', 'married');
INSERT INTO choice (id, questionnaire_id, interviewee_id) VALUES ('a97811c6-1bf2-4d99-91cd-68122a1add6c', 'e679f6e5-388e-4679-9f14-15a0896d2816', '1ac06f51-9d82-40f5-99f6-66f89eec4b4f');
INSERT INTO option_choice (option_id, choice_id) VALUES ('01fc26e1-e8f8-407f-a1b8-6af243e9c3dd', 'a97811c6-1bf2-4d99-91cd-68122a1add6c');
INSERT INTO option_choice (option_id, choice_id) VALUES ('f62b7b4d-17f1-4686-9782-f0b454d6f390', 'a97811c6-1bf2-4d99-91cd-68122a1add6c');
INSERT INTO option_choice (option_id, choice_id) VALUES ('ae13d28d-5670-495b-a9e0-d0949dab86e3', 'a97811c6-1bf2-4d99-91cd-68122a1add6c');
INSERT INTO option_choice (option_id, choice_id) VALUES ('7fc08a6e-900b-45ea-b455-29a8eb343039', 'a97811c6-1bf2-4d99-91cd-68122a1add6c');
INSERT INTO option_choice (option_id, choice_id) VALUES ('3ee9dd0f-6306-4f8b-bdec-27347884621a', 'a97811c6-1bf2-4d99-91cd-68122a1add6c');
INSERT INTO option_choice (option_id, choice_id) VALUES ('5169914a-cf41-4077-8993-1322df09c3da', 'a97811c6-1bf2-4d99-91cd-68122a1add6c');
INSERT INTO choice (id, questionnaire_id, interviewee_id) VALUES ('95afd2e1-420a-4851-96a7-6a60c6ba81ec', '6a34c81d-d686-4ce4-8e2f-ec3d2ba47346', '1ac06f51-9d82-40f5-99f6-66f89eec4b4f');
INSERT INTO option_choice (option_id, choice_id) VALUES ('f7043315-74b1-4456-92cc-0c7dc1e0dd21', '95afd2e1-420a-4851-96a7-6a60c6ba81ec');
INSERT INTO interviewee (id, login, password, age, gender, country, marital_status) VALUES ('bd4bdafc-f6d0-4842-b4f0-bedc0881a631', 'interviewee678', 'qwerty', 35, 'male', 'FI', 'married');
INSERT INTO choice (id, questionnaire_id, interviewee_id) VALUES ('db340d0c-528b-4989-a3af-aa8cc588cd9e', 'b5ae5620-2d58-48f5-a060-28e8fd1859dd', 'bd4bdafc-f6d0-4842-b4f0-bedc0881a631');
INSERT INTO option_choice (option_id, choice_id) VALUES ('fc3d8e7d-c82b-4208-82dd-e6917cf8765e', 'db340d0c-528b-4989-a3af-aa8cc588cd9e');
INSERT INTO interviewee (id, login, password, age, gender, country, marital_status) VALUES ('bd1cf868-5646-493b-a850-311d4c0bbc19', 'interviewee679', 'qwerty', 32, 'female', 'PS', 'was_not_married');
INSERT INTO choice (id, questionnaire_id, interviewee_id) VALUES ('ccf06461-1818-419d-9cc0-6f70f8defa94', 'a7e484ae-fb91-4ddf-a8c0-869a7f4ad0ee', 'bd1cf868-5646-493b-a850-311d4c0bbc19');
INSERT INTO option_choice (option_id, choice_id) VALUES ('c2e66b7f-cc24-45a4-a017-7a4d25149a85', 'ccf06461-1818-419d-9cc0-6f70f8defa94');
INSERT INTO choice (id, questionnaire_id, interviewee_id) VALUES ('63eab424-b3e2-45bc-bfff-889bc9f011d1', '0b6580ec-1374-4a48-ad1d-b1fa316ad9be', 'bd1cf868-5646-493b-a850-311d4c0bbc19');
INSERT INTO option_choice (option_id, choice_id) VALUES ('a518cc4d-143a-45ca-b29f-a7c53dacc773', '63eab424-b3e2-45bc-bfff-889bc9f011d1');
INSERT INTO option_choice (option_id, choice_id) VALUES ('82cec316-48c4-48d4-9d69-8a67e9d22eca', '63eab424-b3e2-45bc-bfff-889bc9f011d1');
INSERT INTO choice (id, questionnaire_id, interviewee_id) VALUES ('233a8941-7034-421d-a138-a19b8a396534', '1a336595-020d-4026-a389-afd9a80cf707', 'bd1cf868-5646-493b-a850-311d4c0bbc19');
INSERT INTO option_choice (option_id, choice_id) VALUES ('026e21bd-77e7-46bc-85ba-c7e5eea39031', '233a8941-7034-421d-a138-a19b8a396534');
INSERT INTO interviewee (id, login, password, age, gender, country, marital_status) VALUES ('55e5c2ab-062a-4460-a504-28d8e997ded2', 'interviewee680', 'qwerty', 14, 'female', 'EH', 'married');
INSERT INTO choice (id, questionnaire_id, interviewee_id) VALUES ('d9420015-d3f4-4c46-a95d-ac9f1065ff46', '557cb630-d2f4-4e11-afe9-d50534deb525', '55e5c2ab-062a-4460-a504-28d8e997ded2');
INSERT INTO option_choice (option_id, choice_id) VALUES ('3495c366-5183-4e9e-856e-8a1c40f7bab1', 'd9420015-d3f4-4c46-a95d-ac9f1065ff46');
INSERT INTO interviewee (id, login, password, age, gender, country, marital_status) VALUES ('20071504-751f-4572-b77d-c9e509959b96', 'interviewee681', 'qwerty', 29, 'female', 'MR', 'married');
INSERT INTO choice (id, questionnaire_id, interviewee_id) VALUES ('bdc99274-1e8d-4778-927f-ec105816a21c', 'cb70c074-82ef-4114-aabc-e940a19b5bb0', '20071504-751f-4572-b77d-c9e509959b96');
INSERT INTO option_choice (option_id, choice_id) VALUES ('b2aebe06-b155-47cd-a39d-b9c1beabb465', 'bdc99274-1e8d-4778-927f-ec105816a21c');
INSERT INTO option_choice (option_id, choice_id) VALUES ('c2db2843-0153-4422-8aa4-c4c9e640418d', 'bdc99274-1e8d-4778-927f-ec105816a21c');
INSERT INTO choice (id, questionnaire_id, interviewee_id) VALUES ('5f100caf-f506-4a9d-b890-8cb28686b09f', 'b6588e29-37de-425f-834e-e867f77794ce', '20071504-751f-4572-b77d-c9e509959b96');
INSERT INTO option_choice (option_id, choice_id) VALUES ('40c301f5-13ed-4b94-85aa-e1c562adce4d', '5f100caf-f506-4a9d-b890-8cb28686b09f');
INSERT INTO option_choice (option_id, choice_id) VALUES ('07e7a8bf-65e2-41d5-aeef-91bcbe765392', '5f100caf-f506-4a9d-b890-8cb28686b09f');
INSERT INTO option_choice (option_id, choice_id) VALUES ('46bd1403-2ee0-4145-8014-8dd4fafcb8af', '5f100caf-f506-4a9d-b890-8cb28686b09f');
INSERT INTO option_choice (option_id, choice_id) VALUES ('5b82f100-bb0f-47ec-9395-7a0409f4b7ef', '5f100caf-f506-4a9d-b890-8cb28686b09f');
INSERT INTO option_choice (option_id, choice_id) VALUES ('460ff4a7-d376-4dc8-b5bb-9ab1989fbb31', '5f100caf-f506-4a9d-b890-8cb28686b09f');
INSERT INTO choice (id, questionnaire_id, interviewee_id) VALUES ('dbe9b606-f609-4b7c-81c8-6a09204a7fd2', 'a7e484ae-fb91-4ddf-a8c0-869a7f4ad0ee', '20071504-751f-4572-b77d-c9e509959b96');
INSERT INTO option_choice (option_id, choice_id) VALUES ('4331f8de-01b0-4500-b3ce-a712074f2e20', 'dbe9b606-f609-4b7c-81c8-6a09204a7fd2');
INSERT INTO interviewee (id, login, password, age, gender, country, marital_status) VALUES ('7f613879-fa92-40cf-b7cd-29ca4c76633b', 'interviewee682', 'qwerty', 55, 'female', 'GI', 'married');
INSERT INTO choice (id, questionnaire_id, interviewee_id) VALUES ('fb1c25f9-e52e-4e75-9bc7-3139cf93a4e6', 'a7e484ae-fb91-4ddf-a8c0-869a7f4ad0ee', '7f613879-fa92-40cf-b7cd-29ca4c76633b');
INSERT INTO option_choice (option_id, choice_id) VALUES ('c2e66b7f-cc24-45a4-a017-7a4d25149a85', 'fb1c25f9-e52e-4e75-9bc7-3139cf93a4e6');
INSERT INTO choice (id, questionnaire_id, interviewee_id) VALUES ('dd2d046d-64e5-4706-acc0-72fae35802ed', 'b5ae5620-2d58-48f5-a060-28e8fd1859dd', '7f613879-fa92-40cf-b7cd-29ca4c76633b');
INSERT INTO option_choice (option_id, choice_id) VALUES ('a5e432ce-d2c6-4c6b-912f-dd0aa7f19d87', 'dd2d046d-64e5-4706-acc0-72fae35802ed');
INSERT INTO choice (id, questionnaire_id, interviewee_id) VALUES ('80494aa6-9b31-4883-a13e-1e6794a45dfe', '8902d50d-0421-4680-82f2-f2b1b667e3fd', '7f613879-fa92-40cf-b7cd-29ca4c76633b');
INSERT INTO option_choice (option_id, choice_id) VALUES ('cbdaf253-f6a6-406f-a288-e0397682e9f8', '80494aa6-9b31-4883-a13e-1e6794a45dfe');
INSERT INTO interviewee (id, login, password, age, gender, country, marital_status) VALUES ('27ed44f9-dc19-4ca4-a27a-ebf086758350', 'interviewee683', 'qwerty', 64, 'female', 'AE', 'was_not_married');
INSERT INTO choice (id, questionnaire_id, interviewee_id) VALUES ('fff3b05a-40dc-4706-96da-949184d7d5d7', '1a336595-020d-4026-a389-afd9a80cf707', '27ed44f9-dc19-4ca4-a27a-ebf086758350');
INSERT INTO option_choice (option_id, choice_id) VALUES ('15439bd9-6ff1-4651-a545-60ef7679f375', 'fff3b05a-40dc-4706-96da-949184d7d5d7');
INSERT INTO choice (id, questionnaire_id, interviewee_id) VALUES ('ec77c02c-98ef-4213-ad9e-9febfe445f45', '91a16ec4-1a91-44d1-bb08-6e9fc823c230', '27ed44f9-dc19-4ca4-a27a-ebf086758350');
INSERT INTO option_choice (option_id, choice_id) VALUES ('cab8632d-19dd-4ddc-9c90-669949088fa5', 'ec77c02c-98ef-4213-ad9e-9febfe445f45');
INSERT INTO option_choice (option_id, choice_id) VALUES ('fbc23714-2c99-4441-8130-94075c78f6e8', 'ec77c02c-98ef-4213-ad9e-9febfe445f45');
INSERT INTO option_choice (option_id, choice_id) VALUES ('690b73cc-52e3-435d-a3bd-78733e5fdeaf', 'ec77c02c-98ef-4213-ad9e-9febfe445f45');
INSERT INTO choice (id, questionnaire_id, interviewee_id) VALUES ('4a60dc4a-bc36-44e6-9c6f-ddb82c005ea8', '8902d50d-0421-4680-82f2-f2b1b667e3fd', '27ed44f9-dc19-4ca4-a27a-ebf086758350');
INSERT INTO option_choice (option_id, choice_id) VALUES ('699e6428-3838-43e4-88f0-8fa31ae6d648', '4a60dc4a-bc36-44e6-9c6f-ddb82c005ea8');
INSERT INTO interviewee (id, login, password, age, gender, country, marital_status) VALUES ('e56a7f3f-c309-49e1-b695-b610d2388ffe', 'interviewee684', 'qwerty', 38, 'female', 'PL', 'was_not_married');
INSERT INTO choice (id, questionnaire_id, interviewee_id) VALUES ('e5551f61-73ef-4c34-8fe7-08da99dad8d9', 'e679f6e5-388e-4679-9f14-15a0896d2816', 'e56a7f3f-c309-49e1-b695-b610d2388ffe');
INSERT INTO option_choice (option_id, choice_id) VALUES ('7fc08a6e-900b-45ea-b455-29a8eb343039', 'e5551f61-73ef-4c34-8fe7-08da99dad8d9');
INSERT INTO option_choice (option_id, choice_id) VALUES ('ae13d28d-5670-495b-a9e0-d0949dab86e3', 'e5551f61-73ef-4c34-8fe7-08da99dad8d9');
INSERT INTO option_choice (option_id, choice_id) VALUES ('3ee9dd0f-6306-4f8b-bdec-27347884621a', 'e5551f61-73ef-4c34-8fe7-08da99dad8d9');
INSERT INTO choice (id, questionnaire_id, interviewee_id) VALUES ('cfc45d78-5d69-4857-9b16-246370e81e24', '0b6580ec-1374-4a48-ad1d-b1fa316ad9be', 'e56a7f3f-c309-49e1-b695-b610d2388ffe');
INSERT INTO option_choice (option_id, choice_id) VALUES ('a518cc4d-143a-45ca-b29f-a7c53dacc773', 'cfc45d78-5d69-4857-9b16-246370e81e24');
INSERT INTO option_choice (option_id, choice_id) VALUES ('82be4575-892d-453a-b3d9-0827c6b6d6df', 'cfc45d78-5d69-4857-9b16-246370e81e24');
INSERT INTO option_choice (option_id, choice_id) VALUES ('68263915-d7e9-4ac6-9c14-f48cf8807857', 'cfc45d78-5d69-4857-9b16-246370e81e24');
INSERT INTO option_choice (option_id, choice_id) VALUES ('82cec316-48c4-48d4-9d69-8a67e9d22eca', 'cfc45d78-5d69-4857-9b16-246370e81e24');
INSERT INTO interviewee (id, login, password, age, gender, country, marital_status) VALUES ('378699c9-ec59-4e8f-806b-cabef5342b61', 'interviewee685', 'qwerty', 18, 'female', 'MA', 'divorced');
INSERT INTO choice (id, questionnaire_id, interviewee_id) VALUES ('051a2219-9e47-4160-b9be-75bc8894d575', 'a345b682-c7ac-49ac-9f14-4f5173a872d8', '378699c9-ec59-4e8f-806b-cabef5342b61');
INSERT INTO option_choice (option_id, choice_id) VALUES ('4389db4e-2a8b-43f8-8643-dd6f5a5f160e', '051a2219-9e47-4160-b9be-75bc8894d575');
INSERT INTO choice (id, questionnaire_id, interviewee_id) VALUES ('9fa24740-c6ba-4b5e-a757-64c812eef0e6', 'a2f7d656-4675-4d99-9435-95cbe535c6c1', '378699c9-ec59-4e8f-806b-cabef5342b61');
INSERT INTO option_choice (option_id, choice_id) VALUES ('394c3616-edd7-4820-aa09-f4425e4f774c', '9fa24740-c6ba-4b5e-a757-64c812eef0e6');
INSERT INTO option_choice (option_id, choice_id) VALUES ('2366bc8e-690e-4739-b5f2-cf491cd8107c', '9fa24740-c6ba-4b5e-a757-64c812eef0e6');
INSERT INTO option_choice (option_id, choice_id) VALUES ('930526a4-2714-4f39-831c-55b3185bd967', '9fa24740-c6ba-4b5e-a757-64c812eef0e6');
INSERT INTO interviewee (id, login, password, age, gender, country, marital_status) VALUES ('d05075b4-8070-4ac8-b4ae-fa25bfa959d3', 'interviewee686', 'qwerty', 68, 'female', 'NR', 'divorced');
INSERT INTO choice (id, questionnaire_id, interviewee_id) VALUES ('b7257a2a-a224-4ab9-a218-ca382c09d10d', 'e679f6e5-388e-4679-9f14-15a0896d2816', 'd05075b4-8070-4ac8-b4ae-fa25bfa959d3');
INSERT INTO option_choice (option_id, choice_id) VALUES ('3ee9dd0f-6306-4f8b-bdec-27347884621a', 'b7257a2a-a224-4ab9-a218-ca382c09d10d');
INSERT INTO option_choice (option_id, choice_id) VALUES ('f62b7b4d-17f1-4686-9782-f0b454d6f390', 'b7257a2a-a224-4ab9-a218-ca382c09d10d');
INSERT INTO choice (id, questionnaire_id, interviewee_id) VALUES ('9aa524e2-9dbe-4648-b576-83281ac165b4', 'e2cf177f-e49f-4aef-99a6-095d711c6ec2', 'd05075b4-8070-4ac8-b4ae-fa25bfa959d3');
INSERT INTO option_choice (option_id, choice_id) VALUES ('1b5e4a41-da4c-4845-8698-5ed9deee3ca2', '9aa524e2-9dbe-4648-b576-83281ac165b4');
INSERT INTO choice (id, questionnaire_id, interviewee_id) VALUES ('293c6879-aec5-4a70-b2a4-5e752b7a2ecd', 'b5ae5620-2d58-48f5-a060-28e8fd1859dd', 'd05075b4-8070-4ac8-b4ae-fa25bfa959d3');
INSERT INTO option_choice (option_id, choice_id) VALUES ('fc3d8e7d-c82b-4208-82dd-e6917cf8765e', '293c6879-aec5-4a70-b2a4-5e752b7a2ecd');
INSERT INTO interviewee (id, login, password, age, gender, country, marital_status) VALUES ('4a5b8f7d-2990-455d-8b76-081d73ae02c5', 'interviewee687', 'qwerty', 52, 'female', 'GS', 'married');
INSERT INTO choice (id, questionnaire_id, interviewee_id) VALUES ('2b83e6fd-d46f-40e0-872c-a5dbe9a08713', 'af6f1431-a90e-4919-83a4-359d6a8a7d22', '4a5b8f7d-2990-455d-8b76-081d73ae02c5');
INSERT INTO option_choice (option_id, choice_id) VALUES ('a3c0df26-f677-4a76-9fc9-e8bcb2a586ec', '2b83e6fd-d46f-40e0-872c-a5dbe9a08713');
INSERT INTO option_choice (option_id, choice_id) VALUES ('14b9069e-cc19-448a-96f6-c333a9a53635', '2b83e6fd-d46f-40e0-872c-a5dbe9a08713');
INSERT INTO option_choice (option_id, choice_id) VALUES ('e6932ff8-921c-4ab7-b5c5-37e59ea816fd', '2b83e6fd-d46f-40e0-872c-a5dbe9a08713');
INSERT INTO option_choice (option_id, choice_id) VALUES ('b6cea016-cb83-4752-bbc0-0e2a71b294d6', '2b83e6fd-d46f-40e0-872c-a5dbe9a08713');
INSERT INTO option_choice (option_id, choice_id) VALUES ('e41b3b09-f2a6-4206-bfde-743557a31646', '2b83e6fd-d46f-40e0-872c-a5dbe9a08713');
INSERT INTO interviewee (id, login, password, age, gender, country, marital_status) VALUES ('bc708666-e80a-4995-8935-44ed91fb19d7', 'interviewee688', 'qwerty', 68, 'female', 'AZ', 'was_not_married');
INSERT INTO choice (id, questionnaire_id, interviewee_id) VALUES ('5f01e0bf-cb10-47c5-a800-0c2f85049173', 'cb70c074-82ef-4114-aabc-e940a19b5bb0', 'bc708666-e80a-4995-8935-44ed91fb19d7');
INSERT INTO option_choice (option_id, choice_id) VALUES ('b2aebe06-b155-47cd-a39d-b9c1beabb465', '5f01e0bf-cb10-47c5-a800-0c2f85049173');
INSERT INTO interviewee (id, login, password, age, gender, country, marital_status) VALUES ('3c8bd300-dd04-463b-bfcd-ab940898810e', 'interviewee689', 'qwerty', 63, 'female', 'LU', 'was_not_married');
INSERT INTO choice (id, questionnaire_id, interviewee_id) VALUES ('b507ef49-a9fa-406e-ba45-16e06111fc99', '342b973f-a1d1-4062-a073-fb80b6195e1a', '3c8bd300-dd04-463b-bfcd-ab940898810e');
INSERT INTO option_choice (option_id, choice_id) VALUES ('d84282d4-6002-4289-bb10-cb7bfd2e906b', 'b507ef49-a9fa-406e-ba45-16e06111fc99');
INSERT INTO interviewee (id, login, password, age, gender, country, marital_status) VALUES ('ae8d6254-bbae-4ab5-aefe-3ce3ccf95794', 'interviewee690', 'qwerty', 35, 'male', 'MN', 'was_not_married');
INSERT INTO choice (id, questionnaire_id, interviewee_id) VALUES ('7f936684-03e9-43d1-947c-1ce3a926b01c', 'afb83fe3-e755-403b-9a15-c18b3782c012', 'ae8d6254-bbae-4ab5-aefe-3ce3ccf95794');
INSERT INTO option_choice (option_id, choice_id) VALUES ('db1f1f55-651e-4dd8-b4c1-deb2f26216b2', '7f936684-03e9-43d1-947c-1ce3a926b01c');
INSERT INTO choice (id, questionnaire_id, interviewee_id) VALUES ('059b186a-67fd-4f5c-ac73-1430d5622003', '8902d50d-0421-4680-82f2-f2b1b667e3fd', 'ae8d6254-bbae-4ab5-aefe-3ce3ccf95794');
INSERT INTO option_choice (option_id, choice_id) VALUES ('cbdaf253-f6a6-406f-a288-e0397682e9f8', '059b186a-67fd-4f5c-ac73-1430d5622003');
INSERT INTO choice (id, questionnaire_id, interviewee_id) VALUES ('d0f1e2c2-eb4d-4e05-870d-9266967b0613', '0b6580ec-1374-4a48-ad1d-b1fa316ad9be', 'ae8d6254-bbae-4ab5-aefe-3ce3ccf95794');
INSERT INTO option_choice (option_id, choice_id) VALUES ('82cec316-48c4-48d4-9d69-8a67e9d22eca', 'd0f1e2c2-eb4d-4e05-870d-9266967b0613');
INSERT INTO option_choice (option_id, choice_id) VALUES ('68263915-d7e9-4ac6-9c14-f48cf8807857', 'd0f1e2c2-eb4d-4e05-870d-9266967b0613');
INSERT INTO interviewee (id, login, password, age, gender, country, marital_status) VALUES ('b3ae8361-9ae9-4a7f-b129-32ccea56fd5c', 'interviewee691', 'qwerty', 38, 'female', 'WS', 'married');
INSERT INTO choice (id, questionnaire_id, interviewee_id) VALUES ('31bc1d99-41e7-4105-af7e-183b1d30f7bb', '56c296cd-7c3b-4eb1-90cb-745e555a098c', 'b3ae8361-9ae9-4a7f-b129-32ccea56fd5c');
INSERT INTO option_choice (option_id, choice_id) VALUES ('d583c2c9-6998-483b-a5e4-67068e974d6f', '31bc1d99-41e7-4105-af7e-183b1d30f7bb');
INSERT INTO option_choice (option_id, choice_id) VALUES ('0e27133d-354c-4e2d-af9f-e74397954328', '31bc1d99-41e7-4105-af7e-183b1d30f7bb');
INSERT INTO option_choice (option_id, choice_id) VALUES ('75d9d333-93f8-42f6-be3b-9a5a24aa476c', '31bc1d99-41e7-4105-af7e-183b1d30f7bb');
INSERT INTO option_choice (option_id, choice_id) VALUES ('00605853-328c-4a30-9227-5513208ca17e', '31bc1d99-41e7-4105-af7e-183b1d30f7bb');
INSERT INTO choice (id, questionnaire_id, interviewee_id) VALUES ('ecc86cf2-a089-4c30-ab16-68cf6673fb76', '6a34c81d-d686-4ce4-8e2f-ec3d2ba47346', 'b3ae8361-9ae9-4a7f-b129-32ccea56fd5c');
INSERT INTO option_choice (option_id, choice_id) VALUES ('553e0886-1a11-4d34-ad3c-c3ee745c28c8', 'ecc86cf2-a089-4c30-ab16-68cf6673fb76');
INSERT INTO choice (id, questionnaire_id, interviewee_id) VALUES ('74ed0486-2b2e-420c-8efc-e0f4c57f224d', '557cb630-d2f4-4e11-afe9-d50534deb525', 'b3ae8361-9ae9-4a7f-b129-32ccea56fd5c');
INSERT INTO option_choice (option_id, choice_id) VALUES ('e7f8d933-d81f-4080-9dd3-d1b981b9cd11', '74ed0486-2b2e-420c-8efc-e0f4c57f224d');
INSERT INTO interviewee (id, login, password, age, gender, country, marital_status) VALUES ('4f88f317-2398-4f24-a325-8602e0d93d56', 'interviewee692', 'qwerty', 65, 'male', 'ST', 'married');
INSERT INTO choice (id, questionnaire_id, interviewee_id) VALUES ('058faf73-fd4c-464e-b7cd-39fc774562db', '21abb345-1235-4f5e-8b5b-2f6f89f30fee', '4f88f317-2398-4f24-a325-8602e0d93d56');
INSERT INTO option_choice (option_id, choice_id) VALUES ('40408222-66d0-42a2-ad65-3a6b1158d780', '058faf73-fd4c-464e-b7cd-39fc774562db');
INSERT INTO choice (id, questionnaire_id, interviewee_id) VALUES ('896e7c48-69f2-4b3d-8be4-558c88a831d8', 'b6588e29-37de-425f-834e-e867f77794ce', '4f88f317-2398-4f24-a325-8602e0d93d56');
INSERT INTO option_choice (option_id, choice_id) VALUES ('5b82f100-bb0f-47ec-9395-7a0409f4b7ef', '896e7c48-69f2-4b3d-8be4-558c88a831d8');
INSERT INTO option_choice (option_id, choice_id) VALUES ('46bd1403-2ee0-4145-8014-8dd4fafcb8af', '896e7c48-69f2-4b3d-8be4-558c88a831d8');
INSERT INTO option_choice (option_id, choice_id) VALUES ('4bde418e-a165-43f7-ac7b-c6d2ab034e2e', '896e7c48-69f2-4b3d-8be4-558c88a831d8');
INSERT INTO option_choice (option_id, choice_id) VALUES ('ec37510e-f2a1-4e16-ae94-e9ea2c4461e3', '896e7c48-69f2-4b3d-8be4-558c88a831d8');
INSERT INTO option_choice (option_id, choice_id) VALUES ('7f0bbd14-8cfc-4a28-88f7-5af992a4c02b', '896e7c48-69f2-4b3d-8be4-558c88a831d8');
INSERT INTO option_choice (option_id, choice_id) VALUES ('07e7a8bf-65e2-41d5-aeef-91bcbe765392', '896e7c48-69f2-4b3d-8be4-558c88a831d8');
INSERT INTO option_choice (option_id, choice_id) VALUES ('460ff4a7-d376-4dc8-b5bb-9ab1989fbb31', '896e7c48-69f2-4b3d-8be4-558c88a831d8');
INSERT INTO choice (id, questionnaire_id, interviewee_id) VALUES ('2979f58d-224e-4a6b-b6d2-17c390001d0f', 'd05638df-f11c-413d-8456-ee036bed2914', '4f88f317-2398-4f24-a325-8602e0d93d56');
INSERT INTO option_choice (option_id, choice_id) VALUES ('b4b64304-6288-40df-8120-283c58db8d1a', '2979f58d-224e-4a6b-b6d2-17c390001d0f');
INSERT INTO interviewee (id, login, password, age, gender, country, marital_status) VALUES ('9af1c4b3-a6e1-445b-a227-e14192dcf001', 'interviewee693', 'qwerty', 68, 'male', 'RS', 'married');
INSERT INTO choice (id, questionnaire_id, interviewee_id) VALUES ('fea72fbe-0ddc-471d-8800-654f4cd8be47', 'f680addd-a0b2-4101-9e1f-5e0870943c68', '9af1c4b3-a6e1-445b-a227-e14192dcf001');
INSERT INTO option_choice (option_id, choice_id) VALUES ('5e0b63d0-2a10-4ab5-a66a-a47615b50b03', 'fea72fbe-0ddc-471d-8800-654f4cd8be47');
INSERT INTO choice (id, questionnaire_id, interviewee_id) VALUES ('eecefe1a-44e6-422c-9732-133fcdb911a2', '6a34c81d-d686-4ce4-8e2f-ec3d2ba47346', '9af1c4b3-a6e1-445b-a227-e14192dcf001');
INSERT INTO option_choice (option_id, choice_id) VALUES ('553e0886-1a11-4d34-ad3c-c3ee745c28c8', 'eecefe1a-44e6-422c-9732-133fcdb911a2');
INSERT INTO interviewee (id, login, password, age, gender, country, marital_status) VALUES ('7a4799e3-79a5-49a8-a162-743673fa980b', 'interviewee694', 'qwerty', 50, 'female', 'PA', 'married');
INSERT INTO choice (id, questionnaire_id, interviewee_id) VALUES ('3c887d33-d446-439c-b32a-f7ca3b0d460a', 'd05638df-f11c-413d-8456-ee036bed2914', '7a4799e3-79a5-49a8-a162-743673fa980b');
INSERT INTO option_choice (option_id, choice_id) VALUES ('b0557de3-6b66-4e79-b1ac-c2b8f0a5096b', '3c887d33-d446-439c-b32a-f7ca3b0d460a');
INSERT INTO interviewee (id, login, password, age, gender, country, marital_status) VALUES ('3050701d-81a0-453d-8cb7-9d9c37ef9be3', 'interviewee695', 'qwerty', 43, 'male', 'TC', 'divorced');
INSERT INTO choice (id, questionnaire_id, interviewee_id) VALUES ('c12d5fcf-d9cc-4661-93a9-263fcbf57522', 'a345b682-c7ac-49ac-9f14-4f5173a872d8', '3050701d-81a0-453d-8cb7-9d9c37ef9be3');
INSERT INTO option_choice (option_id, choice_id) VALUES ('4389db4e-2a8b-43f8-8643-dd6f5a5f160e', 'c12d5fcf-d9cc-4661-93a9-263fcbf57522');
INSERT INTO choice (id, questionnaire_id, interviewee_id) VALUES ('be3948dc-e044-4041-a5eb-a274f3802ad6', 'afb83fe3-e755-403b-9a15-c18b3782c012', '3050701d-81a0-453d-8cb7-9d9c37ef9be3');
INSERT INTO option_choice (option_id, choice_id) VALUES ('db1f1f55-651e-4dd8-b4c1-deb2f26216b2', 'be3948dc-e044-4041-a5eb-a274f3802ad6');
INSERT INTO interviewee (id, login, password, age, gender, country, marital_status) VALUES ('7f439d23-d0ee-41ce-9591-a422ac545d8b', 'interviewee696', 'qwerty', 22, 'female', 'AR', 'married');
INSERT INTO choice (id, questionnaire_id, interviewee_id) VALUES ('ab8329b7-0efa-455d-8c43-2c5d06958cfe', 'b5ae5620-2d58-48f5-a060-28e8fd1859dd', '7f439d23-d0ee-41ce-9591-a422ac545d8b');
INSERT INTO option_choice (option_id, choice_id) VALUES ('fc3d8e7d-c82b-4208-82dd-e6917cf8765e', 'ab8329b7-0efa-455d-8c43-2c5d06958cfe');
INSERT INTO choice (id, questionnaire_id, interviewee_id) VALUES ('fe6e7d53-7bd5-406e-8eed-47822a811acd', '91a16ec4-1a91-44d1-bb08-6e9fc823c230', '7f439d23-d0ee-41ce-9591-a422ac545d8b');
INSERT INTO option_choice (option_id, choice_id) VALUES ('690b73cc-52e3-435d-a3bd-78733e5fdeaf', 'fe6e7d53-7bd5-406e-8eed-47822a811acd');
INSERT INTO option_choice (option_id, choice_id) VALUES ('cab8632d-19dd-4ddc-9c90-669949088fa5', 'fe6e7d53-7bd5-406e-8eed-47822a811acd');
INSERT INTO option_choice (option_id, choice_id) VALUES ('5b32da45-be75-42c8-8fa7-ba776167a759', 'fe6e7d53-7bd5-406e-8eed-47822a811acd');
INSERT INTO option_choice (option_id, choice_id) VALUES ('fbc23714-2c99-4441-8130-94075c78f6e8', 'fe6e7d53-7bd5-406e-8eed-47822a811acd');
INSERT INTO interviewee (id, login, password, age, gender, country, marital_status) VALUES ('802750c2-a362-4788-a3a8-2f49ac6801fd', 'interviewee697', 'qwerty', 68, 'female', 'BN', 'divorced');
INSERT INTO choice (id, questionnaire_id, interviewee_id) VALUES ('14e2feb4-dcb5-4bca-9f0f-392bb63804fa', 'a2f7d656-4675-4d99-9435-95cbe535c6c1', '802750c2-a362-4788-a3a8-2f49ac6801fd');
INSERT INTO option_choice (option_id, choice_id) VALUES ('c6bb5cf5-3828-4747-8bb2-776e9deaeb04', '14e2feb4-dcb5-4bca-9f0f-392bb63804fa');
INSERT INTO option_choice (option_id, choice_id) VALUES ('930526a4-2714-4f39-831c-55b3185bd967', '14e2feb4-dcb5-4bca-9f0f-392bb63804fa');
INSERT INTO option_choice (option_id, choice_id) VALUES ('ced72831-705a-4153-849e-71a73e5a7d3c', '14e2feb4-dcb5-4bca-9f0f-392bb63804fa');
INSERT INTO option_choice (option_id, choice_id) VALUES ('d3d55bb1-ef9d-4b9a-b1b9-8e4375e7dbd0', '14e2feb4-dcb5-4bca-9f0f-392bb63804fa');
INSERT INTO choice (id, questionnaire_id, interviewee_id) VALUES ('6fd5b66f-00b4-465e-b815-1c871169ffa4', 'afb83fe3-e755-403b-9a15-c18b3782c012', '802750c2-a362-4788-a3a8-2f49ac6801fd');
INSERT INTO option_choice (option_id, choice_id) VALUES ('20880a56-05fa-464a-90ad-faf02a83fa77', '6fd5b66f-00b4-465e-b815-1c871169ffa4');
INSERT INTO choice (id, questionnaire_id, interviewee_id) VALUES ('d5c09348-60c4-41f1-b238-d5a1ce613438', 'b6588e29-37de-425f-834e-e867f77794ce', '802750c2-a362-4788-a3a8-2f49ac6801fd');
INSERT INTO option_choice (option_id, choice_id) VALUES ('5b82f100-bb0f-47ec-9395-7a0409f4b7ef', 'd5c09348-60c4-41f1-b238-d5a1ce613438');
INSERT INTO option_choice (option_id, choice_id) VALUES ('4bde418e-a165-43f7-ac7b-c6d2ab034e2e', 'd5c09348-60c4-41f1-b238-d5a1ce613438');
INSERT INTO option_choice (option_id, choice_id) VALUES ('07e7a8bf-65e2-41d5-aeef-91bcbe765392', 'd5c09348-60c4-41f1-b238-d5a1ce613438');
INSERT INTO option_choice (option_id, choice_id) VALUES ('ec37510e-f2a1-4e16-ae94-e9ea2c4461e3', 'd5c09348-60c4-41f1-b238-d5a1ce613438');
INSERT INTO option_choice (option_id, choice_id) VALUES ('460ff4a7-d376-4dc8-b5bb-9ab1989fbb31', 'd5c09348-60c4-41f1-b238-d5a1ce613438');
INSERT INTO option_choice (option_id, choice_id) VALUES ('46bd1403-2ee0-4145-8014-8dd4fafcb8af', 'd5c09348-60c4-41f1-b238-d5a1ce613438');
INSERT INTO option_choice (option_id, choice_id) VALUES ('40c301f5-13ed-4b94-85aa-e1c562adce4d', 'd5c09348-60c4-41f1-b238-d5a1ce613438');
INSERT INTO option_choice (option_id, choice_id) VALUES ('7f0bbd14-8cfc-4a28-88f7-5af992a4c02b', 'd5c09348-60c4-41f1-b238-d5a1ce613438');
INSERT INTO interviewee (id, login, password, age, gender, country, marital_status) VALUES ('3d975bab-b1af-42dc-89f4-49a3879383df', 'interviewee698', 'qwerty', 54, 'female', 'PS', 'was_not_married');
INSERT INTO choice (id, questionnaire_id, interviewee_id) VALUES ('fd5dde42-9b00-4996-b007-d8077970f1e7', 'a2f7d656-4675-4d99-9435-95cbe535c6c1', '3d975bab-b1af-42dc-89f4-49a3879383df');
INSERT INTO option_choice (option_id, choice_id) VALUES ('ced72831-705a-4153-849e-71a73e5a7d3c', 'fd5dde42-9b00-4996-b007-d8077970f1e7');
INSERT INTO option_choice (option_id, choice_id) VALUES ('394c3616-edd7-4820-aa09-f4425e4f774c', 'fd5dde42-9b00-4996-b007-d8077970f1e7');
INSERT INTO option_choice (option_id, choice_id) VALUES ('110b73fb-e57f-409d-83dc-0d81bdd20a44', 'fd5dde42-9b00-4996-b007-d8077970f1e7');
INSERT INTO option_choice (option_id, choice_id) VALUES ('930526a4-2714-4f39-831c-55b3185bd967', 'fd5dde42-9b00-4996-b007-d8077970f1e7');
INSERT INTO option_choice (option_id, choice_id) VALUES ('c6bb5cf5-3828-4747-8bb2-776e9deaeb04', 'fd5dde42-9b00-4996-b007-d8077970f1e7');
INSERT INTO option_choice (option_id, choice_id) VALUES ('d3d55bb1-ef9d-4b9a-b1b9-8e4375e7dbd0', 'fd5dde42-9b00-4996-b007-d8077970f1e7');
INSERT INTO option_choice (option_id, choice_id) VALUES ('2366bc8e-690e-4739-b5f2-cf491cd8107c', 'fd5dde42-9b00-4996-b007-d8077970f1e7');
INSERT INTO interviewee (id, login, password, age, gender, country, marital_status) VALUES ('b1c3589f-363d-4a50-9c60-909e6ace5e05', 'interviewee699', 'qwerty', 59, 'female', 'AG', 'married');
INSERT INTO choice (id, questionnaire_id, interviewee_id) VALUES ('932f78f4-6483-4a81-a780-1d2de7a0a259', '1a336595-020d-4026-a389-afd9a80cf707', 'b1c3589f-363d-4a50-9c60-909e6ace5e05');
INSERT INTO option_choice (option_id, choice_id) VALUES ('17fa6a45-befd-4756-95f2-c6c400c916a8', '932f78f4-6483-4a81-a780-1d2de7a0a259');
INSERT INTO choice (id, questionnaire_id, interviewee_id) VALUES ('bbc54f1a-0004-48b1-9467-e2248fe0ffb6', '21abb345-1235-4f5e-8b5b-2f6f89f30fee', 'b1c3589f-363d-4a50-9c60-909e6ace5e05');
INSERT INTO option_choice (option_id, choice_id) VALUES ('bf5bc6ce-b791-45ed-9dbe-fe939c3ccd4b', 'bbc54f1a-0004-48b1-9467-e2248fe0ffb6');
INSERT INTO interviewee (id, login, password, age, gender, country, marital_status) VALUES ('27935581-0179-403b-b2e4-369d8960ad70', 'interviewee700', 'qwerty', 18, 'female', 'US', 'married');
INSERT INTO choice (id, questionnaire_id, interviewee_id) VALUES ('a808421c-d7ef-4112-b718-6efacce16f04', '557cb630-d2f4-4e11-afe9-d50534deb525', '27935581-0179-403b-b2e4-369d8960ad70');
INSERT INTO option_choice (option_id, choice_id) VALUES ('e7f8d933-d81f-4080-9dd3-d1b981b9cd11', 'a808421c-d7ef-4112-b718-6efacce16f04');
INSERT INTO interviewee (id, login, password, age, gender, country, marital_status) VALUES ('00e621b6-5d7d-41ad-b9a1-28ab97448ec6', 'interviewee701', 'qwerty', 41, 'female', 'VN', 'married');
INSERT INTO choice (id, questionnaire_id, interviewee_id) VALUES ('75d1e13c-bf1f-45db-be16-c313f3a4b661', 'a7e484ae-fb91-4ddf-a8c0-869a7f4ad0ee', '00e621b6-5d7d-41ad-b9a1-28ab97448ec6');
INSERT INTO option_choice (option_id, choice_id) VALUES ('5833b1ae-14b5-474e-8178-69dc98fc720e', '75d1e13c-bf1f-45db-be16-c313f3a4b661');
INSERT INTO interviewee (id, login, password, age, gender, country, marital_status) VALUES ('d406bf67-5d43-4ec6-8da1-080fa9de6345', 'interviewee702', 'qwerty', 44, 'male', 'MG', 'divorced');
INSERT INTO choice (id, questionnaire_id, interviewee_id) VALUES ('ec1b92de-6ec2-419a-b6ef-ff2c748f6e9e', 'b6588e29-37de-425f-834e-e867f77794ce', 'd406bf67-5d43-4ec6-8da1-080fa9de6345');
INSERT INTO option_choice (option_id, choice_id) VALUES ('46bd1403-2ee0-4145-8014-8dd4fafcb8af', 'ec1b92de-6ec2-419a-b6ef-ff2c748f6e9e');
INSERT INTO option_choice (option_id, choice_id) VALUES ('ec37510e-f2a1-4e16-ae94-e9ea2c4461e3', 'ec1b92de-6ec2-419a-b6ef-ff2c748f6e9e');
INSERT INTO option_choice (option_id, choice_id) VALUES ('4bde418e-a165-43f7-ac7b-c6d2ab034e2e', 'ec1b92de-6ec2-419a-b6ef-ff2c748f6e9e');
INSERT INTO option_choice (option_id, choice_id) VALUES ('07e7a8bf-65e2-41d5-aeef-91bcbe765392', 'ec1b92de-6ec2-419a-b6ef-ff2c748f6e9e');
INSERT INTO option_choice (option_id, choice_id) VALUES ('40c301f5-13ed-4b94-85aa-e1c562adce4d', 'ec1b92de-6ec2-419a-b6ef-ff2c748f6e9e');
INSERT INTO option_choice (option_id, choice_id) VALUES ('5b82f100-bb0f-47ec-9395-7a0409f4b7ef', 'ec1b92de-6ec2-419a-b6ef-ff2c748f6e9e');
INSERT INTO choice (id, questionnaire_id, interviewee_id) VALUES ('b074ac9c-1fc0-44f6-8780-764d45a26291', 'cb70c074-82ef-4114-aabc-e940a19b5bb0', 'd406bf67-5d43-4ec6-8da1-080fa9de6345');
INSERT INTO option_choice (option_id, choice_id) VALUES ('a6011a1c-260b-45fb-ad13-b09674b0b968', 'b074ac9c-1fc0-44f6-8780-764d45a26291');
INSERT INTO interviewee (id, login, password, age, gender, country, marital_status) VALUES ('4e19a4aa-85a6-4fcb-816a-d3bd39b7fc8a', 'interviewee703', 'qwerty', 21, 'male', 'LS', 'divorced');
INSERT INTO choice (id, questionnaire_id, interviewee_id) VALUES ('1f8e6710-ea5c-4c5a-bdad-bae266e5bd3f', 'a345b682-c7ac-49ac-9f14-4f5173a872d8', '4e19a4aa-85a6-4fcb-816a-d3bd39b7fc8a');
INSERT INTO option_choice (option_id, choice_id) VALUES ('4389db4e-2a8b-43f8-8643-dd6f5a5f160e', '1f8e6710-ea5c-4c5a-bdad-bae266e5bd3f');
INSERT INTO choice (id, questionnaire_id, interviewee_id) VALUES ('8e69bc45-6663-46a2-9e23-bcdb1651af8f', '8902d50d-0421-4680-82f2-f2b1b667e3fd', '4e19a4aa-85a6-4fcb-816a-d3bd39b7fc8a');
INSERT INTO option_choice (option_id, choice_id) VALUES ('ac0c373d-7749-4908-8091-d580700cabb0', '8e69bc45-6663-46a2-9e23-bcdb1651af8f');
INSERT INTO interviewee (id, login, password, age, gender, country, marital_status) VALUES ('91fdd00c-efe1-4b36-a5a9-f06d3e3354a3', 'interviewee704', 'qwerty', 51, 'female', 'CI', 'was_not_married');
INSERT INTO choice (id, questionnaire_id, interviewee_id) VALUES ('7ca02caa-9b9d-47e6-b1c8-62807ff533a2', '83dbd16d-6765-468d-944f-022d10d042e5', '91fdd00c-efe1-4b36-a5a9-f06d3e3354a3');
INSERT INTO option_choice (option_id, choice_id) VALUES ('176e8036-bece-46c0-beb2-71eb28a41f51', '7ca02caa-9b9d-47e6-b1c8-62807ff533a2');
INSERT INTO option_choice (option_id, choice_id) VALUES ('d8a63395-3425-4d1b-95be-b38dc31cb0af', '7ca02caa-9b9d-47e6-b1c8-62807ff533a2');
INSERT INTO choice (id, questionnaire_id, interviewee_id) VALUES ('52b77f60-4b61-47a4-82fc-4d58e521ab77', 'e2cf177f-e49f-4aef-99a6-095d711c6ec2', '91fdd00c-efe1-4b36-a5a9-f06d3e3354a3');
INSERT INTO option_choice (option_id, choice_id) VALUES ('242c02d5-0f4b-4e89-976f-3754854f478c', '52b77f60-4b61-47a4-82fc-4d58e521ab77');
INSERT INTO interviewee (id, login, password, age, gender, country, marital_status) VALUES ('b6c96707-6e03-455b-ab68-70a1a9d51ae7', 'interviewee705', 'qwerty', 23, 'male', 'HN', 'divorced');
INSERT INTO choice (id, questionnaire_id, interviewee_id) VALUES ('2ee486a5-05aa-46ae-a017-4fb0849a529f', '8adfa259-7459-4497-b994-7101058c39c1', 'b6c96707-6e03-455b-ab68-70a1a9d51ae7');
INSERT INTO option_choice (option_id, choice_id) VALUES ('3e047d89-087c-45bd-82d6-38c4acd5c609', '2ee486a5-05aa-46ae-a017-4fb0849a529f');
INSERT INTO option_choice (option_id, choice_id) VALUES ('7d64ec60-4b16-49eb-a0c6-4af24c3b1767', '2ee486a5-05aa-46ae-a017-4fb0849a529f');
INSERT INTO option_choice (option_id, choice_id) VALUES ('0c96072b-cf70-4fde-8afb-27bf8c3f7a8b', '2ee486a5-05aa-46ae-a017-4fb0849a529f');
INSERT INTO option_choice (option_id, choice_id) VALUES ('9e45c288-be30-427f-be35-83a5171e2b4d', '2ee486a5-05aa-46ae-a017-4fb0849a529f');
INSERT INTO interviewee (id, login, password, age, gender, country, marital_status) VALUES ('08b00c19-b83e-4432-ba61-796e0ce5ce52', 'interviewee706', 'qwerty', 35, 'female', 'MC', 'divorced');
INSERT INTO choice (id, questionnaire_id, interviewee_id) VALUES ('21dd5dd9-0c68-4481-b940-0335105b5018', 'a2f7d656-4675-4d99-9435-95cbe535c6c1', '08b00c19-b83e-4432-ba61-796e0ce5ce52');
INSERT INTO option_choice (option_id, choice_id) VALUES ('d3d55bb1-ef9d-4b9a-b1b9-8e4375e7dbd0', '21dd5dd9-0c68-4481-b940-0335105b5018');
INSERT INTO option_choice (option_id, choice_id) VALUES ('394c3616-edd7-4820-aa09-f4425e4f774c', '21dd5dd9-0c68-4481-b940-0335105b5018');
INSERT INTO option_choice (option_id, choice_id) VALUES ('2366bc8e-690e-4739-b5f2-cf491cd8107c', '21dd5dd9-0c68-4481-b940-0335105b5018');
INSERT INTO option_choice (option_id, choice_id) VALUES ('c6bb5cf5-3828-4747-8bb2-776e9deaeb04', '21dd5dd9-0c68-4481-b940-0335105b5018');
INSERT INTO choice (id, questionnaire_id, interviewee_id) VALUES ('b15d0252-19da-47f7-bd29-1d3a15877b55', 'e2cf177f-e49f-4aef-99a6-095d711c6ec2', '08b00c19-b83e-4432-ba61-796e0ce5ce52');
INSERT INTO option_choice (option_id, choice_id) VALUES ('1b5e4a41-da4c-4845-8698-5ed9deee3ca2', 'b15d0252-19da-47f7-bd29-1d3a15877b55');
INSERT INTO choice (id, questionnaire_id, interviewee_id) VALUES ('0e0a9504-995f-4260-87d7-8515061626f7', 'cb70c074-82ef-4114-aabc-e940a19b5bb0', '08b00c19-b83e-4432-ba61-796e0ce5ce52');
INSERT INTO option_choice (option_id, choice_id) VALUES ('4f47a30f-5169-4bf3-a6a9-f9777225a72d', '0e0a9504-995f-4260-87d7-8515061626f7');
INSERT INTO option_choice (option_id, choice_id) VALUES ('4fbbc5c4-5cc1-4421-86a2-d7151c56a9df', '0e0a9504-995f-4260-87d7-8515061626f7');
INSERT INTO interviewee (id, login, password, age, gender, country, marital_status) VALUES ('c5aaf830-a456-4144-8f42-1f7a0583c7ad', 'interviewee707', 'qwerty', 17, 'male', 'KH', 'divorced');
INSERT INTO choice (id, questionnaire_id, interviewee_id) VALUES ('eb9fbf3e-2554-4155-bbe0-d5bdea5cf0d5', 'f680addd-a0b2-4101-9e1f-5e0870943c68', 'c5aaf830-a456-4144-8f42-1f7a0583c7ad');
INSERT INTO option_choice (option_id, choice_id) VALUES ('cfde0373-91b9-46f9-bc0d-a137a713d2d7', 'eb9fbf3e-2554-4155-bbe0-d5bdea5cf0d5');
INSERT INTO option_choice (option_id, choice_id) VALUES ('521ef3a0-411b-4392-8393-62ed9a638949', 'eb9fbf3e-2554-4155-bbe0-d5bdea5cf0d5');
INSERT INTO option_choice (option_id, choice_id) VALUES ('5e0b63d0-2a10-4ab5-a66a-a47615b50b03', 'eb9fbf3e-2554-4155-bbe0-d5bdea5cf0d5');
INSERT INTO interviewee (id, login, password, age, gender, country, marital_status) VALUES ('6f6f99ac-ae2d-484e-a106-d5911ce16500', 'interviewee708', 'qwerty', 40, 'female', 'PM', 'married');
INSERT INTO choice (id, questionnaire_id, interviewee_id) VALUES ('458b9297-7530-46ca-83dc-777be3079bd4', 'cb70c074-82ef-4114-aabc-e940a19b5bb0', '6f6f99ac-ae2d-484e-a106-d5911ce16500');
INSERT INTO option_choice (option_id, choice_id) VALUES ('a6011a1c-260b-45fb-ad13-b09674b0b968', '458b9297-7530-46ca-83dc-777be3079bd4');
INSERT INTO choice (id, questionnaire_id, interviewee_id) VALUES ('c1cfbaef-6dce-4d0e-8ffa-cb095c1268b5', '91a16ec4-1a91-44d1-bb08-6e9fc823c230', '6f6f99ac-ae2d-484e-a106-d5911ce16500');
INSERT INTO option_choice (option_id, choice_id) VALUES ('690b73cc-52e3-435d-a3bd-78733e5fdeaf', 'c1cfbaef-6dce-4d0e-8ffa-cb095c1268b5');
INSERT INTO option_choice (option_id, choice_id) VALUES ('cab8632d-19dd-4ddc-9c90-669949088fa5', 'c1cfbaef-6dce-4d0e-8ffa-cb095c1268b5');
INSERT INTO choice (id, questionnaire_id, interviewee_id) VALUES ('6e65935c-e2eb-421a-9557-fb7b78346550', 'e2cf177f-e49f-4aef-99a6-095d711c6ec2', '6f6f99ac-ae2d-484e-a106-d5911ce16500');
INSERT INTO option_choice (option_id, choice_id) VALUES ('242c02d5-0f4b-4e89-976f-3754854f478c', '6e65935c-e2eb-421a-9557-fb7b78346550');
INSERT INTO interviewee (id, login, password, age, gender, country, marital_status) VALUES ('534efbb0-22fd-4630-be29-5df5cec76a79', 'interviewee709', 'qwerty', 50, 'female', 'VU', 'divorced');
INSERT INTO choice (id, questionnaire_id, interviewee_id) VALUES ('e4173f19-8c1d-4407-8c22-b92f502b0eb7', '0b6580ec-1374-4a48-ad1d-b1fa316ad9be', '534efbb0-22fd-4630-be29-5df5cec76a79');
INSERT INTO option_choice (option_id, choice_id) VALUES ('68263915-d7e9-4ac6-9c14-f48cf8807857', 'e4173f19-8c1d-4407-8c22-b92f502b0eb7');
INSERT INTO choice (id, questionnaire_id, interviewee_id) VALUES ('f7ed2f06-2338-4117-9b50-5eaeaff29f70', 'e2cf177f-e49f-4aef-99a6-095d711c6ec2', '534efbb0-22fd-4630-be29-5df5cec76a79');
INSERT INTO option_choice (option_id, choice_id) VALUES ('242c02d5-0f4b-4e89-976f-3754854f478c', 'f7ed2f06-2338-4117-9b50-5eaeaff29f70');
INSERT INTO choice (id, questionnaire_id, interviewee_id) VALUES ('767c1bc8-10ff-461b-9c1d-c1a883375cda', 'af6f1431-a90e-4919-83a4-359d6a8a7d22', '534efbb0-22fd-4630-be29-5df5cec76a79');
INSERT INTO option_choice (option_id, choice_id) VALUES ('a3c0df26-f677-4a76-9fc9-e8bcb2a586ec', '767c1bc8-10ff-461b-9c1d-c1a883375cda');
INSERT INTO option_choice (option_id, choice_id) VALUES ('14b9069e-cc19-448a-96f6-c333a9a53635', '767c1bc8-10ff-461b-9c1d-c1a883375cda');
INSERT INTO option_choice (option_id, choice_id) VALUES ('1d5c1c89-2fbe-4efd-aab1-12329e29ad0f', '767c1bc8-10ff-461b-9c1d-c1a883375cda');
INSERT INTO option_choice (option_id, choice_id) VALUES ('b6cea016-cb83-4752-bbc0-0e2a71b294d6', '767c1bc8-10ff-461b-9c1d-c1a883375cda');
INSERT INTO option_choice (option_id, choice_id) VALUES ('e6932ff8-921c-4ab7-b5c5-37e59ea816fd', '767c1bc8-10ff-461b-9c1d-c1a883375cda');
INSERT INTO option_choice (option_id, choice_id) VALUES ('e41b3b09-f2a6-4206-bfde-743557a31646', '767c1bc8-10ff-461b-9c1d-c1a883375cda');
INSERT INTO option_choice (option_id, choice_id) VALUES ('d6e4609d-6705-4cc8-b83a-4786ea4f6ad6', '767c1bc8-10ff-461b-9c1d-c1a883375cda');
INSERT INTO interviewee (id, login, password, age, gender, country, marital_status) VALUES ('74f053cc-f347-4833-bde6-d72eb7b96819', 'interviewee710', 'qwerty', 49, 'male', 'KI', 'divorced');
INSERT INTO choice (id, questionnaire_id, interviewee_id) VALUES ('55a372b7-e0bc-4f63-a37a-beb7bb48a7fc', '83dbd16d-6765-468d-944f-022d10d042e5', '74f053cc-f347-4833-bde6-d72eb7b96819');
INSERT INTO option_choice (option_id, choice_id) VALUES ('d6416cf3-39f7-4cf9-ba84-314605b84d03', '55a372b7-e0bc-4f63-a37a-beb7bb48a7fc');
INSERT INTO option_choice (option_id, choice_id) VALUES ('d8a63395-3425-4d1b-95be-b38dc31cb0af', '55a372b7-e0bc-4f63-a37a-beb7bb48a7fc');
INSERT INTO option_choice (option_id, choice_id) VALUES ('eee0aab7-8b77-4c19-b028-648aa7e303ed', '55a372b7-e0bc-4f63-a37a-beb7bb48a7fc');
INSERT INTO option_choice (option_id, choice_id) VALUES ('176e8036-bece-46c0-beb2-71eb28a41f51', '55a372b7-e0bc-4f63-a37a-beb7bb48a7fc');
INSERT INTO interviewee (id, login, password, age, gender, country, marital_status) VALUES ('1adf4080-376a-4e2b-946c-4a1b9299680f', 'interviewee711', 'qwerty', 50, 'female', 'JM', 'was_not_married');
INSERT INTO choice (id, questionnaire_id, interviewee_id) VALUES ('f2c4b239-b289-48a4-b02a-ae3d1b9cd9a5', 'af6f1431-a90e-4919-83a4-359d6a8a7d22', '1adf4080-376a-4e2b-946c-4a1b9299680f');
INSERT INTO option_choice (option_id, choice_id) VALUES ('e41b3b09-f2a6-4206-bfde-743557a31646', 'f2c4b239-b289-48a4-b02a-ae3d1b9cd9a5');
INSERT INTO option_choice (option_id, choice_id) VALUES ('1d5c1c89-2fbe-4efd-aab1-12329e29ad0f', 'f2c4b239-b289-48a4-b02a-ae3d1b9cd9a5');
INSERT INTO option_choice (option_id, choice_id) VALUES ('d6e4609d-6705-4cc8-b83a-4786ea4f6ad6', 'f2c4b239-b289-48a4-b02a-ae3d1b9cd9a5');
INSERT INTO option_choice (option_id, choice_id) VALUES ('14b9069e-cc19-448a-96f6-c333a9a53635', 'f2c4b239-b289-48a4-b02a-ae3d1b9cd9a5');
INSERT INTO option_choice (option_id, choice_id) VALUES ('e6932ff8-921c-4ab7-b5c5-37e59ea816fd', 'f2c4b239-b289-48a4-b02a-ae3d1b9cd9a5');
INSERT INTO option_choice (option_id, choice_id) VALUES ('a3c0df26-f677-4a76-9fc9-e8bcb2a586ec', 'f2c4b239-b289-48a4-b02a-ae3d1b9cd9a5');
INSERT INTO option_choice (option_id, choice_id) VALUES ('b6cea016-cb83-4752-bbc0-0e2a71b294d6', 'f2c4b239-b289-48a4-b02a-ae3d1b9cd9a5');
INSERT INTO choice (id, questionnaire_id, interviewee_id) VALUES ('263015c7-f0d5-45fa-ae1f-a44e5b40e36b', 'afb83fe3-e755-403b-9a15-c18b3782c012', '1adf4080-376a-4e2b-946c-4a1b9299680f');
INSERT INTO option_choice (option_id, choice_id) VALUES ('db1f1f55-651e-4dd8-b4c1-deb2f26216b2', '263015c7-f0d5-45fa-ae1f-a44e5b40e36b');
INSERT INTO choice (id, questionnaire_id, interviewee_id) VALUES ('760cb3e2-e1cc-4c98-90d6-8749bbe9e414', '91a16ec4-1a91-44d1-bb08-6e9fc823c230', '1adf4080-376a-4e2b-946c-4a1b9299680f');
INSERT INTO option_choice (option_id, choice_id) VALUES ('690b73cc-52e3-435d-a3bd-78733e5fdeaf', '760cb3e2-e1cc-4c98-90d6-8749bbe9e414');
INSERT INTO interviewee (id, login, password, age, gender, country, marital_status) VALUES ('2ed84430-b1fb-49b8-834f-7e62a819aff4', 'interviewee712', 'qwerty', 31, 'male', 'CL', 'was_not_married');
INSERT INTO choice (id, questionnaire_id, interviewee_id) VALUES ('94bfd4af-95c6-4b25-ab7e-4375c4223bec', '8902d50d-0421-4680-82f2-f2b1b667e3fd', '2ed84430-b1fb-49b8-834f-7e62a819aff4');
INSERT INTO option_choice (option_id, choice_id) VALUES ('699e6428-3838-43e4-88f0-8fa31ae6d648', '94bfd4af-95c6-4b25-ab7e-4375c4223bec');
INSERT INTO interviewee (id, login, password, age, gender, country, marital_status) VALUES ('90a76d7c-df5b-45ec-ba42-7cedf47889cf', 'interviewee713', 'qwerty', 32, 'female', 'PY', 'divorced');
INSERT INTO choice (id, questionnaire_id, interviewee_id) VALUES ('9b6db971-2eed-4e40-b203-4911bfa1b553', 'e679f6e5-388e-4679-9f14-15a0896d2816', '90a76d7c-df5b-45ec-ba42-7cedf47889cf');
INSERT INTO option_choice (option_id, choice_id) VALUES ('ae13d28d-5670-495b-a9e0-d0949dab86e3', '9b6db971-2eed-4e40-b203-4911bfa1b553');
INSERT INTO option_choice (option_id, choice_id) VALUES ('3ee9dd0f-6306-4f8b-bdec-27347884621a', '9b6db971-2eed-4e40-b203-4911bfa1b553');
INSERT INTO option_choice (option_id, choice_id) VALUES ('7fc08a6e-900b-45ea-b455-29a8eb343039', '9b6db971-2eed-4e40-b203-4911bfa1b553');
INSERT INTO option_choice (option_id, choice_id) VALUES ('5169914a-cf41-4077-8993-1322df09c3da', '9b6db971-2eed-4e40-b203-4911bfa1b553');
INSERT INTO choice (id, questionnaire_id, interviewee_id) VALUES ('b12063cb-1e6b-4c02-8efd-459c29259195', '8adfa259-7459-4497-b994-7101058c39c1', '90a76d7c-df5b-45ec-ba42-7cedf47889cf');
INSERT INTO option_choice (option_id, choice_id) VALUES ('3e047d89-087c-45bd-82d6-38c4acd5c609', 'b12063cb-1e6b-4c02-8efd-459c29259195');
INSERT INTO choice (id, questionnaire_id, interviewee_id) VALUES ('0783f702-07ad-4337-9941-fe812add7861', 'f680addd-a0b2-4101-9e1f-5e0870943c68', '90a76d7c-df5b-45ec-ba42-7cedf47889cf');
INSERT INTO option_choice (option_id, choice_id) VALUES ('5e0b63d0-2a10-4ab5-a66a-a47615b50b03', '0783f702-07ad-4337-9941-fe812add7861');
INSERT INTO option_choice (option_id, choice_id) VALUES ('cfde0373-91b9-46f9-bc0d-a137a713d2d7', '0783f702-07ad-4337-9941-fe812add7861');
INSERT INTO interviewee (id, login, password, age, gender, country, marital_status) VALUES ('8e915e83-d8fb-41f2-b3f0-f627c596120b', 'interviewee714', 'qwerty', 18, 'female', 'BH', 'married');
INSERT INTO choice (id, questionnaire_id, interviewee_id) VALUES ('71697de2-122e-40cd-85de-74c831b30d75', 'a7e484ae-fb91-4ddf-a8c0-869a7f4ad0ee', '8e915e83-d8fb-41f2-b3f0-f627c596120b');
INSERT INTO option_choice (option_id, choice_id) VALUES ('4331f8de-01b0-4500-b3ce-a712074f2e20', '71697de2-122e-40cd-85de-74c831b30d75');
INSERT INTO interviewee (id, login, password, age, gender, country, marital_status) VALUES ('56d0152f-4cc8-4ad7-a370-fbbcc9083bbb', 'interviewee715', 'qwerty', 56, 'male', 'BD', 'was_not_married');
INSERT INTO choice (id, questionnaire_id, interviewee_id) VALUES ('351d30d7-1df0-491a-a085-faaeb66698a1', 'e2cf177f-e49f-4aef-99a6-095d711c6ec2', '56d0152f-4cc8-4ad7-a370-fbbcc9083bbb');
INSERT INTO option_choice (option_id, choice_id) VALUES ('1b5e4a41-da4c-4845-8698-5ed9deee3ca2', '351d30d7-1df0-491a-a085-faaeb66698a1');
INSERT INTO interviewee (id, login, password, age, gender, country, marital_status) VALUES ('42c1f585-fff4-4adc-814d-3afec1a4714f', 'interviewee716', 'qwerty', 39, 'male', 'GA', 'was_not_married');
INSERT INTO choice (id, questionnaire_id, interviewee_id) VALUES ('d70d8ad3-5ef7-4b86-b1c8-6d7696807b79', 'a2f7d656-4675-4d99-9435-95cbe535c6c1', '42c1f585-fff4-4adc-814d-3afec1a4714f');
INSERT INTO option_choice (option_id, choice_id) VALUES ('ced72831-705a-4153-849e-71a73e5a7d3c', 'd70d8ad3-5ef7-4b86-b1c8-6d7696807b79');
INSERT INTO option_choice (option_id, choice_id) VALUES ('394c3616-edd7-4820-aa09-f4425e4f774c', 'd70d8ad3-5ef7-4b86-b1c8-6d7696807b79');
INSERT INTO option_choice (option_id, choice_id) VALUES ('930526a4-2714-4f39-831c-55b3185bd967', 'd70d8ad3-5ef7-4b86-b1c8-6d7696807b79');
INSERT INTO option_choice (option_id, choice_id) VALUES ('2366bc8e-690e-4739-b5f2-cf491cd8107c', 'd70d8ad3-5ef7-4b86-b1c8-6d7696807b79');
INSERT INTO option_choice (option_id, choice_id) VALUES ('110b73fb-e57f-409d-83dc-0d81bdd20a44', 'd70d8ad3-5ef7-4b86-b1c8-6d7696807b79');
INSERT INTO option_choice (option_id, choice_id) VALUES ('c6bb5cf5-3828-4747-8bb2-776e9deaeb04', 'd70d8ad3-5ef7-4b86-b1c8-6d7696807b79');
INSERT INTO option_choice (option_id, choice_id) VALUES ('d3d55bb1-ef9d-4b9a-b1b9-8e4375e7dbd0', 'd70d8ad3-5ef7-4b86-b1c8-6d7696807b79');
INSERT INTO choice (id, questionnaire_id, interviewee_id) VALUES ('1efd726e-2e78-4b82-9b3b-24120127b610', 'cb70c074-82ef-4114-aabc-e940a19b5bb0', '42c1f585-fff4-4adc-814d-3afec1a4714f');
INSERT INTO option_choice (option_id, choice_id) VALUES ('b2aebe06-b155-47cd-a39d-b9c1beabb465', '1efd726e-2e78-4b82-9b3b-24120127b610');
INSERT INTO option_choice (option_id, choice_id) VALUES ('c2db2843-0153-4422-8aa4-c4c9e640418d', '1efd726e-2e78-4b82-9b3b-24120127b610');
INSERT INTO option_choice (option_id, choice_id) VALUES ('4f47a30f-5169-4bf3-a6a9-f9777225a72d', '1efd726e-2e78-4b82-9b3b-24120127b610');
INSERT INTO option_choice (option_id, choice_id) VALUES ('4fbbc5c4-5cc1-4421-86a2-d7151c56a9df', '1efd726e-2e78-4b82-9b3b-24120127b610');
INSERT INTO option_choice (option_id, choice_id) VALUES ('a6011a1c-260b-45fb-ad13-b09674b0b968', '1efd726e-2e78-4b82-9b3b-24120127b610');
INSERT INTO choice (id, questionnaire_id, interviewee_id) VALUES ('f201a093-aa90-4dc1-8c04-06ae0f32085a', 'b5ae5620-2d58-48f5-a060-28e8fd1859dd', '42c1f585-fff4-4adc-814d-3afec1a4714f');
INSERT INTO option_choice (option_id, choice_id) VALUES ('fecb111c-77d6-4b66-b728-32011b5211c0', 'f201a093-aa90-4dc1-8c04-06ae0f32085a');
INSERT INTO interviewee (id, login, password, age, gender, country, marital_status) VALUES ('9a020543-2f12-4cf5-917b-f15c6e34cb03', 'interviewee717', 'qwerty', 60, 'female', 'PW', 'married');
INSERT INTO choice (id, questionnaire_id, interviewee_id) VALUES ('8cb7f2a7-dea1-4571-9061-def1fe9b4829', '21abb345-1235-4f5e-8b5b-2f6f89f30fee', '9a020543-2f12-4cf5-917b-f15c6e34cb03');
INSERT INTO option_choice (option_id, choice_id) VALUES ('bf5bc6ce-b791-45ed-9dbe-fe939c3ccd4b', '8cb7f2a7-dea1-4571-9061-def1fe9b4829');
INSERT INTO choice (id, questionnaire_id, interviewee_id) VALUES ('d6501624-b3eb-4a94-ac83-99fbdef5ded9', 'afb83fe3-e755-403b-9a15-c18b3782c012', '9a020543-2f12-4cf5-917b-f15c6e34cb03');
INSERT INTO option_choice (option_id, choice_id) VALUES ('20880a56-05fa-464a-90ad-faf02a83fa77', 'd6501624-b3eb-4a94-ac83-99fbdef5ded9');
INSERT INTO interviewee (id, login, password, age, gender, country, marital_status) VALUES ('7b4eacdf-dfdf-4f7d-babc-adba82d1dbda', 'interviewee718', 'qwerty', 63, 'male', 'JM', 'married');
INSERT INTO choice (id, questionnaire_id, interviewee_id) VALUES ('f608bea5-ef30-4291-9663-1316dec68af4', '8902d50d-0421-4680-82f2-f2b1b667e3fd', '7b4eacdf-dfdf-4f7d-babc-adba82d1dbda');
INSERT INTO option_choice (option_id, choice_id) VALUES ('ac0c373d-7749-4908-8091-d580700cabb0', 'f608bea5-ef30-4291-9663-1316dec68af4');
INSERT INTO interviewee (id, login, password, age, gender, country, marital_status) VALUES ('3699efc3-fb3b-4739-852b-70e9af3f8740', 'interviewee719', 'qwerty', 59, 'female', 'FK', 'married');
INSERT INTO choice (id, questionnaire_id, interviewee_id) VALUES ('83951f39-acf8-4ddf-9d07-06e71b7a58cd', '56c296cd-7c3b-4eb1-90cb-745e555a098c', '3699efc3-fb3b-4739-852b-70e9af3f8740');
INSERT INTO option_choice (option_id, choice_id) VALUES ('d583c2c9-6998-483b-a5e4-67068e974d6f', '83951f39-acf8-4ddf-9d07-06e71b7a58cd');
INSERT INTO interviewee (id, login, password, age, gender, country, marital_status) VALUES ('86af3b03-7220-4d31-8ad5-d12e4bac6d66', 'interviewee720', 'qwerty', 14, 'male', 'DE', 'was_not_married');
INSERT INTO choice (id, questionnaire_id, interviewee_id) VALUES ('c042be33-cd2a-4972-b22a-c4e708954412', 'b5ae5620-2d58-48f5-a060-28e8fd1859dd', '86af3b03-7220-4d31-8ad5-d12e4bac6d66');
INSERT INTO option_choice (option_id, choice_id) VALUES ('68702e14-fb48-4755-b6ec-11c860048f90', 'c042be33-cd2a-4972-b22a-c4e708954412');
INSERT INTO interviewee (id, login, password, age, gender, country, marital_status) VALUES ('91388193-16c9-4653-9260-761fac747c22', 'interviewee721', 'qwerty', 34, 'female', 'SD', 'married');
INSERT INTO choice (id, questionnaire_id, interviewee_id) VALUES ('e94080f9-5aef-4d09-a092-e1b52afe10d9', '91a16ec4-1a91-44d1-bb08-6e9fc823c230', '91388193-16c9-4653-9260-761fac747c22');
INSERT INTO option_choice (option_id, choice_id) VALUES ('690b73cc-52e3-435d-a3bd-78733e5fdeaf', 'e94080f9-5aef-4d09-a092-e1b52afe10d9');
INSERT INTO option_choice (option_id, choice_id) VALUES ('5b32da45-be75-42c8-8fa7-ba776167a759', 'e94080f9-5aef-4d09-a092-e1b52afe10d9');
INSERT INTO option_choice (option_id, choice_id) VALUES ('fbc23714-2c99-4441-8130-94075c78f6e8', 'e94080f9-5aef-4d09-a092-e1b52afe10d9');
INSERT INTO interviewee (id, login, password, age, gender, country, marital_status) VALUES ('3f2308f0-20de-4028-a342-7e3e1890d6ba', 'interviewee722', 'qwerty', 16, 'female', 'BJ', 'divorced');
INSERT INTO choice (id, questionnaire_id, interviewee_id) VALUES ('689c970d-ae88-45e8-a5db-be14636e3173', '8902d50d-0421-4680-82f2-f2b1b667e3fd', '3f2308f0-20de-4028-a342-7e3e1890d6ba');
INSERT INTO option_choice (option_id, choice_id) VALUES ('b9a164f5-2a94-487b-874f-f3bdc79ee4e3', '689c970d-ae88-45e8-a5db-be14636e3173');
INSERT INTO interviewee (id, login, password, age, gender, country, marital_status) VALUES ('7d5b5589-6876-4317-95ba-eeb4550859aa', 'interviewee723', 'qwerty', 69, 'female', 'NC', 'was_not_married');
INSERT INTO choice (id, questionnaire_id, interviewee_id) VALUES ('e93a87ff-bb98-4b28-85cf-26acdc9f2a5a', 'afb83fe3-e755-403b-9a15-c18b3782c012', '7d5b5589-6876-4317-95ba-eeb4550859aa');
INSERT INTO option_choice (option_id, choice_id) VALUES ('db1f1f55-651e-4dd8-b4c1-deb2f26216b2', 'e93a87ff-bb98-4b28-85cf-26acdc9f2a5a');
INSERT INTO choice (id, questionnaire_id, interviewee_id) VALUES ('a7eb937a-ec0f-4a75-812e-18149b22e9be', '56c296cd-7c3b-4eb1-90cb-745e555a098c', '7d5b5589-6876-4317-95ba-eeb4550859aa');
INSERT INTO option_choice (option_id, choice_id) VALUES ('00605853-328c-4a30-9227-5513208ca17e', 'a7eb937a-ec0f-4a75-812e-18149b22e9be');
INSERT INTO interviewee (id, login, password, age, gender, country, marital_status) VALUES ('2162893b-e33d-4a30-b5a0-8298983e3840', 'interviewee724', 'qwerty', 32, 'female', 'SA', 'was_not_married');
INSERT INTO choice (id, questionnaire_id, interviewee_id) VALUES ('1ab63bd2-f53d-489f-b651-ae45f250518c', 'f680addd-a0b2-4101-9e1f-5e0870943c68', '2162893b-e33d-4a30-b5a0-8298983e3840');
INSERT INTO option_choice (option_id, choice_id) VALUES ('521ef3a0-411b-4392-8393-62ed9a638949', '1ab63bd2-f53d-489f-b651-ae45f250518c');
INSERT INTO interviewee (id, login, password, age, gender, country, marital_status) VALUES ('ea452f45-b2b1-4029-8d80-f8b09f028a02', 'interviewee725', 'qwerty', 43, 'male', 'TR', 'was_not_married');
INSERT INTO choice (id, questionnaire_id, interviewee_id) VALUES ('4b7baebd-2411-473b-a957-5be7aaf717c2', 'cb70c074-82ef-4114-aabc-e940a19b5bb0', 'ea452f45-b2b1-4029-8d80-f8b09f028a02');
INSERT INTO option_choice (option_id, choice_id) VALUES ('a6011a1c-260b-45fb-ad13-b09674b0b968', '4b7baebd-2411-473b-a957-5be7aaf717c2');
INSERT INTO option_choice (option_id, choice_id) VALUES ('c2db2843-0153-4422-8aa4-c4c9e640418d', '4b7baebd-2411-473b-a957-5be7aaf717c2');
INSERT INTO option_choice (option_id, choice_id) VALUES ('4f47a30f-5169-4bf3-a6a9-f9777225a72d', '4b7baebd-2411-473b-a957-5be7aaf717c2');
INSERT INTO choice (id, questionnaire_id, interviewee_id) VALUES ('fe952297-8d2e-435c-acc3-c20d7ef92955', '8adfa259-7459-4497-b994-7101058c39c1', 'ea452f45-b2b1-4029-8d80-f8b09f028a02');
INSERT INTO option_choice (option_id, choice_id) VALUES ('0c96072b-cf70-4fde-8afb-27bf8c3f7a8b', 'fe952297-8d2e-435c-acc3-c20d7ef92955');
INSERT INTO option_choice (option_id, choice_id) VALUES ('9e45c288-be30-427f-be35-83a5171e2b4d', 'fe952297-8d2e-435c-acc3-c20d7ef92955');
INSERT INTO option_choice (option_id, choice_id) VALUES ('968d6b86-376e-4d23-9555-89ee1d638c1c', 'fe952297-8d2e-435c-acc3-c20d7ef92955');
INSERT INTO option_choice (option_id, choice_id) VALUES ('502fb96b-685d-47da-86bb-f40e1e8f57ef', 'fe952297-8d2e-435c-acc3-c20d7ef92955');
INSERT INTO option_choice (option_id, choice_id) VALUES ('7d64ec60-4b16-49eb-a0c6-4af24c3b1767', 'fe952297-8d2e-435c-acc3-c20d7ef92955');
INSERT INTO option_choice (option_id, choice_id) VALUES ('3e047d89-087c-45bd-82d6-38c4acd5c609', 'fe952297-8d2e-435c-acc3-c20d7ef92955');
INSERT INTO choice (id, questionnaire_id, interviewee_id) VALUES ('b84e6202-cb1b-40a5-bf38-bec053ca0acc', 'b6588e29-37de-425f-834e-e867f77794ce', 'ea452f45-b2b1-4029-8d80-f8b09f028a02');
INSERT INTO option_choice (option_id, choice_id) VALUES ('40c301f5-13ed-4b94-85aa-e1c562adce4d', 'b84e6202-cb1b-40a5-bf38-bec053ca0acc');
INSERT INTO option_choice (option_id, choice_id) VALUES ('07e7a8bf-65e2-41d5-aeef-91bcbe765392', 'b84e6202-cb1b-40a5-bf38-bec053ca0acc');
INSERT INTO option_choice (option_id, choice_id) VALUES ('4bde418e-a165-43f7-ac7b-c6d2ab034e2e', 'b84e6202-cb1b-40a5-bf38-bec053ca0acc');
INSERT INTO option_choice (option_id, choice_id) VALUES ('460ff4a7-d376-4dc8-b5bb-9ab1989fbb31', 'b84e6202-cb1b-40a5-bf38-bec053ca0acc');
INSERT INTO interviewee (id, login, password, age, gender, country, marital_status) VALUES ('2ea3af82-a00b-4b41-a1ba-8bada99a23f9', 'interviewee726', 'qwerty', 33, 'female', 'TN', 'was_not_married');
INSERT INTO choice (id, questionnaire_id, interviewee_id) VALUES ('f377e3fe-0428-4bac-bc2a-95678e19b34d', 'a2f7d656-4675-4d99-9435-95cbe535c6c1', '2ea3af82-a00b-4b41-a1ba-8bada99a23f9');
INSERT INTO option_choice (option_id, choice_id) VALUES ('d3d55bb1-ef9d-4b9a-b1b9-8e4375e7dbd0', 'f377e3fe-0428-4bac-bc2a-95678e19b34d');
INSERT INTO option_choice (option_id, choice_id) VALUES ('394c3616-edd7-4820-aa09-f4425e4f774c', 'f377e3fe-0428-4bac-bc2a-95678e19b34d');
INSERT INTO option_choice (option_id, choice_id) VALUES ('ced72831-705a-4153-849e-71a73e5a7d3c', 'f377e3fe-0428-4bac-bc2a-95678e19b34d');
INSERT INTO option_choice (option_id, choice_id) VALUES ('2366bc8e-690e-4739-b5f2-cf491cd8107c', 'f377e3fe-0428-4bac-bc2a-95678e19b34d');
INSERT INTO interviewee (id, login, password, age, gender, country, marital_status) VALUES ('8213bea1-f3d5-4e87-860f-7e6933135a12', 'interviewee727', 'qwerty', 53, 'male', 'MU', 'was_not_married');
INSERT INTO choice (id, questionnaire_id, interviewee_id) VALUES ('3ff77a79-0df9-457e-b0af-1a0e8f4db5e5', '1a336595-020d-4026-a389-afd9a80cf707', '8213bea1-f3d5-4e87-860f-7e6933135a12');
INSERT INTO option_choice (option_id, choice_id) VALUES ('22762ef8-944e-46b0-a7e0-4e990383e528', '3ff77a79-0df9-457e-b0af-1a0e8f4db5e5');
INSERT INTO interviewee (id, login, password, age, gender, country, marital_status) VALUES ('383cdc45-8b21-4b12-96a1-3f9c82722d44', 'interviewee728', 'qwerty', 67, 'female', 'VU', 'was_not_married');
INSERT INTO choice (id, questionnaire_id, interviewee_id) VALUES ('6987bd91-60ef-48c0-8381-1bd3f1de5401', 'af6f1431-a90e-4919-83a4-359d6a8a7d22', '383cdc45-8b21-4b12-96a1-3f9c82722d44');
INSERT INTO option_choice (option_id, choice_id) VALUES ('14b9069e-cc19-448a-96f6-c333a9a53635', '6987bd91-60ef-48c0-8381-1bd3f1de5401');
INSERT INTO option_choice (option_id, choice_id) VALUES ('b6cea016-cb83-4752-bbc0-0e2a71b294d6', '6987bd91-60ef-48c0-8381-1bd3f1de5401');
INSERT INTO option_choice (option_id, choice_id) VALUES ('a3c0df26-f677-4a76-9fc9-e8bcb2a586ec', '6987bd91-60ef-48c0-8381-1bd3f1de5401');
INSERT INTO option_choice (option_id, choice_id) VALUES ('1d5c1c89-2fbe-4efd-aab1-12329e29ad0f', '6987bd91-60ef-48c0-8381-1bd3f1de5401');
INSERT INTO option_choice (option_id, choice_id) VALUES ('e41b3b09-f2a6-4206-bfde-743557a31646', '6987bd91-60ef-48c0-8381-1bd3f1de5401');
INSERT INTO option_choice (option_id, choice_id) VALUES ('d6e4609d-6705-4cc8-b83a-4786ea4f6ad6', '6987bd91-60ef-48c0-8381-1bd3f1de5401');
INSERT INTO interviewee (id, login, password, age, gender, country, marital_status) VALUES ('d5da98fc-0dcb-49d6-9cc5-ef51768e25f9', 'interviewee729', 'qwerty', 42, 'female', 'HR', 'was_not_married');
INSERT INTO choice (id, questionnaire_id, interviewee_id) VALUES ('40164ec6-5723-40e6-847d-ea2500adf993', 'e2cf177f-e49f-4aef-99a6-095d711c6ec2', 'd5da98fc-0dcb-49d6-9cc5-ef51768e25f9');
INSERT INTO option_choice (option_id, choice_id) VALUES ('242c02d5-0f4b-4e89-976f-3754854f478c', '40164ec6-5723-40e6-847d-ea2500adf993');
INSERT INTO choice (id, questionnaire_id, interviewee_id) VALUES ('eef0bd9a-0205-4c50-b6b8-ef05544329ac', '21abb345-1235-4f5e-8b5b-2f6f89f30fee', 'd5da98fc-0dcb-49d6-9cc5-ef51768e25f9');
INSERT INTO option_choice (option_id, choice_id) VALUES ('785185e3-f7db-4c98-901d-0cf973d9050c', 'eef0bd9a-0205-4c50-b6b8-ef05544329ac');
INSERT INTO interviewee (id, login, password, age, gender, country, marital_status) VALUES ('bf0c0e98-28d3-4628-9cb5-9ef8a79000ed', 'interviewee730', 'qwerty', 17, 'male', 'FM', 'divorced');
INSERT INTO choice (id, questionnaire_id, interviewee_id) VALUES ('4c239266-8e48-4117-be04-e1582f846658', '1a336595-020d-4026-a389-afd9a80cf707', 'bf0c0e98-28d3-4628-9cb5-9ef8a79000ed');
INSERT INTO option_choice (option_id, choice_id) VALUES ('fb8edb03-709f-43c3-9875-7ba762e529a6', '4c239266-8e48-4117-be04-e1582f846658');
INSERT INTO interviewee (id, login, password, age, gender, country, marital_status) VALUES ('f1997533-fd16-4e0d-9489-4024b13e54e5', 'interviewee731', 'qwerty', 67, 'female', 'IL', 'divorced');
INSERT INTO choice (id, questionnaire_id, interviewee_id) VALUES ('35faa4bc-bd3c-4db4-a7b5-1a8847d758b4', '83dbd16d-6765-468d-944f-022d10d042e5', 'f1997533-fd16-4e0d-9489-4024b13e54e5');
INSERT INTO option_choice (option_id, choice_id) VALUES ('d8a63395-3425-4d1b-95be-b38dc31cb0af', '35faa4bc-bd3c-4db4-a7b5-1a8847d758b4');
INSERT INTO option_choice (option_id, choice_id) VALUES ('eee0aab7-8b77-4c19-b028-648aa7e303ed', '35faa4bc-bd3c-4db4-a7b5-1a8847d758b4');
INSERT INTO interviewee (id, login, password, age, gender, country, marital_status) VALUES ('e00cd8c0-4fcc-4e97-a410-703575d2dfd5', 'interviewee732', 'qwerty', 15, 'male', 'RS', 'was_not_married');
INSERT INTO choice (id, questionnaire_id, interviewee_id) VALUES ('583dee7f-f1e7-494d-9a30-792ecc87d2c8', 'a2f7d656-4675-4d99-9435-95cbe535c6c1', 'e00cd8c0-4fcc-4e97-a410-703575d2dfd5');
INSERT INTO option_choice (option_id, choice_id) VALUES ('2366bc8e-690e-4739-b5f2-cf491cd8107c', '583dee7f-f1e7-494d-9a30-792ecc87d2c8');
INSERT INTO option_choice (option_id, choice_id) VALUES ('930526a4-2714-4f39-831c-55b3185bd967', '583dee7f-f1e7-494d-9a30-792ecc87d2c8');
INSERT INTO option_choice (option_id, choice_id) VALUES ('c6bb5cf5-3828-4747-8bb2-776e9deaeb04', '583dee7f-f1e7-494d-9a30-792ecc87d2c8');
INSERT INTO option_choice (option_id, choice_id) VALUES ('110b73fb-e57f-409d-83dc-0d81bdd20a44', '583dee7f-f1e7-494d-9a30-792ecc87d2c8');
INSERT INTO option_choice (option_id, choice_id) VALUES ('394c3616-edd7-4820-aa09-f4425e4f774c', '583dee7f-f1e7-494d-9a30-792ecc87d2c8');
INSERT INTO option_choice (option_id, choice_id) VALUES ('d3d55bb1-ef9d-4b9a-b1b9-8e4375e7dbd0', '583dee7f-f1e7-494d-9a30-792ecc87d2c8');
INSERT INTO option_choice (option_id, choice_id) VALUES ('ced72831-705a-4153-849e-71a73e5a7d3c', '583dee7f-f1e7-494d-9a30-792ecc87d2c8');
INSERT INTO choice (id, questionnaire_id, interviewee_id) VALUES ('81c12d9c-d114-4bb4-be55-af4971203d9c', 'a7e484ae-fb91-4ddf-a8c0-869a7f4ad0ee', 'e00cd8c0-4fcc-4e97-a410-703575d2dfd5');
INSERT INTO option_choice (option_id, choice_id) VALUES ('4331f8de-01b0-4500-b3ce-a712074f2e20', '81c12d9c-d114-4bb4-be55-af4971203d9c');
INSERT INTO choice (id, questionnaire_id, interviewee_id) VALUES ('aa3afee5-f038-4690-a6e8-3430825a811c', '8adfa259-7459-4497-b994-7101058c39c1', 'e00cd8c0-4fcc-4e97-a410-703575d2dfd5');
INSERT INTO option_choice (option_id, choice_id) VALUES ('968d6b86-376e-4d23-9555-89ee1d638c1c', 'aa3afee5-f038-4690-a6e8-3430825a811c');
INSERT INTO interviewee (id, login, password, age, gender, country, marital_status) VALUES ('8c7ec035-69b1-4995-965b-164e3c3a56a7', 'interviewee733', 'qwerty', 24, 'male', 'BR', 'divorced');
INSERT INTO choice (id, questionnaire_id, interviewee_id) VALUES ('e0748b73-a774-4b7d-a5fa-18b890949436', 'd05638df-f11c-413d-8456-ee036bed2914', '8c7ec035-69b1-4995-965b-164e3c3a56a7');
INSERT INTO option_choice (option_id, choice_id) VALUES ('b4b64304-6288-40df-8120-283c58db8d1a', 'e0748b73-a774-4b7d-a5fa-18b890949436');
INSERT INTO choice (id, questionnaire_id, interviewee_id) VALUES ('c63b70d7-21b9-4cb8-863f-ab0f5f41f791', 'a345b682-c7ac-49ac-9f14-4f5173a872d8', '8c7ec035-69b1-4995-965b-164e3c3a56a7');
INSERT INTO option_choice (option_id, choice_id) VALUES ('4389db4e-2a8b-43f8-8643-dd6f5a5f160e', 'c63b70d7-21b9-4cb8-863f-ab0f5f41f791');
INSERT INTO choice (id, questionnaire_id, interviewee_id) VALUES ('ecd5a878-7707-413a-9bd8-8a469122bfad', 'e2cf177f-e49f-4aef-99a6-095d711c6ec2', '8c7ec035-69b1-4995-965b-164e3c3a56a7');
INSERT INTO option_choice (option_id, choice_id) VALUES ('1b5e4a41-da4c-4845-8698-5ed9deee3ca2', 'ecd5a878-7707-413a-9bd8-8a469122bfad');
INSERT INTO interviewee (id, login, password, age, gender, country, marital_status) VALUES ('e98936e1-6d69-4cc0-b47d-d9c1a55be150', 'interviewee734', 'qwerty', 55, 'female', 'MA', 'was_not_married');
INSERT INTO choice (id, questionnaire_id, interviewee_id) VALUES ('05df2d29-d3ea-4ef3-999b-b86e6ce7cfd1', '557cb630-d2f4-4e11-afe9-d50534deb525', 'e98936e1-6d69-4cc0-b47d-d9c1a55be150');
INSERT INTO option_choice (option_id, choice_id) VALUES ('3495c366-5183-4e9e-856e-8a1c40f7bab1', '05df2d29-d3ea-4ef3-999b-b86e6ce7cfd1');
INSERT INTO choice (id, questionnaire_id, interviewee_id) VALUES ('3499205c-0ba6-4743-b5bb-24ad42267beb', '342b973f-a1d1-4062-a073-fb80b6195e1a', 'e98936e1-6d69-4cc0-b47d-d9c1a55be150');
INSERT INTO option_choice (option_id, choice_id) VALUES ('d84282d4-6002-4289-bb10-cb7bfd2e906b', '3499205c-0ba6-4743-b5bb-24ad42267beb');
INSERT INTO option_choice (option_id, choice_id) VALUES ('a95386af-e627-4a57-adc2-0009818da88b', '3499205c-0ba6-4743-b5bb-24ad42267beb');
INSERT INTO choice (id, questionnaire_id, interviewee_id) VALUES ('d2a85a7c-91b9-42a4-b408-98e3b8881e36', 'cb70c074-82ef-4114-aabc-e940a19b5bb0', 'e98936e1-6d69-4cc0-b47d-d9c1a55be150');
INSERT INTO option_choice (option_id, choice_id) VALUES ('4f47a30f-5169-4bf3-a6a9-f9777225a72d', 'd2a85a7c-91b9-42a4-b408-98e3b8881e36');
INSERT INTO option_choice (option_id, choice_id) VALUES ('4fbbc5c4-5cc1-4421-86a2-d7151c56a9df', 'd2a85a7c-91b9-42a4-b408-98e3b8881e36');
INSERT INTO option_choice (option_id, choice_id) VALUES ('c2db2843-0153-4422-8aa4-c4c9e640418d', 'd2a85a7c-91b9-42a4-b408-98e3b8881e36');
INSERT INTO option_choice (option_id, choice_id) VALUES ('b2aebe06-b155-47cd-a39d-b9c1beabb465', 'd2a85a7c-91b9-42a4-b408-98e3b8881e36');
INSERT INTO interviewee (id, login, password, age, gender, country, marital_status) VALUES ('1ac089b3-b0b1-4db9-b323-fda52b6c9018', 'interviewee735', 'qwerty', 16, 'female', 'AT', 'married');
INSERT INTO choice (id, questionnaire_id, interviewee_id) VALUES ('4ad70c72-8e25-40de-8b8f-812633f81234', '8adfa259-7459-4497-b994-7101058c39c1', '1ac089b3-b0b1-4db9-b323-fda52b6c9018');
INSERT INTO option_choice (option_id, choice_id) VALUES ('3e047d89-087c-45bd-82d6-38c4acd5c609', '4ad70c72-8e25-40de-8b8f-812633f81234');
INSERT INTO option_choice (option_id, choice_id) VALUES ('968d6b86-376e-4d23-9555-89ee1d638c1c', '4ad70c72-8e25-40de-8b8f-812633f81234');
INSERT INTO option_choice (option_id, choice_id) VALUES ('0c96072b-cf70-4fde-8afb-27bf8c3f7a8b', '4ad70c72-8e25-40de-8b8f-812633f81234');
INSERT INTO option_choice (option_id, choice_id) VALUES ('7d64ec60-4b16-49eb-a0c6-4af24c3b1767', '4ad70c72-8e25-40de-8b8f-812633f81234');
INSERT INTO option_choice (option_id, choice_id) VALUES ('9e45c288-be30-427f-be35-83a5171e2b4d', '4ad70c72-8e25-40de-8b8f-812633f81234');
INSERT INTO interviewee (id, login, password, age, gender, country, marital_status) VALUES ('858b7467-6efd-4324-b36b-575d91bfd939', 'interviewee736', 'qwerty', 58, 'female', 'RO', 'married');
INSERT INTO choice (id, questionnaire_id, interviewee_id) VALUES ('732874b1-519f-4ff2-8c5e-ce755b35904e', '21abb345-1235-4f5e-8b5b-2f6f89f30fee', '858b7467-6efd-4324-b36b-575d91bfd939');
INSERT INTO option_choice (option_id, choice_id) VALUES ('40408222-66d0-42a2-ad65-3a6b1158d780', '732874b1-519f-4ff2-8c5e-ce755b35904e');
INSERT INTO choice (id, questionnaire_id, interviewee_id) VALUES ('331a06bb-44ac-4957-bbda-9e2b84ba05f1', 'a2f7d656-4675-4d99-9435-95cbe535c6c1', '858b7467-6efd-4324-b36b-575d91bfd939');
INSERT INTO option_choice (option_id, choice_id) VALUES ('d3d55bb1-ef9d-4b9a-b1b9-8e4375e7dbd0', '331a06bb-44ac-4957-bbda-9e2b84ba05f1');
INSERT INTO option_choice (option_id, choice_id) VALUES ('110b73fb-e57f-409d-83dc-0d81bdd20a44', '331a06bb-44ac-4957-bbda-9e2b84ba05f1');
INSERT INTO option_choice (option_id, choice_id) VALUES ('c6bb5cf5-3828-4747-8bb2-776e9deaeb04', '331a06bb-44ac-4957-bbda-9e2b84ba05f1');
INSERT INTO option_choice (option_id, choice_id) VALUES ('2366bc8e-690e-4739-b5f2-cf491cd8107c', '331a06bb-44ac-4957-bbda-9e2b84ba05f1');
INSERT INTO option_choice (option_id, choice_id) VALUES ('930526a4-2714-4f39-831c-55b3185bd967', '331a06bb-44ac-4957-bbda-9e2b84ba05f1');
INSERT INTO interviewee (id, login, password, age, gender, country, marital_status) VALUES ('3f952fdc-bacd-4cc5-ab78-adb8ff97adaf', 'interviewee737', 'qwerty', 68, 'male', 'SE', 'was_not_married');
INSERT INTO choice (id, questionnaire_id, interviewee_id) VALUES ('ccd5e7bf-43df-4d28-8390-ebbd3bd03d5a', '8adfa259-7459-4497-b994-7101058c39c1', '3f952fdc-bacd-4cc5-ab78-adb8ff97adaf');
INSERT INTO option_choice (option_id, choice_id) VALUES ('502fb96b-685d-47da-86bb-f40e1e8f57ef', 'ccd5e7bf-43df-4d28-8390-ebbd3bd03d5a');
INSERT INTO option_choice (option_id, choice_id) VALUES ('3e047d89-087c-45bd-82d6-38c4acd5c609', 'ccd5e7bf-43df-4d28-8390-ebbd3bd03d5a');
INSERT INTO choice (id, questionnaire_id, interviewee_id) VALUES ('29e1ba57-6d30-404e-a6e5-7f19a4b74aad', 'd05638df-f11c-413d-8456-ee036bed2914', '3f952fdc-bacd-4cc5-ab78-adb8ff97adaf');
INSERT INTO option_choice (option_id, choice_id) VALUES ('b0557de3-6b66-4e79-b1ac-c2b8f0a5096b', '29e1ba57-6d30-404e-a6e5-7f19a4b74aad');
INSERT INTO interviewee (id, login, password, age, gender, country, marital_status) VALUES ('4fbbc357-64f9-464c-8fcb-e4f45cce975a', 'interviewee738', 'qwerty', 48, 'male', 'BS', 'married');
INSERT INTO choice (id, questionnaire_id, interviewee_id) VALUES ('54045470-429b-4cd8-a092-d5a8bbd2fb2e', 'a345b682-c7ac-49ac-9f14-4f5173a872d8', '4fbbc357-64f9-464c-8fcb-e4f45cce975a');
INSERT INTO option_choice (option_id, choice_id) VALUES ('4389db4e-2a8b-43f8-8643-dd6f5a5f160e', '54045470-429b-4cd8-a092-d5a8bbd2fb2e');
INSERT INTO interviewee (id, login, password, age, gender, country, marital_status) VALUES ('46ff875f-2795-4dd8-8d6f-2d2568388802', 'interviewee739', 'qwerty', 43, 'female', 'MX', 'divorced');
INSERT INTO choice (id, questionnaire_id, interviewee_id) VALUES ('14086328-61e7-462d-bc7e-d33f2cabb869', '56c296cd-7c3b-4eb1-90cb-745e555a098c', '46ff875f-2795-4dd8-8d6f-2d2568388802');
INSERT INTO option_choice (option_id, choice_id) VALUES ('75d9d333-93f8-42f6-be3b-9a5a24aa476c', '14086328-61e7-462d-bc7e-d33f2cabb869');
INSERT INTO choice (id, questionnaire_id, interviewee_id) VALUES ('27b1e972-40b7-4f55-beeb-4419a78e3e52', '83dbd16d-6765-468d-944f-022d10d042e5', '46ff875f-2795-4dd8-8d6f-2d2568388802');
INSERT INTO option_choice (option_id, choice_id) VALUES ('176e8036-bece-46c0-beb2-71eb28a41f51', '27b1e972-40b7-4f55-beeb-4419a78e3e52');
INSERT INTO interviewee (id, login, password, age, gender, country, marital_status) VALUES ('da7b8823-4d79-41b1-9195-3185b038300a', 'interviewee740', 'qwerty', 54, 'male', 'MR', 'married');
INSERT INTO choice (id, questionnaire_id, interviewee_id) VALUES ('bf4cf94d-1dd6-41b0-b038-17fa2291b9f9', 'a2f7d656-4675-4d99-9435-95cbe535c6c1', 'da7b8823-4d79-41b1-9195-3185b038300a');
INSERT INTO option_choice (option_id, choice_id) VALUES ('c6bb5cf5-3828-4747-8bb2-776e9deaeb04', 'bf4cf94d-1dd6-41b0-b038-17fa2291b9f9');
INSERT INTO choice (id, questionnaire_id, interviewee_id) VALUES ('4062adc2-e919-49b2-8d18-71efc13a87fe', 'af6f1431-a90e-4919-83a4-359d6a8a7d22', 'da7b8823-4d79-41b1-9195-3185b038300a');
INSERT INTO option_choice (option_id, choice_id) VALUES ('b6cea016-cb83-4752-bbc0-0e2a71b294d6', '4062adc2-e919-49b2-8d18-71efc13a87fe');
INSERT INTO option_choice (option_id, choice_id) VALUES ('14b9069e-cc19-448a-96f6-c333a9a53635', '4062adc2-e919-49b2-8d18-71efc13a87fe');
INSERT INTO interviewee (id, login, password, age, gender, country, marital_status) VALUES ('388bb43f-e9b4-45f3-bcd1-a6765e04fd59', 'interviewee741', 'qwerty', 17, 'female', 'GM', 'divorced');
INSERT INTO choice (id, questionnaire_id, interviewee_id) VALUES ('128fbb0a-a1b0-4fa0-8cfe-c846c19d676b', 'e2cf177f-e49f-4aef-99a6-095d711c6ec2', '388bb43f-e9b4-45f3-bcd1-a6765e04fd59');
INSERT INTO option_choice (option_id, choice_id) VALUES ('242c02d5-0f4b-4e89-976f-3754854f478c', '128fbb0a-a1b0-4fa0-8cfe-c846c19d676b');
INSERT INTO choice (id, questionnaire_id, interviewee_id) VALUES ('f893856a-8d5d-47a6-8b2c-1a83d3facdb5', '91a16ec4-1a91-44d1-bb08-6e9fc823c230', '388bb43f-e9b4-45f3-bcd1-a6765e04fd59');
INSERT INTO option_choice (option_id, choice_id) VALUES ('cab8632d-19dd-4ddc-9c90-669949088fa5', 'f893856a-8d5d-47a6-8b2c-1a83d3facdb5');
INSERT INTO option_choice (option_id, choice_id) VALUES ('fbc23714-2c99-4441-8130-94075c78f6e8', 'f893856a-8d5d-47a6-8b2c-1a83d3facdb5');
INSERT INTO option_choice (option_id, choice_id) VALUES ('690b73cc-52e3-435d-a3bd-78733e5fdeaf', 'f893856a-8d5d-47a6-8b2c-1a83d3facdb5');
INSERT INTO option_choice (option_id, choice_id) VALUES ('5b32da45-be75-42c8-8fa7-ba776167a759', 'f893856a-8d5d-47a6-8b2c-1a83d3facdb5');
INSERT INTO interviewee (id, login, password, age, gender, country, marital_status) VALUES ('cb91f849-417b-45d9-96db-34f0bd87a48d', 'interviewee742', 'qwerty', 50, 'male', 'FO', 'married');
INSERT INTO choice (id, questionnaire_id, interviewee_id) VALUES ('f52973b6-d8c4-4a95-acc2-180bb1871280', '56c296cd-7c3b-4eb1-90cb-745e555a098c', 'cb91f849-417b-45d9-96db-34f0bd87a48d');
INSERT INTO option_choice (option_id, choice_id) VALUES ('0e27133d-354c-4e2d-af9f-e74397954328', 'f52973b6-d8c4-4a95-acc2-180bb1871280');
INSERT INTO choice (id, questionnaire_id, interviewee_id) VALUES ('df92f937-af69-4101-b794-d82252fb06e8', 'b6588e29-37de-425f-834e-e867f77794ce', 'cb91f849-417b-45d9-96db-34f0bd87a48d');
INSERT INTO option_choice (option_id, choice_id) VALUES ('4bde418e-a165-43f7-ac7b-c6d2ab034e2e', 'df92f937-af69-4101-b794-d82252fb06e8');
INSERT INTO option_choice (option_id, choice_id) VALUES ('460ff4a7-d376-4dc8-b5bb-9ab1989fbb31', 'df92f937-af69-4101-b794-d82252fb06e8');
INSERT INTO option_choice (option_id, choice_id) VALUES ('40c301f5-13ed-4b94-85aa-e1c562adce4d', 'df92f937-af69-4101-b794-d82252fb06e8');
INSERT INTO option_choice (option_id, choice_id) VALUES ('7f0bbd14-8cfc-4a28-88f7-5af992a4c02b', 'df92f937-af69-4101-b794-d82252fb06e8');
INSERT INTO option_choice (option_id, choice_id) VALUES ('5b82f100-bb0f-47ec-9395-7a0409f4b7ef', 'df92f937-af69-4101-b794-d82252fb06e8');
INSERT INTO option_choice (option_id, choice_id) VALUES ('07e7a8bf-65e2-41d5-aeef-91bcbe765392', 'df92f937-af69-4101-b794-d82252fb06e8');
INSERT INTO choice (id, questionnaire_id, interviewee_id) VALUES ('48a41caa-c4bd-4ee3-907b-c762a8fb6f76', 'afb83fe3-e755-403b-9a15-c18b3782c012', 'cb91f849-417b-45d9-96db-34f0bd87a48d');
INSERT INTO option_choice (option_id, choice_id) VALUES ('db1f1f55-651e-4dd8-b4c1-deb2f26216b2', '48a41caa-c4bd-4ee3-907b-c762a8fb6f76');
INSERT INTO interviewee (id, login, password, age, gender, country, marital_status) VALUES ('b6a538c6-4478-40ad-bfbf-e75b64647d5c', 'interviewee743', 'qwerty', 44, 'male', 'NA', 'married');
INSERT INTO choice (id, questionnaire_id, interviewee_id) VALUES ('37cfe8b0-6e88-42ea-8bde-53248443e940', 'a2f7d656-4675-4d99-9435-95cbe535c6c1', 'b6a538c6-4478-40ad-bfbf-e75b64647d5c');
INSERT INTO option_choice (option_id, choice_id) VALUES ('930526a4-2714-4f39-831c-55b3185bd967', '37cfe8b0-6e88-42ea-8bde-53248443e940');
INSERT INTO option_choice (option_id, choice_id) VALUES ('d3d55bb1-ef9d-4b9a-b1b9-8e4375e7dbd0', '37cfe8b0-6e88-42ea-8bde-53248443e940');
INSERT INTO option_choice (option_id, choice_id) VALUES ('110b73fb-e57f-409d-83dc-0d81bdd20a44', '37cfe8b0-6e88-42ea-8bde-53248443e940');
INSERT INTO option_choice (option_id, choice_id) VALUES ('ced72831-705a-4153-849e-71a73e5a7d3c', '37cfe8b0-6e88-42ea-8bde-53248443e940');
INSERT INTO interviewee (id, login, password, age, gender, country, marital_status) VALUES ('582d5e90-953f-42ab-979f-119c2da0ce6d', 'interviewee744', 'qwerty', 38, 'male', 'TR', 'married');
INSERT INTO choice (id, questionnaire_id, interviewee_id) VALUES ('661f584a-cc4b-4357-9e45-24c09c67edd5', '21abb345-1235-4f5e-8b5b-2f6f89f30fee', '582d5e90-953f-42ab-979f-119c2da0ce6d');
INSERT INTO option_choice (option_id, choice_id) VALUES ('bf5bc6ce-b791-45ed-9dbe-fe939c3ccd4b', '661f584a-cc4b-4357-9e45-24c09c67edd5');
INSERT INTO interviewee (id, login, password, age, gender, country, marital_status) VALUES ('8ca77343-9ef1-458d-af3b-2b9b1572efb4', 'interviewee745', 'qwerty', 33, 'female', 'TC', 'was_not_married');
INSERT INTO choice (id, questionnaire_id, interviewee_id) VALUES ('95d083e4-8ca3-45c3-b19e-332724524158', 'b6588e29-37de-425f-834e-e867f77794ce', '8ca77343-9ef1-458d-af3b-2b9b1572efb4');
INSERT INTO option_choice (option_id, choice_id) VALUES ('7f0bbd14-8cfc-4a28-88f7-5af992a4c02b', '95d083e4-8ca3-45c3-b19e-332724524158');
INSERT INTO option_choice (option_id, choice_id) VALUES ('ec37510e-f2a1-4e16-ae94-e9ea2c4461e3', '95d083e4-8ca3-45c3-b19e-332724524158');
INSERT INTO option_choice (option_id, choice_id) VALUES ('5b82f100-bb0f-47ec-9395-7a0409f4b7ef', '95d083e4-8ca3-45c3-b19e-332724524158');
INSERT INTO option_choice (option_id, choice_id) VALUES ('46bd1403-2ee0-4145-8014-8dd4fafcb8af', '95d083e4-8ca3-45c3-b19e-332724524158');
INSERT INTO interviewee (id, login, password, age, gender, country, marital_status) VALUES ('7aff07e2-6e21-496f-b5a2-fbb393df20aa', 'interviewee746', 'qwerty', 60, 'female', 'PM', 'was_not_married');
INSERT INTO choice (id, questionnaire_id, interviewee_id) VALUES ('c4362f10-3f5e-4978-90f6-961651491aa9', 'bf8da1bc-7284-44d0-a7c0-4e0321978aa0', '7aff07e2-6e21-496f-b5a2-fbb393df20aa');
INSERT INTO option_choice (option_id, choice_id) VALUES ('9bdf6935-cda0-4d8b-82bb-51be50aece89', 'c4362f10-3f5e-4978-90f6-961651491aa9');
INSERT INTO choice (id, questionnaire_id, interviewee_id) VALUES ('6826248f-8d51-4367-b731-ca39ba5adedd', 'af6f1431-a90e-4919-83a4-359d6a8a7d22', '7aff07e2-6e21-496f-b5a2-fbb393df20aa');
INSERT INTO option_choice (option_id, choice_id) VALUES ('14b9069e-cc19-448a-96f6-c333a9a53635', '6826248f-8d51-4367-b731-ca39ba5adedd');
INSERT INTO option_choice (option_id, choice_id) VALUES ('e6932ff8-921c-4ab7-b5c5-37e59ea816fd', '6826248f-8d51-4367-b731-ca39ba5adedd');
INSERT INTO option_choice (option_id, choice_id) VALUES ('1d5c1c89-2fbe-4efd-aab1-12329e29ad0f', '6826248f-8d51-4367-b731-ca39ba5adedd');
INSERT INTO option_choice (option_id, choice_id) VALUES ('e41b3b09-f2a6-4206-bfde-743557a31646', '6826248f-8d51-4367-b731-ca39ba5adedd');
INSERT INTO choice (id, questionnaire_id, interviewee_id) VALUES ('031b1e04-1dd8-4a7a-b315-10dbd1b16b5f', '8adfa259-7459-4497-b994-7101058c39c1', '7aff07e2-6e21-496f-b5a2-fbb393df20aa');
INSERT INTO option_choice (option_id, choice_id) VALUES ('0c96072b-cf70-4fde-8afb-27bf8c3f7a8b', '031b1e04-1dd8-4a7a-b315-10dbd1b16b5f');
INSERT INTO option_choice (option_id, choice_id) VALUES ('9e45c288-be30-427f-be35-83a5171e2b4d', '031b1e04-1dd8-4a7a-b315-10dbd1b16b5f');
INSERT INTO option_choice (option_id, choice_id) VALUES ('7d64ec60-4b16-49eb-a0c6-4af24c3b1767', '031b1e04-1dd8-4a7a-b315-10dbd1b16b5f');
INSERT INTO option_choice (option_id, choice_id) VALUES ('968d6b86-376e-4d23-9555-89ee1d638c1c', '031b1e04-1dd8-4a7a-b315-10dbd1b16b5f');
INSERT INTO option_choice (option_id, choice_id) VALUES ('3e047d89-087c-45bd-82d6-38c4acd5c609', '031b1e04-1dd8-4a7a-b315-10dbd1b16b5f');
INSERT INTO option_choice (option_id, choice_id) VALUES ('502fb96b-685d-47da-86bb-f40e1e8f57ef', '031b1e04-1dd8-4a7a-b315-10dbd1b16b5f');
INSERT INTO interviewee (id, login, password, age, gender, country, marital_status) VALUES ('941b50e9-fef6-4a11-aa59-0b9316c787f8', 'interviewee747', 'qwerty', 31, 'female', 'WS', 'was_not_married');
INSERT INTO choice (id, questionnaire_id, interviewee_id) VALUES ('c0409a88-dcd8-469e-ac5f-72c2ff1802b2', '557cb630-d2f4-4e11-afe9-d50534deb525', '941b50e9-fef6-4a11-aa59-0b9316c787f8');
INSERT INTO option_choice (option_id, choice_id) VALUES ('78cbec79-315d-4cd7-92bb-beb18eab98e5', 'c0409a88-dcd8-469e-ac5f-72c2ff1802b2');
INSERT INTO choice (id, questionnaire_id, interviewee_id) VALUES ('1e86989b-6f63-4102-9320-7629c5c5b6a7', '91a16ec4-1a91-44d1-bb08-6e9fc823c230', '941b50e9-fef6-4a11-aa59-0b9316c787f8');
INSERT INTO option_choice (option_id, choice_id) VALUES ('690b73cc-52e3-435d-a3bd-78733e5fdeaf', '1e86989b-6f63-4102-9320-7629c5c5b6a7');
INSERT INTO interviewee (id, login, password, age, gender, country, marital_status) VALUES ('903991e5-31d9-48b7-ae4e-09530aa1a460', 'interviewee748', 'qwerty', 52, 'male', 'LS', 'divorced');
INSERT INTO choice (id, questionnaire_id, interviewee_id) VALUES ('806c8ef8-1242-41c6-8b5d-40221082bcfb', '0b6580ec-1374-4a48-ad1d-b1fa316ad9be', '903991e5-31d9-48b7-ae4e-09530aa1a460');
INSERT INTO option_choice (option_id, choice_id) VALUES ('82be4575-892d-453a-b3d9-0827c6b6d6df', '806c8ef8-1242-41c6-8b5d-40221082bcfb');
INSERT INTO choice (id, questionnaire_id, interviewee_id) VALUES ('cb177811-d39a-4fe3-b846-c4f3c82c3b08', '21abb345-1235-4f5e-8b5b-2f6f89f30fee', '903991e5-31d9-48b7-ae4e-09530aa1a460');
INSERT INTO option_choice (option_id, choice_id) VALUES ('bf5bc6ce-b791-45ed-9dbe-fe939c3ccd4b', 'cb177811-d39a-4fe3-b846-c4f3c82c3b08');
INSERT INTO interviewee (id, login, password, age, gender, country, marital_status) VALUES ('db2a1eed-edf5-40a3-be25-dbe739de3696', 'interviewee749', 'qwerty', 33, 'male', 'ET', 'was_not_married');
INSERT INTO choice (id, questionnaire_id, interviewee_id) VALUES ('0be36c8e-7a7e-41f7-af2d-ea2730580d76', '83dbd16d-6765-468d-944f-022d10d042e5', 'db2a1eed-edf5-40a3-be25-dbe739de3696');
INSERT INTO option_choice (option_id, choice_id) VALUES ('176e8036-bece-46c0-beb2-71eb28a41f51', '0be36c8e-7a7e-41f7-af2d-ea2730580d76');
INSERT INTO option_choice (option_id, choice_id) VALUES ('eee0aab7-8b77-4c19-b028-648aa7e303ed', '0be36c8e-7a7e-41f7-af2d-ea2730580d76');
INSERT INTO option_choice (option_id, choice_id) VALUES ('d6416cf3-39f7-4cf9-ba84-314605b84d03', '0be36c8e-7a7e-41f7-af2d-ea2730580d76');
INSERT INTO option_choice (option_id, choice_id) VALUES ('d8a63395-3425-4d1b-95be-b38dc31cb0af', '0be36c8e-7a7e-41f7-af2d-ea2730580d76');
INSERT INTO interviewee (id, login, password, age, gender, country, marital_status) VALUES ('46882162-5f71-423a-b261-49f7806e03ae', 'interviewee750', 'qwerty', 70, 'male', 'CX', 'married');
INSERT INTO choice (id, questionnaire_id, interviewee_id) VALUES ('b73fa1cb-0abb-4b03-8eaf-eed0a9fe8d0e', '56c296cd-7c3b-4eb1-90cb-745e555a098c', '46882162-5f71-423a-b261-49f7806e03ae');
INSERT INTO option_choice (option_id, choice_id) VALUES ('d583c2c9-6998-483b-a5e4-67068e974d6f', 'b73fa1cb-0abb-4b03-8eaf-eed0a9fe8d0e');
INSERT INTO choice (id, questionnaire_id, interviewee_id) VALUES ('6c5a5abb-5f2e-4d33-ae4d-1f4009e09df3', '21abb345-1235-4f5e-8b5b-2f6f89f30fee', '46882162-5f71-423a-b261-49f7806e03ae');
INSERT INTO option_choice (option_id, choice_id) VALUES ('785185e3-f7db-4c98-901d-0cf973d9050c', '6c5a5abb-5f2e-4d33-ae4d-1f4009e09df3');
INSERT INTO interviewee (id, login, password, age, gender, country, marital_status) VALUES ('fbf74bf9-93c1-48c5-9e3e-1805c27a1ec5', 'interviewee751', 'qwerty', 50, 'female', 'ZM', 'married');
INSERT INTO choice (id, questionnaire_id, interviewee_id) VALUES ('ed3625c6-b739-422c-8f52-807c3b9cc883', '8902d50d-0421-4680-82f2-f2b1b667e3fd', 'fbf74bf9-93c1-48c5-9e3e-1805c27a1ec5');
INSERT INTO option_choice (option_id, choice_id) VALUES ('ac0c373d-7749-4908-8091-d580700cabb0', 'ed3625c6-b739-422c-8f52-807c3b9cc883');
INSERT INTO choice (id, questionnaire_id, interviewee_id) VALUES ('29fc81e8-e4b4-4f8d-ac3f-a5c5306ebc10', 'b6588e29-37de-425f-834e-e867f77794ce', 'fbf74bf9-93c1-48c5-9e3e-1805c27a1ec5');
INSERT INTO option_choice (option_id, choice_id) VALUES ('40c301f5-13ed-4b94-85aa-e1c562adce4d', '29fc81e8-e4b4-4f8d-ac3f-a5c5306ebc10');
INSERT INTO option_choice (option_id, choice_id) VALUES ('5b82f100-bb0f-47ec-9395-7a0409f4b7ef', '29fc81e8-e4b4-4f8d-ac3f-a5c5306ebc10');
INSERT INTO option_choice (option_id, choice_id) VALUES ('07e7a8bf-65e2-41d5-aeef-91bcbe765392', '29fc81e8-e4b4-4f8d-ac3f-a5c5306ebc10');
INSERT INTO option_choice (option_id, choice_id) VALUES ('460ff4a7-d376-4dc8-b5bb-9ab1989fbb31', '29fc81e8-e4b4-4f8d-ac3f-a5c5306ebc10');
INSERT INTO option_choice (option_id, choice_id) VALUES ('ec37510e-f2a1-4e16-ae94-e9ea2c4461e3', '29fc81e8-e4b4-4f8d-ac3f-a5c5306ebc10');
INSERT INTO option_choice (option_id, choice_id) VALUES ('4bde418e-a165-43f7-ac7b-c6d2ab034e2e', '29fc81e8-e4b4-4f8d-ac3f-a5c5306ebc10');
INSERT INTO option_choice (option_id, choice_id) VALUES ('7f0bbd14-8cfc-4a28-88f7-5af992a4c02b', '29fc81e8-e4b4-4f8d-ac3f-a5c5306ebc10');
INSERT INTO option_choice (option_id, choice_id) VALUES ('46bd1403-2ee0-4145-8014-8dd4fafcb8af', '29fc81e8-e4b4-4f8d-ac3f-a5c5306ebc10');
INSERT INTO choice (id, questionnaire_id, interviewee_id) VALUES ('880d18d5-ae49-4951-81a5-d102953c8ec7', '342b973f-a1d1-4062-a073-fb80b6195e1a', 'fbf74bf9-93c1-48c5-9e3e-1805c27a1ec5');
INSERT INTO option_choice (option_id, choice_id) VALUES ('d84282d4-6002-4289-bb10-cb7bfd2e906b', '880d18d5-ae49-4951-81a5-d102953c8ec7');
INSERT INTO option_choice (option_id, choice_id) VALUES ('47afaa62-a5ba-4be6-81b8-673fae59c987', '880d18d5-ae49-4951-81a5-d102953c8ec7');
INSERT INTO option_choice (option_id, choice_id) VALUES ('a95386af-e627-4a57-adc2-0009818da88b', '880d18d5-ae49-4951-81a5-d102953c8ec7');
INSERT INTO interviewee (id, login, password, age, gender, country, marital_status) VALUES ('31f0f02a-3994-4938-9d25-a31703f1771c', 'interviewee752', 'qwerty', 47, 'male', 'LY', 'married');
INSERT INTO choice (id, questionnaire_id, interviewee_id) VALUES ('99d31b36-aeb6-41c9-ad55-4d5dd45ac3d5', '91a16ec4-1a91-44d1-bb08-6e9fc823c230', '31f0f02a-3994-4938-9d25-a31703f1771c');
INSERT INTO option_choice (option_id, choice_id) VALUES ('fbc23714-2c99-4441-8130-94075c78f6e8', '99d31b36-aeb6-41c9-ad55-4d5dd45ac3d5');
INSERT INTO choice (id, questionnaire_id, interviewee_id) VALUES ('350f32ab-5803-4c41-8f12-479d4ece5e53', 'cb70c074-82ef-4114-aabc-e940a19b5bb0', '31f0f02a-3994-4938-9d25-a31703f1771c');
INSERT INTO option_choice (option_id, choice_id) VALUES ('4f47a30f-5169-4bf3-a6a9-f9777225a72d', '350f32ab-5803-4c41-8f12-479d4ece5e53');
INSERT INTO option_choice (option_id, choice_id) VALUES ('c2db2843-0153-4422-8aa4-c4c9e640418d', '350f32ab-5803-4c41-8f12-479d4ece5e53');
INSERT INTO choice (id, questionnaire_id, interviewee_id) VALUES ('abf6300f-cfb9-4a41-86d1-cd630167f9c8', 'af6f1431-a90e-4919-83a4-359d6a8a7d22', '31f0f02a-3994-4938-9d25-a31703f1771c');
INSERT INTO option_choice (option_id, choice_id) VALUES ('1d5c1c89-2fbe-4efd-aab1-12329e29ad0f', 'abf6300f-cfb9-4a41-86d1-cd630167f9c8');
INSERT INTO option_choice (option_id, choice_id) VALUES ('b6cea016-cb83-4752-bbc0-0e2a71b294d6', 'abf6300f-cfb9-4a41-86d1-cd630167f9c8');
INSERT INTO option_choice (option_id, choice_id) VALUES ('14b9069e-cc19-448a-96f6-c333a9a53635', 'abf6300f-cfb9-4a41-86d1-cd630167f9c8');
INSERT INTO option_choice (option_id, choice_id) VALUES ('e6932ff8-921c-4ab7-b5c5-37e59ea816fd', 'abf6300f-cfb9-4a41-86d1-cd630167f9c8');
INSERT INTO option_choice (option_id, choice_id) VALUES ('e41b3b09-f2a6-4206-bfde-743557a31646', 'abf6300f-cfb9-4a41-86d1-cd630167f9c8');
INSERT INTO option_choice (option_id, choice_id) VALUES ('d6e4609d-6705-4cc8-b83a-4786ea4f6ad6', 'abf6300f-cfb9-4a41-86d1-cd630167f9c8');
INSERT INTO option_choice (option_id, choice_id) VALUES ('a3c0df26-f677-4a76-9fc9-e8bcb2a586ec', 'abf6300f-cfb9-4a41-86d1-cd630167f9c8');
INSERT INTO interviewee (id, login, password, age, gender, country, marital_status) VALUES ('e23289ee-a586-40be-bab2-b4a45d155b68', 'interviewee753', 'qwerty', 55, 'male', 'VI', 'was_not_married');
INSERT INTO choice (id, questionnaire_id, interviewee_id) VALUES ('8788d40c-b4f7-4c72-9d7f-b8f42d2005f4', 'e679f6e5-388e-4679-9f14-15a0896d2816', 'e23289ee-a586-40be-bab2-b4a45d155b68');
INSERT INTO option_choice (option_id, choice_id) VALUES ('5169914a-cf41-4077-8993-1322df09c3da', '8788d40c-b4f7-4c72-9d7f-b8f42d2005f4');
INSERT INTO option_choice (option_id, choice_id) VALUES ('ae13d28d-5670-495b-a9e0-d0949dab86e3', '8788d40c-b4f7-4c72-9d7f-b8f42d2005f4');
INSERT INTO option_choice (option_id, choice_id) VALUES ('7fc08a6e-900b-45ea-b455-29a8eb343039', '8788d40c-b4f7-4c72-9d7f-b8f42d2005f4');
INSERT INTO option_choice (option_id, choice_id) VALUES ('01fc26e1-e8f8-407f-a1b8-6af243e9c3dd', '8788d40c-b4f7-4c72-9d7f-b8f42d2005f4');
INSERT INTO choice (id, questionnaire_id, interviewee_id) VALUES ('0ee8d1a9-551d-4935-b7f6-bb62eac5b140', 'bf8da1bc-7284-44d0-a7c0-4e0321978aa0', 'e23289ee-a586-40be-bab2-b4a45d155b68');
INSERT INTO option_choice (option_id, choice_id) VALUES ('1690438b-db39-4933-b62c-4f692bce0c76', '0ee8d1a9-551d-4935-b7f6-bb62eac5b140');
INSERT INTO choice (id, questionnaire_id, interviewee_id) VALUES ('240ae847-e2ea-4fe4-91ee-ba8c65f225cd', '342b973f-a1d1-4062-a073-fb80b6195e1a', 'e23289ee-a586-40be-bab2-b4a45d155b68');
INSERT INTO option_choice (option_id, choice_id) VALUES ('47afaa62-a5ba-4be6-81b8-673fae59c987', '240ae847-e2ea-4fe4-91ee-ba8c65f225cd');
INSERT INTO interviewee (id, login, password, age, gender, country, marital_status) VALUES ('65617890-7ba8-4c43-aa10-48c08cd4ec4e', 'interviewee754', 'qwerty', 29, 'female', 'PR', 'married');
INSERT INTO choice (id, questionnaire_id, interviewee_id) VALUES ('e8e5f45b-9d4e-4275-9663-7ca610c0deda', '83dbd16d-6765-468d-944f-022d10d042e5', '65617890-7ba8-4c43-aa10-48c08cd4ec4e');
INSERT INTO option_choice (option_id, choice_id) VALUES ('176e8036-bece-46c0-beb2-71eb28a41f51', 'e8e5f45b-9d4e-4275-9663-7ca610c0deda');
INSERT INTO option_choice (option_id, choice_id) VALUES ('eee0aab7-8b77-4c19-b028-648aa7e303ed', 'e8e5f45b-9d4e-4275-9663-7ca610c0deda');
INSERT INTO option_choice (option_id, choice_id) VALUES ('d8a63395-3425-4d1b-95be-b38dc31cb0af', 'e8e5f45b-9d4e-4275-9663-7ca610c0deda');
INSERT INTO option_choice (option_id, choice_id) VALUES ('d6416cf3-39f7-4cf9-ba84-314605b84d03', 'e8e5f45b-9d4e-4275-9663-7ca610c0deda');
INSERT INTO choice (id, questionnaire_id, interviewee_id) VALUES ('cb6ece0a-d066-49cb-9e58-82c747eca2c0', 'a2f7d656-4675-4d99-9435-95cbe535c6c1', '65617890-7ba8-4c43-aa10-48c08cd4ec4e');
INSERT INTO option_choice (option_id, choice_id) VALUES ('394c3616-edd7-4820-aa09-f4425e4f774c', 'cb6ece0a-d066-49cb-9e58-82c747eca2c0');
INSERT INTO interviewee (id, login, password, age, gender, country, marital_status) VALUES ('caaa5cf3-6324-40a7-a851-04d8ee26d6e7', 'interviewee755', 'qwerty', 50, 'female', 'ST', 'married');
INSERT INTO choice (id, questionnaire_id, interviewee_id) VALUES ('7de37903-4dda-4f54-a165-03e74c2ca8b2', 'e2cf177f-e49f-4aef-99a6-095d711c6ec2', 'caaa5cf3-6324-40a7-a851-04d8ee26d6e7');
INSERT INTO option_choice (option_id, choice_id) VALUES ('1b5e4a41-da4c-4845-8698-5ed9deee3ca2', '7de37903-4dda-4f54-a165-03e74c2ca8b2');
INSERT INTO choice (id, questionnaire_id, interviewee_id) VALUES ('d97f079a-99fc-4051-ab39-ca8758c6ada6', 'bf8da1bc-7284-44d0-a7c0-4e0321978aa0', 'caaa5cf3-6324-40a7-a851-04d8ee26d6e7');
INSERT INTO option_choice (option_id, choice_id) VALUES ('fbbdfd34-e2c5-4e0b-b98a-d33f6f4fac06', 'd97f079a-99fc-4051-ab39-ca8758c6ada6');
INSERT INTO choice (id, questionnaire_id, interviewee_id) VALUES ('cbc19ee7-eea4-4400-abea-58b81fc12460', '1a336595-020d-4026-a389-afd9a80cf707', 'caaa5cf3-6324-40a7-a851-04d8ee26d6e7');
INSERT INTO option_choice (option_id, choice_id) VALUES ('15439bd9-6ff1-4651-a545-60ef7679f375', 'cbc19ee7-eea4-4400-abea-58b81fc12460');
INSERT INTO interviewee (id, login, password, age, gender, country, marital_status) VALUES ('7f52063c-5024-42cc-8cde-cae31ac39de7', 'interviewee756', 'qwerty', 29, 'female', 'GQ', 'divorced');
INSERT INTO choice (id, questionnaire_id, interviewee_id) VALUES ('e7543569-1d63-492a-b22c-da7d9adce0c3', 'afb83fe3-e755-403b-9a15-c18b3782c012', '7f52063c-5024-42cc-8cde-cae31ac39de7');
INSERT INTO option_choice (option_id, choice_id) VALUES ('db1f1f55-651e-4dd8-b4c1-deb2f26216b2', 'e7543569-1d63-492a-b22c-da7d9adce0c3');
INSERT INTO choice (id, questionnaire_id, interviewee_id) VALUES ('b7dc9791-3037-4578-9e79-3586a6841b8c', 'f680addd-a0b2-4101-9e1f-5e0870943c68', '7f52063c-5024-42cc-8cde-cae31ac39de7');
INSERT INTO option_choice (option_id, choice_id) VALUES ('cfde0373-91b9-46f9-bc0d-a137a713d2d7', 'b7dc9791-3037-4578-9e79-3586a6841b8c');
INSERT INTO option_choice (option_id, choice_id) VALUES ('521ef3a0-411b-4392-8393-62ed9a638949', 'b7dc9791-3037-4578-9e79-3586a6841b8c');
INSERT INTO choice (id, questionnaire_id, interviewee_id) VALUES ('fdba9daa-ab8b-4a4e-b2dc-a7a4eb11fe9b', '342b973f-a1d1-4062-a073-fb80b6195e1a', '7f52063c-5024-42cc-8cde-cae31ac39de7');
INSERT INTO option_choice (option_id, choice_id) VALUES ('47afaa62-a5ba-4be6-81b8-673fae59c987', 'fdba9daa-ab8b-4a4e-b2dc-a7a4eb11fe9b');
INSERT INTO option_choice (option_id, choice_id) VALUES ('d84282d4-6002-4289-bb10-cb7bfd2e906b', 'fdba9daa-ab8b-4a4e-b2dc-a7a4eb11fe9b');
INSERT INTO interviewee (id, login, password, age, gender, country, marital_status) VALUES ('251b3fa7-b410-4725-9e22-557c71cd4bef', 'interviewee757', 'qwerty', 50, 'female', 'LK', 'married');
INSERT INTO choice (id, questionnaire_id, interviewee_id) VALUES ('bea74835-0637-4df6-b13c-fa5768575b7e', '56c296cd-7c3b-4eb1-90cb-745e555a098c', '251b3fa7-b410-4725-9e22-557c71cd4bef');
INSERT INTO option_choice (option_id, choice_id) VALUES ('e2f977a1-4767-4f5b-b056-27e45348cf1a', 'bea74835-0637-4df6-b13c-fa5768575b7e');
INSERT INTO interviewee (id, login, password, age, gender, country, marital_status) VALUES ('5fa86877-a206-4068-85c2-4e3e40deee6c', 'interviewee758', 'qwerty', 28, 'male', 'GB', 'divorced');
INSERT INTO choice (id, questionnaire_id, interviewee_id) VALUES ('823396b4-a82c-447c-9673-cbfa780552d7', 'a2f7d656-4675-4d99-9435-95cbe535c6c1', '5fa86877-a206-4068-85c2-4e3e40deee6c');
INSERT INTO option_choice (option_id, choice_id) VALUES ('930526a4-2714-4f39-831c-55b3185bd967', '823396b4-a82c-447c-9673-cbfa780552d7');
INSERT INTO option_choice (option_id, choice_id) VALUES ('c6bb5cf5-3828-4747-8bb2-776e9deaeb04', '823396b4-a82c-447c-9673-cbfa780552d7');
INSERT INTO option_choice (option_id, choice_id) VALUES ('110b73fb-e57f-409d-83dc-0d81bdd20a44', '823396b4-a82c-447c-9673-cbfa780552d7');
INSERT INTO option_choice (option_id, choice_id) VALUES ('ced72831-705a-4153-849e-71a73e5a7d3c', '823396b4-a82c-447c-9673-cbfa780552d7');
INSERT INTO option_choice (option_id, choice_id) VALUES ('394c3616-edd7-4820-aa09-f4425e4f774c', '823396b4-a82c-447c-9673-cbfa780552d7');
INSERT INTO option_choice (option_id, choice_id) VALUES ('2366bc8e-690e-4739-b5f2-cf491cd8107c', '823396b4-a82c-447c-9673-cbfa780552d7');
INSERT INTO choice (id, questionnaire_id, interviewee_id) VALUES ('8f55bf79-0dfe-4166-aeaa-8c56dea721fa', '342b973f-a1d1-4062-a073-fb80b6195e1a', '5fa86877-a206-4068-85c2-4e3e40deee6c');
INSERT INTO option_choice (option_id, choice_id) VALUES ('47afaa62-a5ba-4be6-81b8-673fae59c987', '8f55bf79-0dfe-4166-aeaa-8c56dea721fa');
INSERT INTO option_choice (option_id, choice_id) VALUES ('d84282d4-6002-4289-bb10-cb7bfd2e906b', '8f55bf79-0dfe-4166-aeaa-8c56dea721fa');
INSERT INTO choice (id, questionnaire_id, interviewee_id) VALUES ('c5db3dfa-2092-44eb-8c42-1dfbf4461b93', 'cb70c074-82ef-4114-aabc-e940a19b5bb0', '5fa86877-a206-4068-85c2-4e3e40deee6c');
INSERT INTO option_choice (option_id, choice_id) VALUES ('c2db2843-0153-4422-8aa4-c4c9e640418d', 'c5db3dfa-2092-44eb-8c42-1dfbf4461b93');
INSERT INTO interviewee (id, login, password, age, gender, country, marital_status) VALUES ('b4997faf-e9a4-4dbc-9856-296a61c90cd2', 'interviewee759', 'qwerty', 64, 'female', 'EH', 'divorced');
INSERT INTO choice (id, questionnaire_id, interviewee_id) VALUES ('f5eb83e0-1bab-478d-a4be-68005c534a2a', '83dbd16d-6765-468d-944f-022d10d042e5', 'b4997faf-e9a4-4dbc-9856-296a61c90cd2');
INSERT INTO option_choice (option_id, choice_id) VALUES ('eee0aab7-8b77-4c19-b028-648aa7e303ed', 'f5eb83e0-1bab-478d-a4be-68005c534a2a');
INSERT INTO option_choice (option_id, choice_id) VALUES ('176e8036-bece-46c0-beb2-71eb28a41f51', 'f5eb83e0-1bab-478d-a4be-68005c534a2a');
INSERT INTO option_choice (option_id, choice_id) VALUES ('d8a63395-3425-4d1b-95be-b38dc31cb0af', 'f5eb83e0-1bab-478d-a4be-68005c534a2a');
INSERT INTO choice (id, questionnaire_id, interviewee_id) VALUES ('16db61be-981e-459d-8e38-d3f19a9ee0ef', 'e679f6e5-388e-4679-9f14-15a0896d2816', 'b4997faf-e9a4-4dbc-9856-296a61c90cd2');
INSERT INTO option_choice (option_id, choice_id) VALUES ('7fc08a6e-900b-45ea-b455-29a8eb343039', '16db61be-981e-459d-8e38-d3f19a9ee0ef');
INSERT INTO option_choice (option_id, choice_id) VALUES ('3ee9dd0f-6306-4f8b-bdec-27347884621a', '16db61be-981e-459d-8e38-d3f19a9ee0ef');
INSERT INTO choice (id, questionnaire_id, interviewee_id) VALUES ('def4c8aa-d59d-4418-ae8a-77024ef62299', 'e2cf177f-e49f-4aef-99a6-095d711c6ec2', 'b4997faf-e9a4-4dbc-9856-296a61c90cd2');
INSERT INTO option_choice (option_id, choice_id) VALUES ('1b5e4a41-da4c-4845-8698-5ed9deee3ca2', 'def4c8aa-d59d-4418-ae8a-77024ef62299');
INSERT INTO interviewee (id, login, password, age, gender, country, marital_status) VALUES ('bfaedb51-7f99-46da-b00f-22f9f1032730', 'interviewee760', 'qwerty', 45, 'female', 'CW', 'married');
INSERT INTO choice (id, questionnaire_id, interviewee_id) VALUES ('05380261-d946-49f4-91d4-45fa7b807e12', '8902d50d-0421-4680-82f2-f2b1b667e3fd', 'bfaedb51-7f99-46da-b00f-22f9f1032730');
INSERT INTO option_choice (option_id, choice_id) VALUES ('ac0c373d-7749-4908-8091-d580700cabb0', '05380261-d946-49f4-91d4-45fa7b807e12');
INSERT INTO interviewee (id, login, password, age, gender, country, marital_status) VALUES ('71246fd2-5e22-491b-bb37-7bb76e84f147', 'interviewee761', 'qwerty', 42, 'male', 'MK', 'married');
INSERT INTO choice (id, questionnaire_id, interviewee_id) VALUES ('e0d7965e-cab6-4be6-89bb-ab9753a9c9a3', '309e872a-e145-4926-998b-ec0fdb62466a', '71246fd2-5e22-491b-bb37-7bb76e84f147');
INSERT INTO option_choice (option_id, choice_id) VALUES ('1dcd1e79-636e-4d6c-b9b4-dcf0da4fdaaa', 'e0d7965e-cab6-4be6-89bb-ab9753a9c9a3');
INSERT INTO choice (id, questionnaire_id, interviewee_id) VALUES ('42b85efe-a325-42a2-a654-cf93a101203d', 'd05638df-f11c-413d-8456-ee036bed2914', '71246fd2-5e22-491b-bb37-7bb76e84f147');
INSERT INTO option_choice (option_id, choice_id) VALUES ('b0557de3-6b66-4e79-b1ac-c2b8f0a5096b', '42b85efe-a325-42a2-a654-cf93a101203d');
INSERT INTO choice (id, questionnaire_id, interviewee_id) VALUES ('72387454-463e-4036-8ede-a9b77eda4d98', '83dbd16d-6765-468d-944f-022d10d042e5', '71246fd2-5e22-491b-bb37-7bb76e84f147');
INSERT INTO option_choice (option_id, choice_id) VALUES ('d6416cf3-39f7-4cf9-ba84-314605b84d03', '72387454-463e-4036-8ede-a9b77eda4d98');
INSERT INTO option_choice (option_id, choice_id) VALUES ('eee0aab7-8b77-4c19-b028-648aa7e303ed', '72387454-463e-4036-8ede-a9b77eda4d98');
INSERT INTO option_choice (option_id, choice_id) VALUES ('176e8036-bece-46c0-beb2-71eb28a41f51', '72387454-463e-4036-8ede-a9b77eda4d98');
INSERT INTO option_choice (option_id, choice_id) VALUES ('d8a63395-3425-4d1b-95be-b38dc31cb0af', '72387454-463e-4036-8ede-a9b77eda4d98');
INSERT INTO interviewee (id, login, password, age, gender, country, marital_status) VALUES ('dc328ff7-cf71-4e60-b543-cc6f6a9f52ee', 'interviewee762', 'qwerty', 18, 'female', 'NC', 'was_not_married');
INSERT INTO choice (id, questionnaire_id, interviewee_id) VALUES ('9ddb2aae-bd2b-443c-a836-f917eda6be88', '557cb630-d2f4-4e11-afe9-d50534deb525', 'dc328ff7-cf71-4e60-b543-cc6f6a9f52ee');
INSERT INTO option_choice (option_id, choice_id) VALUES ('84999604-dd85-4536-a3fc-0dc6006d4d23', '9ddb2aae-bd2b-443c-a836-f917eda6be88');
INSERT INTO choice (id, questionnaire_id, interviewee_id) VALUES ('dca3450e-1dfc-4c10-8008-dc77d88983af', '6a34c81d-d686-4ce4-8e2f-ec3d2ba47346', 'dc328ff7-cf71-4e60-b543-cc6f6a9f52ee');
INSERT INTO option_choice (option_id, choice_id) VALUES ('7a83da6c-611b-4c33-a2e2-ddf398a170bc', 'dca3450e-1dfc-4c10-8008-dc77d88983af');
INSERT INTO choice (id, questionnaire_id, interviewee_id) VALUES ('e90ee0ad-a51c-49d0-875e-3ff86e1b2a1c', 'af6f1431-a90e-4919-83a4-359d6a8a7d22', 'dc328ff7-cf71-4e60-b543-cc6f6a9f52ee');
INSERT INTO option_choice (option_id, choice_id) VALUES ('e41b3b09-f2a6-4206-bfde-743557a31646', 'e90ee0ad-a51c-49d0-875e-3ff86e1b2a1c');
INSERT INTO option_choice (option_id, choice_id) VALUES ('d6e4609d-6705-4cc8-b83a-4786ea4f6ad6', 'e90ee0ad-a51c-49d0-875e-3ff86e1b2a1c');
INSERT INTO option_choice (option_id, choice_id) VALUES ('e6932ff8-921c-4ab7-b5c5-37e59ea816fd', 'e90ee0ad-a51c-49d0-875e-3ff86e1b2a1c');
INSERT INTO interviewee (id, login, password, age, gender, country, marital_status) VALUES ('3efefbb0-01f4-4347-aed3-b957253d769a', 'interviewee763', 'qwerty', 25, 'female', 'PS', 'married');
INSERT INTO choice (id, questionnaire_id, interviewee_id) VALUES ('5ffb4012-baf1-4161-a9d3-2f14c4aa8c9b', 'a2f7d656-4675-4d99-9435-95cbe535c6c1', '3efefbb0-01f4-4347-aed3-b957253d769a');
INSERT INTO option_choice (option_id, choice_id) VALUES ('ced72831-705a-4153-849e-71a73e5a7d3c', '5ffb4012-baf1-4161-a9d3-2f14c4aa8c9b');
INSERT INTO option_choice (option_id, choice_id) VALUES ('d3d55bb1-ef9d-4b9a-b1b9-8e4375e7dbd0', '5ffb4012-baf1-4161-a9d3-2f14c4aa8c9b');
INSERT INTO interviewee (id, login, password, age, gender, country, marital_status) VALUES ('2a6ee416-ccd8-4398-a335-b2539ca7bb16', 'interviewee764', 'qwerty', 29, 'female', 'GB', 'divorced');
INSERT INTO choice (id, questionnaire_id, interviewee_id) VALUES ('bbe85c57-9c9f-4b27-b851-320ef785ba80', '342b973f-a1d1-4062-a073-fb80b6195e1a', '2a6ee416-ccd8-4398-a335-b2539ca7bb16');
INSERT INTO option_choice (option_id, choice_id) VALUES ('d84282d4-6002-4289-bb10-cb7bfd2e906b', 'bbe85c57-9c9f-4b27-b851-320ef785ba80');
INSERT INTO option_choice (option_id, choice_id) VALUES ('a95386af-e627-4a57-adc2-0009818da88b', 'bbe85c57-9c9f-4b27-b851-320ef785ba80');
INSERT INTO option_choice (option_id, choice_id) VALUES ('47afaa62-a5ba-4be6-81b8-673fae59c987', 'bbe85c57-9c9f-4b27-b851-320ef785ba80');
INSERT INTO choice (id, questionnaire_id, interviewee_id) VALUES ('1f7c8a8e-6bac-4a58-b0a2-3e12f02d4f91', '83dbd16d-6765-468d-944f-022d10d042e5', '2a6ee416-ccd8-4398-a335-b2539ca7bb16');
INSERT INTO option_choice (option_id, choice_id) VALUES ('eee0aab7-8b77-4c19-b028-648aa7e303ed', '1f7c8a8e-6bac-4a58-b0a2-3e12f02d4f91');
INSERT INTO option_choice (option_id, choice_id) VALUES ('d8a63395-3425-4d1b-95be-b38dc31cb0af', '1f7c8a8e-6bac-4a58-b0a2-3e12f02d4f91');
INSERT INTO interviewee (id, login, password, age, gender, country, marital_status) VALUES ('10e3014c-6f8f-4750-9d49-27cca8cafc40', 'interviewee765', 'qwerty', 46, 'male', 'AL', 'married');
INSERT INTO choice (id, questionnaire_id, interviewee_id) VALUES ('ee12531d-2499-4e0b-a5fc-b5ee0abe337b', 'bf8da1bc-7284-44d0-a7c0-4e0321978aa0', '10e3014c-6f8f-4750-9d49-27cca8cafc40');
INSERT INTO option_choice (option_id, choice_id) VALUES ('fbbdfd34-e2c5-4e0b-b98a-d33f6f4fac06', 'ee12531d-2499-4e0b-a5fc-b5ee0abe337b');
INSERT INTO interviewee (id, login, password, age, gender, country, marital_status) VALUES ('a36216e9-f610-4a87-a06c-af757105b427', 'interviewee766', 'qwerty', 37, 'male', 'TO', 'divorced');
INSERT INTO choice (id, questionnaire_id, interviewee_id) VALUES ('7b1291f4-b4c5-43ab-99f0-5789f03237a2', '309e872a-e145-4926-998b-ec0fdb62466a', 'a36216e9-f610-4a87-a06c-af757105b427');
INSERT INTO option_choice (option_id, choice_id) VALUES ('1dcd1e79-636e-4d6c-b9b4-dcf0da4fdaaa', '7b1291f4-b4c5-43ab-99f0-5789f03237a2');
INSERT INTO option_choice (option_id, choice_id) VALUES ('4579f5ab-3007-4302-aa53-456cd440599b', '7b1291f4-b4c5-43ab-99f0-5789f03237a2');
INSERT INTO option_choice (option_id, choice_id) VALUES ('926da358-7388-4aea-b601-42bcfcd8c071', '7b1291f4-b4c5-43ab-99f0-5789f03237a2');
INSERT INTO choice (id, questionnaire_id, interviewee_id) VALUES ('5e4e8f7e-e9a0-44f1-9175-9b28d524a588', 'b5ae5620-2d58-48f5-a060-28e8fd1859dd', 'a36216e9-f610-4a87-a06c-af757105b427');
INSERT INTO option_choice (option_id, choice_id) VALUES ('6d0af933-e0cd-405e-8ecb-b04a62b5d13f', '5e4e8f7e-e9a0-44f1-9175-9b28d524a588');
INSERT INTO interviewee (id, login, password, age, gender, country, marital_status) VALUES ('4f813550-876a-4b26-91bb-3b397d535420', 'interviewee767', 'qwerty', 16, 'male', 'WF', 'divorced');
INSERT INTO choice (id, questionnaire_id, interviewee_id) VALUES ('87dca924-0245-403e-b3fc-75507626e5aa', '56c296cd-7c3b-4eb1-90cb-745e555a098c', '4f813550-876a-4b26-91bb-3b397d535420');
INSERT INTO option_choice (option_id, choice_id) VALUES ('d583c2c9-6998-483b-a5e4-67068e974d6f', '87dca924-0245-403e-b3fc-75507626e5aa');
INSERT INTO interviewee (id, login, password, age, gender, country, marital_status) VALUES ('bbb51af8-df88-4e5b-a0ff-f54edaeeb531', 'interviewee768', 'qwerty', 42, 'female', 'VC', 'married');
INSERT INTO choice (id, questionnaire_id, interviewee_id) VALUES ('ab658237-cb7b-4938-ad9f-a87df861b42d', '21abb345-1235-4f5e-8b5b-2f6f89f30fee', 'bbb51af8-df88-4e5b-a0ff-f54edaeeb531');
INSERT INTO option_choice (option_id, choice_id) VALUES ('785185e3-f7db-4c98-901d-0cf973d9050c', 'ab658237-cb7b-4938-ad9f-a87df861b42d');
INSERT INTO choice (id, questionnaire_id, interviewee_id) VALUES ('e5e8479d-7bf6-4008-8294-d90f2728af37', '342b973f-a1d1-4062-a073-fb80b6195e1a', 'bbb51af8-df88-4e5b-a0ff-f54edaeeb531');
INSERT INTO option_choice (option_id, choice_id) VALUES ('a95386af-e627-4a57-adc2-0009818da88b', 'e5e8479d-7bf6-4008-8294-d90f2728af37');
INSERT INTO choice (id, questionnaire_id, interviewee_id) VALUES ('2423e7aa-c255-4567-ae1a-6a266c0deb71', 'b6588e29-37de-425f-834e-e867f77794ce', 'bbb51af8-df88-4e5b-a0ff-f54edaeeb531');
INSERT INTO option_choice (option_id, choice_id) VALUES ('4bde418e-a165-43f7-ac7b-c6d2ab034e2e', '2423e7aa-c255-4567-ae1a-6a266c0deb71');
INSERT INTO option_choice (option_id, choice_id) VALUES ('460ff4a7-d376-4dc8-b5bb-9ab1989fbb31', '2423e7aa-c255-4567-ae1a-6a266c0deb71');
INSERT INTO option_choice (option_id, choice_id) VALUES ('40c301f5-13ed-4b94-85aa-e1c562adce4d', '2423e7aa-c255-4567-ae1a-6a266c0deb71');
INSERT INTO option_choice (option_id, choice_id) VALUES ('5b82f100-bb0f-47ec-9395-7a0409f4b7ef', '2423e7aa-c255-4567-ae1a-6a266c0deb71');
INSERT INTO option_choice (option_id, choice_id) VALUES ('ec37510e-f2a1-4e16-ae94-e9ea2c4461e3', '2423e7aa-c255-4567-ae1a-6a266c0deb71');
INSERT INTO option_choice (option_id, choice_id) VALUES ('7f0bbd14-8cfc-4a28-88f7-5af992a4c02b', '2423e7aa-c255-4567-ae1a-6a266c0deb71');
INSERT INTO option_choice (option_id, choice_id) VALUES ('07e7a8bf-65e2-41d5-aeef-91bcbe765392', '2423e7aa-c255-4567-ae1a-6a266c0deb71');
INSERT INTO option_choice (option_id, choice_id) VALUES ('46bd1403-2ee0-4145-8014-8dd4fafcb8af', '2423e7aa-c255-4567-ae1a-6a266c0deb71');
INSERT INTO interviewee (id, login, password, age, gender, country, marital_status) VALUES ('5b22d53a-8e57-41a3-8b11-33d11a6e9a62', 'interviewee769', 'qwerty', 25, 'male', 'PL', 'was_not_married');
INSERT INTO choice (id, questionnaire_id, interviewee_id) VALUES ('d22a5c39-0e3f-4e12-b1ce-2d4af9c02168', '342b973f-a1d1-4062-a073-fb80b6195e1a', '5b22d53a-8e57-41a3-8b11-33d11a6e9a62');
INSERT INTO option_choice (option_id, choice_id) VALUES ('a95386af-e627-4a57-adc2-0009818da88b', 'd22a5c39-0e3f-4e12-b1ce-2d4af9c02168');
INSERT INTO choice (id, questionnaire_id, interviewee_id) VALUES ('de98ef45-a551-476d-a784-32b6832e5ff2', 'a345b682-c7ac-49ac-9f14-4f5173a872d8', '5b22d53a-8e57-41a3-8b11-33d11a6e9a62');
INSERT INTO option_choice (option_id, choice_id) VALUES ('faa6ab11-59ef-4e3b-aa30-88fe576f7451', 'de98ef45-a551-476d-a784-32b6832e5ff2');
INSERT INTO choice (id, questionnaire_id, interviewee_id) VALUES ('9d6bc3f5-ee82-4b54-940e-aaacfeeee952', 'afb83fe3-e755-403b-9a15-c18b3782c012', '5b22d53a-8e57-41a3-8b11-33d11a6e9a62');
INSERT INTO option_choice (option_id, choice_id) VALUES ('20880a56-05fa-464a-90ad-faf02a83fa77', '9d6bc3f5-ee82-4b54-940e-aaacfeeee952');
INSERT INTO interviewee (id, login, password, age, gender, country, marital_status) VALUES ('b656cabc-9795-4733-915c-4a122181f4f5', 'interviewee770', 'qwerty', 49, 'female', 'KG', 'was_not_married');
INSERT INTO choice (id, questionnaire_id, interviewee_id) VALUES ('a6ffc368-957f-4902-9ba3-17f6166dafb6', '557cb630-d2f4-4e11-afe9-d50534deb525', 'b656cabc-9795-4733-915c-4a122181f4f5');
INSERT INTO option_choice (option_id, choice_id) VALUES ('00c926c5-0a12-4a44-9ada-24439d217263', 'a6ffc368-957f-4902-9ba3-17f6166dafb6');
INSERT INTO interviewee (id, login, password, age, gender, country, marital_status) VALUES ('03f44ee6-4868-4939-b26a-682911223532', 'interviewee771', 'qwerty', 58, 'female', 'TT', 'was_not_married');
INSERT INTO choice (id, questionnaire_id, interviewee_id) VALUES ('958f0bbc-1018-489c-93d9-3b6f3b830920', '8adfa259-7459-4497-b994-7101058c39c1', '03f44ee6-4868-4939-b26a-682911223532');
INSERT INTO option_choice (option_id, choice_id) VALUES ('502fb96b-685d-47da-86bb-f40e1e8f57ef', '958f0bbc-1018-489c-93d9-3b6f3b830920');
INSERT INTO choice (id, questionnaire_id, interviewee_id) VALUES ('1e03b0b0-787c-421d-b257-765c6837b748', 'afb83fe3-e755-403b-9a15-c18b3782c012', '03f44ee6-4868-4939-b26a-682911223532');
INSERT INTO option_choice (option_id, choice_id) VALUES ('20880a56-05fa-464a-90ad-faf02a83fa77', '1e03b0b0-787c-421d-b257-765c6837b748');
INSERT INTO choice (id, questionnaire_id, interviewee_id) VALUES ('a7615adf-16ea-4020-9d9c-225fd387d988', 'a345b682-c7ac-49ac-9f14-4f5173a872d8', '03f44ee6-4868-4939-b26a-682911223532');
INSERT INTO option_choice (option_id, choice_id) VALUES ('4389db4e-2a8b-43f8-8643-dd6f5a5f160e', 'a7615adf-16ea-4020-9d9c-225fd387d988');
INSERT INTO interviewee (id, login, password, age, gender, country, marital_status) VALUES ('0b366089-af63-4391-92ac-b565ba7e967d', 'interviewee772', 'qwerty', 64, 'male', 'IN', 'was_not_married');
INSERT INTO choice (id, questionnaire_id, interviewee_id) VALUES ('45c8fcd3-c33e-4b16-beda-908f8861eda4', '83dbd16d-6765-468d-944f-022d10d042e5', '0b366089-af63-4391-92ac-b565ba7e967d');
INSERT INTO option_choice (option_id, choice_id) VALUES ('eee0aab7-8b77-4c19-b028-648aa7e303ed', '45c8fcd3-c33e-4b16-beda-908f8861eda4');
INSERT INTO option_choice (option_id, choice_id) VALUES ('d8a63395-3425-4d1b-95be-b38dc31cb0af', '45c8fcd3-c33e-4b16-beda-908f8861eda4');
INSERT INTO interviewee (id, login, password, age, gender, country, marital_status) VALUES ('90830ec7-d5fd-4e9e-8595-3aecd8d0d1fa', 'interviewee773', 'qwerty', 25, 'male', 'PT', 'was_not_married');
INSERT INTO choice (id, questionnaire_id, interviewee_id) VALUES ('091be663-7ec5-4a57-8159-beb1c3416872', '83dbd16d-6765-468d-944f-022d10d042e5', '90830ec7-d5fd-4e9e-8595-3aecd8d0d1fa');
INSERT INTO option_choice (option_id, choice_id) VALUES ('d6416cf3-39f7-4cf9-ba84-314605b84d03', '091be663-7ec5-4a57-8159-beb1c3416872');
INSERT INTO option_choice (option_id, choice_id) VALUES ('d8a63395-3425-4d1b-95be-b38dc31cb0af', '091be663-7ec5-4a57-8159-beb1c3416872');
INSERT INTO option_choice (option_id, choice_id) VALUES ('eee0aab7-8b77-4c19-b028-648aa7e303ed', '091be663-7ec5-4a57-8159-beb1c3416872');
INSERT INTO choice (id, questionnaire_id, interviewee_id) VALUES ('a95b2d3e-23cd-4c09-9ba4-b702c7750ac8', 'a7e484ae-fb91-4ddf-a8c0-869a7f4ad0ee', '90830ec7-d5fd-4e9e-8595-3aecd8d0d1fa');
INSERT INTO option_choice (option_id, choice_id) VALUES ('4331f8de-01b0-4500-b3ce-a712074f2e20', 'a95b2d3e-23cd-4c09-9ba4-b702c7750ac8');
INSERT INTO interviewee (id, login, password, age, gender, country, marital_status) VALUES ('b09547c0-1636-4c54-a808-8249f4aaf585', 'interviewee774', 'qwerty', 14, 'male', 'FJ', 'married');
INSERT INTO choice (id, questionnaire_id, interviewee_id) VALUES ('ef43eef5-4a8d-4666-b35a-408671cf49af', '91a16ec4-1a91-44d1-bb08-6e9fc823c230', 'b09547c0-1636-4c54-a808-8249f4aaf585');
INSERT INTO option_choice (option_id, choice_id) VALUES ('fbc23714-2c99-4441-8130-94075c78f6e8', 'ef43eef5-4a8d-4666-b35a-408671cf49af');
INSERT INTO option_choice (option_id, choice_id) VALUES ('5b32da45-be75-42c8-8fa7-ba776167a759', 'ef43eef5-4a8d-4666-b35a-408671cf49af');
INSERT INTO option_choice (option_id, choice_id) VALUES ('690b73cc-52e3-435d-a3bd-78733e5fdeaf', 'ef43eef5-4a8d-4666-b35a-408671cf49af');
INSERT INTO option_choice (option_id, choice_id) VALUES ('cab8632d-19dd-4ddc-9c90-669949088fa5', 'ef43eef5-4a8d-4666-b35a-408671cf49af');
INSERT INTO choice (id, questionnaire_id, interviewee_id) VALUES ('0745f6a7-763e-45c2-b22a-7d03605dcc3a', 'f680addd-a0b2-4101-9e1f-5e0870943c68', 'b09547c0-1636-4c54-a808-8249f4aaf585');
INSERT INTO option_choice (option_id, choice_id) VALUES ('521ef3a0-411b-4392-8393-62ed9a638949', '0745f6a7-763e-45c2-b22a-7d03605dcc3a');
INSERT INTO option_choice (option_id, choice_id) VALUES ('cfde0373-91b9-46f9-bc0d-a137a713d2d7', '0745f6a7-763e-45c2-b22a-7d03605dcc3a');
INSERT INTO option_choice (option_id, choice_id) VALUES ('5e0b63d0-2a10-4ab5-a66a-a47615b50b03', '0745f6a7-763e-45c2-b22a-7d03605dcc3a');
INSERT INTO interviewee (id, login, password, age, gender, country, marital_status) VALUES ('90dc7493-7278-46ed-b2d6-c1150b3285da', 'interviewee775', 'qwerty', 40, 'female', 'GU', 'married');
INSERT INTO choice (id, questionnaire_id, interviewee_id) VALUES ('214dd551-e587-407d-801c-ab6b94f7c029', 'f680addd-a0b2-4101-9e1f-5e0870943c68', '90dc7493-7278-46ed-b2d6-c1150b3285da');
INSERT INTO option_choice (option_id, choice_id) VALUES ('5e0b63d0-2a10-4ab5-a66a-a47615b50b03', '214dd551-e587-407d-801c-ab6b94f7c029');
INSERT INTO option_choice (option_id, choice_id) VALUES ('cfde0373-91b9-46f9-bc0d-a137a713d2d7', '214dd551-e587-407d-801c-ab6b94f7c029');
INSERT INTO choice (id, questionnaire_id, interviewee_id) VALUES ('eb0fc8df-4c74-4eb6-86cd-39edb5a5da63', 'd05638df-f11c-413d-8456-ee036bed2914', '90dc7493-7278-46ed-b2d6-c1150b3285da');
INSERT INTO option_choice (option_id, choice_id) VALUES ('b4b64304-6288-40df-8120-283c58db8d1a', 'eb0fc8df-4c74-4eb6-86cd-39edb5a5da63');
INSERT INTO choice (id, questionnaire_id, interviewee_id) VALUES ('4d491cd4-939f-4765-9d38-66a0c87ed350', '557cb630-d2f4-4e11-afe9-d50534deb525', '90dc7493-7278-46ed-b2d6-c1150b3285da');
INSERT INTO option_choice (option_id, choice_id) VALUES ('338fc3c2-48fc-411f-ab74-61fbb6f73594', '4d491cd4-939f-4765-9d38-66a0c87ed350');
INSERT INTO interviewee (id, login, password, age, gender, country, marital_status) VALUES ('afc9761e-4bab-4ad4-a8b4-5b450379b2c6', 'interviewee776', 'qwerty', 56, 'female', 'IO', 'was_not_married');
INSERT INTO choice (id, questionnaire_id, interviewee_id) VALUES ('1d8a6700-7650-4cf0-b0f8-ac5fe532fa8c', 'e2cf177f-e49f-4aef-99a6-095d711c6ec2', 'afc9761e-4bab-4ad4-a8b4-5b450379b2c6');
INSERT INTO option_choice (option_id, choice_id) VALUES ('1b5e4a41-da4c-4845-8698-5ed9deee3ca2', '1d8a6700-7650-4cf0-b0f8-ac5fe532fa8c');
INSERT INTO interviewee (id, login, password, age, gender, country, marital_status) VALUES ('0177ed17-e86f-4a8c-af8e-85674d466cc8', 'interviewee777', 'qwerty', 19, 'male', 'CL', 'married');
INSERT INTO choice (id, questionnaire_id, interviewee_id) VALUES ('09562a5b-6eff-4737-9bae-41f391764016', 'e2cf177f-e49f-4aef-99a6-095d711c6ec2', '0177ed17-e86f-4a8c-af8e-85674d466cc8');
INSERT INTO option_choice (option_id, choice_id) VALUES ('1b5e4a41-da4c-4845-8698-5ed9deee3ca2', '09562a5b-6eff-4737-9bae-41f391764016');
INSERT INTO interviewee (id, login, password, age, gender, country, marital_status) VALUES ('7ccce3c9-e641-415a-8aff-3b6496dd85f1', 'interviewee778', 'qwerty', 49, 'male', 'BB', 'married');
INSERT INTO choice (id, questionnaire_id, interviewee_id) VALUES ('be64916a-f79b-406f-82ba-9f2fff87263c', 'af6f1431-a90e-4919-83a4-359d6a8a7d22', '7ccce3c9-e641-415a-8aff-3b6496dd85f1');
INSERT INTO option_choice (option_id, choice_id) VALUES ('d6e4609d-6705-4cc8-b83a-4786ea4f6ad6', 'be64916a-f79b-406f-82ba-9f2fff87263c');
INSERT INTO option_choice (option_id, choice_id) VALUES ('1d5c1c89-2fbe-4efd-aab1-12329e29ad0f', 'be64916a-f79b-406f-82ba-9f2fff87263c');
INSERT INTO option_choice (option_id, choice_id) VALUES ('e41b3b09-f2a6-4206-bfde-743557a31646', 'be64916a-f79b-406f-82ba-9f2fff87263c');
INSERT INTO option_choice (option_id, choice_id) VALUES ('b6cea016-cb83-4752-bbc0-0e2a71b294d6', 'be64916a-f79b-406f-82ba-9f2fff87263c');
INSERT INTO option_choice (option_id, choice_id) VALUES ('14b9069e-cc19-448a-96f6-c333a9a53635', 'be64916a-f79b-406f-82ba-9f2fff87263c');
INSERT INTO choice (id, questionnaire_id, interviewee_id) VALUES ('0e672707-b1a1-4b32-a843-c316fb7e6e95', '309e872a-e145-4926-998b-ec0fdb62466a', '7ccce3c9-e641-415a-8aff-3b6496dd85f1');
INSERT INTO option_choice (option_id, choice_id) VALUES ('1dcd1e79-636e-4d6c-b9b4-dcf0da4fdaaa', '0e672707-b1a1-4b32-a843-c316fb7e6e95');
INSERT INTO option_choice (option_id, choice_id) VALUES ('8ccfc598-c3a0-4ad2-a052-f4e6e3edc252', '0e672707-b1a1-4b32-a843-c316fb7e6e95');
INSERT INTO choice (id, questionnaire_id, interviewee_id) VALUES ('e64d6106-4150-4163-bb1c-45770b52d7e1', 'a7e484ae-fb91-4ddf-a8c0-869a7f4ad0ee', '7ccce3c9-e641-415a-8aff-3b6496dd85f1');
INSERT INTO option_choice (option_id, choice_id) VALUES ('5833b1ae-14b5-474e-8178-69dc98fc720e', 'e64d6106-4150-4163-bb1c-45770b52d7e1');
INSERT INTO interviewee (id, login, password, age, gender, country, marital_status) VALUES ('ded8953f-b263-4c1f-add6-8d12974ba97a', 'interviewee779', 'qwerty', 16, 'female', 'MQ', 'was_not_married');
INSERT INTO choice (id, questionnaire_id, interviewee_id) VALUES ('2f52096f-698e-4fcd-976b-e2457dc5b773', '8902d50d-0421-4680-82f2-f2b1b667e3fd', 'ded8953f-b263-4c1f-add6-8d12974ba97a');
INSERT INTO option_choice (option_id, choice_id) VALUES ('699e6428-3838-43e4-88f0-8fa31ae6d648', '2f52096f-698e-4fcd-976b-e2457dc5b773');
INSERT INTO choice (id, questionnaire_id, interviewee_id) VALUES ('efcac6dd-e329-4c78-b170-77ca314fdfb0', '0b6580ec-1374-4a48-ad1d-b1fa316ad9be', 'ded8953f-b263-4c1f-add6-8d12974ba97a');
INSERT INTO option_choice (option_id, choice_id) VALUES ('82be4575-892d-453a-b3d9-0827c6b6d6df', 'efcac6dd-e329-4c78-b170-77ca314fdfb0');
INSERT INTO choice (id, questionnaire_id, interviewee_id) VALUES ('a76b60de-abe0-4740-8944-04e8216466d9', 'a7e484ae-fb91-4ddf-a8c0-869a7f4ad0ee', 'ded8953f-b263-4c1f-add6-8d12974ba97a');
INSERT INTO option_choice (option_id, choice_id) VALUES ('c2e66b7f-cc24-45a4-a017-7a4d25149a85', 'a76b60de-abe0-4740-8944-04e8216466d9');
INSERT INTO interviewee (id, login, password, age, gender, country, marital_status) VALUES ('dc2c89e5-24b6-47ff-ad59-bc0976e29852', 'interviewee780', 'qwerty', 36, 'male', 'TL', 'married');
INSERT INTO choice (id, questionnaire_id, interviewee_id) VALUES ('b0fa27b0-a4c4-487f-9190-c0416d8befc0', '83dbd16d-6765-468d-944f-022d10d042e5', 'dc2c89e5-24b6-47ff-ad59-bc0976e29852');
INSERT INTO option_choice (option_id, choice_id) VALUES ('eee0aab7-8b77-4c19-b028-648aa7e303ed', 'b0fa27b0-a4c4-487f-9190-c0416d8befc0');
INSERT INTO option_choice (option_id, choice_id) VALUES ('176e8036-bece-46c0-beb2-71eb28a41f51', 'b0fa27b0-a4c4-487f-9190-c0416d8befc0');
INSERT INTO option_choice (option_id, choice_id) VALUES ('d8a63395-3425-4d1b-95be-b38dc31cb0af', 'b0fa27b0-a4c4-487f-9190-c0416d8befc0');
INSERT INTO interviewee (id, login, password, age, gender, country, marital_status) VALUES ('cc9a3a3f-dc0a-49a7-b0fe-0f9def9a3be0', 'interviewee781', 'qwerty', 24, 'female', 'ER', 'divorced');
INSERT INTO choice (id, questionnaire_id, interviewee_id) VALUES ('ab1587d9-75f8-458c-983f-42b72c431583', 'a7e484ae-fb91-4ddf-a8c0-869a7f4ad0ee', 'cc9a3a3f-dc0a-49a7-b0fe-0f9def9a3be0');
INSERT INTO option_choice (option_id, choice_id) VALUES ('4331f8de-01b0-4500-b3ce-a712074f2e20', 'ab1587d9-75f8-458c-983f-42b72c431583');
INSERT INTO choice (id, questionnaire_id, interviewee_id) VALUES ('8cab4f1e-2f96-4d2a-9b46-261d5844c248', 'bf8da1bc-7284-44d0-a7c0-4e0321978aa0', 'cc9a3a3f-dc0a-49a7-b0fe-0f9def9a3be0');
INSERT INTO option_choice (option_id, choice_id) VALUES ('fbbdfd34-e2c5-4e0b-b98a-d33f6f4fac06', '8cab4f1e-2f96-4d2a-9b46-261d5844c248');
INSERT INTO choice (id, questionnaire_id, interviewee_id) VALUES ('438f7a64-de3b-4683-bc5b-99633d9fbeed', '1a336595-020d-4026-a389-afd9a80cf707', 'cc9a3a3f-dc0a-49a7-b0fe-0f9def9a3be0');
INSERT INTO option_choice (option_id, choice_id) VALUES ('22762ef8-944e-46b0-a7e0-4e990383e528', '438f7a64-de3b-4683-bc5b-99633d9fbeed');
INSERT INTO interviewee (id, login, password, age, gender, country, marital_status) VALUES ('1316782d-624d-4829-8eb0-40f447eb5d88', 'interviewee782', 'qwerty', 17, 'male', 'LY', 'was_not_married');
INSERT INTO choice (id, questionnaire_id, interviewee_id) VALUES ('68c5bbc8-0178-40c0-9e53-126ba52c0e56', 'cb70c074-82ef-4114-aabc-e940a19b5bb0', '1316782d-624d-4829-8eb0-40f447eb5d88');
INSERT INTO option_choice (option_id, choice_id) VALUES ('4f47a30f-5169-4bf3-a6a9-f9777225a72d', '68c5bbc8-0178-40c0-9e53-126ba52c0e56');
INSERT INTO option_choice (option_id, choice_id) VALUES ('b2aebe06-b155-47cd-a39d-b9c1beabb465', '68c5bbc8-0178-40c0-9e53-126ba52c0e56');
INSERT INTO interviewee (id, login, password, age, gender, country, marital_status) VALUES ('2f51c702-1c74-4f79-91da-d3292032dc3b', 'interviewee783', 'qwerty', 54, 'female', 'TR', 'married');
INSERT INTO choice (id, questionnaire_id, interviewee_id) VALUES ('5b7af556-b34f-45e0-a75c-f6c2cada8e78', 'afb83fe3-e755-403b-9a15-c18b3782c012', '2f51c702-1c74-4f79-91da-d3292032dc3b');
INSERT INTO option_choice (option_id, choice_id) VALUES ('20880a56-05fa-464a-90ad-faf02a83fa77', '5b7af556-b34f-45e0-a75c-f6c2cada8e78');
INSERT INTO choice (id, questionnaire_id, interviewee_id) VALUES ('ad5a01b6-f284-4f8b-bcd5-27a78bc861b6', 'b5ae5620-2d58-48f5-a060-28e8fd1859dd', '2f51c702-1c74-4f79-91da-d3292032dc3b');
INSERT INTO option_choice (option_id, choice_id) VALUES ('68702e14-fb48-4755-b6ec-11c860048f90', 'ad5a01b6-f284-4f8b-bcd5-27a78bc861b6');
INSERT INTO interviewee (id, login, password, age, gender, country, marital_status) VALUES ('bd3d3a41-deab-403d-8c61-53049c71b175', 'interviewee784', 'qwerty', 34, 'female', 'SI', 'married');
INSERT INTO choice (id, questionnaire_id, interviewee_id) VALUES ('4c365437-9234-4f07-b6f5-ebf5510715a7', 'a345b682-c7ac-49ac-9f14-4f5173a872d8', 'bd3d3a41-deab-403d-8c61-53049c71b175');
INSERT INTO option_choice (option_id, choice_id) VALUES ('4389db4e-2a8b-43f8-8643-dd6f5a5f160e', '4c365437-9234-4f07-b6f5-ebf5510715a7');
INSERT INTO choice (id, questionnaire_id, interviewee_id) VALUES ('7186f3ea-c747-4dc5-a6f3-433aa1f198bd', '8902d50d-0421-4680-82f2-f2b1b667e3fd', 'bd3d3a41-deab-403d-8c61-53049c71b175');
INSERT INTO option_choice (option_id, choice_id) VALUES ('cbdaf253-f6a6-406f-a288-e0397682e9f8', '7186f3ea-c747-4dc5-a6f3-433aa1f198bd');
INSERT INTO interviewee (id, login, password, age, gender, country, marital_status) VALUES ('2c737cff-d64b-4f44-894c-2138cf037906', 'interviewee785', 'qwerty', 67, 'male', 'SM', 'was_not_married');
INSERT INTO choice (id, questionnaire_id, interviewee_id) VALUES ('6a1e086d-57c2-4718-af54-671a9acc5b76', '342b973f-a1d1-4062-a073-fb80b6195e1a', '2c737cff-d64b-4f44-894c-2138cf037906');
INSERT INTO option_choice (option_id, choice_id) VALUES ('d84282d4-6002-4289-bb10-cb7bfd2e906b', '6a1e086d-57c2-4718-af54-671a9acc5b76');
INSERT INTO interviewee (id, login, password, age, gender, country, marital_status) VALUES ('cda5f482-fe4d-437c-9c69-0dd10f2d7a48', 'interviewee786', 'qwerty', 56, 'male', 'MH', 'divorced');
INSERT INTO choice (id, questionnaire_id, interviewee_id) VALUES ('3c8d5f85-f5a6-43c4-9b64-376cb65d637e', '8902d50d-0421-4680-82f2-f2b1b667e3fd', 'cda5f482-fe4d-437c-9c69-0dd10f2d7a48');
INSERT INTO option_choice (option_id, choice_id) VALUES ('ac0c373d-7749-4908-8091-d580700cabb0', '3c8d5f85-f5a6-43c4-9b64-376cb65d637e');
INSERT INTO choice (id, questionnaire_id, interviewee_id) VALUES ('8510da6b-873d-4d43-96b9-12b18c14227b', '91a16ec4-1a91-44d1-bb08-6e9fc823c230', 'cda5f482-fe4d-437c-9c69-0dd10f2d7a48');
INSERT INTO option_choice (option_id, choice_id) VALUES ('fbc23714-2c99-4441-8130-94075c78f6e8', '8510da6b-873d-4d43-96b9-12b18c14227b');
INSERT INTO choice (id, questionnaire_id, interviewee_id) VALUES ('158d6629-97b9-4831-8a18-4414415d715f', '342b973f-a1d1-4062-a073-fb80b6195e1a', 'cda5f482-fe4d-437c-9c69-0dd10f2d7a48');
INSERT INTO option_choice (option_id, choice_id) VALUES ('d84282d4-6002-4289-bb10-cb7bfd2e906b', '158d6629-97b9-4831-8a18-4414415d715f');
INSERT INTO interviewee (id, login, password, age, gender, country, marital_status) VALUES ('d222047b-9d02-43ea-9330-c9185f611fa8', 'interviewee787', 'qwerty', 55, 'female', 'TO', 'was_not_married');
INSERT INTO choice (id, questionnaire_id, interviewee_id) VALUES ('f5df1276-98dd-45a2-8e7f-cfcb5b6a75d4', 'a345b682-c7ac-49ac-9f14-4f5173a872d8', 'd222047b-9d02-43ea-9330-c9185f611fa8');
INSERT INTO option_choice (option_id, choice_id) VALUES ('4389db4e-2a8b-43f8-8643-dd6f5a5f160e', 'f5df1276-98dd-45a2-8e7f-cfcb5b6a75d4');
INSERT INTO choice (id, questionnaire_id, interviewee_id) VALUES ('4338d7d3-3a69-4873-859b-11ec91d0f1fa', 'bf8da1bc-7284-44d0-a7c0-4e0321978aa0', 'd222047b-9d02-43ea-9330-c9185f611fa8');
INSERT INTO option_choice (option_id, choice_id) VALUES ('1690438b-db39-4933-b62c-4f692bce0c76', '4338d7d3-3a69-4873-859b-11ec91d0f1fa');
INSERT INTO interviewee (id, login, password, age, gender, country, marital_status) VALUES ('6bfea052-4c5e-4116-840b-495223daecad', 'interviewee788', 'qwerty', 65, 'male', 'LK', 'divorced');
INSERT INTO choice (id, questionnaire_id, interviewee_id) VALUES ('3b0f5063-11b9-4a7e-8d02-dd285753bce8', 'e2cf177f-e49f-4aef-99a6-095d711c6ec2', '6bfea052-4c5e-4116-840b-495223daecad');
INSERT INTO option_choice (option_id, choice_id) VALUES ('242c02d5-0f4b-4e89-976f-3754854f478c', '3b0f5063-11b9-4a7e-8d02-dd285753bce8');
INSERT INTO choice (id, questionnaire_id, interviewee_id) VALUES ('1253791b-03dc-454d-a67d-e3c3d087795b', '0b6580ec-1374-4a48-ad1d-b1fa316ad9be', '6bfea052-4c5e-4116-840b-495223daecad');
INSERT INTO option_choice (option_id, choice_id) VALUES ('68263915-d7e9-4ac6-9c14-f48cf8807857', '1253791b-03dc-454d-a67d-e3c3d087795b');
INSERT INTO option_choice (option_id, choice_id) VALUES ('82cec316-48c4-48d4-9d69-8a67e9d22eca', '1253791b-03dc-454d-a67d-e3c3d087795b');
INSERT INTO interviewee (id, login, password, age, gender, country, marital_status) VALUES ('ad8209ce-0203-4589-8a90-e392c09d18a2', 'interviewee789', 'qwerty', 61, 'female', 'SY', 'divorced');
INSERT INTO choice (id, questionnaire_id, interviewee_id) VALUES ('69f10e22-9c47-45ea-94a7-1f22dc213385', 'afb83fe3-e755-403b-9a15-c18b3782c012', 'ad8209ce-0203-4589-8a90-e392c09d18a2');
INSERT INTO option_choice (option_id, choice_id) VALUES ('20880a56-05fa-464a-90ad-faf02a83fa77', '69f10e22-9c47-45ea-94a7-1f22dc213385');
INSERT INTO interviewee (id, login, password, age, gender, country, marital_status) VALUES ('63755dcf-be60-494b-93a1-483e83cc9723', 'interviewee790', 'qwerty', 27, 'male', 'NI', 'married');
INSERT INTO choice (id, questionnaire_id, interviewee_id) VALUES ('c7680eb6-8907-4e4b-97d8-1e31110b48e6', 'd05638df-f11c-413d-8456-ee036bed2914', '63755dcf-be60-494b-93a1-483e83cc9723');
INSERT INTO option_choice (option_id, choice_id) VALUES ('b0557de3-6b66-4e79-b1ac-c2b8f0a5096b', 'c7680eb6-8907-4e4b-97d8-1e31110b48e6');
INSERT INTO interviewee (id, login, password, age, gender, country, marital_status) VALUES ('2470ce44-b15e-4aeb-8b47-700c6f8b630e', 'interviewee791', 'qwerty', 39, 'male', 'GQ', 'was_not_married');
INSERT INTO choice (id, questionnaire_id, interviewee_id) VALUES ('7aaffd48-f089-42ac-b342-d52d5501f193', 'af6f1431-a90e-4919-83a4-359d6a8a7d22', '2470ce44-b15e-4aeb-8b47-700c6f8b630e');
INSERT INTO option_choice (option_id, choice_id) VALUES ('14b9069e-cc19-448a-96f6-c333a9a53635', '7aaffd48-f089-42ac-b342-d52d5501f193');
INSERT INTO choice (id, questionnaire_id, interviewee_id) VALUES ('31413272-fba2-4dc4-beed-0b8aae9bac6f', '8902d50d-0421-4680-82f2-f2b1b667e3fd', '2470ce44-b15e-4aeb-8b47-700c6f8b630e');
INSERT INTO option_choice (option_id, choice_id) VALUES ('cbdaf253-f6a6-406f-a288-e0397682e9f8', '31413272-fba2-4dc4-beed-0b8aae9bac6f');
INSERT INTO choice (id, questionnaire_id, interviewee_id) VALUES ('a401486c-6208-4783-942a-39555d454f80', '1a336595-020d-4026-a389-afd9a80cf707', '2470ce44-b15e-4aeb-8b47-700c6f8b630e');
INSERT INTO option_choice (option_id, choice_id) VALUES ('fb8edb03-709f-43c3-9875-7ba762e529a6', 'a401486c-6208-4783-942a-39555d454f80');
INSERT INTO interviewee (id, login, password, age, gender, country, marital_status) VALUES ('46a6fbf1-e326-4569-86ba-4fcb0fca41f4', 'interviewee792', 'qwerty', 43, 'male', 'NU', 'married');
INSERT INTO choice (id, questionnaire_id, interviewee_id) VALUES ('29f69899-f029-4018-bb19-1c7471134ee1', '309e872a-e145-4926-998b-ec0fdb62466a', '46a6fbf1-e326-4569-86ba-4fcb0fca41f4');
INSERT INTO option_choice (option_id, choice_id) VALUES ('8ccfc598-c3a0-4ad2-a052-f4e6e3edc252', '29f69899-f029-4018-bb19-1c7471134ee1');
INSERT INTO option_choice (option_id, choice_id) VALUES ('926da358-7388-4aea-b601-42bcfcd8c071', '29f69899-f029-4018-bb19-1c7471134ee1');
INSERT INTO interviewee (id, login, password, age, gender, country, marital_status) VALUES ('52b93936-2655-4b39-923d-14460ac62d0e', 'interviewee793', 'qwerty', 63, 'female', 'PW', 'divorced');
INSERT INTO choice (id, questionnaire_id, interviewee_id) VALUES ('35dd619d-d9db-462d-ac19-72b72a09cd20', 'e679f6e5-388e-4679-9f14-15a0896d2816', '52b93936-2655-4b39-923d-14460ac62d0e');
INSERT INTO option_choice (option_id, choice_id) VALUES ('3ee9dd0f-6306-4f8b-bdec-27347884621a', '35dd619d-d9db-462d-ac19-72b72a09cd20');
INSERT INTO choice (id, questionnaire_id, interviewee_id) VALUES ('14d4f7a4-5cf8-4891-9265-cf1bf6772753', '0b6580ec-1374-4a48-ad1d-b1fa316ad9be', '52b93936-2655-4b39-923d-14460ac62d0e');
INSERT INTO option_choice (option_id, choice_id) VALUES ('82be4575-892d-453a-b3d9-0827c6b6d6df', '14d4f7a4-5cf8-4891-9265-cf1bf6772753');
INSERT INTO option_choice (option_id, choice_id) VALUES ('82cec316-48c4-48d4-9d69-8a67e9d22eca', '14d4f7a4-5cf8-4891-9265-cf1bf6772753');
INSERT INTO option_choice (option_id, choice_id) VALUES ('68263915-d7e9-4ac6-9c14-f48cf8807857', '14d4f7a4-5cf8-4891-9265-cf1bf6772753');
INSERT INTO interviewee (id, login, password, age, gender, country, marital_status) VALUES ('2bf3c817-6788-4d6b-904d-7f88e768d0d9', 'interviewee794', 'qwerty', 69, 'male', 'TF', 'divorced');
INSERT INTO choice (id, questionnaire_id, interviewee_id) VALUES ('1d261886-3d23-422f-8f76-e9d9a759468a', '6a34c81d-d686-4ce4-8e2f-ec3d2ba47346', '2bf3c817-6788-4d6b-904d-7f88e768d0d9');
INSERT INTO option_choice (option_id, choice_id) VALUES ('553e0886-1a11-4d34-ad3c-c3ee745c28c8', '1d261886-3d23-422f-8f76-e9d9a759468a');
INSERT INTO choice (id, questionnaire_id, interviewee_id) VALUES ('b335bf56-48de-40ff-ad00-7b22df37be47', '8adfa259-7459-4497-b994-7101058c39c1', '2bf3c817-6788-4d6b-904d-7f88e768d0d9');
INSERT INTO option_choice (option_id, choice_id) VALUES ('3e047d89-087c-45bd-82d6-38c4acd5c609', 'b335bf56-48de-40ff-ad00-7b22df37be47');
INSERT INTO interviewee (id, login, password, age, gender, country, marital_status) VALUES ('c11add49-9b55-4784-9297-cb530016fb40', 'interviewee795', 'qwerty', 21, 'male', 'BL', 'divorced');
INSERT INTO choice (id, questionnaire_id, interviewee_id) VALUES ('502bea52-eb20-402f-9f15-32abef836ebc', 'afb83fe3-e755-403b-9a15-c18b3782c012', 'c11add49-9b55-4784-9297-cb530016fb40');
INSERT INTO option_choice (option_id, choice_id) VALUES ('20880a56-05fa-464a-90ad-faf02a83fa77', '502bea52-eb20-402f-9f15-32abef836ebc');
INSERT INTO choice (id, questionnaire_id, interviewee_id) VALUES ('bbeb64c4-ab5a-479e-8f90-ea62cd6c7efc', '6a34c81d-d686-4ce4-8e2f-ec3d2ba47346', 'c11add49-9b55-4784-9297-cb530016fb40');
INSERT INTO option_choice (option_id, choice_id) VALUES ('7a83da6c-611b-4c33-a2e2-ddf398a170bc', 'bbeb64c4-ab5a-479e-8f90-ea62cd6c7efc');
INSERT INTO interviewee (id, login, password, age, gender, country, marital_status) VALUES ('a4b6e346-e295-4021-af63-64f363cde299', 'interviewee796', 'qwerty', 35, 'female', 'TZ', 'married');
INSERT INTO choice (id, questionnaire_id, interviewee_id) VALUES ('d5c8783a-f1e8-4106-bfe6-73c0f36582a7', '6a34c81d-d686-4ce4-8e2f-ec3d2ba47346', 'a4b6e346-e295-4021-af63-64f363cde299');
INSERT INTO option_choice (option_id, choice_id) VALUES ('f7043315-74b1-4456-92cc-0c7dc1e0dd21', 'd5c8783a-f1e8-4106-bfe6-73c0f36582a7');
INSERT INTO interviewee (id, login, password, age, gender, country, marital_status) VALUES ('cda1a54f-e330-4f6e-979a-9c11739b8eaa', 'interviewee797', 'qwerty', 44, 'male', 'KP', 'was_not_married');
INSERT INTO choice (id, questionnaire_id, interviewee_id) VALUES ('87d8c83e-f4bb-427c-ae08-2010d11eb73b', '8902d50d-0421-4680-82f2-f2b1b667e3fd', 'cda1a54f-e330-4f6e-979a-9c11739b8eaa');
INSERT INTO option_choice (option_id, choice_id) VALUES ('b9a164f5-2a94-487b-874f-f3bdc79ee4e3', '87d8c83e-f4bb-427c-ae08-2010d11eb73b');
INSERT INTO interviewee (id, login, password, age, gender, country, marital_status) VALUES ('a3cfcb45-b2d0-415b-8a34-fa521d2690a8', 'interviewee798', 'qwerty', 20, 'male', 'UY', 'married');
INSERT INTO choice (id, questionnaire_id, interviewee_id) VALUES ('e5b22bbb-a8e9-4914-8151-a0228604fb88', '91a16ec4-1a91-44d1-bb08-6e9fc823c230', 'a3cfcb45-b2d0-415b-8a34-fa521d2690a8');
INSERT INTO option_choice (option_id, choice_id) VALUES ('cab8632d-19dd-4ddc-9c90-669949088fa5', 'e5b22bbb-a8e9-4914-8151-a0228604fb88');
INSERT INTO option_choice (option_id, choice_id) VALUES ('690b73cc-52e3-435d-a3bd-78733e5fdeaf', 'e5b22bbb-a8e9-4914-8151-a0228604fb88');
INSERT INTO choice (id, questionnaire_id, interviewee_id) VALUES ('5005d387-3c56-43f9-86c7-a625dfdeb413', 'e2cf177f-e49f-4aef-99a6-095d711c6ec2', 'a3cfcb45-b2d0-415b-8a34-fa521d2690a8');
INSERT INTO option_choice (option_id, choice_id) VALUES ('242c02d5-0f4b-4e89-976f-3754854f478c', '5005d387-3c56-43f9-86c7-a625dfdeb413');
INSERT INTO choice (id, questionnaire_id, interviewee_id) VALUES ('55bb86c3-bb0b-433b-9ded-49b6cb1e503c', '0b6580ec-1374-4a48-ad1d-b1fa316ad9be', 'a3cfcb45-b2d0-415b-8a34-fa521d2690a8');
INSERT INTO option_choice (option_id, choice_id) VALUES ('82be4575-892d-453a-b3d9-0827c6b6d6df', '55bb86c3-bb0b-433b-9ded-49b6cb1e503c');
INSERT INTO option_choice (option_id, choice_id) VALUES ('a518cc4d-143a-45ca-b29f-a7c53dacc773', '55bb86c3-bb0b-433b-9ded-49b6cb1e503c');
INSERT INTO option_choice (option_id, choice_id) VALUES ('68263915-d7e9-4ac6-9c14-f48cf8807857', '55bb86c3-bb0b-433b-9ded-49b6cb1e503c');
INSERT INTO option_choice (option_id, choice_id) VALUES ('82cec316-48c4-48d4-9d69-8a67e9d22eca', '55bb86c3-bb0b-433b-9ded-49b6cb1e503c');
INSERT INTO interviewee (id, login, password, age, gender, country, marital_status) VALUES ('43fcf7b2-b262-4c05-8304-5c8dad111a05', 'interviewee799', 'qwerty', 66, 'female', 'QA', 'married');
INSERT INTO choice (id, questionnaire_id, interviewee_id) VALUES ('b4fa08ff-89d4-492d-8ef6-6f8eb7c98d41', '91a16ec4-1a91-44d1-bb08-6e9fc823c230', '43fcf7b2-b262-4c05-8304-5c8dad111a05');
INSERT INTO option_choice (option_id, choice_id) VALUES ('5b32da45-be75-42c8-8fa7-ba776167a759', 'b4fa08ff-89d4-492d-8ef6-6f8eb7c98d41');
INSERT INTO choice (id, questionnaire_id, interviewee_id) VALUES ('929d6b9f-434b-40bb-8f1c-3588401f0171', '6a34c81d-d686-4ce4-8e2f-ec3d2ba47346', '43fcf7b2-b262-4c05-8304-5c8dad111a05');
INSERT INTO option_choice (option_id, choice_id) VALUES ('553e0886-1a11-4d34-ad3c-c3ee745c28c8', '929d6b9f-434b-40bb-8f1c-3588401f0171');
INSERT INTO interviewee (id, login, password, age, gender, country, marital_status) VALUES ('1c2dccfa-67cf-4462-acac-2bd232e34ff0', 'interviewee800', 'qwerty', 48, 'male', 'SB', 'divorced');
INSERT INTO choice (id, questionnaire_id, interviewee_id) VALUES ('6cc729eb-5641-4ddf-99d4-88de3fc81e12', '8adfa259-7459-4497-b994-7101058c39c1', '1c2dccfa-67cf-4462-acac-2bd232e34ff0');
INSERT INTO option_choice (option_id, choice_id) VALUES ('502fb96b-685d-47da-86bb-f40e1e8f57ef', '6cc729eb-5641-4ddf-99d4-88de3fc81e12');
INSERT INTO interviewee (id, login, password, age, gender, country, marital_status) VALUES ('c1f1cdbc-79f8-4921-bf64-a8faff728084', 'interviewee801', 'qwerty', 60, 'female', 'KE', 'married');
INSERT INTO choice (id, questionnaire_id, interviewee_id) VALUES ('2644d913-c8f0-4e06-9dc8-8ea6872eb8bc', '342b973f-a1d1-4062-a073-fb80b6195e1a', 'c1f1cdbc-79f8-4921-bf64-a8faff728084');
INSERT INTO option_choice (option_id, choice_id) VALUES ('d84282d4-6002-4289-bb10-cb7bfd2e906b', '2644d913-c8f0-4e06-9dc8-8ea6872eb8bc');
INSERT INTO option_choice (option_id, choice_id) VALUES ('a95386af-e627-4a57-adc2-0009818da88b', '2644d913-c8f0-4e06-9dc8-8ea6872eb8bc');
INSERT INTO interviewee (id, login, password, age, gender, country, marital_status) VALUES ('c3fc9192-c095-481b-ae8b-a82079aeb7b5', 'interviewee802', 'qwerty', 58, 'male', 'AM', 'divorced');
INSERT INTO choice (id, questionnaire_id, interviewee_id) VALUES ('023d80cd-1c7d-4a57-acc8-e006f6cdc9c6', '91a16ec4-1a91-44d1-bb08-6e9fc823c230', 'c3fc9192-c095-481b-ae8b-a82079aeb7b5');
INSERT INTO option_choice (option_id, choice_id) VALUES ('690b73cc-52e3-435d-a3bd-78733e5fdeaf', '023d80cd-1c7d-4a57-acc8-e006f6cdc9c6');
INSERT INTO option_choice (option_id, choice_id) VALUES ('5b32da45-be75-42c8-8fa7-ba776167a759', '023d80cd-1c7d-4a57-acc8-e006f6cdc9c6');
INSERT INTO option_choice (option_id, choice_id) VALUES ('fbc23714-2c99-4441-8130-94075c78f6e8', '023d80cd-1c7d-4a57-acc8-e006f6cdc9c6');
INSERT INTO choice (id, questionnaire_id, interviewee_id) VALUES ('5631d8b3-e1fd-4481-b9b8-8386acfafa14', '8adfa259-7459-4497-b994-7101058c39c1', 'c3fc9192-c095-481b-ae8b-a82079aeb7b5');
INSERT INTO option_choice (option_id, choice_id) VALUES ('7d64ec60-4b16-49eb-a0c6-4af24c3b1767', '5631d8b3-e1fd-4481-b9b8-8386acfafa14');
INSERT INTO option_choice (option_id, choice_id) VALUES ('502fb96b-685d-47da-86bb-f40e1e8f57ef', '5631d8b3-e1fd-4481-b9b8-8386acfafa14');
INSERT INTO option_choice (option_id, choice_id) VALUES ('0c96072b-cf70-4fde-8afb-27bf8c3f7a8b', '5631d8b3-e1fd-4481-b9b8-8386acfafa14');
INSERT INTO option_choice (option_id, choice_id) VALUES ('3e047d89-087c-45bd-82d6-38c4acd5c609', '5631d8b3-e1fd-4481-b9b8-8386acfafa14');
INSERT INTO option_choice (option_id, choice_id) VALUES ('9e45c288-be30-427f-be35-83a5171e2b4d', '5631d8b3-e1fd-4481-b9b8-8386acfafa14');
INSERT INTO choice (id, questionnaire_id, interviewee_id) VALUES ('cca9a381-fc17-4f0c-afae-846f3eea3751', 'af6f1431-a90e-4919-83a4-359d6a8a7d22', 'c3fc9192-c095-481b-ae8b-a82079aeb7b5');
INSERT INTO option_choice (option_id, choice_id) VALUES ('14b9069e-cc19-448a-96f6-c333a9a53635', 'cca9a381-fc17-4f0c-afae-846f3eea3751');
INSERT INTO option_choice (option_id, choice_id) VALUES ('1d5c1c89-2fbe-4efd-aab1-12329e29ad0f', 'cca9a381-fc17-4f0c-afae-846f3eea3751');
INSERT INTO option_choice (option_id, choice_id) VALUES ('e6932ff8-921c-4ab7-b5c5-37e59ea816fd', 'cca9a381-fc17-4f0c-afae-846f3eea3751');
INSERT INTO interviewee (id, login, password, age, gender, country, marital_status) VALUES ('bed2a69a-faa3-4eae-b0d8-664b33f84b0d', 'interviewee803', 'qwerty', 51, 'female', 'TZ', 'was_not_married');
INSERT INTO choice (id, questionnaire_id, interviewee_id) VALUES ('fb0fc6cf-3d46-40e9-b2ab-4984505098b1', 'af6f1431-a90e-4919-83a4-359d6a8a7d22', 'bed2a69a-faa3-4eae-b0d8-664b33f84b0d');
INSERT INTO option_choice (option_id, choice_id) VALUES ('1d5c1c89-2fbe-4efd-aab1-12329e29ad0f', 'fb0fc6cf-3d46-40e9-b2ab-4984505098b1');
INSERT INTO option_choice (option_id, choice_id) VALUES ('14b9069e-cc19-448a-96f6-c333a9a53635', 'fb0fc6cf-3d46-40e9-b2ab-4984505098b1');
INSERT INTO option_choice (option_id, choice_id) VALUES ('d6e4609d-6705-4cc8-b83a-4786ea4f6ad6', 'fb0fc6cf-3d46-40e9-b2ab-4984505098b1');
INSERT INTO option_choice (option_id, choice_id) VALUES ('a3c0df26-f677-4a76-9fc9-e8bcb2a586ec', 'fb0fc6cf-3d46-40e9-b2ab-4984505098b1');
INSERT INTO choice (id, questionnaire_id, interviewee_id) VALUES ('6866d3bb-6d0f-4d5f-8506-9baa0e5c12f5', 'e679f6e5-388e-4679-9f14-15a0896d2816', 'bed2a69a-faa3-4eae-b0d8-664b33f84b0d');
INSERT INTO option_choice (option_id, choice_id) VALUES ('3ee9dd0f-6306-4f8b-bdec-27347884621a', '6866d3bb-6d0f-4d5f-8506-9baa0e5c12f5');
INSERT INTO option_choice (option_id, choice_id) VALUES ('7fc08a6e-900b-45ea-b455-29a8eb343039', '6866d3bb-6d0f-4d5f-8506-9baa0e5c12f5');
INSERT INTO option_choice (option_id, choice_id) VALUES ('ae13d28d-5670-495b-a9e0-d0949dab86e3', '6866d3bb-6d0f-4d5f-8506-9baa0e5c12f5');
INSERT INTO option_choice (option_id, choice_id) VALUES ('01fc26e1-e8f8-407f-a1b8-6af243e9c3dd', '6866d3bb-6d0f-4d5f-8506-9baa0e5c12f5');
INSERT INTO option_choice (option_id, choice_id) VALUES ('f62b7b4d-17f1-4686-9782-f0b454d6f390', '6866d3bb-6d0f-4d5f-8506-9baa0e5c12f5');
INSERT INTO choice (id, questionnaire_id, interviewee_id) VALUES ('d632db3e-9afb-4776-b936-43042c68cd2c', '6a34c81d-d686-4ce4-8e2f-ec3d2ba47346', 'bed2a69a-faa3-4eae-b0d8-664b33f84b0d');
INSERT INTO option_choice (option_id, choice_id) VALUES ('39c56f53-1cf2-4487-83be-4d75b94ce4df', 'd632db3e-9afb-4776-b936-43042c68cd2c');
INSERT INTO interviewee (id, login, password, age, gender, country, marital_status) VALUES ('2b138531-0b54-4839-b5c6-2fddebf7f291', 'interviewee804', 'qwerty', 50, 'female', 'NC', 'married');
INSERT INTO choice (id, questionnaire_id, interviewee_id) VALUES ('d95f66d0-dddf-485f-843c-7232ae63137b', '8902d50d-0421-4680-82f2-f2b1b667e3fd', '2b138531-0b54-4839-b5c6-2fddebf7f291');
INSERT INTO option_choice (option_id, choice_id) VALUES ('ac0c373d-7749-4908-8091-d580700cabb0', 'd95f66d0-dddf-485f-843c-7232ae63137b');
INSERT INTO choice (id, questionnaire_id, interviewee_id) VALUES ('7dcb1e89-da83-4ac7-9755-6335b0c2b407', 'bf8da1bc-7284-44d0-a7c0-4e0321978aa0', '2b138531-0b54-4839-b5c6-2fddebf7f291');
INSERT INTO option_choice (option_id, choice_id) VALUES ('1690438b-db39-4933-b62c-4f692bce0c76', '7dcb1e89-da83-4ac7-9755-6335b0c2b407');
INSERT INTO interviewee (id, login, password, age, gender, country, marital_status) VALUES ('90f14b3d-a747-4a5f-99cb-198c23515717', 'interviewee805', 'qwerty', 43, 'female', 'AD', 'was_not_married');
INSERT INTO choice (id, questionnaire_id, interviewee_id) VALUES ('c72d30d7-912a-4413-b19b-294fe3814180', 'a345b682-c7ac-49ac-9f14-4f5173a872d8', '90f14b3d-a747-4a5f-99cb-198c23515717');
INSERT INTO option_choice (option_id, choice_id) VALUES ('faa6ab11-59ef-4e3b-aa30-88fe576f7451', 'c72d30d7-912a-4413-b19b-294fe3814180');
INSERT INTO choice (id, questionnaire_id, interviewee_id) VALUES ('3e26de5f-2d09-4a94-a370-68958832e87e', 'cb70c074-82ef-4114-aabc-e940a19b5bb0', '90f14b3d-a747-4a5f-99cb-198c23515717');
INSERT INTO option_choice (option_id, choice_id) VALUES ('a6011a1c-260b-45fb-ad13-b09674b0b968', '3e26de5f-2d09-4a94-a370-68958832e87e');
INSERT INTO option_choice (option_id, choice_id) VALUES ('c2db2843-0153-4422-8aa4-c4c9e640418d', '3e26de5f-2d09-4a94-a370-68958832e87e');
INSERT INTO option_choice (option_id, choice_id) VALUES ('4fbbc5c4-5cc1-4421-86a2-d7151c56a9df', '3e26de5f-2d09-4a94-a370-68958832e87e');
INSERT INTO option_choice (option_id, choice_id) VALUES ('b2aebe06-b155-47cd-a39d-b9c1beabb465', '3e26de5f-2d09-4a94-a370-68958832e87e');
INSERT INTO option_choice (option_id, choice_id) VALUES ('4f47a30f-5169-4bf3-a6a9-f9777225a72d', '3e26de5f-2d09-4a94-a370-68958832e87e');
INSERT INTO interviewee (id, login, password, age, gender, country, marital_status) VALUES ('1771c472-26a9-4935-a053-4474181c7df2', 'interviewee806', 'qwerty', 50, 'female', 'BG', 'divorced');
INSERT INTO choice (id, questionnaire_id, interviewee_id) VALUES ('3aa6df1d-20d3-463b-a8c1-a6ba53eff1ed', 'cb70c074-82ef-4114-aabc-e940a19b5bb0', '1771c472-26a9-4935-a053-4474181c7df2');
INSERT INTO option_choice (option_id, choice_id) VALUES ('c2db2843-0153-4422-8aa4-c4c9e640418d', '3aa6df1d-20d3-463b-a8c1-a6ba53eff1ed');
INSERT INTO option_choice (option_id, choice_id) VALUES ('4fbbc5c4-5cc1-4421-86a2-d7151c56a9df', '3aa6df1d-20d3-463b-a8c1-a6ba53eff1ed');
INSERT INTO choice (id, questionnaire_id, interviewee_id) VALUES ('dcf5fd82-8f6e-4478-840e-372b4c0107fd', '6a34c81d-d686-4ce4-8e2f-ec3d2ba47346', '1771c472-26a9-4935-a053-4474181c7df2');
INSERT INTO option_choice (option_id, choice_id) VALUES ('f7043315-74b1-4456-92cc-0c7dc1e0dd21', 'dcf5fd82-8f6e-4478-840e-372b4c0107fd');
INSERT INTO interviewee (id, login, password, age, gender, country, marital_status) VALUES ('a42210a0-4130-41e6-82c9-1b44545ab798', 'interviewee807', 'qwerty', 64, 'female', 'TG', 'married');
INSERT INTO choice (id, questionnaire_id, interviewee_id) VALUES ('146935b8-240b-49dd-99d0-8b2d76f8ea0f', '91a16ec4-1a91-44d1-bb08-6e9fc823c230', 'a42210a0-4130-41e6-82c9-1b44545ab798');
INSERT INTO option_choice (option_id, choice_id) VALUES ('fbc23714-2c99-4441-8130-94075c78f6e8', '146935b8-240b-49dd-99d0-8b2d76f8ea0f');
INSERT INTO option_choice (option_id, choice_id) VALUES ('5b32da45-be75-42c8-8fa7-ba776167a759', '146935b8-240b-49dd-99d0-8b2d76f8ea0f');
INSERT INTO choice (id, questionnaire_id, interviewee_id) VALUES ('ec5bb88a-085b-424a-bdc1-dd17a0519e9f', 'bf8da1bc-7284-44d0-a7c0-4e0321978aa0', 'a42210a0-4130-41e6-82c9-1b44545ab798');
INSERT INTO option_choice (option_id, choice_id) VALUES ('1690438b-db39-4933-b62c-4f692bce0c76', 'ec5bb88a-085b-424a-bdc1-dd17a0519e9f');
INSERT INTO interviewee (id, login, password, age, gender, country, marital_status) VALUES ('a4f1c918-be17-4a1f-bfd1-31a0a7421adf', 'interviewee808', 'qwerty', 23, 'female', 'HR', 'was_not_married');
INSERT INTO choice (id, questionnaire_id, interviewee_id) VALUES ('cbf62b6f-5def-44b8-9242-787aa2c774bf', 'd05638df-f11c-413d-8456-ee036bed2914', 'a4f1c918-be17-4a1f-bfd1-31a0a7421adf');
INSERT INTO option_choice (option_id, choice_id) VALUES ('b4b64304-6288-40df-8120-283c58db8d1a', 'cbf62b6f-5def-44b8-9242-787aa2c774bf');
INSERT INTO interviewee (id, login, password, age, gender, country, marital_status) VALUES ('f947fce7-de32-4b6d-ae1c-ed67f502b148', 'interviewee809', 'qwerty', 40, 'female', 'GU', 'divorced');
INSERT INTO choice (id, questionnaire_id, interviewee_id) VALUES ('c2811e6c-eebb-4b03-b2aa-6999790e7208', '56c296cd-7c3b-4eb1-90cb-745e555a098c', 'f947fce7-de32-4b6d-ae1c-ed67f502b148');
INSERT INTO option_choice (option_id, choice_id) VALUES ('75d9d333-93f8-42f6-be3b-9a5a24aa476c', 'c2811e6c-eebb-4b03-b2aa-6999790e7208');
INSERT INTO choice (id, questionnaire_id, interviewee_id) VALUES ('63e7e3f9-79f3-4b87-8867-4980479a8ce1', 'a7e484ae-fb91-4ddf-a8c0-869a7f4ad0ee', 'f947fce7-de32-4b6d-ae1c-ed67f502b148');
INSERT INTO option_choice (option_id, choice_id) VALUES ('5833b1ae-14b5-474e-8178-69dc98fc720e', '63e7e3f9-79f3-4b87-8867-4980479a8ce1');
INSERT INTO interviewee (id, login, password, age, gender, country, marital_status) VALUES ('fc9e081a-48c7-466e-94b3-7e0f52aa6aa9', 'interviewee810', 'qwerty', 51, 'female', 'TL', 'divorced');
INSERT INTO choice (id, questionnaire_id, interviewee_id) VALUES ('3209cd4e-8ff2-4a7b-b2fd-0cdb41b3c709', '309e872a-e145-4926-998b-ec0fdb62466a', 'fc9e081a-48c7-466e-94b3-7e0f52aa6aa9');
INSERT INTO option_choice (option_id, choice_id) VALUES ('4579f5ab-3007-4302-aa53-456cd440599b', '3209cd4e-8ff2-4a7b-b2fd-0cdb41b3c709');
INSERT INTO option_choice (option_id, choice_id) VALUES ('926da358-7388-4aea-b601-42bcfcd8c071', '3209cd4e-8ff2-4a7b-b2fd-0cdb41b3c709');
INSERT INTO choice (id, questionnaire_id, interviewee_id) VALUES ('bb42e6ab-d010-4946-ab13-a3c0e66549e8', 'bf8da1bc-7284-44d0-a7c0-4e0321978aa0', 'fc9e081a-48c7-466e-94b3-7e0f52aa6aa9');
INSERT INTO option_choice (option_id, choice_id) VALUES ('1690438b-db39-4933-b62c-4f692bce0c76', 'bb42e6ab-d010-4946-ab13-a3c0e66549e8');
INSERT INTO choice (id, questionnaire_id, interviewee_id) VALUES ('2a19e002-0572-4e3d-9dfd-2458ae0d005e', '557cb630-d2f4-4e11-afe9-d50534deb525', 'fc9e081a-48c7-466e-94b3-7e0f52aa6aa9');
INSERT INTO option_choice (option_id, choice_id) VALUES ('78cbec79-315d-4cd7-92bb-beb18eab98e5', '2a19e002-0572-4e3d-9dfd-2458ae0d005e');
INSERT INTO interviewee (id, login, password, age, gender, country, marital_status) VALUES ('2008684b-296b-424d-a354-b123734790a8', 'interviewee811', 'qwerty', 22, 'male', 'FK', 'divorced');
INSERT INTO choice (id, questionnaire_id, interviewee_id) VALUES ('f2004f35-a433-4ea8-a126-f4783551c411', '8902d50d-0421-4680-82f2-f2b1b667e3fd', '2008684b-296b-424d-a354-b123734790a8');
INSERT INTO option_choice (option_id, choice_id) VALUES ('cbdaf253-f6a6-406f-a288-e0397682e9f8', 'f2004f35-a433-4ea8-a126-f4783551c411');
INSERT INTO choice (id, questionnaire_id, interviewee_id) VALUES ('0a12021c-6092-48a7-9a95-bf7e7d825e73', 'b5ae5620-2d58-48f5-a060-28e8fd1859dd', '2008684b-296b-424d-a354-b123734790a8');
INSERT INTO option_choice (option_id, choice_id) VALUES ('68702e14-fb48-4755-b6ec-11c860048f90', '0a12021c-6092-48a7-9a95-bf7e7d825e73');
INSERT INTO choice (id, questionnaire_id, interviewee_id) VALUES ('7de564ca-e123-45bf-9a3f-3aad32f02e11', 'd05638df-f11c-413d-8456-ee036bed2914', '2008684b-296b-424d-a354-b123734790a8');
INSERT INTO option_choice (option_id, choice_id) VALUES ('b4b64304-6288-40df-8120-283c58db8d1a', '7de564ca-e123-45bf-9a3f-3aad32f02e11');
INSERT INTO interviewee (id, login, password, age, gender, country, marital_status) VALUES ('a0db080d-0736-4eca-8888-c9c932ba855b', 'interviewee812', 'qwerty', 40, 'female', 'GQ', 'married');
INSERT INTO choice (id, questionnaire_id, interviewee_id) VALUES ('4cbd4825-cf6d-4893-a63f-0b7f5b05ae37', 'af6f1431-a90e-4919-83a4-359d6a8a7d22', 'a0db080d-0736-4eca-8888-c9c932ba855b');
INSERT INTO option_choice (option_id, choice_id) VALUES ('e41b3b09-f2a6-4206-bfde-743557a31646', '4cbd4825-cf6d-4893-a63f-0b7f5b05ae37');
INSERT INTO option_choice (option_id, choice_id) VALUES ('14b9069e-cc19-448a-96f6-c333a9a53635', '4cbd4825-cf6d-4893-a63f-0b7f5b05ae37');
INSERT INTO option_choice (option_id, choice_id) VALUES ('b6cea016-cb83-4752-bbc0-0e2a71b294d6', '4cbd4825-cf6d-4893-a63f-0b7f5b05ae37');
INSERT INTO choice (id, questionnaire_id, interviewee_id) VALUES ('4615a6aa-0dae-43c1-abce-ad4a58f15344', 'afb83fe3-e755-403b-9a15-c18b3782c012', 'a0db080d-0736-4eca-8888-c9c932ba855b');
INSERT INTO option_choice (option_id, choice_id) VALUES ('20880a56-05fa-464a-90ad-faf02a83fa77', '4615a6aa-0dae-43c1-abce-ad4a58f15344');
INSERT INTO choice (id, questionnaire_id, interviewee_id) VALUES ('0c13eba7-2de8-4f39-a31c-b36246028c34', '8adfa259-7459-4497-b994-7101058c39c1', 'a0db080d-0736-4eca-8888-c9c932ba855b');
INSERT INTO option_choice (option_id, choice_id) VALUES ('0c96072b-cf70-4fde-8afb-27bf8c3f7a8b', '0c13eba7-2de8-4f39-a31c-b36246028c34');
INSERT INTO option_choice (option_id, choice_id) VALUES ('3e047d89-087c-45bd-82d6-38c4acd5c609', '0c13eba7-2de8-4f39-a31c-b36246028c34');
INSERT INTO option_choice (option_id, choice_id) VALUES ('502fb96b-685d-47da-86bb-f40e1e8f57ef', '0c13eba7-2de8-4f39-a31c-b36246028c34');
INSERT INTO interviewee (id, login, password, age, gender, country, marital_status) VALUES ('7daa7ca6-0565-4f6f-affb-370afb17fad9', 'interviewee813', 'qwerty', 22, 'male', 'AI', 'was_not_married');
INSERT INTO choice (id, questionnaire_id, interviewee_id) VALUES ('ac71b7c4-3bd3-48af-827f-d24157db6b8e', '21abb345-1235-4f5e-8b5b-2f6f89f30fee', '7daa7ca6-0565-4f6f-affb-370afb17fad9');
INSERT INTO option_choice (option_id, choice_id) VALUES ('fa871bfe-a04e-4297-af08-80cc94ccf337', 'ac71b7c4-3bd3-48af-827f-d24157db6b8e');
INSERT INTO interviewee (id, login, password, age, gender, country, marital_status) VALUES ('5f515ec2-e2f0-4c90-9c13-e47e6871d97a', 'interviewee814', 'qwerty', 17, 'female', 'CD', 'divorced');
INSERT INTO choice (id, questionnaire_id, interviewee_id) VALUES ('7d01c9c1-0f40-46b7-b4d1-599dea8ca940', 'a2f7d656-4675-4d99-9435-95cbe535c6c1', '5f515ec2-e2f0-4c90-9c13-e47e6871d97a');
INSERT INTO option_choice (option_id, choice_id) VALUES ('2366bc8e-690e-4739-b5f2-cf491cd8107c', '7d01c9c1-0f40-46b7-b4d1-599dea8ca940');
INSERT INTO interviewee (id, login, password, age, gender, country, marital_status) VALUES ('8d04f9e3-a527-49b5-8e21-10b84bddc647', 'interviewee815', 'qwerty', 60, 'male', 'WF', 'was_not_married');
INSERT INTO choice (id, questionnaire_id, interviewee_id) VALUES ('722d6864-5614-4b74-ba6f-2e82f8ce6df8', '342b973f-a1d1-4062-a073-fb80b6195e1a', '8d04f9e3-a527-49b5-8e21-10b84bddc647');
INSERT INTO option_choice (option_id, choice_id) VALUES ('a95386af-e627-4a57-adc2-0009818da88b', '722d6864-5614-4b74-ba6f-2e82f8ce6df8');
INSERT INTO option_choice (option_id, choice_id) VALUES ('d84282d4-6002-4289-bb10-cb7bfd2e906b', '722d6864-5614-4b74-ba6f-2e82f8ce6df8');
INSERT INTO choice (id, questionnaire_id, interviewee_id) VALUES ('bed72e32-acfa-49b6-b0b8-b048dca1d2a8', '1a336595-020d-4026-a389-afd9a80cf707', '8d04f9e3-a527-49b5-8e21-10b84bddc647');
INSERT INTO option_choice (option_id, choice_id) VALUES ('17fa6a45-befd-4756-95f2-c6c400c916a8', 'bed72e32-acfa-49b6-b0b8-b048dca1d2a8');
INSERT INTO choice (id, questionnaire_id, interviewee_id) VALUES ('c3eff0fd-177a-4f4b-8e39-21ad7987a555', 'a2f7d656-4675-4d99-9435-95cbe535c6c1', '8d04f9e3-a527-49b5-8e21-10b84bddc647');
INSERT INTO option_choice (option_id, choice_id) VALUES ('2366bc8e-690e-4739-b5f2-cf491cd8107c', 'c3eff0fd-177a-4f4b-8e39-21ad7987a555');
INSERT INTO option_choice (option_id, choice_id) VALUES ('110b73fb-e57f-409d-83dc-0d81bdd20a44', 'c3eff0fd-177a-4f4b-8e39-21ad7987a555');
INSERT INTO option_choice (option_id, choice_id) VALUES ('c6bb5cf5-3828-4747-8bb2-776e9deaeb04', 'c3eff0fd-177a-4f4b-8e39-21ad7987a555');
INSERT INTO option_choice (option_id, choice_id) VALUES ('d3d55bb1-ef9d-4b9a-b1b9-8e4375e7dbd0', 'c3eff0fd-177a-4f4b-8e39-21ad7987a555');
INSERT INTO option_choice (option_id, choice_id) VALUES ('394c3616-edd7-4820-aa09-f4425e4f774c', 'c3eff0fd-177a-4f4b-8e39-21ad7987a555');
INSERT INTO interviewee (id, login, password, age, gender, country, marital_status) VALUES ('40367c1e-11d2-4e31-a56c-a96ec8545c02', 'interviewee816', 'qwerty', 67, 'male', 'AI', 'married');
INSERT INTO choice (id, questionnaire_id, interviewee_id) VALUES ('101f2345-d34c-44e0-a127-546b5b0ba9dd', 'afb83fe3-e755-403b-9a15-c18b3782c012', '40367c1e-11d2-4e31-a56c-a96ec8545c02');
INSERT INTO option_choice (option_id, choice_id) VALUES ('20880a56-05fa-464a-90ad-faf02a83fa77', '101f2345-d34c-44e0-a127-546b5b0ba9dd');
INSERT INTO choice (id, questionnaire_id, interviewee_id) VALUES ('6ba94335-b002-49cd-9159-457843d6644e', 'd05638df-f11c-413d-8456-ee036bed2914', '40367c1e-11d2-4e31-a56c-a96ec8545c02');
INSERT INTO option_choice (option_id, choice_id) VALUES ('b4b64304-6288-40df-8120-283c58db8d1a', '6ba94335-b002-49cd-9159-457843d6644e');
INSERT INTO choice (id, questionnaire_id, interviewee_id) VALUES ('589d0a53-ff29-45d5-ab90-a31bf5398b4d', 'bf8da1bc-7284-44d0-a7c0-4e0321978aa0', '40367c1e-11d2-4e31-a56c-a96ec8545c02');
INSERT INTO option_choice (option_id, choice_id) VALUES ('fbbdfd34-e2c5-4e0b-b98a-d33f6f4fac06', '589d0a53-ff29-45d5-ab90-a31bf5398b4d');
INSERT INTO interviewee (id, login, password, age, gender, country, marital_status) VALUES ('34ad431f-e306-4303-8f19-d6f6ef731fa4', 'interviewee817', 'qwerty', 55, 'male', 'ZW', 'divorced');
INSERT INTO choice (id, questionnaire_id, interviewee_id) VALUES ('dab60d3b-6b08-433c-a2e0-f4ec9838d7e1', '91a16ec4-1a91-44d1-bb08-6e9fc823c230', '34ad431f-e306-4303-8f19-d6f6ef731fa4');
INSERT INTO option_choice (option_id, choice_id) VALUES ('5b32da45-be75-42c8-8fa7-ba776167a759', 'dab60d3b-6b08-433c-a2e0-f4ec9838d7e1');
INSERT INTO option_choice (option_id, choice_id) VALUES ('cab8632d-19dd-4ddc-9c90-669949088fa5', 'dab60d3b-6b08-433c-a2e0-f4ec9838d7e1');
INSERT INTO option_choice (option_id, choice_id) VALUES ('fbc23714-2c99-4441-8130-94075c78f6e8', 'dab60d3b-6b08-433c-a2e0-f4ec9838d7e1');
INSERT INTO option_choice (option_id, choice_id) VALUES ('690b73cc-52e3-435d-a3bd-78733e5fdeaf', 'dab60d3b-6b08-433c-a2e0-f4ec9838d7e1');
INSERT INTO choice (id, questionnaire_id, interviewee_id) VALUES ('ebc1d9c0-4377-46aa-ad87-7f5e2ea7604b', 'bf8da1bc-7284-44d0-a7c0-4e0321978aa0', '34ad431f-e306-4303-8f19-d6f6ef731fa4');
INSERT INTO option_choice (option_id, choice_id) VALUES ('1690438b-db39-4933-b62c-4f692bce0c76', 'ebc1d9c0-4377-46aa-ad87-7f5e2ea7604b');
INSERT INTO choice (id, questionnaire_id, interviewee_id) VALUES ('e67893d6-4aed-4e7b-adcc-19ae2e60beb0', 'a2f7d656-4675-4d99-9435-95cbe535c6c1', '34ad431f-e306-4303-8f19-d6f6ef731fa4');
INSERT INTO option_choice (option_id, choice_id) VALUES ('d3d55bb1-ef9d-4b9a-b1b9-8e4375e7dbd0', 'e67893d6-4aed-4e7b-adcc-19ae2e60beb0');
INSERT INTO option_choice (option_id, choice_id) VALUES ('930526a4-2714-4f39-831c-55b3185bd967', 'e67893d6-4aed-4e7b-adcc-19ae2e60beb0');
INSERT INTO interviewee (id, login, password, age, gender, country, marital_status) VALUES ('52432704-cac5-415f-9538-2120091e2602', 'interviewee818', 'qwerty', 60, 'female', 'WS', 'was_not_married');
INSERT INTO choice (id, questionnaire_id, interviewee_id) VALUES ('b3a869f7-84e6-44cc-ace7-79b16b6fd1c7', 'b6588e29-37de-425f-834e-e867f77794ce', '52432704-cac5-415f-9538-2120091e2602');
INSERT INTO option_choice (option_id, choice_id) VALUES ('4bde418e-a165-43f7-ac7b-c6d2ab034e2e', 'b3a869f7-84e6-44cc-ace7-79b16b6fd1c7');
INSERT INTO option_choice (option_id, choice_id) VALUES ('40c301f5-13ed-4b94-85aa-e1c562adce4d', 'b3a869f7-84e6-44cc-ace7-79b16b6fd1c7');
INSERT INTO option_choice (option_id, choice_id) VALUES ('460ff4a7-d376-4dc8-b5bb-9ab1989fbb31', 'b3a869f7-84e6-44cc-ace7-79b16b6fd1c7');
INSERT INTO option_choice (option_id, choice_id) VALUES ('ec37510e-f2a1-4e16-ae94-e9ea2c4461e3', 'b3a869f7-84e6-44cc-ace7-79b16b6fd1c7');
INSERT INTO option_choice (option_id, choice_id) VALUES ('07e7a8bf-65e2-41d5-aeef-91bcbe765392', 'b3a869f7-84e6-44cc-ace7-79b16b6fd1c7');
INSERT INTO option_choice (option_id, choice_id) VALUES ('5b82f100-bb0f-47ec-9395-7a0409f4b7ef', 'b3a869f7-84e6-44cc-ace7-79b16b6fd1c7');
INSERT INTO interviewee (id, login, password, age, gender, country, marital_status) VALUES ('97d183a6-9adc-4c5f-b7e8-8ddcb1097c84', 'interviewee819', 'qwerty', 68, 'male', 'IL', 'married');
INSERT INTO choice (id, questionnaire_id, interviewee_id) VALUES ('7d5edeef-5468-476c-9ae9-1b86c2b51123', 'b5ae5620-2d58-48f5-a060-28e8fd1859dd', '97d183a6-9adc-4c5f-b7e8-8ddcb1097c84');
INSERT INTO option_choice (option_id, choice_id) VALUES ('6d0af933-e0cd-405e-8ecb-b04a62b5d13f', '7d5edeef-5468-476c-9ae9-1b86c2b51123');
INSERT INTO interviewee (id, login, password, age, gender, country, marital_status) VALUES ('0a3f2a24-222a-4270-b31e-c106156a0c2c', 'interviewee820', 'qwerty', 63, 'female', 'MT', 'was_not_married');
INSERT INTO choice (id, questionnaire_id, interviewee_id) VALUES ('a12712bf-8712-49a3-87ff-de5fbdcbc210', 'bf8da1bc-7284-44d0-a7c0-4e0321978aa0', '0a3f2a24-222a-4270-b31e-c106156a0c2c');
INSERT INTO option_choice (option_id, choice_id) VALUES ('fbbdfd34-e2c5-4e0b-b98a-d33f6f4fac06', 'a12712bf-8712-49a3-87ff-de5fbdcbc210');
INSERT INTO choice (id, questionnaire_id, interviewee_id) VALUES ('da226002-bfda-45a5-9d4e-579af479eb7a', 'f680addd-a0b2-4101-9e1f-5e0870943c68', '0a3f2a24-222a-4270-b31e-c106156a0c2c');
INSERT INTO option_choice (option_id, choice_id) VALUES ('cfde0373-91b9-46f9-bc0d-a137a713d2d7', 'da226002-bfda-45a5-9d4e-579af479eb7a');
INSERT INTO interviewee (id, login, password, age, gender, country, marital_status) VALUES ('2abf5feb-82c4-404b-9781-e69edcc88095', 'interviewee821', 'qwerty', 44, 'male', 'NI', 'was_not_married');
INSERT INTO choice (id, questionnaire_id, interviewee_id) VALUES ('46485e06-1633-43c0-9ac6-5442e71a7ffa', '0b6580ec-1374-4a48-ad1d-b1fa316ad9be', '2abf5feb-82c4-404b-9781-e69edcc88095');
INSERT INTO option_choice (option_id, choice_id) VALUES ('68263915-d7e9-4ac6-9c14-f48cf8807857', '46485e06-1633-43c0-9ac6-5442e71a7ffa');
INSERT INTO option_choice (option_id, choice_id) VALUES ('a518cc4d-143a-45ca-b29f-a7c53dacc773', '46485e06-1633-43c0-9ac6-5442e71a7ffa');
INSERT INTO interviewee (id, login, password, age, gender, country, marital_status) VALUES ('7b5e09c8-bf56-4af8-ac47-8f99afa143a0', 'interviewee822', 'qwerty', 16, 'male', 'MZ', 'married');
INSERT INTO choice (id, questionnaire_id, interviewee_id) VALUES ('5f355d47-eeb4-4026-9f92-6df9df9d851d', 'a345b682-c7ac-49ac-9f14-4f5173a872d8', '7b5e09c8-bf56-4af8-ac47-8f99afa143a0');
INSERT INTO option_choice (option_id, choice_id) VALUES ('4389db4e-2a8b-43f8-8643-dd6f5a5f160e', '5f355d47-eeb4-4026-9f92-6df9df9d851d');
INSERT INTO interviewee (id, login, password, age, gender, country, marital_status) VALUES ('16f7e351-9886-45cb-abb7-efdfdfd5dfc9', 'interviewee823', 'qwerty', 21, 'female', 'LY', 'was_not_married');
INSERT INTO choice (id, questionnaire_id, interviewee_id) VALUES ('15202038-46e6-4781-b0a4-c506a1ca31a8', 'b5ae5620-2d58-48f5-a060-28e8fd1859dd', '16f7e351-9886-45cb-abb7-efdfdfd5dfc9');
INSERT INTO option_choice (option_id, choice_id) VALUES ('68702e14-fb48-4755-b6ec-11c860048f90', '15202038-46e6-4781-b0a4-c506a1ca31a8');
INSERT INTO interviewee (id, login, password, age, gender, country, marital_status) VALUES ('b48a27f3-e0ef-4ee2-b3ae-304c3fe12ab4', 'interviewee824', 'qwerty', 52, 'male', 'BM', 'divorced');
INSERT INTO choice (id, questionnaire_id, interviewee_id) VALUES ('52a5eaf3-b0be-4f1b-b9bc-c6270ec53cf1', 'b5ae5620-2d58-48f5-a060-28e8fd1859dd', 'b48a27f3-e0ef-4ee2-b3ae-304c3fe12ab4');
INSERT INTO option_choice (option_id, choice_id) VALUES ('fecb111c-77d6-4b66-b728-32011b5211c0', '52a5eaf3-b0be-4f1b-b9bc-c6270ec53cf1');
INSERT INTO choice (id, questionnaire_id, interviewee_id) VALUES ('0bb3417b-7dd7-46bf-81b5-f00670bd2c59', '6a34c81d-d686-4ce4-8e2f-ec3d2ba47346', 'b48a27f3-e0ef-4ee2-b3ae-304c3fe12ab4');
INSERT INTO option_choice (option_id, choice_id) VALUES ('7a83da6c-611b-4c33-a2e2-ddf398a170bc', '0bb3417b-7dd7-46bf-81b5-f00670bd2c59');
INSERT INTO interviewee (id, login, password, age, gender, country, marital_status) VALUES ('f716d75d-d292-4a4d-9ef6-1139b1863c1b', 'interviewee825', 'qwerty', 35, 'female', 'JO', 'divorced');
INSERT INTO choice (id, questionnaire_id, interviewee_id) VALUES ('17f883af-a44c-4b48-9798-b2f2889a499b', '6a34c81d-d686-4ce4-8e2f-ec3d2ba47346', 'f716d75d-d292-4a4d-9ef6-1139b1863c1b');
INSERT INTO option_choice (option_id, choice_id) VALUES ('39c56f53-1cf2-4487-83be-4d75b94ce4df', '17f883af-a44c-4b48-9798-b2f2889a499b');
INSERT INTO choice (id, questionnaire_id, interviewee_id) VALUES ('6558eccf-3536-420d-b20e-15ce07811452', 'af6f1431-a90e-4919-83a4-359d6a8a7d22', 'f716d75d-d292-4a4d-9ef6-1139b1863c1b');
INSERT INTO option_choice (option_id, choice_id) VALUES ('d6e4609d-6705-4cc8-b83a-4786ea4f6ad6', '6558eccf-3536-420d-b20e-15ce07811452');
INSERT INTO option_choice (option_id, choice_id) VALUES ('e6932ff8-921c-4ab7-b5c5-37e59ea816fd', '6558eccf-3536-420d-b20e-15ce07811452');
INSERT INTO option_choice (option_id, choice_id) VALUES ('a3c0df26-f677-4a76-9fc9-e8bcb2a586ec', '6558eccf-3536-420d-b20e-15ce07811452');
INSERT INTO option_choice (option_id, choice_id) VALUES ('14b9069e-cc19-448a-96f6-c333a9a53635', '6558eccf-3536-420d-b20e-15ce07811452');
INSERT INTO option_choice (option_id, choice_id) VALUES ('b6cea016-cb83-4752-bbc0-0e2a71b294d6', '6558eccf-3536-420d-b20e-15ce07811452');
INSERT INTO option_choice (option_id, choice_id) VALUES ('e41b3b09-f2a6-4206-bfde-743557a31646', '6558eccf-3536-420d-b20e-15ce07811452');
INSERT INTO option_choice (option_id, choice_id) VALUES ('1d5c1c89-2fbe-4efd-aab1-12329e29ad0f', '6558eccf-3536-420d-b20e-15ce07811452');
INSERT INTO choice (id, questionnaire_id, interviewee_id) VALUES ('b5710462-f202-46a4-a1c1-95c81d8e643f', 'd05638df-f11c-413d-8456-ee036bed2914', 'f716d75d-d292-4a4d-9ef6-1139b1863c1b');
INSERT INTO option_choice (option_id, choice_id) VALUES ('b0557de3-6b66-4e79-b1ac-c2b8f0a5096b', 'b5710462-f202-46a4-a1c1-95c81d8e643f');
INSERT INTO interviewee (id, login, password, age, gender, country, marital_status) VALUES ('62caffa9-8217-48be-aadc-8c9f7ebb9d29', 'interviewee826', 'qwerty', 34, 'male', 'GQ', 'divorced');
INSERT INTO choice (id, questionnaire_id, interviewee_id) VALUES ('15c5fcfd-5929-4f8c-a745-2323aaf37962', '309e872a-e145-4926-998b-ec0fdb62466a', '62caffa9-8217-48be-aadc-8c9f7ebb9d29');
INSERT INTO option_choice (option_id, choice_id) VALUES ('4579f5ab-3007-4302-aa53-456cd440599b', '15c5fcfd-5929-4f8c-a745-2323aaf37962');
INSERT INTO option_choice (option_id, choice_id) VALUES ('8ccfc598-c3a0-4ad2-a052-f4e6e3edc252', '15c5fcfd-5929-4f8c-a745-2323aaf37962');
INSERT INTO option_choice (option_id, choice_id) VALUES ('1dcd1e79-636e-4d6c-b9b4-dcf0da4fdaaa', '15c5fcfd-5929-4f8c-a745-2323aaf37962');
INSERT INTO choice (id, questionnaire_id, interviewee_id) VALUES ('664cc625-e392-4e50-9e16-c8642124b452', '56c296cd-7c3b-4eb1-90cb-745e555a098c', '62caffa9-8217-48be-aadc-8c9f7ebb9d29');
INSERT INTO option_choice (option_id, choice_id) VALUES ('0e27133d-354c-4e2d-af9f-e74397954328', '664cc625-e392-4e50-9e16-c8642124b452');
INSERT INTO option_choice (option_id, choice_id) VALUES ('d583c2c9-6998-483b-a5e4-67068e974d6f', '664cc625-e392-4e50-9e16-c8642124b452');
INSERT INTO interviewee (id, login, password, age, gender, country, marital_status) VALUES ('04e9dc38-7dac-404c-9711-3123a061e97c', 'interviewee827', 'qwerty', 64, 'female', 'LB', 'was_not_married');
INSERT INTO choice (id, questionnaire_id, interviewee_id) VALUES ('4d129d0f-1867-4229-8106-2d72748425fc', 'e679f6e5-388e-4679-9f14-15a0896d2816', '04e9dc38-7dac-404c-9711-3123a061e97c');
INSERT INTO option_choice (option_id, choice_id) VALUES ('ae13d28d-5670-495b-a9e0-d0949dab86e3', '4d129d0f-1867-4229-8106-2d72748425fc');
INSERT INTO option_choice (option_id, choice_id) VALUES ('3ee9dd0f-6306-4f8b-bdec-27347884621a', '4d129d0f-1867-4229-8106-2d72748425fc');
INSERT INTO option_choice (option_id, choice_id) VALUES ('7fc08a6e-900b-45ea-b455-29a8eb343039', '4d129d0f-1867-4229-8106-2d72748425fc');
INSERT INTO interviewee (id, login, password, age, gender, country, marital_status) VALUES ('87aad9b2-ba62-4a59-84ab-190e496882ed', 'interviewee828', 'qwerty', 46, 'male', 'NL', 'divorced');
INSERT INTO choice (id, questionnaire_id, interviewee_id) VALUES ('e74c41c9-1d04-427e-ae3e-46d4ae609b3d', 'af6f1431-a90e-4919-83a4-359d6a8a7d22', '87aad9b2-ba62-4a59-84ab-190e496882ed');
INSERT INTO option_choice (option_id, choice_id) VALUES ('a3c0df26-f677-4a76-9fc9-e8bcb2a586ec', 'e74c41c9-1d04-427e-ae3e-46d4ae609b3d');
INSERT INTO option_choice (option_id, choice_id) VALUES ('e41b3b09-f2a6-4206-bfde-743557a31646', 'e74c41c9-1d04-427e-ae3e-46d4ae609b3d');
INSERT INTO option_choice (option_id, choice_id) VALUES ('e6932ff8-921c-4ab7-b5c5-37e59ea816fd', 'e74c41c9-1d04-427e-ae3e-46d4ae609b3d');
INSERT INTO option_choice (option_id, choice_id) VALUES ('b6cea016-cb83-4752-bbc0-0e2a71b294d6', 'e74c41c9-1d04-427e-ae3e-46d4ae609b3d');
INSERT INTO option_choice (option_id, choice_id) VALUES ('14b9069e-cc19-448a-96f6-c333a9a53635', 'e74c41c9-1d04-427e-ae3e-46d4ae609b3d');
INSERT INTO option_choice (option_id, choice_id) VALUES ('1d5c1c89-2fbe-4efd-aab1-12329e29ad0f', 'e74c41c9-1d04-427e-ae3e-46d4ae609b3d');
INSERT INTO interviewee (id, login, password, age, gender, country, marital_status) VALUES ('3feefdb6-69a7-45d3-8eb8-73655a3b3089', 'interviewee829', 'qwerty', 19, 'female', 'VG', 'married');
INSERT INTO choice (id, questionnaire_id, interviewee_id) VALUES ('42870837-298b-4bff-bd49-543c8c7a89dd', '1a336595-020d-4026-a389-afd9a80cf707', '3feefdb6-69a7-45d3-8eb8-73655a3b3089');
INSERT INTO option_choice (option_id, choice_id) VALUES ('22762ef8-944e-46b0-a7e0-4e990383e528', '42870837-298b-4bff-bd49-543c8c7a89dd');
INSERT INTO choice (id, questionnaire_id, interviewee_id) VALUES ('bcfc22ac-d5a3-48e2-aa86-35e84db5312b', '8902d50d-0421-4680-82f2-f2b1b667e3fd', '3feefdb6-69a7-45d3-8eb8-73655a3b3089');
INSERT INTO option_choice (option_id, choice_id) VALUES ('699e6428-3838-43e4-88f0-8fa31ae6d648', 'bcfc22ac-d5a3-48e2-aa86-35e84db5312b');
INSERT INTO choice (id, questionnaire_id, interviewee_id) VALUES ('e421c2c2-25d7-4b8d-8b78-f085ccca6c1b', 'a345b682-c7ac-49ac-9f14-4f5173a872d8', '3feefdb6-69a7-45d3-8eb8-73655a3b3089');
INSERT INTO option_choice (option_id, choice_id) VALUES ('4389db4e-2a8b-43f8-8643-dd6f5a5f160e', 'e421c2c2-25d7-4b8d-8b78-f085ccca6c1b');
INSERT INTO interviewee (id, login, password, age, gender, country, marital_status) VALUES ('d11780c4-074e-48e9-a60b-bb00f340c561', 'interviewee830', 'qwerty', 44, 'female', 'CF', 'was_not_married');
INSERT INTO choice (id, questionnaire_id, interviewee_id) VALUES ('3bd37dd8-ec8b-48da-8bb3-6aa570a24bd8', 'e2cf177f-e49f-4aef-99a6-095d711c6ec2', 'd11780c4-074e-48e9-a60b-bb00f340c561');
INSERT INTO option_choice (option_id, choice_id) VALUES ('1b5e4a41-da4c-4845-8698-5ed9deee3ca2', '3bd37dd8-ec8b-48da-8bb3-6aa570a24bd8');
INSERT INTO interviewee (id, login, password, age, gender, country, marital_status) VALUES ('9e17d4bd-65b6-48d8-9bbf-3547dc0a9bb9', 'interviewee831', 'qwerty', 25, 'female', 'SC', 'married');
INSERT INTO choice (id, questionnaire_id, interviewee_id) VALUES ('da0f8430-4056-4b85-9cd9-d3ab3d3e9f01', '0b6580ec-1374-4a48-ad1d-b1fa316ad9be', '9e17d4bd-65b6-48d8-9bbf-3547dc0a9bb9');
INSERT INTO option_choice (option_id, choice_id) VALUES ('68263915-d7e9-4ac6-9c14-f48cf8807857', 'da0f8430-4056-4b85-9cd9-d3ab3d3e9f01');
INSERT INTO option_choice (option_id, choice_id) VALUES ('82cec316-48c4-48d4-9d69-8a67e9d22eca', 'da0f8430-4056-4b85-9cd9-d3ab3d3e9f01');
INSERT INTO option_choice (option_id, choice_id) VALUES ('82be4575-892d-453a-b3d9-0827c6b6d6df', 'da0f8430-4056-4b85-9cd9-d3ab3d3e9f01');
INSERT INTO choice (id, questionnaire_id, interviewee_id) VALUES ('7e9138cb-faad-4d83-afd6-a284af9a91d4', '8902d50d-0421-4680-82f2-f2b1b667e3fd', '9e17d4bd-65b6-48d8-9bbf-3547dc0a9bb9');
INSERT INTO option_choice (option_id, choice_id) VALUES ('699e6428-3838-43e4-88f0-8fa31ae6d648', '7e9138cb-faad-4d83-afd6-a284af9a91d4');
INSERT INTO interviewee (id, login, password, age, gender, country, marital_status) VALUES ('39b68e50-49c9-42a6-b6a8-0b4ee3b878f0', 'interviewee832', 'qwerty', 20, 'male', 'RW', 'was_not_married');
INSERT INTO choice (id, questionnaire_id, interviewee_id) VALUES ('351dd151-1834-4e22-a950-baf3e52bb07a', 'b6588e29-37de-425f-834e-e867f77794ce', '39b68e50-49c9-42a6-b6a8-0b4ee3b878f0');
INSERT INTO option_choice (option_id, choice_id) VALUES ('ec37510e-f2a1-4e16-ae94-e9ea2c4461e3', '351dd151-1834-4e22-a950-baf3e52bb07a');
INSERT INTO option_choice (option_id, choice_id) VALUES ('07e7a8bf-65e2-41d5-aeef-91bcbe765392', '351dd151-1834-4e22-a950-baf3e52bb07a');
INSERT INTO choice (id, questionnaire_id, interviewee_id) VALUES ('238801ff-a608-461c-9276-cd3a3c107f8d', '56c296cd-7c3b-4eb1-90cb-745e555a098c', '39b68e50-49c9-42a6-b6a8-0b4ee3b878f0');
INSERT INTO option_choice (option_id, choice_id) VALUES ('00605853-328c-4a30-9227-5513208ca17e', '238801ff-a608-461c-9276-cd3a3c107f8d');
INSERT INTO option_choice (option_id, choice_id) VALUES ('0e27133d-354c-4e2d-af9f-e74397954328', '238801ff-a608-461c-9276-cd3a3c107f8d');
INSERT INTO option_choice (option_id, choice_id) VALUES ('75d9d333-93f8-42f6-be3b-9a5a24aa476c', '238801ff-a608-461c-9276-cd3a3c107f8d');
INSERT INTO choice (id, questionnaire_id, interviewee_id) VALUES ('04291a0c-0612-47fc-9224-37ece0d0405f', 'bf8da1bc-7284-44d0-a7c0-4e0321978aa0', '39b68e50-49c9-42a6-b6a8-0b4ee3b878f0');
INSERT INTO option_choice (option_id, choice_id) VALUES ('9bdf6935-cda0-4d8b-82bb-51be50aece89', '04291a0c-0612-47fc-9224-37ece0d0405f');
INSERT INTO interviewee (id, login, password, age, gender, country, marital_status) VALUES ('f00f559c-5ab4-47ab-a4fa-8dd9c38cbb34', 'interviewee833', 'qwerty', 28, 'female', 'KW', 'married');
INSERT INTO choice (id, questionnaire_id, interviewee_id) VALUES ('7c618fa7-e19d-4352-8b33-ad14ff237b45', 'a2f7d656-4675-4d99-9435-95cbe535c6c1', 'f00f559c-5ab4-47ab-a4fa-8dd9c38cbb34');
INSERT INTO option_choice (option_id, choice_id) VALUES ('c6bb5cf5-3828-4747-8bb2-776e9deaeb04', '7c618fa7-e19d-4352-8b33-ad14ff237b45');
INSERT INTO option_choice (option_id, choice_id) VALUES ('394c3616-edd7-4820-aa09-f4425e4f774c', '7c618fa7-e19d-4352-8b33-ad14ff237b45');
INSERT INTO option_choice (option_id, choice_id) VALUES ('ced72831-705a-4153-849e-71a73e5a7d3c', '7c618fa7-e19d-4352-8b33-ad14ff237b45');
INSERT INTO choice (id, questionnaire_id, interviewee_id) VALUES ('0d98bc99-6ad1-441c-8e52-349cd17b7dc5', 'b6588e29-37de-425f-834e-e867f77794ce', 'f00f559c-5ab4-47ab-a4fa-8dd9c38cbb34');
INSERT INTO option_choice (option_id, choice_id) VALUES ('5b82f100-bb0f-47ec-9395-7a0409f4b7ef', '0d98bc99-6ad1-441c-8e52-349cd17b7dc5');
INSERT INTO option_choice (option_id, choice_id) VALUES ('07e7a8bf-65e2-41d5-aeef-91bcbe765392', '0d98bc99-6ad1-441c-8e52-349cd17b7dc5');
INSERT INTO option_choice (option_id, choice_id) VALUES ('4bde418e-a165-43f7-ac7b-c6d2ab034e2e', '0d98bc99-6ad1-441c-8e52-349cd17b7dc5');
INSERT INTO option_choice (option_id, choice_id) VALUES ('7f0bbd14-8cfc-4a28-88f7-5af992a4c02b', '0d98bc99-6ad1-441c-8e52-349cd17b7dc5');
INSERT INTO option_choice (option_id, choice_id) VALUES ('ec37510e-f2a1-4e16-ae94-e9ea2c4461e3', '0d98bc99-6ad1-441c-8e52-349cd17b7dc5');
INSERT INTO option_choice (option_id, choice_id) VALUES ('46bd1403-2ee0-4145-8014-8dd4fafcb8af', '0d98bc99-6ad1-441c-8e52-349cd17b7dc5');
INSERT INTO option_choice (option_id, choice_id) VALUES ('460ff4a7-d376-4dc8-b5bb-9ab1989fbb31', '0d98bc99-6ad1-441c-8e52-349cd17b7dc5');
INSERT INTO interviewee (id, login, password, age, gender, country, marital_status) VALUES ('4cdd1a96-4a18-4849-a17d-f44e2979b737', 'interviewee834', 'qwerty', 38, 'female', 'DM', 'divorced');
INSERT INTO choice (id, questionnaire_id, interviewee_id) VALUES ('128e3002-811c-4adc-9fd8-cb55b48b8521', '91a16ec4-1a91-44d1-bb08-6e9fc823c230', '4cdd1a96-4a18-4849-a17d-f44e2979b737');
INSERT INTO option_choice (option_id, choice_id) VALUES ('fbc23714-2c99-4441-8130-94075c78f6e8', '128e3002-811c-4adc-9fd8-cb55b48b8521');
INSERT INTO option_choice (option_id, choice_id) VALUES ('cab8632d-19dd-4ddc-9c90-669949088fa5', '128e3002-811c-4adc-9fd8-cb55b48b8521');
INSERT INTO interviewee (id, login, password, age, gender, country, marital_status) VALUES ('1ed33804-a4f5-47f0-88a4-52cc57f3a74c', 'interviewee835', 'qwerty', 27, 'male', 'MC', 'married');
INSERT INTO choice (id, questionnaire_id, interviewee_id) VALUES ('10d08b81-3939-4be7-af69-3187d3651c8c', '1a336595-020d-4026-a389-afd9a80cf707', '1ed33804-a4f5-47f0-88a4-52cc57f3a74c');
INSERT INTO option_choice (option_id, choice_id) VALUES ('22762ef8-944e-46b0-a7e0-4e990383e528', '10d08b81-3939-4be7-af69-3187d3651c8c');
INSERT INTO interviewee (id, login, password, age, gender, country, marital_status) VALUES ('94fefd07-9859-41ad-b2d5-2bda9cdc441d', 'interviewee836', 'qwerty', 47, 'female', 'LK', 'was_not_married');
INSERT INTO choice (id, questionnaire_id, interviewee_id) VALUES ('55034743-9c9f-4122-a2cc-8cc99e013150', '91a16ec4-1a91-44d1-bb08-6e9fc823c230', '94fefd07-9859-41ad-b2d5-2bda9cdc441d');
INSERT INTO option_choice (option_id, choice_id) VALUES ('690b73cc-52e3-435d-a3bd-78733e5fdeaf', '55034743-9c9f-4122-a2cc-8cc99e013150');
INSERT INTO option_choice (option_id, choice_id) VALUES ('5b32da45-be75-42c8-8fa7-ba776167a759', '55034743-9c9f-4122-a2cc-8cc99e013150');
INSERT INTO option_choice (option_id, choice_id) VALUES ('cab8632d-19dd-4ddc-9c90-669949088fa5', '55034743-9c9f-4122-a2cc-8cc99e013150');
INSERT INTO option_choice (option_id, choice_id) VALUES ('fbc23714-2c99-4441-8130-94075c78f6e8', '55034743-9c9f-4122-a2cc-8cc99e013150');
INSERT INTO choice (id, questionnaire_id, interviewee_id) VALUES ('5a2ef004-98ef-4b12-bab8-87b68e7d7733', 'a2f7d656-4675-4d99-9435-95cbe535c6c1', '94fefd07-9859-41ad-b2d5-2bda9cdc441d');
INSERT INTO option_choice (option_id, choice_id) VALUES ('c6bb5cf5-3828-4747-8bb2-776e9deaeb04', '5a2ef004-98ef-4b12-bab8-87b68e7d7733');
INSERT INTO option_choice (option_id, choice_id) VALUES ('ced72831-705a-4153-849e-71a73e5a7d3c', '5a2ef004-98ef-4b12-bab8-87b68e7d7733');
INSERT INTO choice (id, questionnaire_id, interviewee_id) VALUES ('2790d042-8f86-4545-becf-ecb9ea53003c', '0b6580ec-1374-4a48-ad1d-b1fa316ad9be', '94fefd07-9859-41ad-b2d5-2bda9cdc441d');
INSERT INTO option_choice (option_id, choice_id) VALUES ('68263915-d7e9-4ac6-9c14-f48cf8807857', '2790d042-8f86-4545-becf-ecb9ea53003c');
INSERT INTO option_choice (option_id, choice_id) VALUES ('82cec316-48c4-48d4-9d69-8a67e9d22eca', '2790d042-8f86-4545-becf-ecb9ea53003c');
INSERT INTO option_choice (option_id, choice_id) VALUES ('a518cc4d-143a-45ca-b29f-a7c53dacc773', '2790d042-8f86-4545-becf-ecb9ea53003c');
INSERT INTO option_choice (option_id, choice_id) VALUES ('82be4575-892d-453a-b3d9-0827c6b6d6df', '2790d042-8f86-4545-becf-ecb9ea53003c');
INSERT INTO interviewee (id, login, password, age, gender, country, marital_status) VALUES ('8a154c40-13d8-4984-9cd8-77af74fd26cc', 'interviewee837', 'qwerty', 24, 'male', 'SD', 'divorced');
INSERT INTO choice (id, questionnaire_id, interviewee_id) VALUES ('07b2aa59-d934-4d49-8d38-9c031454d233', 'a2f7d656-4675-4d99-9435-95cbe535c6c1', '8a154c40-13d8-4984-9cd8-77af74fd26cc');
INSERT INTO option_choice (option_id, choice_id) VALUES ('394c3616-edd7-4820-aa09-f4425e4f774c', '07b2aa59-d934-4d49-8d38-9c031454d233');
INSERT INTO interviewee (id, login, password, age, gender, country, marital_status) VALUES ('927a2982-0198-4793-b255-464430f1b212', 'interviewee838', 'qwerty', 65, 'male', 'LI', 'divorced');
INSERT INTO choice (id, questionnaire_id, interviewee_id) VALUES ('9cfa2e69-d448-4ffc-88d8-9dbdede1b3b3', 'afb83fe3-e755-403b-9a15-c18b3782c012', '927a2982-0198-4793-b255-464430f1b212');
INSERT INTO option_choice (option_id, choice_id) VALUES ('20880a56-05fa-464a-90ad-faf02a83fa77', '9cfa2e69-d448-4ffc-88d8-9dbdede1b3b3');
INSERT INTO interviewee (id, login, password, age, gender, country, marital_status) VALUES ('ca4701cd-50c9-40ff-86ad-fbc5b73d08c2', 'interviewee839', 'qwerty', 63, 'female', 'CI', 'was_not_married');
INSERT INTO choice (id, questionnaire_id, interviewee_id) VALUES ('6ee531d5-2f95-49ca-9d3a-437504b9b608', 'a345b682-c7ac-49ac-9f14-4f5173a872d8', 'ca4701cd-50c9-40ff-86ad-fbc5b73d08c2');
INSERT INTO option_choice (option_id, choice_id) VALUES ('4389db4e-2a8b-43f8-8643-dd6f5a5f160e', '6ee531d5-2f95-49ca-9d3a-437504b9b608');
INSERT INTO choice (id, questionnaire_id, interviewee_id) VALUES ('6294bfea-db12-4127-9ce7-ff6563a72905', '6a34c81d-d686-4ce4-8e2f-ec3d2ba47346', 'ca4701cd-50c9-40ff-86ad-fbc5b73d08c2');
INSERT INTO option_choice (option_id, choice_id) VALUES ('553e0886-1a11-4d34-ad3c-c3ee745c28c8', '6294bfea-db12-4127-9ce7-ff6563a72905');
INSERT INTO interviewee (id, login, password, age, gender, country, marital_status) VALUES ('edc87523-b74a-47b3-bb69-756e9bfbc7a0', 'interviewee840', 'qwerty', 45, 'female', 'GN', 'divorced');
INSERT INTO choice (id, questionnaire_id, interviewee_id) VALUES ('f3f06b93-4691-485b-a832-86a93cd262da', '8902d50d-0421-4680-82f2-f2b1b667e3fd', 'edc87523-b74a-47b3-bb69-756e9bfbc7a0');
INSERT INTO option_choice (option_id, choice_id) VALUES ('cbdaf253-f6a6-406f-a288-e0397682e9f8', 'f3f06b93-4691-485b-a832-86a93cd262da');
INSERT INTO choice (id, questionnaire_id, interviewee_id) VALUES ('24c74e24-70d7-4a2d-b91a-2e6c172eddd7', '6a34c81d-d686-4ce4-8e2f-ec3d2ba47346', 'edc87523-b74a-47b3-bb69-756e9bfbc7a0');
INSERT INTO option_choice (option_id, choice_id) VALUES ('7a83da6c-611b-4c33-a2e2-ddf398a170bc', '24c74e24-70d7-4a2d-b91a-2e6c172eddd7');
INSERT INTO choice (id, questionnaire_id, interviewee_id) VALUES ('e5beaf11-a992-4091-afc4-33f836d1dff7', 'a345b682-c7ac-49ac-9f14-4f5173a872d8', 'edc87523-b74a-47b3-bb69-756e9bfbc7a0');
INSERT INTO option_choice (option_id, choice_id) VALUES ('4389db4e-2a8b-43f8-8643-dd6f5a5f160e', 'e5beaf11-a992-4091-afc4-33f836d1dff7');
INSERT INTO interviewee (id, login, password, age, gender, country, marital_status) VALUES ('00684776-c5c1-42c6-8a18-3e22b952f3a3', 'interviewee841', 'qwerty', 37, 'male', 'PF', 'was_not_married');
INSERT INTO choice (id, questionnaire_id, interviewee_id) VALUES ('e62a7923-f1f2-4bf4-a41e-643a7fa672d0', 'bf8da1bc-7284-44d0-a7c0-4e0321978aa0', '00684776-c5c1-42c6-8a18-3e22b952f3a3');
INSERT INTO option_choice (option_id, choice_id) VALUES ('1690438b-db39-4933-b62c-4f692bce0c76', 'e62a7923-f1f2-4bf4-a41e-643a7fa672d0');
INSERT INTO choice (id, questionnaire_id, interviewee_id) VALUES ('a0c4c85d-d924-427b-9c19-ebb6d0b10937', '6a34c81d-d686-4ce4-8e2f-ec3d2ba47346', '00684776-c5c1-42c6-8a18-3e22b952f3a3');
INSERT INTO option_choice (option_id, choice_id) VALUES ('f7043315-74b1-4456-92cc-0c7dc1e0dd21', 'a0c4c85d-d924-427b-9c19-ebb6d0b10937');
INSERT INTO choice (id, questionnaire_id, interviewee_id) VALUES ('7da41be7-52e5-4296-a82f-1889dc3262c4', '56c296cd-7c3b-4eb1-90cb-745e555a098c', '00684776-c5c1-42c6-8a18-3e22b952f3a3');
INSERT INTO option_choice (option_id, choice_id) VALUES ('00605853-328c-4a30-9227-5513208ca17e', '7da41be7-52e5-4296-a82f-1889dc3262c4');
INSERT INTO option_choice (option_id, choice_id) VALUES ('0e27133d-354c-4e2d-af9f-e74397954328', '7da41be7-52e5-4296-a82f-1889dc3262c4');
INSERT INTO option_choice (option_id, choice_id) VALUES ('75d9d333-93f8-42f6-be3b-9a5a24aa476c', '7da41be7-52e5-4296-a82f-1889dc3262c4');
INSERT INTO option_choice (option_id, choice_id) VALUES ('e2f977a1-4767-4f5b-b056-27e45348cf1a', '7da41be7-52e5-4296-a82f-1889dc3262c4');
INSERT INTO interviewee (id, login, password, age, gender, country, marital_status) VALUES ('3f6958e2-fa64-451f-a77c-c0e89bc738d6', 'interviewee842', 'qwerty', 57, 'male', 'IN', 'married');
INSERT INTO choice (id, questionnaire_id, interviewee_id) VALUES ('13936880-0cc5-41fa-b7bd-4bc41c770807', 'e2cf177f-e49f-4aef-99a6-095d711c6ec2', '3f6958e2-fa64-451f-a77c-c0e89bc738d6');
INSERT INTO option_choice (option_id, choice_id) VALUES ('242c02d5-0f4b-4e89-976f-3754854f478c', '13936880-0cc5-41fa-b7bd-4bc41c770807');
INSERT INTO interviewee (id, login, password, age, gender, country, marital_status) VALUES ('41acfd5e-1e1c-4e05-bb2c-9a7b8130f795', 'interviewee843', 'qwerty', 46, 'male', 'BV', 'divorced');
INSERT INTO choice (id, questionnaire_id, interviewee_id) VALUES ('46ba2474-fffa-44bc-b6e1-31a27f999461', '342b973f-a1d1-4062-a073-fb80b6195e1a', '41acfd5e-1e1c-4e05-bb2c-9a7b8130f795');
INSERT INTO option_choice (option_id, choice_id) VALUES ('a95386af-e627-4a57-adc2-0009818da88b', '46ba2474-fffa-44bc-b6e1-31a27f999461');
INSERT INTO option_choice (option_id, choice_id) VALUES ('47afaa62-a5ba-4be6-81b8-673fae59c987', '46ba2474-fffa-44bc-b6e1-31a27f999461');
INSERT INTO option_choice (option_id, choice_id) VALUES ('d84282d4-6002-4289-bb10-cb7bfd2e906b', '46ba2474-fffa-44bc-b6e1-31a27f999461');
INSERT INTO interviewee (id, login, password, age, gender, country, marital_status) VALUES ('80e270e4-501e-46fd-9235-5fac7ba2652d', 'interviewee844', 'qwerty', 26, 'female', 'BO', 'was_not_married');
INSERT INTO choice (id, questionnaire_id, interviewee_id) VALUES ('2a1d2683-5a6a-4fe6-b195-e834f5949dd1', '83dbd16d-6765-468d-944f-022d10d042e5', '80e270e4-501e-46fd-9235-5fac7ba2652d');
INSERT INTO option_choice (option_id, choice_id) VALUES ('176e8036-bece-46c0-beb2-71eb28a41f51', '2a1d2683-5a6a-4fe6-b195-e834f5949dd1');
INSERT INTO option_choice (option_id, choice_id) VALUES ('d8a63395-3425-4d1b-95be-b38dc31cb0af', '2a1d2683-5a6a-4fe6-b195-e834f5949dd1');
INSERT INTO option_choice (option_id, choice_id) VALUES ('eee0aab7-8b77-4c19-b028-648aa7e303ed', '2a1d2683-5a6a-4fe6-b195-e834f5949dd1');
INSERT INTO option_choice (option_id, choice_id) VALUES ('d6416cf3-39f7-4cf9-ba84-314605b84d03', '2a1d2683-5a6a-4fe6-b195-e834f5949dd1');
INSERT INTO choice (id, questionnaire_id, interviewee_id) VALUES ('f2523193-e8db-4206-ac36-898ff529e0fa', 'b6588e29-37de-425f-834e-e867f77794ce', '80e270e4-501e-46fd-9235-5fac7ba2652d');
INSERT INTO option_choice (option_id, choice_id) VALUES ('460ff4a7-d376-4dc8-b5bb-9ab1989fbb31', 'f2523193-e8db-4206-ac36-898ff529e0fa');
INSERT INTO option_choice (option_id, choice_id) VALUES ('40c301f5-13ed-4b94-85aa-e1c562adce4d', 'f2523193-e8db-4206-ac36-898ff529e0fa');
INSERT INTO option_choice (option_id, choice_id) VALUES ('46bd1403-2ee0-4145-8014-8dd4fafcb8af', 'f2523193-e8db-4206-ac36-898ff529e0fa');
INSERT INTO option_choice (option_id, choice_id) VALUES ('5b82f100-bb0f-47ec-9395-7a0409f4b7ef', 'f2523193-e8db-4206-ac36-898ff529e0fa');
INSERT INTO option_choice (option_id, choice_id) VALUES ('07e7a8bf-65e2-41d5-aeef-91bcbe765392', 'f2523193-e8db-4206-ac36-898ff529e0fa');
INSERT INTO option_choice (option_id, choice_id) VALUES ('4bde418e-a165-43f7-ac7b-c6d2ab034e2e', 'f2523193-e8db-4206-ac36-898ff529e0fa');
INSERT INTO option_choice (option_id, choice_id) VALUES ('7f0bbd14-8cfc-4a28-88f7-5af992a4c02b', 'f2523193-e8db-4206-ac36-898ff529e0fa');
INSERT INTO option_choice (option_id, choice_id) VALUES ('ec37510e-f2a1-4e16-ae94-e9ea2c4461e3', 'f2523193-e8db-4206-ac36-898ff529e0fa');
INSERT INTO interviewee (id, login, password, age, gender, country, marital_status) VALUES ('469470c2-ebfa-4d5e-8a5d-4e652ba7347c', 'interviewee845', 'qwerty', 58, 'female', 'CR', 'divorced');
INSERT INTO choice (id, questionnaire_id, interviewee_id) VALUES ('83d429b8-45cc-4398-aba9-27c369834cb4', '557cb630-d2f4-4e11-afe9-d50534deb525', '469470c2-ebfa-4d5e-8a5d-4e652ba7347c');
INSERT INTO option_choice (option_id, choice_id) VALUES ('84999604-dd85-4536-a3fc-0dc6006d4d23', '83d429b8-45cc-4398-aba9-27c369834cb4');
INSERT INTO interviewee (id, login, password, age, gender, country, marital_status) VALUES ('a194c52b-41bc-447f-990d-7c73b21aea81', 'interviewee846', 'qwerty', 56, 'male', 'VA', 'was_not_married');
INSERT INTO choice (id, questionnaire_id, interviewee_id) VALUES ('0d67bff3-2d0e-48de-b079-11e07bbc02d7', 'b5ae5620-2d58-48f5-a060-28e8fd1859dd', 'a194c52b-41bc-447f-990d-7c73b21aea81');
INSERT INTO option_choice (option_id, choice_id) VALUES ('68702e14-fb48-4755-b6ec-11c860048f90', '0d67bff3-2d0e-48de-b079-11e07bbc02d7');
INSERT INTO interviewee (id, login, password, age, gender, country, marital_status) VALUES ('447ccb7b-138c-4279-a875-7c0f4e428993', 'interviewee847', 'qwerty', 36, 'male', 'UG', 'divorced');
INSERT INTO choice (id, questionnaire_id, interviewee_id) VALUES ('25e108ee-78ad-41ab-9919-803d8ba72fc3', '342b973f-a1d1-4062-a073-fb80b6195e1a', '447ccb7b-138c-4279-a875-7c0f4e428993');
INSERT INTO option_choice (option_id, choice_id) VALUES ('47afaa62-a5ba-4be6-81b8-673fae59c987', '25e108ee-78ad-41ab-9919-803d8ba72fc3');
INSERT INTO interviewee (id, login, password, age, gender, country, marital_status) VALUES ('408a131c-1002-49df-a39a-a326576bc538', 'interviewee848', 'qwerty', 17, 'male', 'UM', 'divorced');
INSERT INTO choice (id, questionnaire_id, interviewee_id) VALUES ('a03a1bca-6a99-497e-a7f1-b778ebd12eb9', 'b6588e29-37de-425f-834e-e867f77794ce', '408a131c-1002-49df-a39a-a326576bc538');
INSERT INTO option_choice (option_id, choice_id) VALUES ('460ff4a7-d376-4dc8-b5bb-9ab1989fbb31', 'a03a1bca-6a99-497e-a7f1-b778ebd12eb9');
INSERT INTO option_choice (option_id, choice_id) VALUES ('46bd1403-2ee0-4145-8014-8dd4fafcb8af', 'a03a1bca-6a99-497e-a7f1-b778ebd12eb9');
INSERT INTO option_choice (option_id, choice_id) VALUES ('7f0bbd14-8cfc-4a28-88f7-5af992a4c02b', 'a03a1bca-6a99-497e-a7f1-b778ebd12eb9');
INSERT INTO option_choice (option_id, choice_id) VALUES ('4bde418e-a165-43f7-ac7b-c6d2ab034e2e', 'a03a1bca-6a99-497e-a7f1-b778ebd12eb9');
INSERT INTO option_choice (option_id, choice_id) VALUES ('40c301f5-13ed-4b94-85aa-e1c562adce4d', 'a03a1bca-6a99-497e-a7f1-b778ebd12eb9');
INSERT INTO option_choice (option_id, choice_id) VALUES ('07e7a8bf-65e2-41d5-aeef-91bcbe765392', 'a03a1bca-6a99-497e-a7f1-b778ebd12eb9');
INSERT INTO option_choice (option_id, choice_id) VALUES ('5b82f100-bb0f-47ec-9395-7a0409f4b7ef', 'a03a1bca-6a99-497e-a7f1-b778ebd12eb9');
INSERT INTO interviewee (id, login, password, age, gender, country, marital_status) VALUES ('e70fc600-375e-4f22-a3e4-f8b0c149b97e', 'interviewee849', 'qwerty', 32, 'female', 'BY', 'married');
INSERT INTO choice (id, questionnaire_id, interviewee_id) VALUES ('caa86451-093d-4450-9679-01ae2672925e', '56c296cd-7c3b-4eb1-90cb-745e555a098c', 'e70fc600-375e-4f22-a3e4-f8b0c149b97e');
INSERT INTO option_choice (option_id, choice_id) VALUES ('0e27133d-354c-4e2d-af9f-e74397954328', 'caa86451-093d-4450-9679-01ae2672925e');
INSERT INTO option_choice (option_id, choice_id) VALUES ('d583c2c9-6998-483b-a5e4-67068e974d6f', 'caa86451-093d-4450-9679-01ae2672925e');
INSERT INTO choice (id, questionnaire_id, interviewee_id) VALUES ('01436a64-1242-4816-8284-fbc1e0d0e715', 'e679f6e5-388e-4679-9f14-15a0896d2816', 'e70fc600-375e-4f22-a3e4-f8b0c149b97e');
INSERT INTO option_choice (option_id, choice_id) VALUES ('ae13d28d-5670-495b-a9e0-d0949dab86e3', '01436a64-1242-4816-8284-fbc1e0d0e715');
INSERT INTO option_choice (option_id, choice_id) VALUES ('f62b7b4d-17f1-4686-9782-f0b454d6f390', '01436a64-1242-4816-8284-fbc1e0d0e715');
INSERT INTO option_choice (option_id, choice_id) VALUES ('5169914a-cf41-4077-8993-1322df09c3da', '01436a64-1242-4816-8284-fbc1e0d0e715');
INSERT INTO option_choice (option_id, choice_id) VALUES ('01fc26e1-e8f8-407f-a1b8-6af243e9c3dd', '01436a64-1242-4816-8284-fbc1e0d0e715');
INSERT INTO option_choice (option_id, choice_id) VALUES ('7fc08a6e-900b-45ea-b455-29a8eb343039', '01436a64-1242-4816-8284-fbc1e0d0e715');
INSERT INTO choice (id, questionnaire_id, interviewee_id) VALUES ('b8f72ac9-1ac2-459b-ba83-c0cfe5c80e02', '8902d50d-0421-4680-82f2-f2b1b667e3fd', 'e70fc600-375e-4f22-a3e4-f8b0c149b97e');
INSERT INTO option_choice (option_id, choice_id) VALUES ('b9a164f5-2a94-487b-874f-f3bdc79ee4e3', 'b8f72ac9-1ac2-459b-ba83-c0cfe5c80e02');
INSERT INTO interviewee (id, login, password, age, gender, country, marital_status) VALUES ('7438c356-59ba-4fac-98fc-c9958d1d5646', 'interviewee850', 'qwerty', 32, 'female', 'KR', 'was_not_married');
INSERT INTO choice (id, questionnaire_id, interviewee_id) VALUES ('763de579-82e1-46bc-9661-76a8ee2d0512', '557cb630-d2f4-4e11-afe9-d50534deb525', '7438c356-59ba-4fac-98fc-c9958d1d5646');
INSERT INTO option_choice (option_id, choice_id) VALUES ('338fc3c2-48fc-411f-ab74-61fbb6f73594', '763de579-82e1-46bc-9661-76a8ee2d0512');
INSERT INTO choice (id, questionnaire_id, interviewee_id) VALUES ('8ef0101f-aee4-44f1-9b18-cb4fb444ab55', '342b973f-a1d1-4062-a073-fb80b6195e1a', '7438c356-59ba-4fac-98fc-c9958d1d5646');
INSERT INTO option_choice (option_id, choice_id) VALUES ('a95386af-e627-4a57-adc2-0009818da88b', '8ef0101f-aee4-44f1-9b18-cb4fb444ab55');
INSERT INTO choice (id, questionnaire_id, interviewee_id) VALUES ('25204b98-bfe5-4269-aafb-4a5559b26b86', 'bf8da1bc-7284-44d0-a7c0-4e0321978aa0', '7438c356-59ba-4fac-98fc-c9958d1d5646');
INSERT INTO option_choice (option_id, choice_id) VALUES ('1690438b-db39-4933-b62c-4f692bce0c76', '25204b98-bfe5-4269-aafb-4a5559b26b86');
INSERT INTO interviewee (id, login, password, age, gender, country, marital_status) VALUES ('3a2f5729-51c0-4e60-9f2f-01870a83568b', 'interviewee851', 'qwerty', 52, 'male', 'AQ', 'divorced');
INSERT INTO choice (id, questionnaire_id, interviewee_id) VALUES ('10b174a9-b920-446c-8ba7-00e4b265f896', 'a2f7d656-4675-4d99-9435-95cbe535c6c1', '3a2f5729-51c0-4e60-9f2f-01870a83568b');
INSERT INTO option_choice (option_id, choice_id) VALUES ('ced72831-705a-4153-849e-71a73e5a7d3c', '10b174a9-b920-446c-8ba7-00e4b265f896');
INSERT INTO choice (id, questionnaire_id, interviewee_id) VALUES ('96dba103-42ca-4769-8781-30d6d662a17c', '309e872a-e145-4926-998b-ec0fdb62466a', '3a2f5729-51c0-4e60-9f2f-01870a83568b');
INSERT INTO option_choice (option_id, choice_id) VALUES ('8ccfc598-c3a0-4ad2-a052-f4e6e3edc252', '96dba103-42ca-4769-8781-30d6d662a17c');
INSERT INTO option_choice (option_id, choice_id) VALUES ('1dcd1e79-636e-4d6c-b9b4-dcf0da4fdaaa', '96dba103-42ca-4769-8781-30d6d662a17c');
INSERT INTO option_choice (option_id, choice_id) VALUES ('926da358-7388-4aea-b601-42bcfcd8c071', '96dba103-42ca-4769-8781-30d6d662a17c');
INSERT INTO option_choice (option_id, choice_id) VALUES ('4579f5ab-3007-4302-aa53-456cd440599b', '96dba103-42ca-4769-8781-30d6d662a17c');
INSERT INTO choice (id, questionnaire_id, interviewee_id) VALUES ('1214be65-267c-4796-a691-5672e2ec459c', '83dbd16d-6765-468d-944f-022d10d042e5', '3a2f5729-51c0-4e60-9f2f-01870a83568b');
INSERT INTO option_choice (option_id, choice_id) VALUES ('eee0aab7-8b77-4c19-b028-648aa7e303ed', '1214be65-267c-4796-a691-5672e2ec459c');
INSERT INTO interviewee (id, login, password, age, gender, country, marital_status) VALUES ('9b8bedd1-40be-451c-a1f0-fc66afac8cec', 'interviewee852', 'qwerty', 18, 'male', 'KR', 'was_not_married');
INSERT INTO choice (id, questionnaire_id, interviewee_id) VALUES ('223fa1e4-eb3a-4e17-bc51-13b1dc247ef5', 'b6588e29-37de-425f-834e-e867f77794ce', '9b8bedd1-40be-451c-a1f0-fc66afac8cec');
INSERT INTO option_choice (option_id, choice_id) VALUES ('07e7a8bf-65e2-41d5-aeef-91bcbe765392', '223fa1e4-eb3a-4e17-bc51-13b1dc247ef5');
INSERT INTO option_choice (option_id, choice_id) VALUES ('5b82f100-bb0f-47ec-9395-7a0409f4b7ef', '223fa1e4-eb3a-4e17-bc51-13b1dc247ef5');
INSERT INTO option_choice (option_id, choice_id) VALUES ('46bd1403-2ee0-4145-8014-8dd4fafcb8af', '223fa1e4-eb3a-4e17-bc51-13b1dc247ef5');
INSERT INTO option_choice (option_id, choice_id) VALUES ('ec37510e-f2a1-4e16-ae94-e9ea2c4461e3', '223fa1e4-eb3a-4e17-bc51-13b1dc247ef5');
INSERT INTO option_choice (option_id, choice_id) VALUES ('7f0bbd14-8cfc-4a28-88f7-5af992a4c02b', '223fa1e4-eb3a-4e17-bc51-13b1dc247ef5');
INSERT INTO choice (id, questionnaire_id, interviewee_id) VALUES ('048434ee-e285-44fa-966b-64278547c345', '557cb630-d2f4-4e11-afe9-d50534deb525', '9b8bedd1-40be-451c-a1f0-fc66afac8cec');
INSERT INTO option_choice (option_id, choice_id) VALUES ('338fc3c2-48fc-411f-ab74-61fbb6f73594', '048434ee-e285-44fa-966b-64278547c345');
INSERT INTO choice (id, questionnaire_id, interviewee_id) VALUES ('b4de330e-540b-4c3e-9495-825d2797b00a', '21abb345-1235-4f5e-8b5b-2f6f89f30fee', '9b8bedd1-40be-451c-a1f0-fc66afac8cec');
INSERT INTO option_choice (option_id, choice_id) VALUES ('4953e37a-2891-460f-84ea-4bd510463bab', 'b4de330e-540b-4c3e-9495-825d2797b00a');
INSERT INTO interviewee (id, login, password, age, gender, country, marital_status) VALUES ('c04e61f9-d9d5-4230-abbb-81f137195a41', 'interviewee853', 'qwerty', 41, 'female', 'LK', 'was_not_married');
INSERT INTO choice (id, questionnaire_id, interviewee_id) VALUES ('ec7a3adb-1206-47ae-9636-60830e8668cd', 'a7e484ae-fb91-4ddf-a8c0-869a7f4ad0ee', 'c04e61f9-d9d5-4230-abbb-81f137195a41');
INSERT INTO option_choice (option_id, choice_id) VALUES ('c2e66b7f-cc24-45a4-a017-7a4d25149a85', 'ec7a3adb-1206-47ae-9636-60830e8668cd');
INSERT INTO choice (id, questionnaire_id, interviewee_id) VALUES ('b4623169-b26b-43c3-8061-3fb95f19c2cc', '91a16ec4-1a91-44d1-bb08-6e9fc823c230', 'c04e61f9-d9d5-4230-abbb-81f137195a41');
INSERT INTO option_choice (option_id, choice_id) VALUES ('fbc23714-2c99-4441-8130-94075c78f6e8', 'b4623169-b26b-43c3-8061-3fb95f19c2cc');
INSERT INTO option_choice (option_id, choice_id) VALUES ('5b32da45-be75-42c8-8fa7-ba776167a759', 'b4623169-b26b-43c3-8061-3fb95f19c2cc');
INSERT INTO option_choice (option_id, choice_id) VALUES ('cab8632d-19dd-4ddc-9c90-669949088fa5', 'b4623169-b26b-43c3-8061-3fb95f19c2cc');
INSERT INTO choice (id, questionnaire_id, interviewee_id) VALUES ('12e273fd-e422-4ae4-a6bb-6ee3456ca1ec', 'e679f6e5-388e-4679-9f14-15a0896d2816', 'c04e61f9-d9d5-4230-abbb-81f137195a41');
INSERT INTO option_choice (option_id, choice_id) VALUES ('ae13d28d-5670-495b-a9e0-d0949dab86e3', '12e273fd-e422-4ae4-a6bb-6ee3456ca1ec');
INSERT INTO option_choice (option_id, choice_id) VALUES ('7fc08a6e-900b-45ea-b455-29a8eb343039', '12e273fd-e422-4ae4-a6bb-6ee3456ca1ec');
INSERT INTO option_choice (option_id, choice_id) VALUES ('5169914a-cf41-4077-8993-1322df09c3da', '12e273fd-e422-4ae4-a6bb-6ee3456ca1ec');
INSERT INTO option_choice (option_id, choice_id) VALUES ('f62b7b4d-17f1-4686-9782-f0b454d6f390', '12e273fd-e422-4ae4-a6bb-6ee3456ca1ec');
INSERT INTO option_choice (option_id, choice_id) VALUES ('3ee9dd0f-6306-4f8b-bdec-27347884621a', '12e273fd-e422-4ae4-a6bb-6ee3456ca1ec');
INSERT INTO interviewee (id, login, password, age, gender, country, marital_status) VALUES ('fef8ff4a-dcb5-4818-a71e-b1edb5da45bb', 'interviewee854', 'qwerty', 48, 'female', 'PH', 'divorced');
INSERT INTO choice (id, questionnaire_id, interviewee_id) VALUES ('3f16761e-6f68-491f-bfdd-f3dea7d6d4cb', '557cb630-d2f4-4e11-afe9-d50534deb525', 'fef8ff4a-dcb5-4818-a71e-b1edb5da45bb');
INSERT INTO option_choice (option_id, choice_id) VALUES ('338fc3c2-48fc-411f-ab74-61fbb6f73594', '3f16761e-6f68-491f-bfdd-f3dea7d6d4cb');
INSERT INTO interviewee (id, login, password, age, gender, country, marital_status) VALUES ('acaf3194-ffd1-4367-91ec-cf1b51a3745a', 'interviewee855', 'qwerty', 40, 'female', 'GY', 'married');
INSERT INTO choice (id, questionnaire_id, interviewee_id) VALUES ('ab4cc837-9b69-400a-8b85-2eb8f1c0c0b7', '0b6580ec-1374-4a48-ad1d-b1fa316ad9be', 'acaf3194-ffd1-4367-91ec-cf1b51a3745a');
INSERT INTO option_choice (option_id, choice_id) VALUES ('82be4575-892d-453a-b3d9-0827c6b6d6df', 'ab4cc837-9b69-400a-8b85-2eb8f1c0c0b7');
INSERT INTO option_choice (option_id, choice_id) VALUES ('68263915-d7e9-4ac6-9c14-f48cf8807857', 'ab4cc837-9b69-400a-8b85-2eb8f1c0c0b7');
INSERT INTO option_choice (option_id, choice_id) VALUES ('a518cc4d-143a-45ca-b29f-a7c53dacc773', 'ab4cc837-9b69-400a-8b85-2eb8f1c0c0b7');
INSERT INTO interviewee (id, login, password, age, gender, country, marital_status) VALUES ('b61d958d-9503-467b-a8d6-474a19ecaf3f', 'interviewee856', 'qwerty', 31, 'female', 'IO', 'divorced');
INSERT INTO choice (id, questionnaire_id, interviewee_id) VALUES ('6690e97a-cb24-4f37-b916-cbabd94e4f5c', '83dbd16d-6765-468d-944f-022d10d042e5', 'b61d958d-9503-467b-a8d6-474a19ecaf3f');
INSERT INTO option_choice (option_id, choice_id) VALUES ('eee0aab7-8b77-4c19-b028-648aa7e303ed', '6690e97a-cb24-4f37-b916-cbabd94e4f5c');
INSERT INTO option_choice (option_id, choice_id) VALUES ('d8a63395-3425-4d1b-95be-b38dc31cb0af', '6690e97a-cb24-4f37-b916-cbabd94e4f5c');
INSERT INTO option_choice (option_id, choice_id) VALUES ('d6416cf3-39f7-4cf9-ba84-314605b84d03', '6690e97a-cb24-4f37-b916-cbabd94e4f5c');
INSERT INTO interviewee (id, login, password, age, gender, country, marital_status) VALUES ('dd1cc33a-4971-4281-ae36-adb6087d317b', 'interviewee857', 'qwerty', 18, 'female', 'HM', 'divorced');
INSERT INTO choice (id, questionnaire_id, interviewee_id) VALUES ('c725acd2-825b-4731-a6a7-348d15d74a2a', '342b973f-a1d1-4062-a073-fb80b6195e1a', 'dd1cc33a-4971-4281-ae36-adb6087d317b');
INSERT INTO option_choice (option_id, choice_id) VALUES ('a95386af-e627-4a57-adc2-0009818da88b', 'c725acd2-825b-4731-a6a7-348d15d74a2a');
INSERT INTO choice (id, questionnaire_id, interviewee_id) VALUES ('08fcdb8e-bde2-48db-be74-543301af8c93', '83dbd16d-6765-468d-944f-022d10d042e5', 'dd1cc33a-4971-4281-ae36-adb6087d317b');
INSERT INTO option_choice (option_id, choice_id) VALUES ('176e8036-bece-46c0-beb2-71eb28a41f51', '08fcdb8e-bde2-48db-be74-543301af8c93');
INSERT INTO choice (id, questionnaire_id, interviewee_id) VALUES ('46d53d6e-4dfa-409a-8f1f-9e9927ef5205', 'b5ae5620-2d58-48f5-a060-28e8fd1859dd', 'dd1cc33a-4971-4281-ae36-adb6087d317b');
INSERT INTO option_choice (option_id, choice_id) VALUES ('346ef5d2-77a0-4ce4-a407-38382a94f28d', '46d53d6e-4dfa-409a-8f1f-9e9927ef5205');
INSERT INTO interviewee (id, login, password, age, gender, country, marital_status) VALUES ('4698fec8-870c-4ed7-970c-0a13edae4f0d', 'interviewee858', 'qwerty', 27, 'male', 'PH', 'married');
INSERT INTO choice (id, questionnaire_id, interviewee_id) VALUES ('20ce238f-cf61-4765-a9ac-6df1ed67cde7', '309e872a-e145-4926-998b-ec0fdb62466a', '4698fec8-870c-4ed7-970c-0a13edae4f0d');
INSERT INTO option_choice (option_id, choice_id) VALUES ('926da358-7388-4aea-b601-42bcfcd8c071', '20ce238f-cf61-4765-a9ac-6df1ed67cde7');
INSERT INTO option_choice (option_id, choice_id) VALUES ('1dcd1e79-636e-4d6c-b9b4-dcf0da4fdaaa', '20ce238f-cf61-4765-a9ac-6df1ed67cde7');
INSERT INTO option_choice (option_id, choice_id) VALUES ('4579f5ab-3007-4302-aa53-456cd440599b', '20ce238f-cf61-4765-a9ac-6df1ed67cde7');
INSERT INTO option_choice (option_id, choice_id) VALUES ('8ccfc598-c3a0-4ad2-a052-f4e6e3edc252', '20ce238f-cf61-4765-a9ac-6df1ed67cde7');
INSERT INTO interviewee (id, login, password, age, gender, country, marital_status) VALUES ('a07a3b8a-0fcc-40b7-acfc-d59c0ff421a6', 'interviewee859', 'qwerty', 37, 'female', 'IN', 'married');
INSERT INTO choice (id, questionnaire_id, interviewee_id) VALUES ('55636320-44e5-4782-acff-9ac46ce5ef77', 'a2f7d656-4675-4d99-9435-95cbe535c6c1', 'a07a3b8a-0fcc-40b7-acfc-d59c0ff421a6');
INSERT INTO option_choice (option_id, choice_id) VALUES ('394c3616-edd7-4820-aa09-f4425e4f774c', '55636320-44e5-4782-acff-9ac46ce5ef77');
INSERT INTO option_choice (option_id, choice_id) VALUES ('d3d55bb1-ef9d-4b9a-b1b9-8e4375e7dbd0', '55636320-44e5-4782-acff-9ac46ce5ef77');
INSERT INTO option_choice (option_id, choice_id) VALUES ('2366bc8e-690e-4739-b5f2-cf491cd8107c', '55636320-44e5-4782-acff-9ac46ce5ef77');
INSERT INTO option_choice (option_id, choice_id) VALUES ('930526a4-2714-4f39-831c-55b3185bd967', '55636320-44e5-4782-acff-9ac46ce5ef77');
INSERT INTO option_choice (option_id, choice_id) VALUES ('110b73fb-e57f-409d-83dc-0d81bdd20a44', '55636320-44e5-4782-acff-9ac46ce5ef77');
INSERT INTO option_choice (option_id, choice_id) VALUES ('c6bb5cf5-3828-4747-8bb2-776e9deaeb04', '55636320-44e5-4782-acff-9ac46ce5ef77');
INSERT INTO option_choice (option_id, choice_id) VALUES ('ced72831-705a-4153-849e-71a73e5a7d3c', '55636320-44e5-4782-acff-9ac46ce5ef77');
INSERT INTO choice (id, questionnaire_id, interviewee_id) VALUES ('bb3ae3d3-2ac2-480b-a5c3-670dabb52025', 'af6f1431-a90e-4919-83a4-359d6a8a7d22', 'a07a3b8a-0fcc-40b7-acfc-d59c0ff421a6');
INSERT INTO option_choice (option_id, choice_id) VALUES ('e41b3b09-f2a6-4206-bfde-743557a31646', 'bb3ae3d3-2ac2-480b-a5c3-670dabb52025');
INSERT INTO option_choice (option_id, choice_id) VALUES ('a3c0df26-f677-4a76-9fc9-e8bcb2a586ec', 'bb3ae3d3-2ac2-480b-a5c3-670dabb52025');
INSERT INTO option_choice (option_id, choice_id) VALUES ('14b9069e-cc19-448a-96f6-c333a9a53635', 'bb3ae3d3-2ac2-480b-a5c3-670dabb52025');
INSERT INTO option_choice (option_id, choice_id) VALUES ('d6e4609d-6705-4cc8-b83a-4786ea4f6ad6', 'bb3ae3d3-2ac2-480b-a5c3-670dabb52025');
INSERT INTO option_choice (option_id, choice_id) VALUES ('e6932ff8-921c-4ab7-b5c5-37e59ea816fd', 'bb3ae3d3-2ac2-480b-a5c3-670dabb52025');
INSERT INTO option_choice (option_id, choice_id) VALUES ('1d5c1c89-2fbe-4efd-aab1-12329e29ad0f', 'bb3ae3d3-2ac2-480b-a5c3-670dabb52025');
INSERT INTO option_choice (option_id, choice_id) VALUES ('b6cea016-cb83-4752-bbc0-0e2a71b294d6', 'bb3ae3d3-2ac2-480b-a5c3-670dabb52025');
INSERT INTO choice (id, questionnaire_id, interviewee_id) VALUES ('81de95b1-639f-4e08-9439-33e6ee1021bb', 'bf8da1bc-7284-44d0-a7c0-4e0321978aa0', 'a07a3b8a-0fcc-40b7-acfc-d59c0ff421a6');
INSERT INTO option_choice (option_id, choice_id) VALUES ('9bdf6935-cda0-4d8b-82bb-51be50aece89', '81de95b1-639f-4e08-9439-33e6ee1021bb');
INSERT INTO interviewee (id, login, password, age, gender, country, marital_status) VALUES ('5c940db3-0e9d-4ec5-ad6b-a984916015b7', 'interviewee860', 'qwerty', 49, 'male', 'JE', 'was_not_married');
INSERT INTO choice (id, questionnaire_id, interviewee_id) VALUES ('a39f0e54-9bbf-4b93-b295-763f02605160', 'a2f7d656-4675-4d99-9435-95cbe535c6c1', '5c940db3-0e9d-4ec5-ad6b-a984916015b7');
INSERT INTO option_choice (option_id, choice_id) VALUES ('110b73fb-e57f-409d-83dc-0d81bdd20a44', 'a39f0e54-9bbf-4b93-b295-763f02605160');
INSERT INTO option_choice (option_id, choice_id) VALUES ('2366bc8e-690e-4739-b5f2-cf491cd8107c', 'a39f0e54-9bbf-4b93-b295-763f02605160');
INSERT INTO option_choice (option_id, choice_id) VALUES ('930526a4-2714-4f39-831c-55b3185bd967', 'a39f0e54-9bbf-4b93-b295-763f02605160');
INSERT INTO choice (id, questionnaire_id, interviewee_id) VALUES ('a001048a-ecbd-4145-a267-8b3bf991661e', '309e872a-e145-4926-998b-ec0fdb62466a', '5c940db3-0e9d-4ec5-ad6b-a984916015b7');
INSERT INTO option_choice (option_id, choice_id) VALUES ('1dcd1e79-636e-4d6c-b9b4-dcf0da4fdaaa', 'a001048a-ecbd-4145-a267-8b3bf991661e');
INSERT INTO interviewee (id, login, password, age, gender, country, marital_status) VALUES ('e8cea3fb-665c-474a-ad6f-a3dbe227c781', 'interviewee861', 'qwerty', 50, 'female', 'KP', 'married');
INSERT INTO choice (id, questionnaire_id, interviewee_id) VALUES ('522b0dbb-97f7-45b0-85ec-a3719772ad3a', 'bf8da1bc-7284-44d0-a7c0-4e0321978aa0', 'e8cea3fb-665c-474a-ad6f-a3dbe227c781');
INSERT INTO option_choice (option_id, choice_id) VALUES ('fbbdfd34-e2c5-4e0b-b98a-d33f6f4fac06', '522b0dbb-97f7-45b0-85ec-a3719772ad3a');
INSERT INTO choice (id, questionnaire_id, interviewee_id) VALUES ('c46a7c82-f291-4f26-9895-c858915919de', '309e872a-e145-4926-998b-ec0fdb62466a', 'e8cea3fb-665c-474a-ad6f-a3dbe227c781');
INSERT INTO option_choice (option_id, choice_id) VALUES ('8ccfc598-c3a0-4ad2-a052-f4e6e3edc252', 'c46a7c82-f291-4f26-9895-c858915919de');
INSERT INTO option_choice (option_id, choice_id) VALUES ('4579f5ab-3007-4302-aa53-456cd440599b', 'c46a7c82-f291-4f26-9895-c858915919de');
INSERT INTO option_choice (option_id, choice_id) VALUES ('926da358-7388-4aea-b601-42bcfcd8c071', 'c46a7c82-f291-4f26-9895-c858915919de');
INSERT INTO choice (id, questionnaire_id, interviewee_id) VALUES ('a332fdd7-36d6-417a-9b40-5faad52541a5', '8902d50d-0421-4680-82f2-f2b1b667e3fd', 'e8cea3fb-665c-474a-ad6f-a3dbe227c781');
INSERT INTO option_choice (option_id, choice_id) VALUES ('cbdaf253-f6a6-406f-a288-e0397682e9f8', 'a332fdd7-36d6-417a-9b40-5faad52541a5');
INSERT INTO interviewee (id, login, password, age, gender, country, marital_status) VALUES ('199fe2c8-3dbe-4b88-a072-c321a391d6ef', 'interviewee862', 'qwerty', 48, 'male', 'MK', 'married');
INSERT INTO choice (id, questionnaire_id, interviewee_id) VALUES ('ff737a4a-2ba8-4d7b-9ae1-091d9b9cba7c', '56c296cd-7c3b-4eb1-90cb-745e555a098c', '199fe2c8-3dbe-4b88-a072-c321a391d6ef');
INSERT INTO option_choice (option_id, choice_id) VALUES ('75d9d333-93f8-42f6-be3b-9a5a24aa476c', 'ff737a4a-2ba8-4d7b-9ae1-091d9b9cba7c');
INSERT INTO option_choice (option_id, choice_id) VALUES ('0e27133d-354c-4e2d-af9f-e74397954328', 'ff737a4a-2ba8-4d7b-9ae1-091d9b9cba7c');
INSERT INTO option_choice (option_id, choice_id) VALUES ('d583c2c9-6998-483b-a5e4-67068e974d6f', 'ff737a4a-2ba8-4d7b-9ae1-091d9b9cba7c');
INSERT INTO choice (id, questionnaire_id, interviewee_id) VALUES ('75e1a76f-d1d1-4bce-a65b-e7909dbcb469', 'a2f7d656-4675-4d99-9435-95cbe535c6c1', '199fe2c8-3dbe-4b88-a072-c321a391d6ef');
INSERT INTO option_choice (option_id, choice_id) VALUES ('930526a4-2714-4f39-831c-55b3185bd967', '75e1a76f-d1d1-4bce-a65b-e7909dbcb469');
INSERT INTO option_choice (option_id, choice_id) VALUES ('110b73fb-e57f-409d-83dc-0d81bdd20a44', '75e1a76f-d1d1-4bce-a65b-e7909dbcb469');
INSERT INTO option_choice (option_id, choice_id) VALUES ('ced72831-705a-4153-849e-71a73e5a7d3c', '75e1a76f-d1d1-4bce-a65b-e7909dbcb469');
INSERT INTO choice (id, questionnaire_id, interviewee_id) VALUES ('c63d5d2f-96ab-4417-b673-2fe84822829f', 'af6f1431-a90e-4919-83a4-359d6a8a7d22', '199fe2c8-3dbe-4b88-a072-c321a391d6ef');
INSERT INTO option_choice (option_id, choice_id) VALUES ('e41b3b09-f2a6-4206-bfde-743557a31646', 'c63d5d2f-96ab-4417-b673-2fe84822829f');
INSERT INTO option_choice (option_id, choice_id) VALUES ('e6932ff8-921c-4ab7-b5c5-37e59ea816fd', 'c63d5d2f-96ab-4417-b673-2fe84822829f');
INSERT INTO option_choice (option_id, choice_id) VALUES ('a3c0df26-f677-4a76-9fc9-e8bcb2a586ec', 'c63d5d2f-96ab-4417-b673-2fe84822829f');
INSERT INTO option_choice (option_id, choice_id) VALUES ('1d5c1c89-2fbe-4efd-aab1-12329e29ad0f', 'c63d5d2f-96ab-4417-b673-2fe84822829f');
INSERT INTO option_choice (option_id, choice_id) VALUES ('d6e4609d-6705-4cc8-b83a-4786ea4f6ad6', 'c63d5d2f-96ab-4417-b673-2fe84822829f');
INSERT INTO interviewee (id, login, password, age, gender, country, marital_status) VALUES ('9821a765-e8fc-4e5f-b0ed-4326dad6bcac', 'interviewee863', 'qwerty', 38, 'male', 'GL', 'was_not_married');
INSERT INTO choice (id, questionnaire_id, interviewee_id) VALUES ('7ddb6fbe-4560-478c-b92f-bcff73585ef8', '557cb630-d2f4-4e11-afe9-d50534deb525', '9821a765-e8fc-4e5f-b0ed-4326dad6bcac');
INSERT INTO option_choice (option_id, choice_id) VALUES ('338fc3c2-48fc-411f-ab74-61fbb6f73594', '7ddb6fbe-4560-478c-b92f-bcff73585ef8');
INSERT INTO choice (id, questionnaire_id, interviewee_id) VALUES ('fb915c5f-a3ca-4c5f-a36f-c33bfdd1bc3a', '342b973f-a1d1-4062-a073-fb80b6195e1a', '9821a765-e8fc-4e5f-b0ed-4326dad6bcac');
INSERT INTO option_choice (option_id, choice_id) VALUES ('d84282d4-6002-4289-bb10-cb7bfd2e906b', 'fb915c5f-a3ca-4c5f-a36f-c33bfdd1bc3a');
INSERT INTO option_choice (option_id, choice_id) VALUES ('a95386af-e627-4a57-adc2-0009818da88b', 'fb915c5f-a3ca-4c5f-a36f-c33bfdd1bc3a');
INSERT INTO option_choice (option_id, choice_id) VALUES ('47afaa62-a5ba-4be6-81b8-673fae59c987', 'fb915c5f-a3ca-4c5f-a36f-c33bfdd1bc3a');
INSERT INTO choice (id, questionnaire_id, interviewee_id) VALUES ('ef0ae6e2-b7d0-4904-85a1-c28560276b0b', 'f680addd-a0b2-4101-9e1f-5e0870943c68', '9821a765-e8fc-4e5f-b0ed-4326dad6bcac');
INSERT INTO option_choice (option_id, choice_id) VALUES ('cfde0373-91b9-46f9-bc0d-a137a713d2d7', 'ef0ae6e2-b7d0-4904-85a1-c28560276b0b');
INSERT INTO option_choice (option_id, choice_id) VALUES ('5e0b63d0-2a10-4ab5-a66a-a47615b50b03', 'ef0ae6e2-b7d0-4904-85a1-c28560276b0b');
INSERT INTO option_choice (option_id, choice_id) VALUES ('521ef3a0-411b-4392-8393-62ed9a638949', 'ef0ae6e2-b7d0-4904-85a1-c28560276b0b');
INSERT INTO interviewee (id, login, password, age, gender, country, marital_status) VALUES ('0109bc30-f3db-4e5f-a27d-63e70639dd03', 'interviewee864', 'qwerty', 15, 'male', 'ZW', 'married');
INSERT INTO choice (id, questionnaire_id, interviewee_id) VALUES ('b64d555b-368c-4f1e-8663-d2e277e3d85e', 'e2cf177f-e49f-4aef-99a6-095d711c6ec2', '0109bc30-f3db-4e5f-a27d-63e70639dd03');
INSERT INTO option_choice (option_id, choice_id) VALUES ('242c02d5-0f4b-4e89-976f-3754854f478c', 'b64d555b-368c-4f1e-8663-d2e277e3d85e');
INSERT INTO interviewee (id, login, password, age, gender, country, marital_status) VALUES ('27575068-65fa-45a4-a433-bae8a12dab4e', 'interviewee865', 'qwerty', 58, 'male', 'EE', 'married');
INSERT INTO choice (id, questionnaire_id, interviewee_id) VALUES ('2a632277-d3fb-4433-a41a-3d92e1943022', '309e872a-e145-4926-998b-ec0fdb62466a', '27575068-65fa-45a4-a433-bae8a12dab4e');
INSERT INTO option_choice (option_id, choice_id) VALUES ('8ccfc598-c3a0-4ad2-a052-f4e6e3edc252', '2a632277-d3fb-4433-a41a-3d92e1943022');
INSERT INTO option_choice (option_id, choice_id) VALUES ('1dcd1e79-636e-4d6c-b9b4-dcf0da4fdaaa', '2a632277-d3fb-4433-a41a-3d92e1943022');
INSERT INTO option_choice (option_id, choice_id) VALUES ('4579f5ab-3007-4302-aa53-456cd440599b', '2a632277-d3fb-4433-a41a-3d92e1943022');
INSERT INTO choice (id, questionnaire_id, interviewee_id) VALUES ('0102c5ad-38e3-4486-b9dc-430c2078808a', 'a2f7d656-4675-4d99-9435-95cbe535c6c1', '27575068-65fa-45a4-a433-bae8a12dab4e');
INSERT INTO option_choice (option_id, choice_id) VALUES ('c6bb5cf5-3828-4747-8bb2-776e9deaeb04', '0102c5ad-38e3-4486-b9dc-430c2078808a');
INSERT INTO option_choice (option_id, choice_id) VALUES ('394c3616-edd7-4820-aa09-f4425e4f774c', '0102c5ad-38e3-4486-b9dc-430c2078808a');
INSERT INTO choice (id, questionnaire_id, interviewee_id) VALUES ('5583a9b8-6464-4134-b064-ac4e3afece13', '83dbd16d-6765-468d-944f-022d10d042e5', '27575068-65fa-45a4-a433-bae8a12dab4e');
INSERT INTO option_choice (option_id, choice_id) VALUES ('d6416cf3-39f7-4cf9-ba84-314605b84d03', '5583a9b8-6464-4134-b064-ac4e3afece13');
INSERT INTO option_choice (option_id, choice_id) VALUES ('176e8036-bece-46c0-beb2-71eb28a41f51', '5583a9b8-6464-4134-b064-ac4e3afece13');
INSERT INTO option_choice (option_id, choice_id) VALUES ('eee0aab7-8b77-4c19-b028-648aa7e303ed', '5583a9b8-6464-4134-b064-ac4e3afece13');
INSERT INTO interviewee (id, login, password, age, gender, country, marital_status) VALUES ('e452c3bd-8250-4306-b24e-3bcbee915150', 'interviewee866', 'qwerty', 40, 'female', 'JM', 'divorced');
INSERT INTO choice (id, questionnaire_id, interviewee_id) VALUES ('6ef17683-710f-4287-ae82-fd02a17e109b', '83dbd16d-6765-468d-944f-022d10d042e5', 'e452c3bd-8250-4306-b24e-3bcbee915150');
INSERT INTO option_choice (option_id, choice_id) VALUES ('d8a63395-3425-4d1b-95be-b38dc31cb0af', '6ef17683-710f-4287-ae82-fd02a17e109b');
INSERT INTO option_choice (option_id, choice_id) VALUES ('eee0aab7-8b77-4c19-b028-648aa7e303ed', '6ef17683-710f-4287-ae82-fd02a17e109b');
INSERT INTO option_choice (option_id, choice_id) VALUES ('d6416cf3-39f7-4cf9-ba84-314605b84d03', '6ef17683-710f-4287-ae82-fd02a17e109b');
INSERT INTO choice (id, questionnaire_id, interviewee_id) VALUES ('631cd941-fce4-4f9e-887b-f88cb3408ddc', '309e872a-e145-4926-998b-ec0fdb62466a', 'e452c3bd-8250-4306-b24e-3bcbee915150');
INSERT INTO option_choice (option_id, choice_id) VALUES ('4579f5ab-3007-4302-aa53-456cd440599b', '631cd941-fce4-4f9e-887b-f88cb3408ddc');
INSERT INTO option_choice (option_id, choice_id) VALUES ('8ccfc598-c3a0-4ad2-a052-f4e6e3edc252', '631cd941-fce4-4f9e-887b-f88cb3408ddc');
INSERT INTO option_choice (option_id, choice_id) VALUES ('1dcd1e79-636e-4d6c-b9b4-dcf0da4fdaaa', '631cd941-fce4-4f9e-887b-f88cb3408ddc');
INSERT INTO option_choice (option_id, choice_id) VALUES ('926da358-7388-4aea-b601-42bcfcd8c071', '631cd941-fce4-4f9e-887b-f88cb3408ddc');
INSERT INTO choice (id, questionnaire_id, interviewee_id) VALUES ('cbfae939-b537-4de2-93b3-65537e9814d6', 'afb83fe3-e755-403b-9a15-c18b3782c012', 'e452c3bd-8250-4306-b24e-3bcbee915150');
INSERT INTO option_choice (option_id, choice_id) VALUES ('db1f1f55-651e-4dd8-b4c1-deb2f26216b2', 'cbfae939-b537-4de2-93b3-65537e9814d6');
INSERT INTO interviewee (id, login, password, age, gender, country, marital_status) VALUES ('42b2c129-802e-4a4f-8f52-6def2c66821e', 'interviewee867', 'qwerty', 30, 'female', 'SV', 'divorced');
INSERT INTO choice (id, questionnaire_id, interviewee_id) VALUES ('b9d3e6b9-f472-4d97-80eb-a7966e041a02', 'afb83fe3-e755-403b-9a15-c18b3782c012', '42b2c129-802e-4a4f-8f52-6def2c66821e');
INSERT INTO option_choice (option_id, choice_id) VALUES ('db1f1f55-651e-4dd8-b4c1-deb2f26216b2', 'b9d3e6b9-f472-4d97-80eb-a7966e041a02');
INSERT INTO choice (id, questionnaire_id, interviewee_id) VALUES ('7f90718d-fca7-4876-9d64-2b2551af1f71', '83dbd16d-6765-468d-944f-022d10d042e5', '42b2c129-802e-4a4f-8f52-6def2c66821e');
INSERT INTO option_choice (option_id, choice_id) VALUES ('176e8036-bece-46c0-beb2-71eb28a41f51', '7f90718d-fca7-4876-9d64-2b2551af1f71');
INSERT INTO interviewee (id, login, password, age, gender, country, marital_status) VALUES ('e340c8fe-695b-46ab-9f67-ed8f3e7fc399', 'interviewee868', 'qwerty', 58, 'male', 'SO', 'married');
INSERT INTO choice (id, questionnaire_id, interviewee_id) VALUES ('2bd7cc66-4a0b-472b-8ba9-cf042b2c0cef', 'd05638df-f11c-413d-8456-ee036bed2914', 'e340c8fe-695b-46ab-9f67-ed8f3e7fc399');
INSERT INTO option_choice (option_id, choice_id) VALUES ('b4b64304-6288-40df-8120-283c58db8d1a', '2bd7cc66-4a0b-472b-8ba9-cf042b2c0cef');
INSERT INTO choice (id, questionnaire_id, interviewee_id) VALUES ('6f53a222-f1a8-45e9-981b-a95015e5ea77', 'e679f6e5-388e-4679-9f14-15a0896d2816', 'e340c8fe-695b-46ab-9f67-ed8f3e7fc399');
INSERT INTO option_choice (option_id, choice_id) VALUES ('7fc08a6e-900b-45ea-b455-29a8eb343039', '6f53a222-f1a8-45e9-981b-a95015e5ea77');
INSERT INTO option_choice (option_id, choice_id) VALUES ('5169914a-cf41-4077-8993-1322df09c3da', '6f53a222-f1a8-45e9-981b-a95015e5ea77');
INSERT INTO option_choice (option_id, choice_id) VALUES ('f62b7b4d-17f1-4686-9782-f0b454d6f390', '6f53a222-f1a8-45e9-981b-a95015e5ea77');
INSERT INTO option_choice (option_id, choice_id) VALUES ('01fc26e1-e8f8-407f-a1b8-6af243e9c3dd', '6f53a222-f1a8-45e9-981b-a95015e5ea77');
INSERT INTO option_choice (option_id, choice_id) VALUES ('ae13d28d-5670-495b-a9e0-d0949dab86e3', '6f53a222-f1a8-45e9-981b-a95015e5ea77');
INSERT INTO option_choice (option_id, choice_id) VALUES ('3ee9dd0f-6306-4f8b-bdec-27347884621a', '6f53a222-f1a8-45e9-981b-a95015e5ea77');
INSERT INTO choice (id, questionnaire_id, interviewee_id) VALUES ('4724f27f-b869-4ea8-8765-b48d6855fe7f', '91a16ec4-1a91-44d1-bb08-6e9fc823c230', 'e340c8fe-695b-46ab-9f67-ed8f3e7fc399');
INSERT INTO option_choice (option_id, choice_id) VALUES ('690b73cc-52e3-435d-a3bd-78733e5fdeaf', '4724f27f-b869-4ea8-8765-b48d6855fe7f');
INSERT INTO option_choice (option_id, choice_id) VALUES ('cab8632d-19dd-4ddc-9c90-669949088fa5', '4724f27f-b869-4ea8-8765-b48d6855fe7f');
INSERT INTO option_choice (option_id, choice_id) VALUES ('fbc23714-2c99-4441-8130-94075c78f6e8', '4724f27f-b869-4ea8-8765-b48d6855fe7f');
INSERT INTO option_choice (option_id, choice_id) VALUES ('5b32da45-be75-42c8-8fa7-ba776167a759', '4724f27f-b869-4ea8-8765-b48d6855fe7f');
INSERT INTO interviewee (id, login, password, age, gender, country, marital_status) VALUES ('75757df4-245e-4249-ab62-0ed37812c109', 'interviewee869', 'qwerty', 32, 'male', 'KY', 'married');
INSERT INTO choice (id, questionnaire_id, interviewee_id) VALUES ('62f1974f-e4fd-4222-ad80-31e7172c210b', 'a2f7d656-4675-4d99-9435-95cbe535c6c1', '75757df4-245e-4249-ab62-0ed37812c109');
INSERT INTO option_choice (option_id, choice_id) VALUES ('394c3616-edd7-4820-aa09-f4425e4f774c', '62f1974f-e4fd-4222-ad80-31e7172c210b');
INSERT INTO option_choice (option_id, choice_id) VALUES ('c6bb5cf5-3828-4747-8bb2-776e9deaeb04', '62f1974f-e4fd-4222-ad80-31e7172c210b');
INSERT INTO option_choice (option_id, choice_id) VALUES ('110b73fb-e57f-409d-83dc-0d81bdd20a44', '62f1974f-e4fd-4222-ad80-31e7172c210b');
INSERT INTO option_choice (option_id, choice_id) VALUES ('d3d55bb1-ef9d-4b9a-b1b9-8e4375e7dbd0', '62f1974f-e4fd-4222-ad80-31e7172c210b');
INSERT INTO interviewee (id, login, password, age, gender, country, marital_status) VALUES ('3442a2dc-8914-46bf-b052-7fe95ca03638', 'interviewee870', 'qwerty', 29, 'male', 'SM', 'married');
INSERT INTO choice (id, questionnaire_id, interviewee_id) VALUES ('d9c4b0bd-a6cf-474e-9a47-5387d317f585', '342b973f-a1d1-4062-a073-fb80b6195e1a', '3442a2dc-8914-46bf-b052-7fe95ca03638');
INSERT INTO option_choice (option_id, choice_id) VALUES ('a95386af-e627-4a57-adc2-0009818da88b', 'd9c4b0bd-a6cf-474e-9a47-5387d317f585');
INSERT INTO option_choice (option_id, choice_id) VALUES ('47afaa62-a5ba-4be6-81b8-673fae59c987', 'd9c4b0bd-a6cf-474e-9a47-5387d317f585');
INSERT INTO interviewee (id, login, password, age, gender, country, marital_status) VALUES ('d582e8e1-792c-4d96-ab89-43bdd531a9a8', 'interviewee871', 'qwerty', 40, 'female', 'TO', 'was_not_married');
INSERT INTO choice (id, questionnaire_id, interviewee_id) VALUES ('462bf079-482a-4173-8e4f-55470e4e3931', 'cb70c074-82ef-4114-aabc-e940a19b5bb0', 'd582e8e1-792c-4d96-ab89-43bdd531a9a8');
INSERT INTO option_choice (option_id, choice_id) VALUES ('4f47a30f-5169-4bf3-a6a9-f9777225a72d', '462bf079-482a-4173-8e4f-55470e4e3931');
INSERT INTO option_choice (option_id, choice_id) VALUES ('4fbbc5c4-5cc1-4421-86a2-d7151c56a9df', '462bf079-482a-4173-8e4f-55470e4e3931');
INSERT INTO option_choice (option_id, choice_id) VALUES ('a6011a1c-260b-45fb-ad13-b09674b0b968', '462bf079-482a-4173-8e4f-55470e4e3931');
INSERT INTO option_choice (option_id, choice_id) VALUES ('c2db2843-0153-4422-8aa4-c4c9e640418d', '462bf079-482a-4173-8e4f-55470e4e3931');
INSERT INTO interviewee (id, login, password, age, gender, country, marital_status) VALUES ('887b291b-2c15-485a-85d0-861db7ad1695', 'interviewee872', 'qwerty', 52, 'female', 'BO', 'was_not_married');
INSERT INTO choice (id, questionnaire_id, interviewee_id) VALUES ('a215ee5a-d1fb-4602-a530-e087c08c0697', '21abb345-1235-4f5e-8b5b-2f6f89f30fee', '887b291b-2c15-485a-85d0-861db7ad1695');
INSERT INTO option_choice (option_id, choice_id) VALUES ('89025574-1604-4050-9786-3bf06cdb36eb', 'a215ee5a-d1fb-4602-a530-e087c08c0697');
INSERT INTO interviewee (id, login, password, age, gender, country, marital_status) VALUES ('4789dbfc-fecc-4024-8c31-d045de0c76bd', 'interviewee873', 'qwerty', 37, 'female', 'BH', 'was_not_married');
INSERT INTO choice (id, questionnaire_id, interviewee_id) VALUES ('aa992710-bbfc-41a6-aa21-b7817365c538', 'e2cf177f-e49f-4aef-99a6-095d711c6ec2', '4789dbfc-fecc-4024-8c31-d045de0c76bd');
INSERT INTO option_choice (option_id, choice_id) VALUES ('242c02d5-0f4b-4e89-976f-3754854f478c', 'aa992710-bbfc-41a6-aa21-b7817365c538');
INSERT INTO interviewee (id, login, password, age, gender, country, marital_status) VALUES ('3d41eb02-30dc-4a28-984d-8cf827f61192', 'interviewee874', 'qwerty', 68, 'male', 'GE', 'married');
INSERT INTO choice (id, questionnaire_id, interviewee_id) VALUES ('840c80e3-ea70-4e37-adb0-d430b8f495fb', '342b973f-a1d1-4062-a073-fb80b6195e1a', '3d41eb02-30dc-4a28-984d-8cf827f61192');
INSERT INTO option_choice (option_id, choice_id) VALUES ('a95386af-e627-4a57-adc2-0009818da88b', '840c80e3-ea70-4e37-adb0-d430b8f495fb');
INSERT INTO option_choice (option_id, choice_id) VALUES ('47afaa62-a5ba-4be6-81b8-673fae59c987', '840c80e3-ea70-4e37-adb0-d430b8f495fb');
INSERT INTO option_choice (option_id, choice_id) VALUES ('d84282d4-6002-4289-bb10-cb7bfd2e906b', '840c80e3-ea70-4e37-adb0-d430b8f495fb');
INSERT INTO choice (id, questionnaire_id, interviewee_id) VALUES ('2828ac53-999f-4e2a-948d-ad060db6051a', 'd05638df-f11c-413d-8456-ee036bed2914', '3d41eb02-30dc-4a28-984d-8cf827f61192');
INSERT INTO option_choice (option_id, choice_id) VALUES ('b0557de3-6b66-4e79-b1ac-c2b8f0a5096b', '2828ac53-999f-4e2a-948d-ad060db6051a');
INSERT INTO choice (id, questionnaire_id, interviewee_id) VALUES ('b1c840be-e750-46bc-b1a7-2a0042c01d11', 'f680addd-a0b2-4101-9e1f-5e0870943c68', '3d41eb02-30dc-4a28-984d-8cf827f61192');
INSERT INTO option_choice (option_id, choice_id) VALUES ('cfde0373-91b9-46f9-bc0d-a137a713d2d7', 'b1c840be-e750-46bc-b1a7-2a0042c01d11');
INSERT INTO option_choice (option_id, choice_id) VALUES ('5e0b63d0-2a10-4ab5-a66a-a47615b50b03', 'b1c840be-e750-46bc-b1a7-2a0042c01d11');
INSERT INTO interviewee (id, login, password, age, gender, country, marital_status) VALUES ('e65397db-0e19-443d-b285-ed6d72cdfbed', 'interviewee875', 'qwerty', 66, 'male', 'ZW', 'was_not_married');
INSERT INTO choice (id, questionnaire_id, interviewee_id) VALUES ('637bbf73-e4cd-45c6-be13-d9267c6c4139', 'b5ae5620-2d58-48f5-a060-28e8fd1859dd', 'e65397db-0e19-443d-b285-ed6d72cdfbed');
INSERT INTO option_choice (option_id, choice_id) VALUES ('a5e432ce-d2c6-4c6b-912f-dd0aa7f19d87', '637bbf73-e4cd-45c6-be13-d9267c6c4139');
INSERT INTO choice (id, questionnaire_id, interviewee_id) VALUES ('2007b0b3-86e6-4315-bf2a-64c5340ce115', '1a336595-020d-4026-a389-afd9a80cf707', 'e65397db-0e19-443d-b285-ed6d72cdfbed');
INSERT INTO option_choice (option_id, choice_id) VALUES ('22762ef8-944e-46b0-a7e0-4e990383e528', '2007b0b3-86e6-4315-bf2a-64c5340ce115');
INSERT INTO interviewee (id, login, password, age, gender, country, marital_status) VALUES ('7d16a6a4-a12d-442d-95b6-a3ce099f41bd', 'interviewee876', 'qwerty', 36, 'male', 'KN', 'married');
INSERT INTO choice (id, questionnaire_id, interviewee_id) VALUES ('eb9d11e7-6121-47d1-9929-74c45f232a67', '6a34c81d-d686-4ce4-8e2f-ec3d2ba47346', '7d16a6a4-a12d-442d-95b6-a3ce099f41bd');
INSERT INTO option_choice (option_id, choice_id) VALUES ('f7043315-74b1-4456-92cc-0c7dc1e0dd21', 'eb9d11e7-6121-47d1-9929-74c45f232a67');
INSERT INTO interviewee (id, login, password, age, gender, country, marital_status) VALUES ('a2320716-1d17-4564-ac83-5a4b82e13acc', 'interviewee877', 'qwerty', 14, 'female', 'ES', 'was_not_married');
INSERT INTO choice (id, questionnaire_id, interviewee_id) VALUES ('bf085676-c0b4-48b3-8e4d-cc470d2c1b98', '0b6580ec-1374-4a48-ad1d-b1fa316ad9be', 'a2320716-1d17-4564-ac83-5a4b82e13acc');
INSERT INTO option_choice (option_id, choice_id) VALUES ('82be4575-892d-453a-b3d9-0827c6b6d6df', 'bf085676-c0b4-48b3-8e4d-cc470d2c1b98');
INSERT INTO option_choice (option_id, choice_id) VALUES ('68263915-d7e9-4ac6-9c14-f48cf8807857', 'bf085676-c0b4-48b3-8e4d-cc470d2c1b98');
INSERT INTO option_choice (option_id, choice_id) VALUES ('82cec316-48c4-48d4-9d69-8a67e9d22eca', 'bf085676-c0b4-48b3-8e4d-cc470d2c1b98');
INSERT INTO interviewee (id, login, password, age, gender, country, marital_status) VALUES ('fcc7caef-a685-44a3-86f5-8ce5b130fa11', 'interviewee878', 'qwerty', 51, 'male', 'ET', 'was_not_married');
INSERT INTO choice (id, questionnaire_id, interviewee_id) VALUES ('580f071c-75d9-4450-aeee-7941f32b628d', '1a336595-020d-4026-a389-afd9a80cf707', 'fcc7caef-a685-44a3-86f5-8ce5b130fa11');
INSERT INTO option_choice (option_id, choice_id) VALUES ('15439bd9-6ff1-4651-a545-60ef7679f375', '580f071c-75d9-4450-aeee-7941f32b628d');
INSERT INTO choice (id, questionnaire_id, interviewee_id) VALUES ('9a7d1a7c-3a69-42b8-bd58-7823cf9e4872', 'b6588e29-37de-425f-834e-e867f77794ce', 'fcc7caef-a685-44a3-86f5-8ce5b130fa11');
INSERT INTO option_choice (option_id, choice_id) VALUES ('07e7a8bf-65e2-41d5-aeef-91bcbe765392', '9a7d1a7c-3a69-42b8-bd58-7823cf9e4872');
INSERT INTO option_choice (option_id, choice_id) VALUES ('7f0bbd14-8cfc-4a28-88f7-5af992a4c02b', '9a7d1a7c-3a69-42b8-bd58-7823cf9e4872');
INSERT INTO option_choice (option_id, choice_id) VALUES ('ec37510e-f2a1-4e16-ae94-e9ea2c4461e3', '9a7d1a7c-3a69-42b8-bd58-7823cf9e4872');
INSERT INTO option_choice (option_id, choice_id) VALUES ('46bd1403-2ee0-4145-8014-8dd4fafcb8af', '9a7d1a7c-3a69-42b8-bd58-7823cf9e4872');
INSERT INTO option_choice (option_id, choice_id) VALUES ('460ff4a7-d376-4dc8-b5bb-9ab1989fbb31', '9a7d1a7c-3a69-42b8-bd58-7823cf9e4872');
INSERT INTO option_choice (option_id, choice_id) VALUES ('4bde418e-a165-43f7-ac7b-c6d2ab034e2e', '9a7d1a7c-3a69-42b8-bd58-7823cf9e4872');
INSERT INTO option_choice (option_id, choice_id) VALUES ('40c301f5-13ed-4b94-85aa-e1c562adce4d', '9a7d1a7c-3a69-42b8-bd58-7823cf9e4872');
INSERT INTO interviewee (id, login, password, age, gender, country, marital_status) VALUES ('62c91aa9-0451-498c-b89c-06f4c15a8a50', 'interviewee879', 'qwerty', 22, 'male', 'GP', 'divorced');
INSERT INTO choice (id, questionnaire_id, interviewee_id) VALUES ('e53d1d29-08b9-488a-9ad4-f384ead55ee8', '309e872a-e145-4926-998b-ec0fdb62466a', '62c91aa9-0451-498c-b89c-06f4c15a8a50');
INSERT INTO option_choice (option_id, choice_id) VALUES ('1dcd1e79-636e-4d6c-b9b4-dcf0da4fdaaa', 'e53d1d29-08b9-488a-9ad4-f384ead55ee8');
INSERT INTO option_choice (option_id, choice_id) VALUES ('4579f5ab-3007-4302-aa53-456cd440599b', 'e53d1d29-08b9-488a-9ad4-f384ead55ee8');
INSERT INTO option_choice (option_id, choice_id) VALUES ('926da358-7388-4aea-b601-42bcfcd8c071', 'e53d1d29-08b9-488a-9ad4-f384ead55ee8');
INSERT INTO choice (id, questionnaire_id, interviewee_id) VALUES ('8a95b1c5-1271-4300-84a6-80e436780172', 'a7e484ae-fb91-4ddf-a8c0-869a7f4ad0ee', '62c91aa9-0451-498c-b89c-06f4c15a8a50');
INSERT INTO option_choice (option_id, choice_id) VALUES ('5833b1ae-14b5-474e-8178-69dc98fc720e', '8a95b1c5-1271-4300-84a6-80e436780172');
INSERT INTO interviewee (id, login, password, age, gender, country, marital_status) VALUES ('66a0faa9-e905-4187-a4bc-cd083504a437', 'interviewee880', 'qwerty', 50, 'female', 'ZW', 'was_not_married');
INSERT INTO choice (id, questionnaire_id, interviewee_id) VALUES ('4c13ee24-45d8-4c6d-9345-622baeca75d7', '0b6580ec-1374-4a48-ad1d-b1fa316ad9be', '66a0faa9-e905-4187-a4bc-cd083504a437');
INSERT INTO option_choice (option_id, choice_id) VALUES ('82cec316-48c4-48d4-9d69-8a67e9d22eca', '4c13ee24-45d8-4c6d-9345-622baeca75d7');
INSERT INTO option_choice (option_id, choice_id) VALUES ('68263915-d7e9-4ac6-9c14-f48cf8807857', '4c13ee24-45d8-4c6d-9345-622baeca75d7');
INSERT INTO option_choice (option_id, choice_id) VALUES ('82be4575-892d-453a-b3d9-0827c6b6d6df', '4c13ee24-45d8-4c6d-9345-622baeca75d7');
INSERT INTO option_choice (option_id, choice_id) VALUES ('a518cc4d-143a-45ca-b29f-a7c53dacc773', '4c13ee24-45d8-4c6d-9345-622baeca75d7');
INSERT INTO interviewee (id, login, password, age, gender, country, marital_status) VALUES ('50f60327-9f64-45ed-949e-526972b1ed71', 'interviewee881', 'qwerty', 49, 'male', 'VI', 'divorced');
INSERT INTO choice (id, questionnaire_id, interviewee_id) VALUES ('f0062f7b-5b81-42fc-9308-4c207ce0b18b', '309e872a-e145-4926-998b-ec0fdb62466a', '50f60327-9f64-45ed-949e-526972b1ed71');
INSERT INTO option_choice (option_id, choice_id) VALUES ('4579f5ab-3007-4302-aa53-456cd440599b', 'f0062f7b-5b81-42fc-9308-4c207ce0b18b');
INSERT INTO option_choice (option_id, choice_id) VALUES ('1dcd1e79-636e-4d6c-b9b4-dcf0da4fdaaa', 'f0062f7b-5b81-42fc-9308-4c207ce0b18b');
INSERT INTO option_choice (option_id, choice_id) VALUES ('8ccfc598-c3a0-4ad2-a052-f4e6e3edc252', 'f0062f7b-5b81-42fc-9308-4c207ce0b18b');
INSERT INTO interviewee (id, login, password, age, gender, country, marital_status) VALUES ('4bfd0c8d-577f-440c-a3cb-fb74257f5ddb', 'interviewee882', 'qwerty', 21, 'male', 'KG', 'married');
INSERT INTO choice (id, questionnaire_id, interviewee_id) VALUES ('be436624-06a3-4c12-8608-e0377c158b05', 'cb70c074-82ef-4114-aabc-e940a19b5bb0', '4bfd0c8d-577f-440c-a3cb-fb74257f5ddb');
INSERT INTO option_choice (option_id, choice_id) VALUES ('a6011a1c-260b-45fb-ad13-b09674b0b968', 'be436624-06a3-4c12-8608-e0377c158b05');
INSERT INTO option_choice (option_id, choice_id) VALUES ('b2aebe06-b155-47cd-a39d-b9c1beabb465', 'be436624-06a3-4c12-8608-e0377c158b05');
INSERT INTO option_choice (option_id, choice_id) VALUES ('4f47a30f-5169-4bf3-a6a9-f9777225a72d', 'be436624-06a3-4c12-8608-e0377c158b05');
INSERT INTO option_choice (option_id, choice_id) VALUES ('c2db2843-0153-4422-8aa4-c4c9e640418d', 'be436624-06a3-4c12-8608-e0377c158b05');
INSERT INTO choice (id, questionnaire_id, interviewee_id) VALUES ('99a4b86a-e9cc-4d21-98f4-68f9129884af', 'd05638df-f11c-413d-8456-ee036bed2914', '4bfd0c8d-577f-440c-a3cb-fb74257f5ddb');
INSERT INTO option_choice (option_id, choice_id) VALUES ('b0557de3-6b66-4e79-b1ac-c2b8f0a5096b', '99a4b86a-e9cc-4d21-98f4-68f9129884af');
INSERT INTO interviewee (id, login, password, age, gender, country, marital_status) VALUES ('9453a018-7c07-49ed-b1d8-b9d4ec77cf02', 'interviewee883', 'qwerty', 38, 'female', 'UM', 'divorced');
INSERT INTO choice (id, questionnaire_id, interviewee_id) VALUES ('e90fd0e3-b2e9-4c59-9893-48437cf96bc4', '1a336595-020d-4026-a389-afd9a80cf707', '9453a018-7c07-49ed-b1d8-b9d4ec77cf02');
INSERT INTO option_choice (option_id, choice_id) VALUES ('22762ef8-944e-46b0-a7e0-4e990383e528', 'e90fd0e3-b2e9-4c59-9893-48437cf96bc4');
INSERT INTO choice (id, questionnaire_id, interviewee_id) VALUES ('c4ff6de7-3d78-4cb7-9187-eb3f87d23364', '6a34c81d-d686-4ce4-8e2f-ec3d2ba47346', '9453a018-7c07-49ed-b1d8-b9d4ec77cf02');
INSERT INTO option_choice (option_id, choice_id) VALUES ('553e0886-1a11-4d34-ad3c-c3ee745c28c8', 'c4ff6de7-3d78-4cb7-9187-eb3f87d23364');
INSERT INTO choice (id, questionnaire_id, interviewee_id) VALUES ('f4735a72-a6e7-431e-a888-b976704e2fe3', 'a345b682-c7ac-49ac-9f14-4f5173a872d8', '9453a018-7c07-49ed-b1d8-b9d4ec77cf02');
INSERT INTO option_choice (option_id, choice_id) VALUES ('faa6ab11-59ef-4e3b-aa30-88fe576f7451', 'f4735a72-a6e7-431e-a888-b976704e2fe3');
INSERT INTO interviewee (id, login, password, age, gender, country, marital_status) VALUES ('76f9d341-97e6-49d3-a767-66fe3e810a5e', 'interviewee884', 'qwerty', 15, 'male', 'TK', 'married');
INSERT INTO choice (id, questionnaire_id, interviewee_id) VALUES ('56009351-aa98-469f-a6fa-7a04d6dbc5eb', 'bf8da1bc-7284-44d0-a7c0-4e0321978aa0', '76f9d341-97e6-49d3-a767-66fe3e810a5e');
INSERT INTO option_choice (option_id, choice_id) VALUES ('1690438b-db39-4933-b62c-4f692bce0c76', '56009351-aa98-469f-a6fa-7a04d6dbc5eb');
INSERT INTO choice (id, questionnaire_id, interviewee_id) VALUES ('7fe7d218-583a-431c-bec7-ef18699628a6', '0b6580ec-1374-4a48-ad1d-b1fa316ad9be', '76f9d341-97e6-49d3-a767-66fe3e810a5e');
INSERT INTO option_choice (option_id, choice_id) VALUES ('82cec316-48c4-48d4-9d69-8a67e9d22eca', '7fe7d218-583a-431c-bec7-ef18699628a6');
INSERT INTO choice (id, questionnaire_id, interviewee_id) VALUES ('76caf52a-8ebd-4ea5-a9fd-551124235e01', '8902d50d-0421-4680-82f2-f2b1b667e3fd', '76f9d341-97e6-49d3-a767-66fe3e810a5e');
INSERT INTO option_choice (option_id, choice_id) VALUES ('b9a164f5-2a94-487b-874f-f3bdc79ee4e3', '76caf52a-8ebd-4ea5-a9fd-551124235e01');
INSERT INTO interviewee (id, login, password, age, gender, country, marital_status) VALUES ('bf73fd13-c998-4342-bea6-eaca9fa59ee6', 'interviewee885', 'qwerty', 60, 'female', 'HM', 'divorced');
INSERT INTO choice (id, questionnaire_id, interviewee_id) VALUES ('f6d0e500-7d7c-49d5-8bdf-ab39298d1ead', '1a336595-020d-4026-a389-afd9a80cf707', 'bf73fd13-c998-4342-bea6-eaca9fa59ee6');
INSERT INTO option_choice (option_id, choice_id) VALUES ('15439bd9-6ff1-4651-a545-60ef7679f375', 'f6d0e500-7d7c-49d5-8bdf-ab39298d1ead');
INSERT INTO choice (id, questionnaire_id, interviewee_id) VALUES ('0746f6a0-2df9-4fa9-bd16-73e7aba82474', 'b5ae5620-2d58-48f5-a060-28e8fd1859dd', 'bf73fd13-c998-4342-bea6-eaca9fa59ee6');
INSERT INTO option_choice (option_id, choice_id) VALUES ('fc3d8e7d-c82b-4208-82dd-e6917cf8765e', '0746f6a0-2df9-4fa9-bd16-73e7aba82474');
INSERT INTO interviewee (id, login, password, age, gender, country, marital_status) VALUES ('fe16e8de-2de4-49a8-aa73-d748cd747510', 'interviewee886', 'qwerty', 49, 'male', 'GW', 'was_not_married');
INSERT INTO choice (id, questionnaire_id, interviewee_id) VALUES ('1f2e0620-ac9f-4ce8-be93-7003af462181', '6a34c81d-d686-4ce4-8e2f-ec3d2ba47346', 'fe16e8de-2de4-49a8-aa73-d748cd747510');
INSERT INTO option_choice (option_id, choice_id) VALUES ('f7043315-74b1-4456-92cc-0c7dc1e0dd21', '1f2e0620-ac9f-4ce8-be93-7003af462181');
INSERT INTO choice (id, questionnaire_id, interviewee_id) VALUES ('5d70db1e-7e67-4ff4-a964-3fd9fae6ec87', '342b973f-a1d1-4062-a073-fb80b6195e1a', 'fe16e8de-2de4-49a8-aa73-d748cd747510');
INSERT INTO option_choice (option_id, choice_id) VALUES ('47afaa62-a5ba-4be6-81b8-673fae59c987', '5d70db1e-7e67-4ff4-a964-3fd9fae6ec87');
INSERT INTO option_choice (option_id, choice_id) VALUES ('d84282d4-6002-4289-bb10-cb7bfd2e906b', '5d70db1e-7e67-4ff4-a964-3fd9fae6ec87');
INSERT INTO choice (id, questionnaire_id, interviewee_id) VALUES ('c2835fba-2de2-4113-8dbf-6496cceafe5f', 'e679f6e5-388e-4679-9f14-15a0896d2816', 'fe16e8de-2de4-49a8-aa73-d748cd747510');
INSERT INTO option_choice (option_id, choice_id) VALUES ('5169914a-cf41-4077-8993-1322df09c3da', 'c2835fba-2de2-4113-8dbf-6496cceafe5f');
INSERT INTO option_choice (option_id, choice_id) VALUES ('01fc26e1-e8f8-407f-a1b8-6af243e9c3dd', 'c2835fba-2de2-4113-8dbf-6496cceafe5f');
INSERT INTO option_choice (option_id, choice_id) VALUES ('ae13d28d-5670-495b-a9e0-d0949dab86e3', 'c2835fba-2de2-4113-8dbf-6496cceafe5f');
INSERT INTO option_choice (option_id, choice_id) VALUES ('3ee9dd0f-6306-4f8b-bdec-27347884621a', 'c2835fba-2de2-4113-8dbf-6496cceafe5f');
INSERT INTO option_choice (option_id, choice_id) VALUES ('7fc08a6e-900b-45ea-b455-29a8eb343039', 'c2835fba-2de2-4113-8dbf-6496cceafe5f');
INSERT INTO interviewee (id, login, password, age, gender, country, marital_status) VALUES ('d1bf3537-4170-46b8-9890-98fcdb9a0438', 'interviewee887', 'qwerty', 27, 'male', 'TM', 'married');
INSERT INTO choice (id, questionnaire_id, interviewee_id) VALUES ('ddb09af2-0782-4dd7-b1c6-0c3b87a18c31', 'afb83fe3-e755-403b-9a15-c18b3782c012', 'd1bf3537-4170-46b8-9890-98fcdb9a0438');
INSERT INTO option_choice (option_id, choice_id) VALUES ('20880a56-05fa-464a-90ad-faf02a83fa77', 'ddb09af2-0782-4dd7-b1c6-0c3b87a18c31');
INSERT INTO choice (id, questionnaire_id, interviewee_id) VALUES ('80af122f-6c66-465d-8627-4bf7b2d363fe', 'a345b682-c7ac-49ac-9f14-4f5173a872d8', 'd1bf3537-4170-46b8-9890-98fcdb9a0438');
INSERT INTO option_choice (option_id, choice_id) VALUES ('faa6ab11-59ef-4e3b-aa30-88fe576f7451', '80af122f-6c66-465d-8627-4bf7b2d363fe');
INSERT INTO interviewee (id, login, password, age, gender, country, marital_status) VALUES ('a301ec77-0c20-419f-9242-008fdc3c1d92', 'interviewee888', 'qwerty', 32, 'male', 'KI', 'divorced');
INSERT INTO choice (id, questionnaire_id, interviewee_id) VALUES ('632116ba-d00e-401a-a243-0b345dac017d', 'cb70c074-82ef-4114-aabc-e940a19b5bb0', 'a301ec77-0c20-419f-9242-008fdc3c1d92');
INSERT INTO option_choice (option_id, choice_id) VALUES ('b2aebe06-b155-47cd-a39d-b9c1beabb465', '632116ba-d00e-401a-a243-0b345dac017d');
INSERT INTO option_choice (option_id, choice_id) VALUES ('c2db2843-0153-4422-8aa4-c4c9e640418d', '632116ba-d00e-401a-a243-0b345dac017d');
INSERT INTO option_choice (option_id, choice_id) VALUES ('a6011a1c-260b-45fb-ad13-b09674b0b968', '632116ba-d00e-401a-a243-0b345dac017d');
INSERT INTO interviewee (id, login, password, age, gender, country, marital_status) VALUES ('1d74466b-198d-4ab8-bb0d-52e2c93d4d8a', 'interviewee889', 'qwerty', 20, 'female', 'TJ', 'divorced');
INSERT INTO choice (id, questionnaire_id, interviewee_id) VALUES ('cbde6a65-3169-4498-b20f-5b467c0543b2', 'cb70c074-82ef-4114-aabc-e940a19b5bb0', '1d74466b-198d-4ab8-bb0d-52e2c93d4d8a');
INSERT INTO option_choice (option_id, choice_id) VALUES ('c2db2843-0153-4422-8aa4-c4c9e640418d', 'cbde6a65-3169-4498-b20f-5b467c0543b2');
INSERT INTO option_choice (option_id, choice_id) VALUES ('b2aebe06-b155-47cd-a39d-b9c1beabb465', 'cbde6a65-3169-4498-b20f-5b467c0543b2');
INSERT INTO choice (id, questionnaire_id, interviewee_id) VALUES ('66df9352-fe79-46c1-9433-41f02d34f721', '6a34c81d-d686-4ce4-8e2f-ec3d2ba47346', '1d74466b-198d-4ab8-bb0d-52e2c93d4d8a');
INSERT INTO option_choice (option_id, choice_id) VALUES ('553e0886-1a11-4d34-ad3c-c3ee745c28c8', '66df9352-fe79-46c1-9433-41f02d34f721');
INSERT INTO choice (id, questionnaire_id, interviewee_id) VALUES ('292936c2-e34e-4e32-bdc2-4036c5d7802a', '21abb345-1235-4f5e-8b5b-2f6f89f30fee', '1d74466b-198d-4ab8-bb0d-52e2c93d4d8a');
INSERT INTO option_choice (option_id, choice_id) VALUES ('4953e37a-2891-460f-84ea-4bd510463bab', '292936c2-e34e-4e32-bdc2-4036c5d7802a');
INSERT INTO interviewee (id, login, password, age, gender, country, marital_status) VALUES ('1c4fabed-e08c-49f5-bb34-df50fb8fc3c4', 'interviewee890', 'qwerty', 42, 'male', 'YT', 'married');
INSERT INTO choice (id, questionnaire_id, interviewee_id) VALUES ('c09fbe00-ed7c-419e-8531-5988af40e033', '83dbd16d-6765-468d-944f-022d10d042e5', '1c4fabed-e08c-49f5-bb34-df50fb8fc3c4');
INSERT INTO option_choice (option_id, choice_id) VALUES ('d8a63395-3425-4d1b-95be-b38dc31cb0af', 'c09fbe00-ed7c-419e-8531-5988af40e033');
INSERT INTO option_choice (option_id, choice_id) VALUES ('eee0aab7-8b77-4c19-b028-648aa7e303ed', 'c09fbe00-ed7c-419e-8531-5988af40e033');
INSERT INTO option_choice (option_id, choice_id) VALUES ('d6416cf3-39f7-4cf9-ba84-314605b84d03', 'c09fbe00-ed7c-419e-8531-5988af40e033');
INSERT INTO option_choice (option_id, choice_id) VALUES ('176e8036-bece-46c0-beb2-71eb28a41f51', 'c09fbe00-ed7c-419e-8531-5988af40e033');
INSERT INTO choice (id, questionnaire_id, interviewee_id) VALUES ('82e70ee9-b86e-4867-918c-58e9dca2eb87', '8adfa259-7459-4497-b994-7101058c39c1', '1c4fabed-e08c-49f5-bb34-df50fb8fc3c4');
INSERT INTO option_choice (option_id, choice_id) VALUES ('968d6b86-376e-4d23-9555-89ee1d638c1c', '82e70ee9-b86e-4867-918c-58e9dca2eb87');
INSERT INTO option_choice (option_id, choice_id) VALUES ('0c96072b-cf70-4fde-8afb-27bf8c3f7a8b', '82e70ee9-b86e-4867-918c-58e9dca2eb87');
INSERT INTO interviewee (id, login, password, age, gender, country, marital_status) VALUES ('b33f1d8a-2779-4420-b986-3512651ec43d', 'interviewee891', 'qwerty', 17, 'male', 'VA', 'was_not_married');
INSERT INTO choice (id, questionnaire_id, interviewee_id) VALUES ('fbd0dcf7-0957-4b44-9a04-8ec800d81bf2', '56c296cd-7c3b-4eb1-90cb-745e555a098c', 'b33f1d8a-2779-4420-b986-3512651ec43d');
INSERT INTO option_choice (option_id, choice_id) VALUES ('75d9d333-93f8-42f6-be3b-9a5a24aa476c', 'fbd0dcf7-0957-4b44-9a04-8ec800d81bf2');
INSERT INTO option_choice (option_id, choice_id) VALUES ('d583c2c9-6998-483b-a5e4-67068e974d6f', 'fbd0dcf7-0957-4b44-9a04-8ec800d81bf2');
INSERT INTO interviewee (id, login, password, age, gender, country, marital_status) VALUES ('ec167786-8832-47cd-9e3a-ffd33053e90c', 'interviewee892', 'qwerty', 44, 'female', 'VU', 'married');
INSERT INTO choice (id, questionnaire_id, interviewee_id) VALUES ('ecc1c619-9358-4731-8908-0bc957ff935b', '6a34c81d-d686-4ce4-8e2f-ec3d2ba47346', 'ec167786-8832-47cd-9e3a-ffd33053e90c');
INSERT INTO option_choice (option_id, choice_id) VALUES ('553e0886-1a11-4d34-ad3c-c3ee745c28c8', 'ecc1c619-9358-4731-8908-0bc957ff935b');
INSERT INTO choice (id, questionnaire_id, interviewee_id) VALUES ('d8b06008-b4c0-4fdf-92e9-76e2c4e17c6a', '557cb630-d2f4-4e11-afe9-d50534deb525', 'ec167786-8832-47cd-9e3a-ffd33053e90c');
INSERT INTO option_choice (option_id, choice_id) VALUES ('78cbec79-315d-4cd7-92bb-beb18eab98e5', 'd8b06008-b4c0-4fdf-92e9-76e2c4e17c6a');
INSERT INTO choice (id, questionnaire_id, interviewee_id) VALUES ('3e859c69-eef3-47da-8055-50e1c1f88d9a', '83dbd16d-6765-468d-944f-022d10d042e5', 'ec167786-8832-47cd-9e3a-ffd33053e90c');
INSERT INTO option_choice (option_id, choice_id) VALUES ('d8a63395-3425-4d1b-95be-b38dc31cb0af', '3e859c69-eef3-47da-8055-50e1c1f88d9a');
INSERT INTO option_choice (option_id, choice_id) VALUES ('eee0aab7-8b77-4c19-b028-648aa7e303ed', '3e859c69-eef3-47da-8055-50e1c1f88d9a');
INSERT INTO option_choice (option_id, choice_id) VALUES ('d6416cf3-39f7-4cf9-ba84-314605b84d03', '3e859c69-eef3-47da-8055-50e1c1f88d9a');
INSERT INTO option_choice (option_id, choice_id) VALUES ('176e8036-bece-46c0-beb2-71eb28a41f51', '3e859c69-eef3-47da-8055-50e1c1f88d9a');
INSERT INTO interviewee (id, login, password, age, gender, country, marital_status) VALUES ('05a16e6a-c009-4590-944d-e54df688e140', 'interviewee893', 'qwerty', 27, 'female', 'SN', 'married');
INSERT INTO choice (id, questionnaire_id, interviewee_id) VALUES ('0cd5691f-fbc4-40ce-acaa-22579fb11dda', '6a34c81d-d686-4ce4-8e2f-ec3d2ba47346', '05a16e6a-c009-4590-944d-e54df688e140');
INSERT INTO option_choice (option_id, choice_id) VALUES ('7a83da6c-611b-4c33-a2e2-ddf398a170bc', '0cd5691f-fbc4-40ce-acaa-22579fb11dda');
INSERT INTO interviewee (id, login, password, age, gender, country, marital_status) VALUES ('25e0ad9e-119f-4366-9e3d-11f400af882e', 'interviewee894', 'qwerty', 42, 'male', 'JM', 'was_not_married');
INSERT INTO choice (id, questionnaire_id, interviewee_id) VALUES ('98aee4fe-02c4-4806-a021-46f165b680e7', '91a16ec4-1a91-44d1-bb08-6e9fc823c230', '25e0ad9e-119f-4366-9e3d-11f400af882e');
INSERT INTO option_choice (option_id, choice_id) VALUES ('fbc23714-2c99-4441-8130-94075c78f6e8', '98aee4fe-02c4-4806-a021-46f165b680e7');
INSERT INTO option_choice (option_id, choice_id) VALUES ('690b73cc-52e3-435d-a3bd-78733e5fdeaf', '98aee4fe-02c4-4806-a021-46f165b680e7');
INSERT INTO option_choice (option_id, choice_id) VALUES ('cab8632d-19dd-4ddc-9c90-669949088fa5', '98aee4fe-02c4-4806-a021-46f165b680e7');
INSERT INTO option_choice (option_id, choice_id) VALUES ('5b32da45-be75-42c8-8fa7-ba776167a759', '98aee4fe-02c4-4806-a021-46f165b680e7');
INSERT INTO choice (id, questionnaire_id, interviewee_id) VALUES ('508406a8-94ec-4425-bf7d-1a33e777e5fe', 'e2cf177f-e49f-4aef-99a6-095d711c6ec2', '25e0ad9e-119f-4366-9e3d-11f400af882e');
INSERT INTO option_choice (option_id, choice_id) VALUES ('1b5e4a41-da4c-4845-8698-5ed9deee3ca2', '508406a8-94ec-4425-bf7d-1a33e777e5fe');
INSERT INTO interviewee (id, login, password, age, gender, country, marital_status) VALUES ('f7960bad-0c67-441b-bd6a-71da1816541e', 'interviewee895', 'qwerty', 38, 'female', 'SN', 'married');
INSERT INTO choice (id, questionnaire_id, interviewee_id) VALUES ('d4b2827a-595c-47ff-aa54-a83282174378', 'b6588e29-37de-425f-834e-e867f77794ce', 'f7960bad-0c67-441b-bd6a-71da1816541e');
INSERT INTO option_choice (option_id, choice_id) VALUES ('07e7a8bf-65e2-41d5-aeef-91bcbe765392', 'd4b2827a-595c-47ff-aa54-a83282174378');
INSERT INTO option_choice (option_id, choice_id) VALUES ('4bde418e-a165-43f7-ac7b-c6d2ab034e2e', 'd4b2827a-595c-47ff-aa54-a83282174378');
INSERT INTO option_choice (option_id, choice_id) VALUES ('460ff4a7-d376-4dc8-b5bb-9ab1989fbb31', 'd4b2827a-595c-47ff-aa54-a83282174378');
INSERT INTO option_choice (option_id, choice_id) VALUES ('7f0bbd14-8cfc-4a28-88f7-5af992a4c02b', 'd4b2827a-595c-47ff-aa54-a83282174378');
INSERT INTO option_choice (option_id, choice_id) VALUES ('ec37510e-f2a1-4e16-ae94-e9ea2c4461e3', 'd4b2827a-595c-47ff-aa54-a83282174378');
INSERT INTO option_choice (option_id, choice_id) VALUES ('46bd1403-2ee0-4145-8014-8dd4fafcb8af', 'd4b2827a-595c-47ff-aa54-a83282174378');
INSERT INTO option_choice (option_id, choice_id) VALUES ('40c301f5-13ed-4b94-85aa-e1c562adce4d', 'd4b2827a-595c-47ff-aa54-a83282174378');
INSERT INTO option_choice (option_id, choice_id) VALUES ('5b82f100-bb0f-47ec-9395-7a0409f4b7ef', 'd4b2827a-595c-47ff-aa54-a83282174378');
INSERT INTO choice (id, questionnaire_id, interviewee_id) VALUES ('9b883689-11d6-4118-9a5e-fc33ebaa4175', '1a336595-020d-4026-a389-afd9a80cf707', 'f7960bad-0c67-441b-bd6a-71da1816541e');
INSERT INTO option_choice (option_id, choice_id) VALUES ('15439bd9-6ff1-4651-a545-60ef7679f375', '9b883689-11d6-4118-9a5e-fc33ebaa4175');
INSERT INTO interviewee (id, login, password, age, gender, country, marital_status) VALUES ('66db927d-5882-45dd-9ade-c75d7e836dcb', 'interviewee896', 'qwerty', 67, 'female', 'MH', 'was_not_married');
INSERT INTO choice (id, questionnaire_id, interviewee_id) VALUES ('568d7644-030b-49d8-be8d-82139d8c2bfe', '8adfa259-7459-4497-b994-7101058c39c1', '66db927d-5882-45dd-9ade-c75d7e836dcb');
INSERT INTO option_choice (option_id, choice_id) VALUES ('9e45c288-be30-427f-be35-83a5171e2b4d', '568d7644-030b-49d8-be8d-82139d8c2bfe');
INSERT INTO option_choice (option_id, choice_id) VALUES ('502fb96b-685d-47da-86bb-f40e1e8f57ef', '568d7644-030b-49d8-be8d-82139d8c2bfe');
INSERT INTO option_choice (option_id, choice_id) VALUES ('0c96072b-cf70-4fde-8afb-27bf8c3f7a8b', '568d7644-030b-49d8-be8d-82139d8c2bfe');
INSERT INTO option_choice (option_id, choice_id) VALUES ('7d64ec60-4b16-49eb-a0c6-4af24c3b1767', '568d7644-030b-49d8-be8d-82139d8c2bfe');
INSERT INTO option_choice (option_id, choice_id) VALUES ('3e047d89-087c-45bd-82d6-38c4acd5c609', '568d7644-030b-49d8-be8d-82139d8c2bfe');
INSERT INTO option_choice (option_id, choice_id) VALUES ('968d6b86-376e-4d23-9555-89ee1d638c1c', '568d7644-030b-49d8-be8d-82139d8c2bfe');
INSERT INTO interviewee (id, login, password, age, gender, country, marital_status) VALUES ('81e63cfa-9b44-4e7c-9a6b-13dfe06b8087', 'interviewee897', 'qwerty', 45, 'female', 'IE', 'divorced');
INSERT INTO choice (id, questionnaire_id, interviewee_id) VALUES ('ac27c320-1f02-4358-990c-b367c1b4eb6f', 'a345b682-c7ac-49ac-9f14-4f5173a872d8', '81e63cfa-9b44-4e7c-9a6b-13dfe06b8087');
INSERT INTO option_choice (option_id, choice_id) VALUES ('faa6ab11-59ef-4e3b-aa30-88fe576f7451', 'ac27c320-1f02-4358-990c-b367c1b4eb6f');
INSERT INTO interviewee (id, login, password, age, gender, country, marital_status) VALUES ('8c9480e5-41cd-4777-b508-1fee7ec9c7f7', 'interviewee898', 'qwerty', 58, 'male', 'NA', 'was_not_married');
INSERT INTO choice (id, questionnaire_id, interviewee_id) VALUES ('06730040-02c6-4405-90b1-da6fb255be1a', '342b973f-a1d1-4062-a073-fb80b6195e1a', '8c9480e5-41cd-4777-b508-1fee7ec9c7f7');
INSERT INTO option_choice (option_id, choice_id) VALUES ('d84282d4-6002-4289-bb10-cb7bfd2e906b', '06730040-02c6-4405-90b1-da6fb255be1a');
INSERT INTO choice (id, questionnaire_id, interviewee_id) VALUES ('ab23275c-9a2a-44f9-b910-a6d2b3df1219', 'e679f6e5-388e-4679-9f14-15a0896d2816', '8c9480e5-41cd-4777-b508-1fee7ec9c7f7');
INSERT INTO option_choice (option_id, choice_id) VALUES ('5169914a-cf41-4077-8993-1322df09c3da', 'ab23275c-9a2a-44f9-b910-a6d2b3df1219');
INSERT INTO interviewee (id, login, password, age, gender, country, marital_status) VALUES ('eadf0476-3488-4a3d-a2af-b4f0c1b43905', 'interviewee899', 'qwerty', 16, 'female', 'VC', 'was_not_married');
INSERT INTO choice (id, questionnaire_id, interviewee_id) VALUES ('4c73475d-f503-4a73-934e-22aee8c6a96e', '6a34c81d-d686-4ce4-8e2f-ec3d2ba47346', 'eadf0476-3488-4a3d-a2af-b4f0c1b43905');
INSERT INTO option_choice (option_id, choice_id) VALUES ('7a83da6c-611b-4c33-a2e2-ddf398a170bc', '4c73475d-f503-4a73-934e-22aee8c6a96e');
INSERT INTO choice (id, questionnaire_id, interviewee_id) VALUES ('69464189-1b85-4ae2-ac95-74eb7c157f0b', '91a16ec4-1a91-44d1-bb08-6e9fc823c230', 'eadf0476-3488-4a3d-a2af-b4f0c1b43905');
INSERT INTO option_choice (option_id, choice_id) VALUES ('5b32da45-be75-42c8-8fa7-ba776167a759', '69464189-1b85-4ae2-ac95-74eb7c157f0b');
INSERT INTO option_choice (option_id, choice_id) VALUES ('fbc23714-2c99-4441-8130-94075c78f6e8', '69464189-1b85-4ae2-ac95-74eb7c157f0b');
INSERT INTO option_choice (option_id, choice_id) VALUES ('cab8632d-19dd-4ddc-9c90-669949088fa5', '69464189-1b85-4ae2-ac95-74eb7c157f0b');
INSERT INTO option_choice (option_id, choice_id) VALUES ('690b73cc-52e3-435d-a3bd-78733e5fdeaf', '69464189-1b85-4ae2-ac95-74eb7c157f0b');
INSERT INTO interviewee (id, login, password, age, gender, country, marital_status) VALUES ('1d8325ff-6c58-457c-9379-deb2512082bf', 'interviewee900', 'qwerty', 53, 'male', 'PE', 'married');
INSERT INTO choice (id, questionnaire_id, interviewee_id) VALUES ('ff32dff4-955a-4cff-bfe5-66dca7d53c9b', '8902d50d-0421-4680-82f2-f2b1b667e3fd', '1d8325ff-6c58-457c-9379-deb2512082bf');
INSERT INTO option_choice (option_id, choice_id) VALUES ('b9a164f5-2a94-487b-874f-f3bdc79ee4e3', 'ff32dff4-955a-4cff-bfe5-66dca7d53c9b');
INSERT INTO choice (id, questionnaire_id, interviewee_id) VALUES ('095cccc6-a8b5-4a0d-a638-f930753747aa', 'e2cf177f-e49f-4aef-99a6-095d711c6ec2', '1d8325ff-6c58-457c-9379-deb2512082bf');
INSERT INTO option_choice (option_id, choice_id) VALUES ('242c02d5-0f4b-4e89-976f-3754854f478c', '095cccc6-a8b5-4a0d-a638-f930753747aa');
INSERT INTO choice (id, questionnaire_id, interviewee_id) VALUES ('cfad2ece-7f71-439f-84f3-ca5d400e43d9', '557cb630-d2f4-4e11-afe9-d50534deb525', '1d8325ff-6c58-457c-9379-deb2512082bf');
INSERT INTO option_choice (option_id, choice_id) VALUES ('e7f8d933-d81f-4080-9dd3-d1b981b9cd11', 'cfad2ece-7f71-439f-84f3-ca5d400e43d9');
INSERT INTO interviewee (id, login, password, age, gender, country, marital_status) VALUES ('19fdd2c9-3a1f-420b-bb20-56a3f8d045be', 'interviewee901', 'qwerty', 31, 'female', 'PK', 'married');
INSERT INTO choice (id, questionnaire_id, interviewee_id) VALUES ('268ca4df-d139-4904-8be6-302cf2cc5d88', 'a2f7d656-4675-4d99-9435-95cbe535c6c1', '19fdd2c9-3a1f-420b-bb20-56a3f8d045be');
INSERT INTO option_choice (option_id, choice_id) VALUES ('ced72831-705a-4153-849e-71a73e5a7d3c', '268ca4df-d139-4904-8be6-302cf2cc5d88');
INSERT INTO choice (id, questionnaire_id, interviewee_id) VALUES ('64ad3d47-9830-421f-987d-ed70a4ae2d8b', '0b6580ec-1374-4a48-ad1d-b1fa316ad9be', '19fdd2c9-3a1f-420b-bb20-56a3f8d045be');
INSERT INTO option_choice (option_id, choice_id) VALUES ('68263915-d7e9-4ac6-9c14-f48cf8807857', '64ad3d47-9830-421f-987d-ed70a4ae2d8b');
INSERT INTO option_choice (option_id, choice_id) VALUES ('a518cc4d-143a-45ca-b29f-a7c53dacc773', '64ad3d47-9830-421f-987d-ed70a4ae2d8b');
INSERT INTO interviewee (id, login, password, age, gender, country, marital_status) VALUES ('6b122146-fffe-4b1f-8da2-fe2811f48e53', 'interviewee902', 'qwerty', 47, 'female', 'SO', 'married');
INSERT INTO choice (id, questionnaire_id, interviewee_id) VALUES ('9021b981-bbb6-4159-bb9b-09baa91e68d8', '342b973f-a1d1-4062-a073-fb80b6195e1a', '6b122146-fffe-4b1f-8da2-fe2811f48e53');
INSERT INTO option_choice (option_id, choice_id) VALUES ('d84282d4-6002-4289-bb10-cb7bfd2e906b', '9021b981-bbb6-4159-bb9b-09baa91e68d8');
INSERT INTO choice (id, questionnaire_id, interviewee_id) VALUES ('e30cacb2-4559-4fcb-8724-3788e2a2b0c1', '56c296cd-7c3b-4eb1-90cb-745e555a098c', '6b122146-fffe-4b1f-8da2-fe2811f48e53');
INSERT INTO option_choice (option_id, choice_id) VALUES ('d583c2c9-6998-483b-a5e4-67068e974d6f', 'e30cacb2-4559-4fcb-8724-3788e2a2b0c1');
INSERT INTO option_choice (option_id, choice_id) VALUES ('0e27133d-354c-4e2d-af9f-e74397954328', 'e30cacb2-4559-4fcb-8724-3788e2a2b0c1');
INSERT INTO option_choice (option_id, choice_id) VALUES ('75d9d333-93f8-42f6-be3b-9a5a24aa476c', 'e30cacb2-4559-4fcb-8724-3788e2a2b0c1');
INSERT INTO interviewee (id, login, password, age, gender, country, marital_status) VALUES ('5428ffa0-f1f6-496c-86d1-d5a330dd9de9', 'interviewee903', 'qwerty', 53, 'female', 'BO', 'married');
INSERT INTO choice (id, questionnaire_id, interviewee_id) VALUES ('a217daea-023f-4b66-a3ce-feabb09632ed', 'a2f7d656-4675-4d99-9435-95cbe535c6c1', '5428ffa0-f1f6-496c-86d1-d5a330dd9de9');
INSERT INTO option_choice (option_id, choice_id) VALUES ('c6bb5cf5-3828-4747-8bb2-776e9deaeb04', 'a217daea-023f-4b66-a3ce-feabb09632ed');
INSERT INTO option_choice (option_id, choice_id) VALUES ('2366bc8e-690e-4739-b5f2-cf491cd8107c', 'a217daea-023f-4b66-a3ce-feabb09632ed');
INSERT INTO option_choice (option_id, choice_id) VALUES ('ced72831-705a-4153-849e-71a73e5a7d3c', 'a217daea-023f-4b66-a3ce-feabb09632ed');
INSERT INTO option_choice (option_id, choice_id) VALUES ('110b73fb-e57f-409d-83dc-0d81bdd20a44', 'a217daea-023f-4b66-a3ce-feabb09632ed');
INSERT INTO option_choice (option_id, choice_id) VALUES ('d3d55bb1-ef9d-4b9a-b1b9-8e4375e7dbd0', 'a217daea-023f-4b66-a3ce-feabb09632ed');
INSERT INTO option_choice (option_id, choice_id) VALUES ('930526a4-2714-4f39-831c-55b3185bd967', 'a217daea-023f-4b66-a3ce-feabb09632ed');
INSERT INTO option_choice (option_id, choice_id) VALUES ('394c3616-edd7-4820-aa09-f4425e4f774c', 'a217daea-023f-4b66-a3ce-feabb09632ed');
INSERT INTO choice (id, questionnaire_id, interviewee_id) VALUES ('f8082b14-99a2-42d2-9a12-9dfb0c57de85', 'cb70c074-82ef-4114-aabc-e940a19b5bb0', '5428ffa0-f1f6-496c-86d1-d5a330dd9de9');
INSERT INTO option_choice (option_id, choice_id) VALUES ('a6011a1c-260b-45fb-ad13-b09674b0b968', 'f8082b14-99a2-42d2-9a12-9dfb0c57de85');
INSERT INTO option_choice (option_id, choice_id) VALUES ('4f47a30f-5169-4bf3-a6a9-f9777225a72d', 'f8082b14-99a2-42d2-9a12-9dfb0c57de85');
INSERT INTO choice (id, questionnaire_id, interviewee_id) VALUES ('3a1a6482-e7b7-4bd2-8ee9-1be7ffe0981f', '83dbd16d-6765-468d-944f-022d10d042e5', '5428ffa0-f1f6-496c-86d1-d5a330dd9de9');
INSERT INTO option_choice (option_id, choice_id) VALUES ('d6416cf3-39f7-4cf9-ba84-314605b84d03', '3a1a6482-e7b7-4bd2-8ee9-1be7ffe0981f');
INSERT INTO option_choice (option_id, choice_id) VALUES ('eee0aab7-8b77-4c19-b028-648aa7e303ed', '3a1a6482-e7b7-4bd2-8ee9-1be7ffe0981f');
INSERT INTO interviewee (id, login, password, age, gender, country, marital_status) VALUES ('c21b5132-6cca-4356-a10f-dc4b7a5b6c06', 'interviewee904', 'qwerty', 31, 'female', 'TV', 'was_not_married');
INSERT INTO choice (id, questionnaire_id, interviewee_id) VALUES ('42662f6d-a890-4257-81d1-fe93e5933fd1', 'afb83fe3-e755-403b-9a15-c18b3782c012', 'c21b5132-6cca-4356-a10f-dc4b7a5b6c06');
INSERT INTO option_choice (option_id, choice_id) VALUES ('20880a56-05fa-464a-90ad-faf02a83fa77', '42662f6d-a890-4257-81d1-fe93e5933fd1');
INSERT INTO interviewee (id, login, password, age, gender, country, marital_status) VALUES ('1c58c9b7-0393-42ae-a8fb-d3803ec6a071', 'interviewee905', 'qwerty', 14, 'female', 'RE', 'married');
INSERT INTO choice (id, questionnaire_id, interviewee_id) VALUES ('c89ebc5a-77d6-45e2-9550-cc36b9068ed3', 'bf8da1bc-7284-44d0-a7c0-4e0321978aa0', '1c58c9b7-0393-42ae-a8fb-d3803ec6a071');
INSERT INTO option_choice (option_id, choice_id) VALUES ('1690438b-db39-4933-b62c-4f692bce0c76', 'c89ebc5a-77d6-45e2-9550-cc36b9068ed3');
INSERT INTO choice (id, questionnaire_id, interviewee_id) VALUES ('c272fea6-9faf-45a8-9f6f-87f0b7187aeb', '6a34c81d-d686-4ce4-8e2f-ec3d2ba47346', '1c58c9b7-0393-42ae-a8fb-d3803ec6a071');
INSERT INTO option_choice (option_id, choice_id) VALUES ('f7043315-74b1-4456-92cc-0c7dc1e0dd21', 'c272fea6-9faf-45a8-9f6f-87f0b7187aeb');
INSERT INTO choice (id, questionnaire_id, interviewee_id) VALUES ('eef1fa82-e32f-47ce-8dea-01d1d1733427', '342b973f-a1d1-4062-a073-fb80b6195e1a', '1c58c9b7-0393-42ae-a8fb-d3803ec6a071');
INSERT INTO option_choice (option_id, choice_id) VALUES ('a95386af-e627-4a57-adc2-0009818da88b', 'eef1fa82-e32f-47ce-8dea-01d1d1733427');
INSERT INTO option_choice (option_id, choice_id) VALUES ('47afaa62-a5ba-4be6-81b8-673fae59c987', 'eef1fa82-e32f-47ce-8dea-01d1d1733427');
INSERT INTO option_choice (option_id, choice_id) VALUES ('d84282d4-6002-4289-bb10-cb7bfd2e906b', 'eef1fa82-e32f-47ce-8dea-01d1d1733427');
INSERT INTO interviewee (id, login, password, age, gender, country, marital_status) VALUES ('883ce925-eb14-46ea-ac9f-f0641c25d53b', 'interviewee906', 'qwerty', 20, 'female', 'CC', 'was_not_married');
INSERT INTO choice (id, questionnaire_id, interviewee_id) VALUES ('7ad231f0-bebc-4245-9a99-00dfead74f54', 'a345b682-c7ac-49ac-9f14-4f5173a872d8', '883ce925-eb14-46ea-ac9f-f0641c25d53b');
INSERT INTO option_choice (option_id, choice_id) VALUES ('4389db4e-2a8b-43f8-8643-dd6f5a5f160e', '7ad231f0-bebc-4245-9a99-00dfead74f54');
INSERT INTO choice (id, questionnaire_id, interviewee_id) VALUES ('dd57c5b4-4802-4bbf-97f7-eb14f517f87f', '56c296cd-7c3b-4eb1-90cb-745e555a098c', '883ce925-eb14-46ea-ac9f-f0641c25d53b');
INSERT INTO option_choice (option_id, choice_id) VALUES ('0e27133d-354c-4e2d-af9f-e74397954328', 'dd57c5b4-4802-4bbf-97f7-eb14f517f87f');
INSERT INTO option_choice (option_id, choice_id) VALUES ('75d9d333-93f8-42f6-be3b-9a5a24aa476c', 'dd57c5b4-4802-4bbf-97f7-eb14f517f87f');
INSERT INTO option_choice (option_id, choice_id) VALUES ('d583c2c9-6998-483b-a5e4-67068e974d6f', 'dd57c5b4-4802-4bbf-97f7-eb14f517f87f');
INSERT INTO option_choice (option_id, choice_id) VALUES ('00605853-328c-4a30-9227-5513208ca17e', 'dd57c5b4-4802-4bbf-97f7-eb14f517f87f');
INSERT INTO choice (id, questionnaire_id, interviewee_id) VALUES ('c092cb8b-dc11-4f16-a402-229e03a0f628', '83dbd16d-6765-468d-944f-022d10d042e5', '883ce925-eb14-46ea-ac9f-f0641c25d53b');
INSERT INTO option_choice (option_id, choice_id) VALUES ('eee0aab7-8b77-4c19-b028-648aa7e303ed', 'c092cb8b-dc11-4f16-a402-229e03a0f628');
INSERT INTO option_choice (option_id, choice_id) VALUES ('d8a63395-3425-4d1b-95be-b38dc31cb0af', 'c092cb8b-dc11-4f16-a402-229e03a0f628');
INSERT INTO interviewee (id, login, password, age, gender, country, marital_status) VALUES ('fc8439f2-75da-46e6-a906-898ed50cd3d7', 'interviewee907', 'qwerty', 41, 'female', 'OM', 'married');
INSERT INTO choice (id, questionnaire_id, interviewee_id) VALUES ('54bc1274-43cb-4b1b-848d-145f4c96faa8', '8adfa259-7459-4497-b994-7101058c39c1', 'fc8439f2-75da-46e6-a906-898ed50cd3d7');
INSERT INTO option_choice (option_id, choice_id) VALUES ('9e45c288-be30-427f-be35-83a5171e2b4d', '54bc1274-43cb-4b1b-848d-145f4c96faa8');
INSERT INTO option_choice (option_id, choice_id) VALUES ('968d6b86-376e-4d23-9555-89ee1d638c1c', '54bc1274-43cb-4b1b-848d-145f4c96faa8');
INSERT INTO option_choice (option_id, choice_id) VALUES ('7d64ec60-4b16-49eb-a0c6-4af24c3b1767', '54bc1274-43cb-4b1b-848d-145f4c96faa8');
INSERT INTO option_choice (option_id, choice_id) VALUES ('3e047d89-087c-45bd-82d6-38c4acd5c609', '54bc1274-43cb-4b1b-848d-145f4c96faa8');
INSERT INTO option_choice (option_id, choice_id) VALUES ('0c96072b-cf70-4fde-8afb-27bf8c3f7a8b', '54bc1274-43cb-4b1b-848d-145f4c96faa8');
INSERT INTO choice (id, questionnaire_id, interviewee_id) VALUES ('b232a575-600d-4b62-b88c-29d6c43240af', 'e679f6e5-388e-4679-9f14-15a0896d2816', 'fc8439f2-75da-46e6-a906-898ed50cd3d7');
INSERT INTO option_choice (option_id, choice_id) VALUES ('5169914a-cf41-4077-8993-1322df09c3da', 'b232a575-600d-4b62-b88c-29d6c43240af');
INSERT INTO option_choice (option_id, choice_id) VALUES ('7fc08a6e-900b-45ea-b455-29a8eb343039', 'b232a575-600d-4b62-b88c-29d6c43240af');
INSERT INTO option_choice (option_id, choice_id) VALUES ('ae13d28d-5670-495b-a9e0-d0949dab86e3', 'b232a575-600d-4b62-b88c-29d6c43240af');
INSERT INTO option_choice (option_id, choice_id) VALUES ('f62b7b4d-17f1-4686-9782-f0b454d6f390', 'b232a575-600d-4b62-b88c-29d6c43240af');
INSERT INTO option_choice (option_id, choice_id) VALUES ('01fc26e1-e8f8-407f-a1b8-6af243e9c3dd', 'b232a575-600d-4b62-b88c-29d6c43240af');
INSERT INTO interviewee (id, login, password, age, gender, country, marital_status) VALUES ('44a5f166-e9a8-49b5-b587-3bd927e7ccad', 'interviewee908', 'qwerty', 20, 'female', 'ME', 'married');
INSERT INTO choice (id, questionnaire_id, interviewee_id) VALUES ('3cd706fd-aa14-4a12-b98e-b9aa86dd7942', 'a2f7d656-4675-4d99-9435-95cbe535c6c1', '44a5f166-e9a8-49b5-b587-3bd927e7ccad');
INSERT INTO option_choice (option_id, choice_id) VALUES ('ced72831-705a-4153-849e-71a73e5a7d3c', '3cd706fd-aa14-4a12-b98e-b9aa86dd7942');
INSERT INTO option_choice (option_id, choice_id) VALUES ('d3d55bb1-ef9d-4b9a-b1b9-8e4375e7dbd0', '3cd706fd-aa14-4a12-b98e-b9aa86dd7942');
INSERT INTO option_choice (option_id, choice_id) VALUES ('c6bb5cf5-3828-4747-8bb2-776e9deaeb04', '3cd706fd-aa14-4a12-b98e-b9aa86dd7942');
INSERT INTO choice (id, questionnaire_id, interviewee_id) VALUES ('a208553c-a945-43c5-9ad2-78be02119b23', '309e872a-e145-4926-998b-ec0fdb62466a', '44a5f166-e9a8-49b5-b587-3bd927e7ccad');
INSERT INTO option_choice (option_id, choice_id) VALUES ('8ccfc598-c3a0-4ad2-a052-f4e6e3edc252', 'a208553c-a945-43c5-9ad2-78be02119b23');
INSERT INTO option_choice (option_id, choice_id) VALUES ('4579f5ab-3007-4302-aa53-456cd440599b', 'a208553c-a945-43c5-9ad2-78be02119b23');
INSERT INTO choice (id, questionnaire_id, interviewee_id) VALUES ('85269348-9c84-46a1-96c2-5c00ef40743f', '342b973f-a1d1-4062-a073-fb80b6195e1a', '44a5f166-e9a8-49b5-b587-3bd927e7ccad');
INSERT INTO option_choice (option_id, choice_id) VALUES ('d84282d4-6002-4289-bb10-cb7bfd2e906b', '85269348-9c84-46a1-96c2-5c00ef40743f');
INSERT INTO interviewee (id, login, password, age, gender, country, marital_status) VALUES ('cd7ed5d0-8317-46a2-afa7-d11b8c651eae', 'interviewee909', 'qwerty', 59, 'male', 'OM', 'married');
INSERT INTO choice (id, questionnaire_id, interviewee_id) VALUES ('5c5070c8-a35c-4f71-bafb-4b9271cf5d11', '557cb630-d2f4-4e11-afe9-d50534deb525', 'cd7ed5d0-8317-46a2-afa7-d11b8c651eae');
INSERT INTO option_choice (option_id, choice_id) VALUES ('b633afa9-c11d-4aab-b450-ffbcfde02318', '5c5070c8-a35c-4f71-bafb-4b9271cf5d11');
INSERT INTO interviewee (id, login, password, age, gender, country, marital_status) VALUES ('de43aacc-f6ec-4fdc-bf99-21630ef8e9a2', 'interviewee910', 'qwerty', 28, 'male', 'CL', 'was_not_married');
INSERT INTO choice (id, questionnaire_id, interviewee_id) VALUES ('aecadb2c-e161-4faf-9007-996ff2d5e913', 'a7e484ae-fb91-4ddf-a8c0-869a7f4ad0ee', 'de43aacc-f6ec-4fdc-bf99-21630ef8e9a2');
INSERT INTO option_choice (option_id, choice_id) VALUES ('c2e66b7f-cc24-45a4-a017-7a4d25149a85', 'aecadb2c-e161-4faf-9007-996ff2d5e913');
INSERT INTO interviewee (id, login, password, age, gender, country, marital_status) VALUES ('681aa6af-3e24-4a9d-a9a9-582c3188461a', 'interviewee911', 'qwerty', 44, 'female', 'DO', 'divorced');
INSERT INTO choice (id, questionnaire_id, interviewee_id) VALUES ('68753d14-20fa-48b7-92ce-a8d896384761', '1a336595-020d-4026-a389-afd9a80cf707', '681aa6af-3e24-4a9d-a9a9-582c3188461a');
INSERT INTO option_choice (option_id, choice_id) VALUES ('15439bd9-6ff1-4651-a545-60ef7679f375', '68753d14-20fa-48b7-92ce-a8d896384761');
INSERT INTO choice (id, questionnaire_id, interviewee_id) VALUES ('fdc3ffab-17e4-40ef-b46e-2367d717f3bd', '8adfa259-7459-4497-b994-7101058c39c1', '681aa6af-3e24-4a9d-a9a9-582c3188461a');
INSERT INTO option_choice (option_id, choice_id) VALUES ('7d64ec60-4b16-49eb-a0c6-4af24c3b1767', 'fdc3ffab-17e4-40ef-b46e-2367d717f3bd');
INSERT INTO option_choice (option_id, choice_id) VALUES ('502fb96b-685d-47da-86bb-f40e1e8f57ef', 'fdc3ffab-17e4-40ef-b46e-2367d717f3bd');
INSERT INTO option_choice (option_id, choice_id) VALUES ('9e45c288-be30-427f-be35-83a5171e2b4d', 'fdc3ffab-17e4-40ef-b46e-2367d717f3bd');
INSERT INTO option_choice (option_id, choice_id) VALUES ('968d6b86-376e-4d23-9555-89ee1d638c1c', 'fdc3ffab-17e4-40ef-b46e-2367d717f3bd');
INSERT INTO option_choice (option_id, choice_id) VALUES ('0c96072b-cf70-4fde-8afb-27bf8c3f7a8b', 'fdc3ffab-17e4-40ef-b46e-2367d717f3bd');
INSERT INTO interviewee (id, login, password, age, gender, country, marital_status) VALUES ('35742592-59bf-4db6-9902-a14124004a1c', 'interviewee912', 'qwerty', 26, 'female', 'GD', 'was_not_married');
INSERT INTO choice (id, questionnaire_id, interviewee_id) VALUES ('2e3e551f-bc19-4c54-ba85-30b5f49bf21f', 'bf8da1bc-7284-44d0-a7c0-4e0321978aa0', '35742592-59bf-4db6-9902-a14124004a1c');
INSERT INTO option_choice (option_id, choice_id) VALUES ('1690438b-db39-4933-b62c-4f692bce0c76', '2e3e551f-bc19-4c54-ba85-30b5f49bf21f');
INSERT INTO choice (id, questionnaire_id, interviewee_id) VALUES ('d5ec1366-bbc2-453e-b276-a5bdf7a59873', '342b973f-a1d1-4062-a073-fb80b6195e1a', '35742592-59bf-4db6-9902-a14124004a1c');
INSERT INTO option_choice (option_id, choice_id) VALUES ('a95386af-e627-4a57-adc2-0009818da88b', 'd5ec1366-bbc2-453e-b276-a5bdf7a59873');
INSERT INTO option_choice (option_id, choice_id) VALUES ('47afaa62-a5ba-4be6-81b8-673fae59c987', 'd5ec1366-bbc2-453e-b276-a5bdf7a59873');
INSERT INTO choice (id, questionnaire_id, interviewee_id) VALUES ('37abd2b9-d09e-4203-97b0-152f57e1840f', '0b6580ec-1374-4a48-ad1d-b1fa316ad9be', '35742592-59bf-4db6-9902-a14124004a1c');
INSERT INTO option_choice (option_id, choice_id) VALUES ('68263915-d7e9-4ac6-9c14-f48cf8807857', '37abd2b9-d09e-4203-97b0-152f57e1840f');
INSERT INTO option_choice (option_id, choice_id) VALUES ('82be4575-892d-453a-b3d9-0827c6b6d6df', '37abd2b9-d09e-4203-97b0-152f57e1840f');
INSERT INTO option_choice (option_id, choice_id) VALUES ('82cec316-48c4-48d4-9d69-8a67e9d22eca', '37abd2b9-d09e-4203-97b0-152f57e1840f');
INSERT INTO option_choice (option_id, choice_id) VALUES ('a518cc4d-143a-45ca-b29f-a7c53dacc773', '37abd2b9-d09e-4203-97b0-152f57e1840f');
INSERT INTO interviewee (id, login, password, age, gender, country, marital_status) VALUES ('363654af-db33-4d8e-854e-8cb080fb2aa3', 'interviewee913', 'qwerty', 23, 'male', 'NR', 'divorced');
INSERT INTO choice (id, questionnaire_id, interviewee_id) VALUES ('01cd867a-dc13-405e-a2f6-b30701ca1d23', '342b973f-a1d1-4062-a073-fb80b6195e1a', '363654af-db33-4d8e-854e-8cb080fb2aa3');
INSERT INTO option_choice (option_id, choice_id) VALUES ('d84282d4-6002-4289-bb10-cb7bfd2e906b', '01cd867a-dc13-405e-a2f6-b30701ca1d23');
INSERT INTO interviewee (id, login, password, age, gender, country, marital_status) VALUES ('f8dd1ce6-85a2-45e6-b81c-f33d5c5ae530', 'interviewee914', 'qwerty', 25, 'male', 'KN', 'divorced');
INSERT INTO choice (id, questionnaire_id, interviewee_id) VALUES ('8bb7b369-d4e2-433b-a58d-90eb8eb046f5', '342b973f-a1d1-4062-a073-fb80b6195e1a', 'f8dd1ce6-85a2-45e6-b81c-f33d5c5ae530');
INSERT INTO option_choice (option_id, choice_id) VALUES ('d84282d4-6002-4289-bb10-cb7bfd2e906b', '8bb7b369-d4e2-433b-a58d-90eb8eb046f5');
INSERT INTO option_choice (option_id, choice_id) VALUES ('a95386af-e627-4a57-adc2-0009818da88b', '8bb7b369-d4e2-433b-a58d-90eb8eb046f5');
INSERT INTO choice (id, questionnaire_id, interviewee_id) VALUES ('0aacff4b-770f-4c4b-9183-7f706830652c', 'e2cf177f-e49f-4aef-99a6-095d711c6ec2', 'f8dd1ce6-85a2-45e6-b81c-f33d5c5ae530');
INSERT INTO option_choice (option_id, choice_id) VALUES ('1b5e4a41-da4c-4845-8698-5ed9deee3ca2', '0aacff4b-770f-4c4b-9183-7f706830652c');
INSERT INTO interviewee (id, login, password, age, gender, country, marital_status) VALUES ('ad180e04-97cb-4086-af83-7e518e5404ac', 'interviewee915', 'qwerty', 34, 'male', 'NZ', 'divorced');
INSERT INTO choice (id, questionnaire_id, interviewee_id) VALUES ('efa0dda9-a144-4159-948b-7449d723e589', 'a345b682-c7ac-49ac-9f14-4f5173a872d8', 'ad180e04-97cb-4086-af83-7e518e5404ac');
INSERT INTO option_choice (option_id, choice_id) VALUES ('faa6ab11-59ef-4e3b-aa30-88fe576f7451', 'efa0dda9-a144-4159-948b-7449d723e589');
INSERT INTO choice (id, questionnaire_id, interviewee_id) VALUES ('ee37334a-99ff-4a3e-8508-162c34d26acd', 'e679f6e5-388e-4679-9f14-15a0896d2816', 'ad180e04-97cb-4086-af83-7e518e5404ac');
INSERT INTO option_choice (option_id, choice_id) VALUES ('7fc08a6e-900b-45ea-b455-29a8eb343039', 'ee37334a-99ff-4a3e-8508-162c34d26acd');
INSERT INTO option_choice (option_id, choice_id) VALUES ('f62b7b4d-17f1-4686-9782-f0b454d6f390', 'ee37334a-99ff-4a3e-8508-162c34d26acd');
INSERT INTO option_choice (option_id, choice_id) VALUES ('5169914a-cf41-4077-8993-1322df09c3da', 'ee37334a-99ff-4a3e-8508-162c34d26acd');
INSERT INTO choice (id, questionnaire_id, interviewee_id) VALUES ('0a08d531-cf56-4b99-a92e-dbee92cc9171', '83dbd16d-6765-468d-944f-022d10d042e5', 'ad180e04-97cb-4086-af83-7e518e5404ac');
INSERT INTO option_choice (option_id, choice_id) VALUES ('eee0aab7-8b77-4c19-b028-648aa7e303ed', '0a08d531-cf56-4b99-a92e-dbee92cc9171');
INSERT INTO option_choice (option_id, choice_id) VALUES ('176e8036-bece-46c0-beb2-71eb28a41f51', '0a08d531-cf56-4b99-a92e-dbee92cc9171');
INSERT INTO option_choice (option_id, choice_id) VALUES ('d8a63395-3425-4d1b-95be-b38dc31cb0af', '0a08d531-cf56-4b99-a92e-dbee92cc9171');
INSERT INTO interviewee (id, login, password, age, gender, country, marital_status) VALUES ('c3e9a4be-93f9-448a-80eb-0a48477e9f28', 'interviewee916', 'qwerty', 41, 'female', 'AO', 'married');
INSERT INTO choice (id, questionnaire_id, interviewee_id) VALUES ('1ed3de51-fd67-41e2-a8df-3a87920ad447', 'af6f1431-a90e-4919-83a4-359d6a8a7d22', 'c3e9a4be-93f9-448a-80eb-0a48477e9f28');
INSERT INTO option_choice (option_id, choice_id) VALUES ('1d5c1c89-2fbe-4efd-aab1-12329e29ad0f', '1ed3de51-fd67-41e2-a8df-3a87920ad447');
INSERT INTO interviewee (id, login, password, age, gender, country, marital_status) VALUES ('c2e59d4a-7071-4194-b319-49aafb44ba81', 'interviewee917', 'qwerty', 69, 'male', 'PM', 'married');
INSERT INTO choice (id, questionnaire_id, interviewee_id) VALUES ('febbc280-1cb2-441a-a298-241ad5cc56bd', 'afb83fe3-e755-403b-9a15-c18b3782c012', 'c2e59d4a-7071-4194-b319-49aafb44ba81');
INSERT INTO option_choice (option_id, choice_id) VALUES ('20880a56-05fa-464a-90ad-faf02a83fa77', 'febbc280-1cb2-441a-a298-241ad5cc56bd');
INSERT INTO choice (id, questionnaire_id, interviewee_id) VALUES ('ad2344ac-2a3b-4d59-8f36-6824a7fb8aa7', '0b6580ec-1374-4a48-ad1d-b1fa316ad9be', 'c2e59d4a-7071-4194-b319-49aafb44ba81');
INSERT INTO option_choice (option_id, choice_id) VALUES ('82be4575-892d-453a-b3d9-0827c6b6d6df', 'ad2344ac-2a3b-4d59-8f36-6824a7fb8aa7');
INSERT INTO option_choice (option_id, choice_id) VALUES ('a518cc4d-143a-45ca-b29f-a7c53dacc773', 'ad2344ac-2a3b-4d59-8f36-6824a7fb8aa7');
INSERT INTO option_choice (option_id, choice_id) VALUES ('82cec316-48c4-48d4-9d69-8a67e9d22eca', 'ad2344ac-2a3b-4d59-8f36-6824a7fb8aa7');
INSERT INTO interviewee (id, login, password, age, gender, country, marital_status) VALUES ('95f1bd76-aece-496d-b108-b04bc5d3045a', 'interviewee918', 'qwerty', 32, 'male', 'MK', 'married');
INSERT INTO choice (id, questionnaire_id, interviewee_id) VALUES ('99a36777-2038-47a1-9566-885040bad25d', 'e2cf177f-e49f-4aef-99a6-095d711c6ec2', '95f1bd76-aece-496d-b108-b04bc5d3045a');
INSERT INTO option_choice (option_id, choice_id) VALUES ('1b5e4a41-da4c-4845-8698-5ed9deee3ca2', '99a36777-2038-47a1-9566-885040bad25d');
INSERT INTO choice (id, questionnaire_id, interviewee_id) VALUES ('720ef64b-a3a4-44fa-8e0b-d8c993bff876', '8902d50d-0421-4680-82f2-f2b1b667e3fd', '95f1bd76-aece-496d-b108-b04bc5d3045a');
INSERT INTO option_choice (option_id, choice_id) VALUES ('699e6428-3838-43e4-88f0-8fa31ae6d648', '720ef64b-a3a4-44fa-8e0b-d8c993bff876');
INSERT INTO choice (id, questionnaire_id, interviewee_id) VALUES ('8f592166-8382-41f2-8b80-42ddf3b2879d', '1a336595-020d-4026-a389-afd9a80cf707', '95f1bd76-aece-496d-b108-b04bc5d3045a');
INSERT INTO option_choice (option_id, choice_id) VALUES ('fb8edb03-709f-43c3-9875-7ba762e529a6', '8f592166-8382-41f2-8b80-42ddf3b2879d');
INSERT INTO interviewee (id, login, password, age, gender, country, marital_status) VALUES ('94b37bf2-bccd-4109-9ef3-d96c170ccf52', 'interviewee919', 'qwerty', 33, 'female', 'PY', 'was_not_married');
INSERT INTO choice (id, questionnaire_id, interviewee_id) VALUES ('556e27e3-31e8-4d9a-bcab-9231e179586f', 'afb83fe3-e755-403b-9a15-c18b3782c012', '94b37bf2-bccd-4109-9ef3-d96c170ccf52');
INSERT INTO option_choice (option_id, choice_id) VALUES ('20880a56-05fa-464a-90ad-faf02a83fa77', '556e27e3-31e8-4d9a-bcab-9231e179586f');
INSERT INTO interviewee (id, login, password, age, gender, country, marital_status) VALUES ('83712f63-5c8e-436e-bec8-72a0d74845a1', 'interviewee920', 'qwerty', 29, 'female', 'IN', 'married');
INSERT INTO choice (id, questionnaire_id, interviewee_id) VALUES ('8495ef82-f83d-4d13-b3bb-7ccce5dd3140', 'f680addd-a0b2-4101-9e1f-5e0870943c68', '83712f63-5c8e-436e-bec8-72a0d74845a1');
INSERT INTO option_choice (option_id, choice_id) VALUES ('cfde0373-91b9-46f9-bc0d-a137a713d2d7', '8495ef82-f83d-4d13-b3bb-7ccce5dd3140');
INSERT INTO option_choice (option_id, choice_id) VALUES ('5e0b63d0-2a10-4ab5-a66a-a47615b50b03', '8495ef82-f83d-4d13-b3bb-7ccce5dd3140');
INSERT INTO choice (id, questionnaire_id, interviewee_id) VALUES ('fc9ef4c6-0eea-4403-a2e6-9b591310f3a4', '557cb630-d2f4-4e11-afe9-d50534deb525', '83712f63-5c8e-436e-bec8-72a0d74845a1');
INSERT INTO option_choice (option_id, choice_id) VALUES ('78cbec79-315d-4cd7-92bb-beb18eab98e5', 'fc9ef4c6-0eea-4403-a2e6-9b591310f3a4');
INSERT INTO interviewee (id, login, password, age, gender, country, marital_status) VALUES ('9652541b-d8a3-4daa-9a19-5d7b6121cd68', 'interviewee921', 'qwerty', 38, 'female', 'UM', 'was_not_married');
INSERT INTO choice (id, questionnaire_id, interviewee_id) VALUES ('c3eac6c5-1b71-4387-99a0-66bf3d64b846', '309e872a-e145-4926-998b-ec0fdb62466a', '9652541b-d8a3-4daa-9a19-5d7b6121cd68');
INSERT INTO option_choice (option_id, choice_id) VALUES ('926da358-7388-4aea-b601-42bcfcd8c071', 'c3eac6c5-1b71-4387-99a0-66bf3d64b846');
INSERT INTO option_choice (option_id, choice_id) VALUES ('8ccfc598-c3a0-4ad2-a052-f4e6e3edc252', 'c3eac6c5-1b71-4387-99a0-66bf3d64b846');
INSERT INTO interviewee (id, login, password, age, gender, country, marital_status) VALUES ('bf7ff5a6-b378-4548-a143-09d4da8c20ae', 'interviewee922', 'qwerty', 30, 'female', 'MN', 'was_not_married');
INSERT INTO choice (id, questionnaire_id, interviewee_id) VALUES ('82108472-0a92-4704-be91-d1da9726e9b4', 'b5ae5620-2d58-48f5-a060-28e8fd1859dd', 'bf7ff5a6-b378-4548-a143-09d4da8c20ae');
INSERT INTO option_choice (option_id, choice_id) VALUES ('6d0af933-e0cd-405e-8ecb-b04a62b5d13f', '82108472-0a92-4704-be91-d1da9726e9b4');
INSERT INTO interviewee (id, login, password, age, gender, country, marital_status) VALUES ('9d8776e4-d0bf-4ead-881f-677448c73c77', 'interviewee923', 'qwerty', 21, 'female', 'LT', 'was_not_married');
INSERT INTO choice (id, questionnaire_id, interviewee_id) VALUES ('1fba9625-bf04-476b-87da-1bafa207b80f', 'f680addd-a0b2-4101-9e1f-5e0870943c68', '9d8776e4-d0bf-4ead-881f-677448c73c77');
INSERT INTO option_choice (option_id, choice_id) VALUES ('521ef3a0-411b-4392-8393-62ed9a638949', '1fba9625-bf04-476b-87da-1bafa207b80f');
INSERT INTO option_choice (option_id, choice_id) VALUES ('cfde0373-91b9-46f9-bc0d-a137a713d2d7', '1fba9625-bf04-476b-87da-1bafa207b80f');
INSERT INTO option_choice (option_id, choice_id) VALUES ('5e0b63d0-2a10-4ab5-a66a-a47615b50b03', '1fba9625-bf04-476b-87da-1bafa207b80f');
INSERT INTO choice (id, questionnaire_id, interviewee_id) VALUES ('4493591d-4481-49ea-ba70-af1a158367c0', 'a345b682-c7ac-49ac-9f14-4f5173a872d8', '9d8776e4-d0bf-4ead-881f-677448c73c77');
INSERT INTO option_choice (option_id, choice_id) VALUES ('4389db4e-2a8b-43f8-8643-dd6f5a5f160e', '4493591d-4481-49ea-ba70-af1a158367c0');
INSERT INTO interviewee (id, login, password, age, gender, country, marital_status) VALUES ('db4685ff-60f4-461d-8d42-3684b5975fe6', 'interviewee924', 'qwerty', 44, 'female', 'GI', 'divorced');
INSERT INTO choice (id, questionnaire_id, interviewee_id) VALUES ('740fdac0-15a0-4c8f-9f12-f2a7aa2e7093', 'e2cf177f-e49f-4aef-99a6-095d711c6ec2', 'db4685ff-60f4-461d-8d42-3684b5975fe6');
INSERT INTO option_choice (option_id, choice_id) VALUES ('1b5e4a41-da4c-4845-8698-5ed9deee3ca2', '740fdac0-15a0-4c8f-9f12-f2a7aa2e7093');
INSERT INTO choice (id, questionnaire_id, interviewee_id) VALUES ('7b2857c4-bc96-4077-8df0-f10e7046712e', '6a34c81d-d686-4ce4-8e2f-ec3d2ba47346', 'db4685ff-60f4-461d-8d42-3684b5975fe6');
INSERT INTO option_choice (option_id, choice_id) VALUES ('7a83da6c-611b-4c33-a2e2-ddf398a170bc', '7b2857c4-bc96-4077-8df0-f10e7046712e');
INSERT INTO interviewee (id, login, password, age, gender, country, marital_status) VALUES ('53194380-19f8-4c1b-80fe-18ae662046c1', 'interviewee925', 'qwerty', 51, 'female', 'AM', 'married');
INSERT INTO choice (id, questionnaire_id, interviewee_id) VALUES ('74fa4ec8-061b-4ac7-af10-65d2ca796857', 'd05638df-f11c-413d-8456-ee036bed2914', '53194380-19f8-4c1b-80fe-18ae662046c1');
INSERT INTO option_choice (option_id, choice_id) VALUES ('b0557de3-6b66-4e79-b1ac-c2b8f0a5096b', '74fa4ec8-061b-4ac7-af10-65d2ca796857');
INSERT INTO choice (id, questionnaire_id, interviewee_id) VALUES ('00ad90df-1ccb-4aa0-a196-6d1ea560fe50', '91a16ec4-1a91-44d1-bb08-6e9fc823c230', '53194380-19f8-4c1b-80fe-18ae662046c1');
INSERT INTO option_choice (option_id, choice_id) VALUES ('cab8632d-19dd-4ddc-9c90-669949088fa5', '00ad90df-1ccb-4aa0-a196-6d1ea560fe50');
INSERT INTO option_choice (option_id, choice_id) VALUES ('690b73cc-52e3-435d-a3bd-78733e5fdeaf', '00ad90df-1ccb-4aa0-a196-6d1ea560fe50');
INSERT INTO option_choice (option_id, choice_id) VALUES ('5b32da45-be75-42c8-8fa7-ba776167a759', '00ad90df-1ccb-4aa0-a196-6d1ea560fe50');
INSERT INTO choice (id, questionnaire_id, interviewee_id) VALUES ('c6ac2958-038d-44db-a390-a423499850d3', '83dbd16d-6765-468d-944f-022d10d042e5', '53194380-19f8-4c1b-80fe-18ae662046c1');
INSERT INTO option_choice (option_id, choice_id) VALUES ('d6416cf3-39f7-4cf9-ba84-314605b84d03', 'c6ac2958-038d-44db-a390-a423499850d3');
INSERT INTO option_choice (option_id, choice_id) VALUES ('176e8036-bece-46c0-beb2-71eb28a41f51', 'c6ac2958-038d-44db-a390-a423499850d3');
INSERT INTO option_choice (option_id, choice_id) VALUES ('eee0aab7-8b77-4c19-b028-648aa7e303ed', 'c6ac2958-038d-44db-a390-a423499850d3');
INSERT INTO interviewee (id, login, password, age, gender, country, marital_status) VALUES ('60f47114-50b8-4672-9535-9341ac0e8173', 'interviewee926', 'qwerty', 53, 'female', 'FO', 'was_not_married');
INSERT INTO choice (id, questionnaire_id, interviewee_id) VALUES ('6ad3f85f-bd89-4459-9a08-174024780303', 'bf8da1bc-7284-44d0-a7c0-4e0321978aa0', '60f47114-50b8-4672-9535-9341ac0e8173');
INSERT INTO option_choice (option_id, choice_id) VALUES ('fbbdfd34-e2c5-4e0b-b98a-d33f6f4fac06', '6ad3f85f-bd89-4459-9a08-174024780303');
INSERT INTO choice (id, questionnaire_id, interviewee_id) VALUES ('92af157d-c68b-4ca9-a78a-2434e5d203df', '91a16ec4-1a91-44d1-bb08-6e9fc823c230', '60f47114-50b8-4672-9535-9341ac0e8173');
INSERT INTO option_choice (option_id, choice_id) VALUES ('cab8632d-19dd-4ddc-9c90-669949088fa5', '92af157d-c68b-4ca9-a78a-2434e5d203df');
INSERT INTO option_choice (option_id, choice_id) VALUES ('5b32da45-be75-42c8-8fa7-ba776167a759', '92af157d-c68b-4ca9-a78a-2434e5d203df');
INSERT INTO choice (id, questionnaire_id, interviewee_id) VALUES ('0cf5cb80-9e35-4c01-8938-831c803892f4', 'a7e484ae-fb91-4ddf-a8c0-869a7f4ad0ee', '60f47114-50b8-4672-9535-9341ac0e8173');
INSERT INTO option_choice (option_id, choice_id) VALUES ('5833b1ae-14b5-474e-8178-69dc98fc720e', '0cf5cb80-9e35-4c01-8938-831c803892f4');
INSERT INTO interviewee (id, login, password, age, gender, country, marital_status) VALUES ('a39cb221-e68e-49ae-b520-70d305f46444', 'interviewee927', 'qwerty', 64, 'female', 'HM', 'was_not_married');
INSERT INTO choice (id, questionnaire_id, interviewee_id) VALUES ('d430abca-e5ee-45af-93a3-aca041b95413', 'a2f7d656-4675-4d99-9435-95cbe535c6c1', 'a39cb221-e68e-49ae-b520-70d305f46444');
INSERT INTO option_choice (option_id, choice_id) VALUES ('c6bb5cf5-3828-4747-8bb2-776e9deaeb04', 'd430abca-e5ee-45af-93a3-aca041b95413');
INSERT INTO choice (id, questionnaire_id, interviewee_id) VALUES ('9ed44ae4-5589-400b-b80e-15c445335eef', '1a336595-020d-4026-a389-afd9a80cf707', 'a39cb221-e68e-49ae-b520-70d305f46444');
INSERT INTO option_choice (option_id, choice_id) VALUES ('22762ef8-944e-46b0-a7e0-4e990383e528', '9ed44ae4-5589-400b-b80e-15c445335eef');
INSERT INTO choice (id, questionnaire_id, interviewee_id) VALUES ('df4f898d-73bb-4eef-b386-13559934216b', '8adfa259-7459-4497-b994-7101058c39c1', 'a39cb221-e68e-49ae-b520-70d305f46444');
INSERT INTO option_choice (option_id, choice_id) VALUES ('9e45c288-be30-427f-be35-83a5171e2b4d', 'df4f898d-73bb-4eef-b386-13559934216b');
INSERT INTO interviewee (id, login, password, age, gender, country, marital_status) VALUES ('0f57830c-4b76-47aa-b4cd-8459f3dba72d', 'interviewee928', 'qwerty', 50, 'female', 'PL', 'was_not_married');
INSERT INTO choice (id, questionnaire_id, interviewee_id) VALUES ('65a2bded-7d3f-4fc9-aa50-e9b67221553d', '0b6580ec-1374-4a48-ad1d-b1fa316ad9be', '0f57830c-4b76-47aa-b4cd-8459f3dba72d');
INSERT INTO option_choice (option_id, choice_id) VALUES ('68263915-d7e9-4ac6-9c14-f48cf8807857', '65a2bded-7d3f-4fc9-aa50-e9b67221553d');
INSERT INTO interviewee (id, login, password, age, gender, country, marital_status) VALUES ('9e15d3da-2950-4f0e-97ee-6c0f0a96095f', 'interviewee929', 'qwerty', 29, 'female', 'ES', 'married');
INSERT INTO choice (id, questionnaire_id, interviewee_id) VALUES ('b5730924-e581-4302-a157-5d82810de9b9', '56c296cd-7c3b-4eb1-90cb-745e555a098c', '9e15d3da-2950-4f0e-97ee-6c0f0a96095f');
INSERT INTO option_choice (option_id, choice_id) VALUES ('75d9d333-93f8-42f6-be3b-9a5a24aa476c', 'b5730924-e581-4302-a157-5d82810de9b9');
INSERT INTO option_choice (option_id, choice_id) VALUES ('e2f977a1-4767-4f5b-b056-27e45348cf1a', 'b5730924-e581-4302-a157-5d82810de9b9');
INSERT INTO choice (id, questionnaire_id, interviewee_id) VALUES ('3ab0af61-d1da-410f-ad83-4d6acf4720d8', '8902d50d-0421-4680-82f2-f2b1b667e3fd', '9e15d3da-2950-4f0e-97ee-6c0f0a96095f');
INSERT INTO option_choice (option_id, choice_id) VALUES ('b9a164f5-2a94-487b-874f-f3bdc79ee4e3', '3ab0af61-d1da-410f-ad83-4d6acf4720d8');
INSERT INTO interviewee (id, login, password, age, gender, country, marital_status) VALUES ('36aa2330-8440-43af-b28d-b20624ea3aa9', 'interviewee930', 'qwerty', 61, 'female', 'FI', 'was_not_married');
INSERT INTO choice (id, questionnaire_id, interviewee_id) VALUES ('23d8de2e-9ef3-46a2-9ae9-21cdd375c91d', '557cb630-d2f4-4e11-afe9-d50534deb525', '36aa2330-8440-43af-b28d-b20624ea3aa9');
INSERT INTO option_choice (option_id, choice_id) VALUES ('84999604-dd85-4536-a3fc-0dc6006d4d23', '23d8de2e-9ef3-46a2-9ae9-21cdd375c91d');
INSERT INTO choice (id, questionnaire_id, interviewee_id) VALUES ('2e292f54-81fd-4fc8-9e5d-b4604d92dcdb', 'a7e484ae-fb91-4ddf-a8c0-869a7f4ad0ee', '36aa2330-8440-43af-b28d-b20624ea3aa9');
INSERT INTO option_choice (option_id, choice_id) VALUES ('5833b1ae-14b5-474e-8178-69dc98fc720e', '2e292f54-81fd-4fc8-9e5d-b4604d92dcdb');
INSERT INTO interviewee (id, login, password, age, gender, country, marital_status) VALUES ('8f1efdec-1331-4c2a-9c83-199fee0a66d1', 'interviewee931', 'qwerty', 25, 'female', 'SM', 'divorced');
INSERT INTO choice (id, questionnaire_id, interviewee_id) VALUES ('852fedff-6fb4-4999-b39d-1b6b1a6579a1', '83dbd16d-6765-468d-944f-022d10d042e5', '8f1efdec-1331-4c2a-9c83-199fee0a66d1');
INSERT INTO option_choice (option_id, choice_id) VALUES ('eee0aab7-8b77-4c19-b028-648aa7e303ed', '852fedff-6fb4-4999-b39d-1b6b1a6579a1');
INSERT INTO option_choice (option_id, choice_id) VALUES ('176e8036-bece-46c0-beb2-71eb28a41f51', '852fedff-6fb4-4999-b39d-1b6b1a6579a1');
INSERT INTO option_choice (option_id, choice_id) VALUES ('d6416cf3-39f7-4cf9-ba84-314605b84d03', '852fedff-6fb4-4999-b39d-1b6b1a6579a1');
INSERT INTO interviewee (id, login, password, age, gender, country, marital_status) VALUES ('9bd92d67-9ba5-4e17-8052-cc21023cc34a', 'interviewee932', 'qwerty', 59, 'female', 'KI', 'married');
INSERT INTO choice (id, questionnaire_id, interviewee_id) VALUES ('eaa883a2-e745-4ff0-a28b-d3e8ed7a3505', 'e679f6e5-388e-4679-9f14-15a0896d2816', '9bd92d67-9ba5-4e17-8052-cc21023cc34a');
INSERT INTO option_choice (option_id, choice_id) VALUES ('7fc08a6e-900b-45ea-b455-29a8eb343039', 'eaa883a2-e745-4ff0-a28b-d3e8ed7a3505');
INSERT INTO option_choice (option_id, choice_id) VALUES ('01fc26e1-e8f8-407f-a1b8-6af243e9c3dd', 'eaa883a2-e745-4ff0-a28b-d3e8ed7a3505');
INSERT INTO option_choice (option_id, choice_id) VALUES ('ae13d28d-5670-495b-a9e0-d0949dab86e3', 'eaa883a2-e745-4ff0-a28b-d3e8ed7a3505');
INSERT INTO option_choice (option_id, choice_id) VALUES ('5169914a-cf41-4077-8993-1322df09c3da', 'eaa883a2-e745-4ff0-a28b-d3e8ed7a3505');
INSERT INTO option_choice (option_id, choice_id) VALUES ('f62b7b4d-17f1-4686-9782-f0b454d6f390', 'eaa883a2-e745-4ff0-a28b-d3e8ed7a3505');
INSERT INTO option_choice (option_id, choice_id) VALUES ('3ee9dd0f-6306-4f8b-bdec-27347884621a', 'eaa883a2-e745-4ff0-a28b-d3e8ed7a3505');
INSERT INTO choice (id, questionnaire_id, interviewee_id) VALUES ('6e1485c0-c17a-437b-86f2-cb91a908158d', '91a16ec4-1a91-44d1-bb08-6e9fc823c230', '9bd92d67-9ba5-4e17-8052-cc21023cc34a');
INSERT INTO option_choice (option_id, choice_id) VALUES ('5b32da45-be75-42c8-8fa7-ba776167a759', '6e1485c0-c17a-437b-86f2-cb91a908158d');
INSERT INTO interviewee (id, login, password, age, gender, country, marital_status) VALUES ('27092805-8a2a-419b-8fa1-837331eca92a', 'interviewee933', 'qwerty', 39, 'male', 'SO', 'married');
INSERT INTO choice (id, questionnaire_id, interviewee_id) VALUES ('cc208472-34ee-4a07-98c7-ce7089071773', 'a2f7d656-4675-4d99-9435-95cbe535c6c1', '27092805-8a2a-419b-8fa1-837331eca92a');
INSERT INTO option_choice (option_id, choice_id) VALUES ('ced72831-705a-4153-849e-71a73e5a7d3c', 'cc208472-34ee-4a07-98c7-ce7089071773');
INSERT INTO option_choice (option_id, choice_id) VALUES ('930526a4-2714-4f39-831c-55b3185bd967', 'cc208472-34ee-4a07-98c7-ce7089071773');
INSERT INTO option_choice (option_id, choice_id) VALUES ('c6bb5cf5-3828-4747-8bb2-776e9deaeb04', 'cc208472-34ee-4a07-98c7-ce7089071773');
INSERT INTO interviewee (id, login, password, age, gender, country, marital_status) VALUES ('35dc692c-faa2-4d2e-81c8-e90603b74b08', 'interviewee934', 'qwerty', 26, 'male', 'CD', 'divorced');
INSERT INTO choice (id, questionnaire_id, interviewee_id) VALUES ('92ccf96b-2ec9-43f9-9e31-c7680bbfa8df', '8902d50d-0421-4680-82f2-f2b1b667e3fd', '35dc692c-faa2-4d2e-81c8-e90603b74b08');
INSERT INTO option_choice (option_id, choice_id) VALUES ('cbdaf253-f6a6-406f-a288-e0397682e9f8', '92ccf96b-2ec9-43f9-9e31-c7680bbfa8df');
INSERT INTO choice (id, questionnaire_id, interviewee_id) VALUES ('609e064b-4afd-45d1-ae1b-686d47315c54', 'e2cf177f-e49f-4aef-99a6-095d711c6ec2', '35dc692c-faa2-4d2e-81c8-e90603b74b08');
INSERT INTO option_choice (option_id, choice_id) VALUES ('242c02d5-0f4b-4e89-976f-3754854f478c', '609e064b-4afd-45d1-ae1b-686d47315c54');
INSERT INTO interviewee (id, login, password, age, gender, country, marital_status) VALUES ('8d2e5b9e-1643-4429-a3d3-b1d78082b187', 'interviewee935', 'qwerty', 22, 'male', 'PN', 'married');
INSERT INTO choice (id, questionnaire_id, interviewee_id) VALUES ('68464cf0-753d-401a-978c-f59f964d3dee', '91a16ec4-1a91-44d1-bb08-6e9fc823c230', '8d2e5b9e-1643-4429-a3d3-b1d78082b187');
INSERT INTO option_choice (option_id, choice_id) VALUES ('cab8632d-19dd-4ddc-9c90-669949088fa5', '68464cf0-753d-401a-978c-f59f964d3dee');
INSERT INTO option_choice (option_id, choice_id) VALUES ('690b73cc-52e3-435d-a3bd-78733e5fdeaf', '68464cf0-753d-401a-978c-f59f964d3dee');
INSERT INTO option_choice (option_id, choice_id) VALUES ('5b32da45-be75-42c8-8fa7-ba776167a759', '68464cf0-753d-401a-978c-f59f964d3dee');
INSERT INTO option_choice (option_id, choice_id) VALUES ('fbc23714-2c99-4441-8130-94075c78f6e8', '68464cf0-753d-401a-978c-f59f964d3dee');
INSERT INTO interviewee (id, login, password, age, gender, country, marital_status) VALUES ('948f6269-a4bc-4395-a1c6-1aef81d540ff', 'interviewee936', 'qwerty', 48, 'male', 'TT', 'was_not_married');
INSERT INTO choice (id, questionnaire_id, interviewee_id) VALUES ('20dc7579-95cf-4244-a8dc-d2971f5b7163', 'a345b682-c7ac-49ac-9f14-4f5173a872d8', '948f6269-a4bc-4395-a1c6-1aef81d540ff');
INSERT INTO option_choice (option_id, choice_id) VALUES ('faa6ab11-59ef-4e3b-aa30-88fe576f7451', '20dc7579-95cf-4244-a8dc-d2971f5b7163');
INSERT INTO interviewee (id, login, password, age, gender, country, marital_status) VALUES ('fd58c8f1-a07c-4f42-9a66-c055248271e5', 'interviewee937', 'qwerty', 59, 'male', 'MY', 'divorced');
INSERT INTO choice (id, questionnaire_id, interviewee_id) VALUES ('8a1f8464-5aaf-4a20-990b-8a843a916af5', 'b5ae5620-2d58-48f5-a060-28e8fd1859dd', 'fd58c8f1-a07c-4f42-9a66-c055248271e5');
INSERT INTO option_choice (option_id, choice_id) VALUES ('68702e14-fb48-4755-b6ec-11c860048f90', '8a1f8464-5aaf-4a20-990b-8a843a916af5');
INSERT INTO choice (id, questionnaire_id, interviewee_id) VALUES ('cf256bf7-bc92-4d27-8681-b03a66f7f7c6', 'af6f1431-a90e-4919-83a4-359d6a8a7d22', 'fd58c8f1-a07c-4f42-9a66-c055248271e5');
INSERT INTO option_choice (option_id, choice_id) VALUES ('14b9069e-cc19-448a-96f6-c333a9a53635', 'cf256bf7-bc92-4d27-8681-b03a66f7f7c6');
INSERT INTO interviewee (id, login, password, age, gender, country, marital_status) VALUES ('e580ecf2-e79d-4921-8c6f-506d28e09cce', 'interviewee938', 'qwerty', 37, 'male', 'CK', 'was_not_married');
INSERT INTO choice (id, questionnaire_id, interviewee_id) VALUES ('45c289c8-71d2-435d-a6c5-72bdb82b8539', '6a34c81d-d686-4ce4-8e2f-ec3d2ba47346', 'e580ecf2-e79d-4921-8c6f-506d28e09cce');
INSERT INTO option_choice (option_id, choice_id) VALUES ('7a83da6c-611b-4c33-a2e2-ddf398a170bc', '45c289c8-71d2-435d-a6c5-72bdb82b8539');
INSERT INTO choice (id, questionnaire_id, interviewee_id) VALUES ('53faab8f-03c0-4f47-8c7d-749c5de3f5c1', '0b6580ec-1374-4a48-ad1d-b1fa316ad9be', 'e580ecf2-e79d-4921-8c6f-506d28e09cce');
INSERT INTO option_choice (option_id, choice_id) VALUES ('82be4575-892d-453a-b3d9-0827c6b6d6df', '53faab8f-03c0-4f47-8c7d-749c5de3f5c1');
INSERT INTO choice (id, questionnaire_id, interviewee_id) VALUES ('a942ce5b-146c-4d9a-be37-ca9565451adb', '8902d50d-0421-4680-82f2-f2b1b667e3fd', 'e580ecf2-e79d-4921-8c6f-506d28e09cce');
INSERT INTO option_choice (option_id, choice_id) VALUES ('cbdaf253-f6a6-406f-a288-e0397682e9f8', 'a942ce5b-146c-4d9a-be37-ca9565451adb');
INSERT INTO interviewee (id, login, password, age, gender, country, marital_status) VALUES ('ac69fc17-3f1a-46e4-929d-c1a74a590a72', 'interviewee939', 'qwerty', 22, 'male', 'IT', 'was_not_married');
INSERT INTO choice (id, questionnaire_id, interviewee_id) VALUES ('d73e5151-8f67-47b4-b212-f0181ed765af', '342b973f-a1d1-4062-a073-fb80b6195e1a', 'ac69fc17-3f1a-46e4-929d-c1a74a590a72');
INSERT INTO option_choice (option_id, choice_id) VALUES ('a95386af-e627-4a57-adc2-0009818da88b', 'd73e5151-8f67-47b4-b212-f0181ed765af');
INSERT INTO option_choice (option_id, choice_id) VALUES ('d84282d4-6002-4289-bb10-cb7bfd2e906b', 'd73e5151-8f67-47b4-b212-f0181ed765af');
INSERT INTO choice (id, questionnaire_id, interviewee_id) VALUES ('c84f12fe-ebb4-490a-8dda-8ee0ecad4eb5', 'e679f6e5-388e-4679-9f14-15a0896d2816', 'ac69fc17-3f1a-46e4-929d-c1a74a590a72');
INSERT INTO option_choice (option_id, choice_id) VALUES ('ae13d28d-5670-495b-a9e0-d0949dab86e3', 'c84f12fe-ebb4-490a-8dda-8ee0ecad4eb5');
INSERT INTO option_choice (option_id, choice_id) VALUES ('5169914a-cf41-4077-8993-1322df09c3da', 'c84f12fe-ebb4-490a-8dda-8ee0ecad4eb5');
INSERT INTO interviewee (id, login, password, age, gender, country, marital_status) VALUES ('5085fe70-8289-4b7e-8cad-7accdb72fb75', 'interviewee940', 'qwerty', 40, 'male', 'LU', 'was_not_married');
INSERT INTO choice (id, questionnaire_id, interviewee_id) VALUES ('3d5aea90-e214-4d4c-9675-b636bfee30d6', 'afb83fe3-e755-403b-9a15-c18b3782c012', '5085fe70-8289-4b7e-8cad-7accdb72fb75');
INSERT INTO option_choice (option_id, choice_id) VALUES ('20880a56-05fa-464a-90ad-faf02a83fa77', '3d5aea90-e214-4d4c-9675-b636bfee30d6');
INSERT INTO choice (id, questionnaire_id, interviewee_id) VALUES ('38da6db2-7c4d-4491-860d-0162f24c358e', '56c296cd-7c3b-4eb1-90cb-745e555a098c', '5085fe70-8289-4b7e-8cad-7accdb72fb75');
INSERT INTO option_choice (option_id, choice_id) VALUES ('d583c2c9-6998-483b-a5e4-67068e974d6f', '38da6db2-7c4d-4491-860d-0162f24c358e');
INSERT INTO interviewee (id, login, password, age, gender, country, marital_status) VALUES ('7a4a9a6f-297b-40dc-98cc-d55e47d757ad', 'interviewee941', 'qwerty', 54, 'female', 'MM', 'married');
INSERT INTO choice (id, questionnaire_id, interviewee_id) VALUES ('aa0d1c59-3188-48a2-948d-1a2af6861b6f', '557cb630-d2f4-4e11-afe9-d50534deb525', '7a4a9a6f-297b-40dc-98cc-d55e47d757ad');
INSERT INTO option_choice (option_id, choice_id) VALUES ('e7f8d933-d81f-4080-9dd3-d1b981b9cd11', 'aa0d1c59-3188-48a2-948d-1a2af6861b6f');
INSERT INTO interviewee (id, login, password, age, gender, country, marital_status) VALUES ('dccc7bb2-e4e6-47c6-91be-491ade68e632', 'interviewee942', 'qwerty', 22, 'male', 'CH', 'married');
INSERT INTO choice (id, questionnaire_id, interviewee_id) VALUES ('2b447203-6a44-4bd2-a651-a59f7f67cd4d', 'e679f6e5-388e-4679-9f14-15a0896d2816', 'dccc7bb2-e4e6-47c6-91be-491ade68e632');
INSERT INTO option_choice (option_id, choice_id) VALUES ('7fc08a6e-900b-45ea-b455-29a8eb343039', '2b447203-6a44-4bd2-a651-a59f7f67cd4d');
INSERT INTO option_choice (option_id, choice_id) VALUES ('ae13d28d-5670-495b-a9e0-d0949dab86e3', '2b447203-6a44-4bd2-a651-a59f7f67cd4d');
INSERT INTO choice (id, questionnaire_id, interviewee_id) VALUES ('e955f459-6670-466c-b8b3-e82f2e0f4cc2', 'e2cf177f-e49f-4aef-99a6-095d711c6ec2', 'dccc7bb2-e4e6-47c6-91be-491ade68e632');
INSERT INTO option_choice (option_id, choice_id) VALUES ('1b5e4a41-da4c-4845-8698-5ed9deee3ca2', 'e955f459-6670-466c-b8b3-e82f2e0f4cc2');
INSERT INTO choice (id, questionnaire_id, interviewee_id) VALUES ('dd09f067-a9a7-4398-a6c7-26175d960cab', 'a345b682-c7ac-49ac-9f14-4f5173a872d8', 'dccc7bb2-e4e6-47c6-91be-491ade68e632');
INSERT INTO option_choice (option_id, choice_id) VALUES ('faa6ab11-59ef-4e3b-aa30-88fe576f7451', 'dd09f067-a9a7-4398-a6c7-26175d960cab');
INSERT INTO interviewee (id, login, password, age, gender, country, marital_status) VALUES ('19f8333a-2ff0-4bb6-b689-bdfc5ee6f1d2', 'interviewee943', 'qwerty', 58, 'female', 'TH', 'married');
INSERT INTO choice (id, questionnaire_id, interviewee_id) VALUES ('c2461239-7889-4246-b96d-d0de542cfe89', '8adfa259-7459-4497-b994-7101058c39c1', '19f8333a-2ff0-4bb6-b689-bdfc5ee6f1d2');
INSERT INTO option_choice (option_id, choice_id) VALUES ('3e047d89-087c-45bd-82d6-38c4acd5c609', 'c2461239-7889-4246-b96d-d0de542cfe89');
INSERT INTO option_choice (option_id, choice_id) VALUES ('502fb96b-685d-47da-86bb-f40e1e8f57ef', 'c2461239-7889-4246-b96d-d0de542cfe89');
INSERT INTO option_choice (option_id, choice_id) VALUES ('9e45c288-be30-427f-be35-83a5171e2b4d', 'c2461239-7889-4246-b96d-d0de542cfe89');
INSERT INTO option_choice (option_id, choice_id) VALUES ('7d64ec60-4b16-49eb-a0c6-4af24c3b1767', 'c2461239-7889-4246-b96d-d0de542cfe89');
INSERT INTO choice (id, questionnaire_id, interviewee_id) VALUES ('3fa80665-7129-4692-a8c6-0625f4ae2083', '8902d50d-0421-4680-82f2-f2b1b667e3fd', '19f8333a-2ff0-4bb6-b689-bdfc5ee6f1d2');
INSERT INTO option_choice (option_id, choice_id) VALUES ('ac0c373d-7749-4908-8091-d580700cabb0', '3fa80665-7129-4692-a8c6-0625f4ae2083');
INSERT INTO interviewee (id, login, password, age, gender, country, marital_status) VALUES ('9d1ea5d9-dbc7-46af-8033-476ebdecb13e', 'interviewee944', 'qwerty', 19, 'female', 'SA', 'was_not_married');
INSERT INTO choice (id, questionnaire_id, interviewee_id) VALUES ('bab6f24f-6106-4dba-8cde-a2f623ab35cf', 'cb70c074-82ef-4114-aabc-e940a19b5bb0', '9d1ea5d9-dbc7-46af-8033-476ebdecb13e');
INSERT INTO option_choice (option_id, choice_id) VALUES ('4f47a30f-5169-4bf3-a6a9-f9777225a72d', 'bab6f24f-6106-4dba-8cde-a2f623ab35cf');
INSERT INTO interviewee (id, login, password, age, gender, country, marital_status) VALUES ('ba9865bc-2f61-42f1-b081-5bb55596ef1d', 'interviewee945', 'qwerty', 52, 'male', 'DO', 'was_not_married');
INSERT INTO choice (id, questionnaire_id, interviewee_id) VALUES ('189fec65-824a-4a15-8c2d-52adfc595460', 'b5ae5620-2d58-48f5-a060-28e8fd1859dd', 'ba9865bc-2f61-42f1-b081-5bb55596ef1d');
INSERT INTO option_choice (option_id, choice_id) VALUES ('fecb111c-77d6-4b66-b728-32011b5211c0', '189fec65-824a-4a15-8c2d-52adfc595460');
INSERT INTO choice (id, questionnaire_id, interviewee_id) VALUES ('b685df55-133b-417d-8ad2-34ee1d77c766', '6a34c81d-d686-4ce4-8e2f-ec3d2ba47346', 'ba9865bc-2f61-42f1-b081-5bb55596ef1d');
INSERT INTO option_choice (option_id, choice_id) VALUES ('f7043315-74b1-4456-92cc-0c7dc1e0dd21', 'b685df55-133b-417d-8ad2-34ee1d77c766');
INSERT INTO choice (id, questionnaire_id, interviewee_id) VALUES ('e5fc0225-c3b0-42cd-b4a6-a7eb31855991', 'e2cf177f-e49f-4aef-99a6-095d711c6ec2', 'ba9865bc-2f61-42f1-b081-5bb55596ef1d');
INSERT INTO option_choice (option_id, choice_id) VALUES ('1b5e4a41-da4c-4845-8698-5ed9deee3ca2', 'e5fc0225-c3b0-42cd-b4a6-a7eb31855991');
INSERT INTO interviewee (id, login, password, age, gender, country, marital_status) VALUES ('e4a4872a-e811-4146-9879-70a748a9387b', 'interviewee946', 'qwerty', 67, 'male', 'CR', 'divorced');
INSERT INTO choice (id, questionnaire_id, interviewee_id) VALUES ('d6fa28f1-a7a6-49c3-b8f7-4606dd329fe3', '8adfa259-7459-4497-b994-7101058c39c1', 'e4a4872a-e811-4146-9879-70a748a9387b');
INSERT INTO option_choice (option_id, choice_id) VALUES ('7d64ec60-4b16-49eb-a0c6-4af24c3b1767', 'd6fa28f1-a7a6-49c3-b8f7-4606dd329fe3');
INSERT INTO choice (id, questionnaire_id, interviewee_id) VALUES ('293c1b33-5a52-41dd-ae5f-ecfc92eac2e8', '91a16ec4-1a91-44d1-bb08-6e9fc823c230', 'e4a4872a-e811-4146-9879-70a748a9387b');
INSERT INTO option_choice (option_id, choice_id) VALUES ('5b32da45-be75-42c8-8fa7-ba776167a759', '293c1b33-5a52-41dd-ae5f-ecfc92eac2e8');
INSERT INTO option_choice (option_id, choice_id) VALUES ('fbc23714-2c99-4441-8130-94075c78f6e8', '293c1b33-5a52-41dd-ae5f-ecfc92eac2e8');
INSERT INTO option_choice (option_id, choice_id) VALUES ('690b73cc-52e3-435d-a3bd-78733e5fdeaf', '293c1b33-5a52-41dd-ae5f-ecfc92eac2e8');
INSERT INTO option_choice (option_id, choice_id) VALUES ('cab8632d-19dd-4ddc-9c90-669949088fa5', '293c1b33-5a52-41dd-ae5f-ecfc92eac2e8');
INSERT INTO choice (id, questionnaire_id, interviewee_id) VALUES ('259c1603-b898-46fb-a388-1098e696f3d9', '56c296cd-7c3b-4eb1-90cb-745e555a098c', 'e4a4872a-e811-4146-9879-70a748a9387b');
INSERT INTO option_choice (option_id, choice_id) VALUES ('0e27133d-354c-4e2d-af9f-e74397954328', '259c1603-b898-46fb-a388-1098e696f3d9');
INSERT INTO option_choice (option_id, choice_id) VALUES ('e2f977a1-4767-4f5b-b056-27e45348cf1a', '259c1603-b898-46fb-a388-1098e696f3d9');
INSERT INTO option_choice (option_id, choice_id) VALUES ('00605853-328c-4a30-9227-5513208ca17e', '259c1603-b898-46fb-a388-1098e696f3d9');
INSERT INTO option_choice (option_id, choice_id) VALUES ('d583c2c9-6998-483b-a5e4-67068e974d6f', '259c1603-b898-46fb-a388-1098e696f3d9');
INSERT INTO option_choice (option_id, choice_id) VALUES ('75d9d333-93f8-42f6-be3b-9a5a24aa476c', '259c1603-b898-46fb-a388-1098e696f3d9');
INSERT INTO interviewee (id, login, password, age, gender, country, marital_status) VALUES ('c6e77efa-e38b-4b8c-b9ee-393c81d3855c', 'interviewee947', 'qwerty', 24, 'female', 'ZA', 'was_not_married');
INSERT INTO choice (id, questionnaire_id, interviewee_id) VALUES ('7509c5bc-8c3a-42e4-a0b5-1be09e77e894', 'd05638df-f11c-413d-8456-ee036bed2914', 'c6e77efa-e38b-4b8c-b9ee-393c81d3855c');
INSERT INTO option_choice (option_id, choice_id) VALUES ('b4b64304-6288-40df-8120-283c58db8d1a', '7509c5bc-8c3a-42e4-a0b5-1be09e77e894');
INSERT INTO interviewee (id, login, password, age, gender, country, marital_status) VALUES ('f732609e-11d7-48fe-96b1-f1c694b2bbf7', 'interviewee948', 'qwerty', 30, 'female', 'TC', 'divorced');
INSERT INTO choice (id, questionnaire_id, interviewee_id) VALUES ('e92ea211-e870-46ad-b10d-8b62b2f8eb20', '1a336595-020d-4026-a389-afd9a80cf707', 'f732609e-11d7-48fe-96b1-f1c694b2bbf7');
INSERT INTO option_choice (option_id, choice_id) VALUES ('15439bd9-6ff1-4651-a545-60ef7679f375', 'e92ea211-e870-46ad-b10d-8b62b2f8eb20');
INSERT INTO choice (id, questionnaire_id, interviewee_id) VALUES ('29343b5d-7ffb-405b-8cc5-bb01b7ee33eb', 'f680addd-a0b2-4101-9e1f-5e0870943c68', 'f732609e-11d7-48fe-96b1-f1c694b2bbf7');
INSERT INTO option_choice (option_id, choice_id) VALUES ('5e0b63d0-2a10-4ab5-a66a-a47615b50b03', '29343b5d-7ffb-405b-8cc5-bb01b7ee33eb');
INSERT INTO choice (id, questionnaire_id, interviewee_id) VALUES ('631e7bef-68d0-4e91-b7bf-97ff6236d44a', '6a34c81d-d686-4ce4-8e2f-ec3d2ba47346', 'f732609e-11d7-48fe-96b1-f1c694b2bbf7');
INSERT INTO option_choice (option_id, choice_id) VALUES ('7a83da6c-611b-4c33-a2e2-ddf398a170bc', '631e7bef-68d0-4e91-b7bf-97ff6236d44a');
INSERT INTO interviewee (id, login, password, age, gender, country, marital_status) VALUES ('1444daf5-23b2-4a65-a2da-ac9503d73d21', 'interviewee949', 'qwerty', 31, 'male', 'VI', 'married');
INSERT INTO choice (id, questionnaire_id, interviewee_id) VALUES ('ad84de56-3967-46f4-8809-f4d72027ebe2', '309e872a-e145-4926-998b-ec0fdb62466a', '1444daf5-23b2-4a65-a2da-ac9503d73d21');
INSERT INTO option_choice (option_id, choice_id) VALUES ('8ccfc598-c3a0-4ad2-a052-f4e6e3edc252', 'ad84de56-3967-46f4-8809-f4d72027ebe2');
INSERT INTO option_choice (option_id, choice_id) VALUES ('1dcd1e79-636e-4d6c-b9b4-dcf0da4fdaaa', 'ad84de56-3967-46f4-8809-f4d72027ebe2');
INSERT INTO option_choice (option_id, choice_id) VALUES ('4579f5ab-3007-4302-aa53-456cd440599b', 'ad84de56-3967-46f4-8809-f4d72027ebe2');
INSERT INTO choice (id, questionnaire_id, interviewee_id) VALUES ('22295a4e-d5b0-482e-a387-a18a4deb5bf1', 'd05638df-f11c-413d-8456-ee036bed2914', '1444daf5-23b2-4a65-a2da-ac9503d73d21');
INSERT INTO option_choice (option_id, choice_id) VALUES ('b4b64304-6288-40df-8120-283c58db8d1a', '22295a4e-d5b0-482e-a387-a18a4deb5bf1');
INSERT INTO interviewee (id, login, password, age, gender, country, marital_status) VALUES ('ab5088e0-1bc2-4ad6-9eb5-e0a7fb015021', 'interviewee950', 'qwerty', 42, 'male', 'GG', 'married');
INSERT INTO choice (id, questionnaire_id, interviewee_id) VALUES ('0d07bfca-7d35-4be0-83c5-1ef44f90a0ef', 'af6f1431-a90e-4919-83a4-359d6a8a7d22', 'ab5088e0-1bc2-4ad6-9eb5-e0a7fb015021');
INSERT INTO option_choice (option_id, choice_id) VALUES ('e41b3b09-f2a6-4206-bfde-743557a31646', '0d07bfca-7d35-4be0-83c5-1ef44f90a0ef');
INSERT INTO option_choice (option_id, choice_id) VALUES ('a3c0df26-f677-4a76-9fc9-e8bcb2a586ec', '0d07bfca-7d35-4be0-83c5-1ef44f90a0ef');
INSERT INTO interviewee (id, login, password, age, gender, country, marital_status) VALUES ('c71781ee-51c5-44b0-89cc-1e334380ef33', 'interviewee951', 'qwerty', 31, 'female', 'SH', 'married');
INSERT INTO choice (id, questionnaire_id, interviewee_id) VALUES ('d6ed8a8a-4b86-4072-8fe3-04ab4c93dd05', '342b973f-a1d1-4062-a073-fb80b6195e1a', 'c71781ee-51c5-44b0-89cc-1e334380ef33');
INSERT INTO option_choice (option_id, choice_id) VALUES ('a95386af-e627-4a57-adc2-0009818da88b', 'd6ed8a8a-4b86-4072-8fe3-04ab4c93dd05');
INSERT INTO choice (id, questionnaire_id, interviewee_id) VALUES ('10478b45-154c-455e-b495-4ff00f7f01ee', '1a336595-020d-4026-a389-afd9a80cf707', 'c71781ee-51c5-44b0-89cc-1e334380ef33');
INSERT INTO option_choice (option_id, choice_id) VALUES ('17fa6a45-befd-4756-95f2-c6c400c916a8', '10478b45-154c-455e-b495-4ff00f7f01ee');
INSERT INTO interviewee (id, login, password, age, gender, country, marital_status) VALUES ('2053af1f-c344-44a3-a9fb-95e18d4dc56e', 'interviewee952', 'qwerty', 38, 'male', 'SM', 'was_not_married');
INSERT INTO choice (id, questionnaire_id, interviewee_id) VALUES ('5ea0c26c-4ce0-4cd9-9df7-5b4e019518ec', 'afb83fe3-e755-403b-9a15-c18b3782c012', '2053af1f-c344-44a3-a9fb-95e18d4dc56e');
INSERT INTO option_choice (option_id, choice_id) VALUES ('20880a56-05fa-464a-90ad-faf02a83fa77', '5ea0c26c-4ce0-4cd9-9df7-5b4e019518ec');
INSERT INTO interviewee (id, login, password, age, gender, country, marital_status) VALUES ('566ca98d-f4b9-4070-aa39-46cecea726d5', 'interviewee953', 'qwerty', 67, 'female', 'EE', 'was_not_married');
INSERT INTO choice (id, questionnaire_id, interviewee_id) VALUES ('5c53f429-b2f3-4b42-baa6-3191b608a003', '91a16ec4-1a91-44d1-bb08-6e9fc823c230', '566ca98d-f4b9-4070-aa39-46cecea726d5');
INSERT INTO option_choice (option_id, choice_id) VALUES ('690b73cc-52e3-435d-a3bd-78733e5fdeaf', '5c53f429-b2f3-4b42-baa6-3191b608a003');
INSERT INTO option_choice (option_id, choice_id) VALUES ('cab8632d-19dd-4ddc-9c90-669949088fa5', '5c53f429-b2f3-4b42-baa6-3191b608a003');
INSERT INTO choice (id, questionnaire_id, interviewee_id) VALUES ('658e91ad-6c28-466e-a8c9-36e5fc72a4c1', 'bf8da1bc-7284-44d0-a7c0-4e0321978aa0', '566ca98d-f4b9-4070-aa39-46cecea726d5');
INSERT INTO option_choice (option_id, choice_id) VALUES ('fbbdfd34-e2c5-4e0b-b98a-d33f6f4fac06', '658e91ad-6c28-466e-a8c9-36e5fc72a4c1');
INSERT INTO choice (id, questionnaire_id, interviewee_id) VALUES ('919f536d-67b6-49d2-bc8b-9c55b10ae071', 'a345b682-c7ac-49ac-9f14-4f5173a872d8', '566ca98d-f4b9-4070-aa39-46cecea726d5');
INSERT INTO option_choice (option_id, choice_id) VALUES ('faa6ab11-59ef-4e3b-aa30-88fe576f7451', '919f536d-67b6-49d2-bc8b-9c55b10ae071');
INSERT INTO interviewee (id, login, password, age, gender, country, marital_status) VALUES ('5ea83a6e-06ba-4e5e-9827-d64c3f68b824', 'interviewee954', 'qwerty', 63, 'male', 'RO', 'married');
INSERT INTO choice (id, questionnaire_id, interviewee_id) VALUES ('6efebba5-7824-4435-bfb9-102f2c5c7974', 'bf8da1bc-7284-44d0-a7c0-4e0321978aa0', '5ea83a6e-06ba-4e5e-9827-d64c3f68b824');
INSERT INTO option_choice (option_id, choice_id) VALUES ('9bdf6935-cda0-4d8b-82bb-51be50aece89', '6efebba5-7824-4435-bfb9-102f2c5c7974');
INSERT INTO choice (id, questionnaire_id, interviewee_id) VALUES ('b98e3bc6-a41d-454a-8187-25fae503d51e', 'e2cf177f-e49f-4aef-99a6-095d711c6ec2', '5ea83a6e-06ba-4e5e-9827-d64c3f68b824');
INSERT INTO option_choice (option_id, choice_id) VALUES ('1b5e4a41-da4c-4845-8698-5ed9deee3ca2', 'b98e3bc6-a41d-454a-8187-25fae503d51e');
INSERT INTO interviewee (id, login, password, age, gender, country, marital_status) VALUES ('b60f75fb-210e-4887-80b5-e46f2974b547', 'interviewee955', 'qwerty', 50, 'female', 'NE', 'married');
INSERT INTO choice (id, questionnaire_id, interviewee_id) VALUES ('cabd7e57-5abd-431d-a5ba-4aecdad66398', 'f680addd-a0b2-4101-9e1f-5e0870943c68', 'b60f75fb-210e-4887-80b5-e46f2974b547');
INSERT INTO option_choice (option_id, choice_id) VALUES ('521ef3a0-411b-4392-8393-62ed9a638949', 'cabd7e57-5abd-431d-a5ba-4aecdad66398');
INSERT INTO option_choice (option_id, choice_id) VALUES ('cfde0373-91b9-46f9-bc0d-a137a713d2d7', 'cabd7e57-5abd-431d-a5ba-4aecdad66398');
INSERT INTO choice (id, questionnaire_id, interviewee_id) VALUES ('fa16e74b-c50a-4eb1-8a33-e960668b779c', 'b5ae5620-2d58-48f5-a060-28e8fd1859dd', 'b60f75fb-210e-4887-80b5-e46f2974b547');
INSERT INTO option_choice (option_id, choice_id) VALUES ('68702e14-fb48-4755-b6ec-11c860048f90', 'fa16e74b-c50a-4eb1-8a33-e960668b779c');
INSERT INTO choice (id, questionnaire_id, interviewee_id) VALUES ('262a125c-ef12-4c52-bf7c-10a48b839f23', 'cb70c074-82ef-4114-aabc-e940a19b5bb0', 'b60f75fb-210e-4887-80b5-e46f2974b547');
INSERT INTO option_choice (option_id, choice_id) VALUES ('a6011a1c-260b-45fb-ad13-b09674b0b968', '262a125c-ef12-4c52-bf7c-10a48b839f23');
INSERT INTO interviewee (id, login, password, age, gender, country, marital_status) VALUES ('b5393682-07e6-48b2-af11-44a4e2d00633', 'interviewee956', 'qwerty', 36, 'male', 'TN', 'was_not_married');
INSERT INTO choice (id, questionnaire_id, interviewee_id) VALUES ('81427e3e-9ae2-454e-b64d-bc602987bbcc', 'a2f7d656-4675-4d99-9435-95cbe535c6c1', 'b5393682-07e6-48b2-af11-44a4e2d00633');
INSERT INTO option_choice (option_id, choice_id) VALUES ('d3d55bb1-ef9d-4b9a-b1b9-8e4375e7dbd0', '81427e3e-9ae2-454e-b64d-bc602987bbcc');
INSERT INTO option_choice (option_id, choice_id) VALUES ('ced72831-705a-4153-849e-71a73e5a7d3c', '81427e3e-9ae2-454e-b64d-bc602987bbcc');
INSERT INTO option_choice (option_id, choice_id) VALUES ('930526a4-2714-4f39-831c-55b3185bd967', '81427e3e-9ae2-454e-b64d-bc602987bbcc');
INSERT INTO option_choice (option_id, choice_id) VALUES ('394c3616-edd7-4820-aa09-f4425e4f774c', '81427e3e-9ae2-454e-b64d-bc602987bbcc');
INSERT INTO option_choice (option_id, choice_id) VALUES ('c6bb5cf5-3828-4747-8bb2-776e9deaeb04', '81427e3e-9ae2-454e-b64d-bc602987bbcc');
INSERT INTO interviewee (id, login, password, age, gender, country, marital_status) VALUES ('5665566e-c549-435b-96b0-9d69412db008', 'interviewee957', 'qwerty', 19, 'male', 'UZ', 'was_not_married');
INSERT INTO choice (id, questionnaire_id, interviewee_id) VALUES ('4e0405d6-a64f-4f13-912c-3c83540c1612', 'bf8da1bc-7284-44d0-a7c0-4e0321978aa0', '5665566e-c549-435b-96b0-9d69412db008');
INSERT INTO option_choice (option_id, choice_id) VALUES ('fbbdfd34-e2c5-4e0b-b98a-d33f6f4fac06', '4e0405d6-a64f-4f13-912c-3c83540c1612');
INSERT INTO choice (id, questionnaire_id, interviewee_id) VALUES ('c1526f36-5072-41be-9c44-2d70ce6e05b9', 'af6f1431-a90e-4919-83a4-359d6a8a7d22', '5665566e-c549-435b-96b0-9d69412db008');
INSERT INTO option_choice (option_id, choice_id) VALUES ('e41b3b09-f2a6-4206-bfde-743557a31646', 'c1526f36-5072-41be-9c44-2d70ce6e05b9');
INSERT INTO option_choice (option_id, choice_id) VALUES ('d6e4609d-6705-4cc8-b83a-4786ea4f6ad6', 'c1526f36-5072-41be-9c44-2d70ce6e05b9');
INSERT INTO option_choice (option_id, choice_id) VALUES ('e6932ff8-921c-4ab7-b5c5-37e59ea816fd', 'c1526f36-5072-41be-9c44-2d70ce6e05b9');
INSERT INTO option_choice (option_id, choice_id) VALUES ('14b9069e-cc19-448a-96f6-c333a9a53635', 'c1526f36-5072-41be-9c44-2d70ce6e05b9');
INSERT INTO interviewee (id, login, password, age, gender, country, marital_status) VALUES ('312a9288-f4ff-4eab-a1c1-b4d7ff70fa17', 'interviewee958', 'qwerty', 51, 'male', 'QA', 'divorced');
INSERT INTO choice (id, questionnaire_id, interviewee_id) VALUES ('f5cebead-3e7e-45ca-91bf-f24b5c9a1d5f', '91a16ec4-1a91-44d1-bb08-6e9fc823c230', '312a9288-f4ff-4eab-a1c1-b4d7ff70fa17');
INSERT INTO option_choice (option_id, choice_id) VALUES ('cab8632d-19dd-4ddc-9c90-669949088fa5', 'f5cebead-3e7e-45ca-91bf-f24b5c9a1d5f');
INSERT INTO option_choice (option_id, choice_id) VALUES ('690b73cc-52e3-435d-a3bd-78733e5fdeaf', 'f5cebead-3e7e-45ca-91bf-f24b5c9a1d5f');
INSERT INTO interviewee (id, login, password, age, gender, country, marital_status) VALUES ('37723346-e7b0-409f-b5ec-8a910e6e241e', 'interviewee959', 'qwerty', 14, 'female', 'UZ', 'married');
INSERT INTO choice (id, questionnaire_id, interviewee_id) VALUES ('e56f9e37-9e23-4902-8f55-acb2d9f9b95d', 'd05638df-f11c-413d-8456-ee036bed2914', '37723346-e7b0-409f-b5ec-8a910e6e241e');
INSERT INTO option_choice (option_id, choice_id) VALUES ('b0557de3-6b66-4e79-b1ac-c2b8f0a5096b', 'e56f9e37-9e23-4902-8f55-acb2d9f9b95d');
INSERT INTO interviewee (id, login, password, age, gender, country, marital_status) VALUES ('f043b4b9-8972-4a8c-aede-11d59b8dc867', 'interviewee960', 'qwerty', 40, 'male', 'DO', 'divorced');
INSERT INTO choice (id, questionnaire_id, interviewee_id) VALUES ('ba293afa-8a24-49b4-8e14-bce3e3a6fdbd', 'd05638df-f11c-413d-8456-ee036bed2914', 'f043b4b9-8972-4a8c-aede-11d59b8dc867');
INSERT INTO option_choice (option_id, choice_id) VALUES ('b0557de3-6b66-4e79-b1ac-c2b8f0a5096b', 'ba293afa-8a24-49b4-8e14-bce3e3a6fdbd');
INSERT INTO choice (id, questionnaire_id, interviewee_id) VALUES ('7bf83efe-2881-4546-8e0a-a8c430665405', '1a336595-020d-4026-a389-afd9a80cf707', 'f043b4b9-8972-4a8c-aede-11d59b8dc867');
INSERT INTO option_choice (option_id, choice_id) VALUES ('22762ef8-944e-46b0-a7e0-4e990383e528', '7bf83efe-2881-4546-8e0a-a8c430665405');
INSERT INTO choice (id, questionnaire_id, interviewee_id) VALUES ('2e484c5d-8d8b-47b9-bdc5-f902b27d35a6', 'bf8da1bc-7284-44d0-a7c0-4e0321978aa0', 'f043b4b9-8972-4a8c-aede-11d59b8dc867');
INSERT INTO option_choice (option_id, choice_id) VALUES ('9bdf6935-cda0-4d8b-82bb-51be50aece89', '2e484c5d-8d8b-47b9-bdc5-f902b27d35a6');
INSERT INTO interviewee (id, login, password, age, gender, country, marital_status) VALUES ('a55c4482-ce53-4f79-ba43-3aa98a442867', 'interviewee961', 'qwerty', 42, 'male', 'BD', 'divorced');
INSERT INTO choice (id, questionnaire_id, interviewee_id) VALUES ('fa1991e3-7844-474a-ab5b-68e59bfbb8da', 'afb83fe3-e755-403b-9a15-c18b3782c012', 'a55c4482-ce53-4f79-ba43-3aa98a442867');
INSERT INTO option_choice (option_id, choice_id) VALUES ('20880a56-05fa-464a-90ad-faf02a83fa77', 'fa1991e3-7844-474a-ab5b-68e59bfbb8da');
INSERT INTO interviewee (id, login, password, age, gender, country, marital_status) VALUES ('d2dadf6a-4241-4b24-9b8c-a319d8c16f08', 'interviewee962', 'qwerty', 61, 'male', 'TJ', 'divorced');
INSERT INTO choice (id, questionnaire_id, interviewee_id) VALUES ('292b28b3-78af-4d2a-8ce1-2d2502f74f08', '56c296cd-7c3b-4eb1-90cb-745e555a098c', 'd2dadf6a-4241-4b24-9b8c-a319d8c16f08');
INSERT INTO option_choice (option_id, choice_id) VALUES ('e2f977a1-4767-4f5b-b056-27e45348cf1a', '292b28b3-78af-4d2a-8ce1-2d2502f74f08');
INSERT INTO choice (id, questionnaire_id, interviewee_id) VALUES ('f97e1e2e-8a3d-42fc-b8e5-29d9ef387484', 'e2cf177f-e49f-4aef-99a6-095d711c6ec2', 'd2dadf6a-4241-4b24-9b8c-a319d8c16f08');
INSERT INTO option_choice (option_id, choice_id) VALUES ('242c02d5-0f4b-4e89-976f-3754854f478c', 'f97e1e2e-8a3d-42fc-b8e5-29d9ef387484');
INSERT INTO interviewee (id, login, password, age, gender, country, marital_status) VALUES ('dd225e80-8b0e-4552-8d86-7af4f85f1fc6', 'interviewee963', 'qwerty', 47, 'female', 'HN', 'married');
INSERT INTO choice (id, questionnaire_id, interviewee_id) VALUES ('5c4348c2-ac91-4c9c-ab1f-096118133967', '0b6580ec-1374-4a48-ad1d-b1fa316ad9be', 'dd225e80-8b0e-4552-8d86-7af4f85f1fc6');
INSERT INTO option_choice (option_id, choice_id) VALUES ('68263915-d7e9-4ac6-9c14-f48cf8807857', '5c4348c2-ac91-4c9c-ab1f-096118133967');
INSERT INTO option_choice (option_id, choice_id) VALUES ('a518cc4d-143a-45ca-b29f-a7c53dacc773', '5c4348c2-ac91-4c9c-ab1f-096118133967');
INSERT INTO choice (id, questionnaire_id, interviewee_id) VALUES ('7b7bc2b3-bb8e-49d6-81b7-5df0c5a6a8d6', 'a7e484ae-fb91-4ddf-a8c0-869a7f4ad0ee', 'dd225e80-8b0e-4552-8d86-7af4f85f1fc6');
INSERT INTO option_choice (option_id, choice_id) VALUES ('c2e66b7f-cc24-45a4-a017-7a4d25149a85', '7b7bc2b3-bb8e-49d6-81b7-5df0c5a6a8d6');
INSERT INTO choice (id, questionnaire_id, interviewee_id) VALUES ('86ee7086-8fd9-4002-bcb5-c98359b78e3e', '8902d50d-0421-4680-82f2-f2b1b667e3fd', 'dd225e80-8b0e-4552-8d86-7af4f85f1fc6');
INSERT INTO option_choice (option_id, choice_id) VALUES ('cbdaf253-f6a6-406f-a288-e0397682e9f8', '86ee7086-8fd9-4002-bcb5-c98359b78e3e');
INSERT INTO interviewee (id, login, password, age, gender, country, marital_status) VALUES ('413d3709-c650-4959-ba19-799e71f6d4f2', 'interviewee964', 'qwerty', 18, 'female', 'PT', 'was_not_married');
INSERT INTO choice (id, questionnaire_id, interviewee_id) VALUES ('3bd4c4b1-6147-4dd7-a0dc-b2e9b0da0366', 'b6588e29-37de-425f-834e-e867f77794ce', '413d3709-c650-4959-ba19-799e71f6d4f2');
INSERT INTO option_choice (option_id, choice_id) VALUES ('07e7a8bf-65e2-41d5-aeef-91bcbe765392', '3bd4c4b1-6147-4dd7-a0dc-b2e9b0da0366');
INSERT INTO option_choice (option_id, choice_id) VALUES ('46bd1403-2ee0-4145-8014-8dd4fafcb8af', '3bd4c4b1-6147-4dd7-a0dc-b2e9b0da0366');
INSERT INTO option_choice (option_id, choice_id) VALUES ('5b82f100-bb0f-47ec-9395-7a0409f4b7ef', '3bd4c4b1-6147-4dd7-a0dc-b2e9b0da0366');
INSERT INTO option_choice (option_id, choice_id) VALUES ('460ff4a7-d376-4dc8-b5bb-9ab1989fbb31', '3bd4c4b1-6147-4dd7-a0dc-b2e9b0da0366');
INSERT INTO option_choice (option_id, choice_id) VALUES ('40c301f5-13ed-4b94-85aa-e1c562adce4d', '3bd4c4b1-6147-4dd7-a0dc-b2e9b0da0366');
INSERT INTO option_choice (option_id, choice_id) VALUES ('4bde418e-a165-43f7-ac7b-c6d2ab034e2e', '3bd4c4b1-6147-4dd7-a0dc-b2e9b0da0366');
INSERT INTO interviewee (id, login, password, age, gender, country, marital_status) VALUES ('09328533-faed-4552-9105-deec1b1f545a', 'interviewee965', 'qwerty', 23, 'male', 'SZ', 'was_not_married');
INSERT INTO choice (id, questionnaire_id, interviewee_id) VALUES ('ec7ce938-e5a6-40d1-93f6-d05fbeb32a9b', 'a2f7d656-4675-4d99-9435-95cbe535c6c1', '09328533-faed-4552-9105-deec1b1f545a');
INSERT INTO option_choice (option_id, choice_id) VALUES ('394c3616-edd7-4820-aa09-f4425e4f774c', 'ec7ce938-e5a6-40d1-93f6-d05fbeb32a9b');
INSERT INTO option_choice (option_id, choice_id) VALUES ('110b73fb-e57f-409d-83dc-0d81bdd20a44', 'ec7ce938-e5a6-40d1-93f6-d05fbeb32a9b');
INSERT INTO option_choice (option_id, choice_id) VALUES ('d3d55bb1-ef9d-4b9a-b1b9-8e4375e7dbd0', 'ec7ce938-e5a6-40d1-93f6-d05fbeb32a9b');
INSERT INTO option_choice (option_id, choice_id) VALUES ('2366bc8e-690e-4739-b5f2-cf491cd8107c', 'ec7ce938-e5a6-40d1-93f6-d05fbeb32a9b');
INSERT INTO option_choice (option_id, choice_id) VALUES ('c6bb5cf5-3828-4747-8bb2-776e9deaeb04', 'ec7ce938-e5a6-40d1-93f6-d05fbeb32a9b');
INSERT INTO option_choice (option_id, choice_id) VALUES ('930526a4-2714-4f39-831c-55b3185bd967', 'ec7ce938-e5a6-40d1-93f6-d05fbeb32a9b');
INSERT INTO choice (id, questionnaire_id, interviewee_id) VALUES ('6ed2cec1-f798-4297-a209-b6427f14d49b', '557cb630-d2f4-4e11-afe9-d50534deb525', '09328533-faed-4552-9105-deec1b1f545a');
INSERT INTO option_choice (option_id, choice_id) VALUES ('00c926c5-0a12-4a44-9ada-24439d217263', '6ed2cec1-f798-4297-a209-b6427f14d49b');
INSERT INTO choice (id, questionnaire_id, interviewee_id) VALUES ('a8adb2f2-be81-4f58-a8dc-5272567637d7', '342b973f-a1d1-4062-a073-fb80b6195e1a', '09328533-faed-4552-9105-deec1b1f545a');
INSERT INTO option_choice (option_id, choice_id) VALUES ('d84282d4-6002-4289-bb10-cb7bfd2e906b', 'a8adb2f2-be81-4f58-a8dc-5272567637d7');
INSERT INTO option_choice (option_id, choice_id) VALUES ('a95386af-e627-4a57-adc2-0009818da88b', 'a8adb2f2-be81-4f58-a8dc-5272567637d7');
INSERT INTO interviewee (id, login, password, age, gender, country, marital_status) VALUES ('b29cd8f2-5d57-4e6d-8f26-b1961ed6fb10', 'interviewee966', 'qwerty', 29, 'female', 'LT', 'was_not_married');
INSERT INTO choice (id, questionnaire_id, interviewee_id) VALUES ('7724184c-313f-42bc-8634-323ce933c9ce', 'b6588e29-37de-425f-834e-e867f77794ce', 'b29cd8f2-5d57-4e6d-8f26-b1961ed6fb10');
INSERT INTO option_choice (option_id, choice_id) VALUES ('ec37510e-f2a1-4e16-ae94-e9ea2c4461e3', '7724184c-313f-42bc-8634-323ce933c9ce');
INSERT INTO option_choice (option_id, choice_id) VALUES ('7f0bbd14-8cfc-4a28-88f7-5af992a4c02b', '7724184c-313f-42bc-8634-323ce933c9ce');
INSERT INTO option_choice (option_id, choice_id) VALUES ('46bd1403-2ee0-4145-8014-8dd4fafcb8af', '7724184c-313f-42bc-8634-323ce933c9ce');
INSERT INTO option_choice (option_id, choice_id) VALUES ('4bde418e-a165-43f7-ac7b-c6d2ab034e2e', '7724184c-313f-42bc-8634-323ce933c9ce');
INSERT INTO option_choice (option_id, choice_id) VALUES ('5b82f100-bb0f-47ec-9395-7a0409f4b7ef', '7724184c-313f-42bc-8634-323ce933c9ce');
INSERT INTO option_choice (option_id, choice_id) VALUES ('07e7a8bf-65e2-41d5-aeef-91bcbe765392', '7724184c-313f-42bc-8634-323ce933c9ce');
INSERT INTO choice (id, questionnaire_id, interviewee_id) VALUES ('d790c721-cddf-4f31-9379-0c1c597b54a5', 'cb70c074-82ef-4114-aabc-e940a19b5bb0', 'b29cd8f2-5d57-4e6d-8f26-b1961ed6fb10');
INSERT INTO option_choice (option_id, choice_id) VALUES ('c2db2843-0153-4422-8aa4-c4c9e640418d', 'd790c721-cddf-4f31-9379-0c1c597b54a5');
INSERT INTO option_choice (option_id, choice_id) VALUES ('4fbbc5c4-5cc1-4421-86a2-d7151c56a9df', 'd790c721-cddf-4f31-9379-0c1c597b54a5');
INSERT INTO option_choice (option_id, choice_id) VALUES ('b2aebe06-b155-47cd-a39d-b9c1beabb465', 'd790c721-cddf-4f31-9379-0c1c597b54a5');
INSERT INTO choice (id, questionnaire_id, interviewee_id) VALUES ('4456ef00-0da7-4372-b2c6-159e67619af6', '56c296cd-7c3b-4eb1-90cb-745e555a098c', 'b29cd8f2-5d57-4e6d-8f26-b1961ed6fb10');
INSERT INTO option_choice (option_id, choice_id) VALUES ('0e27133d-354c-4e2d-af9f-e74397954328', '4456ef00-0da7-4372-b2c6-159e67619af6');
INSERT INTO option_choice (option_id, choice_id) VALUES ('75d9d333-93f8-42f6-be3b-9a5a24aa476c', '4456ef00-0da7-4372-b2c6-159e67619af6');
INSERT INTO interviewee (id, login, password, age, gender, country, marital_status) VALUES ('cb6e306f-e71d-4095-b097-5a4ff6792e9f', 'interviewee967', 'qwerty', 35, 'female', 'AO', 'was_not_married');
INSERT INTO choice (id, questionnaire_id, interviewee_id) VALUES ('228bf669-0eb3-43df-bae2-171ef682afb1', 'bf8da1bc-7284-44d0-a7c0-4e0321978aa0', 'cb6e306f-e71d-4095-b097-5a4ff6792e9f');
INSERT INTO option_choice (option_id, choice_id) VALUES ('fbbdfd34-e2c5-4e0b-b98a-d33f6f4fac06', '228bf669-0eb3-43df-bae2-171ef682afb1');
INSERT INTO choice (id, questionnaire_id, interviewee_id) VALUES ('e004d005-c884-471c-962b-84ac3551082d', '6a34c81d-d686-4ce4-8e2f-ec3d2ba47346', 'cb6e306f-e71d-4095-b097-5a4ff6792e9f');
INSERT INTO option_choice (option_id, choice_id) VALUES ('f7043315-74b1-4456-92cc-0c7dc1e0dd21', 'e004d005-c884-471c-962b-84ac3551082d');
INSERT INTO choice (id, questionnaire_id, interviewee_id) VALUES ('ee709267-1c45-497e-aa4a-819ccbbe10f1', '0b6580ec-1374-4a48-ad1d-b1fa316ad9be', 'cb6e306f-e71d-4095-b097-5a4ff6792e9f');
INSERT INTO option_choice (option_id, choice_id) VALUES ('68263915-d7e9-4ac6-9c14-f48cf8807857', 'ee709267-1c45-497e-aa4a-819ccbbe10f1');
INSERT INTO interviewee (id, login, password, age, gender, country, marital_status) VALUES ('bdeaffc4-3bf8-42eb-bdbe-5f712014ca46', 'interviewee968', 'qwerty', 42, 'female', 'GT', 'divorced');
INSERT INTO choice (id, questionnaire_id, interviewee_id) VALUES ('3490c770-5f8f-4f13-a8cd-c3dbdd05e616', '0b6580ec-1374-4a48-ad1d-b1fa316ad9be', 'bdeaffc4-3bf8-42eb-bdbe-5f712014ca46');
INSERT INTO option_choice (option_id, choice_id) VALUES ('68263915-d7e9-4ac6-9c14-f48cf8807857', '3490c770-5f8f-4f13-a8cd-c3dbdd05e616');
INSERT INTO option_choice (option_id, choice_id) VALUES ('82be4575-892d-453a-b3d9-0827c6b6d6df', '3490c770-5f8f-4f13-a8cd-c3dbdd05e616');
INSERT INTO option_choice (option_id, choice_id) VALUES ('a518cc4d-143a-45ca-b29f-a7c53dacc773', '3490c770-5f8f-4f13-a8cd-c3dbdd05e616');
INSERT INTO option_choice (option_id, choice_id) VALUES ('82cec316-48c4-48d4-9d69-8a67e9d22eca', '3490c770-5f8f-4f13-a8cd-c3dbdd05e616');
INSERT INTO choice (id, questionnaire_id, interviewee_id) VALUES ('9643c45b-250c-4e39-81bc-cca086354bf7', '21abb345-1235-4f5e-8b5b-2f6f89f30fee', 'bdeaffc4-3bf8-42eb-bdbe-5f712014ca46');
INSERT INTO option_choice (option_id, choice_id) VALUES ('40408222-66d0-42a2-ad65-3a6b1158d780', '9643c45b-250c-4e39-81bc-cca086354bf7');
INSERT INTO choice (id, questionnaire_id, interviewee_id) VALUES ('a44b8025-9802-4d8d-87ba-bbd56c70d285', 'd05638df-f11c-413d-8456-ee036bed2914', 'bdeaffc4-3bf8-42eb-bdbe-5f712014ca46');
INSERT INTO option_choice (option_id, choice_id) VALUES ('b0557de3-6b66-4e79-b1ac-c2b8f0a5096b', 'a44b8025-9802-4d8d-87ba-bbd56c70d285');
INSERT INTO interviewee (id, login, password, age, gender, country, marital_status) VALUES ('5c8437e8-5668-4d9a-8528-6b68ff47387b', 'interviewee969', 'qwerty', 68, 'male', 'DK', 'was_not_married');
INSERT INTO choice (id, questionnaire_id, interviewee_id) VALUES ('eafce561-3c45-4bfc-acf0-4524d608e98b', 'a345b682-c7ac-49ac-9f14-4f5173a872d8', '5c8437e8-5668-4d9a-8528-6b68ff47387b');
INSERT INTO option_choice (option_id, choice_id) VALUES ('faa6ab11-59ef-4e3b-aa30-88fe576f7451', 'eafce561-3c45-4bfc-acf0-4524d608e98b');
INSERT INTO interviewee (id, login, password, age, gender, country, marital_status) VALUES ('62f96a35-c0f4-4153-bdd3-5512708663ce', 'interviewee970', 'qwerty', 69, 'male', 'PN', 'divorced');
INSERT INTO choice (id, questionnaire_id, interviewee_id) VALUES ('b5ac0bda-7e10-4e13-9a3e-4741943cb4e6', '8adfa259-7459-4497-b994-7101058c39c1', '62f96a35-c0f4-4153-bdd3-5512708663ce');
INSERT INTO option_choice (option_id, choice_id) VALUES ('968d6b86-376e-4d23-9555-89ee1d638c1c', 'b5ac0bda-7e10-4e13-9a3e-4741943cb4e6');
INSERT INTO option_choice (option_id, choice_id) VALUES ('502fb96b-685d-47da-86bb-f40e1e8f57ef', 'b5ac0bda-7e10-4e13-9a3e-4741943cb4e6');
INSERT INTO option_choice (option_id, choice_id) VALUES ('3e047d89-087c-45bd-82d6-38c4acd5c609', 'b5ac0bda-7e10-4e13-9a3e-4741943cb4e6');
INSERT INTO option_choice (option_id, choice_id) VALUES ('7d64ec60-4b16-49eb-a0c6-4af24c3b1767', 'b5ac0bda-7e10-4e13-9a3e-4741943cb4e6');
INSERT INTO interviewee (id, login, password, age, gender, country, marital_status) VALUES ('66d97cf5-fd9b-4e25-8dcc-66fb9dc8dcac', 'interviewee971', 'qwerty', 40, 'female', 'ZW', 'was_not_married');
INSERT INTO choice (id, questionnaire_id, interviewee_id) VALUES ('8ce4d6f5-58a6-43e5-aabb-0928d43c16b7', '309e872a-e145-4926-998b-ec0fdb62466a', '66d97cf5-fd9b-4e25-8dcc-66fb9dc8dcac');
INSERT INTO option_choice (option_id, choice_id) VALUES ('4579f5ab-3007-4302-aa53-456cd440599b', '8ce4d6f5-58a6-43e5-aabb-0928d43c16b7');
INSERT INTO option_choice (option_id, choice_id) VALUES ('8ccfc598-c3a0-4ad2-a052-f4e6e3edc252', '8ce4d6f5-58a6-43e5-aabb-0928d43c16b7');
INSERT INTO option_choice (option_id, choice_id) VALUES ('1dcd1e79-636e-4d6c-b9b4-dcf0da4fdaaa', '8ce4d6f5-58a6-43e5-aabb-0928d43c16b7');
INSERT INTO choice (id, questionnaire_id, interviewee_id) VALUES ('f9689f45-36c8-4cb8-91d4-39061d048ca5', 'a345b682-c7ac-49ac-9f14-4f5173a872d8', '66d97cf5-fd9b-4e25-8dcc-66fb9dc8dcac');
INSERT INTO option_choice (option_id, choice_id) VALUES ('4389db4e-2a8b-43f8-8643-dd6f5a5f160e', 'f9689f45-36c8-4cb8-91d4-39061d048ca5');
INSERT INTO choice (id, questionnaire_id, interviewee_id) VALUES ('6a487294-a897-4be7-8c4f-c090daf86b2f', '8902d50d-0421-4680-82f2-f2b1b667e3fd', '66d97cf5-fd9b-4e25-8dcc-66fb9dc8dcac');
INSERT INTO option_choice (option_id, choice_id) VALUES ('cbdaf253-f6a6-406f-a288-e0397682e9f8', '6a487294-a897-4be7-8c4f-c090daf86b2f');
INSERT INTO interviewee (id, login, password, age, gender, country, marital_status) VALUES ('f6b0002c-4990-4c4f-a440-9f70a56b4c4c', 'interviewee972', 'qwerty', 16, 'male', 'CO', 'married');
INSERT INTO choice (id, questionnaire_id, interviewee_id) VALUES ('6a195ec4-6f0c-40d3-9e20-e449113c29d2', '56c296cd-7c3b-4eb1-90cb-745e555a098c', 'f6b0002c-4990-4c4f-a440-9f70a56b4c4c');
INSERT INTO option_choice (option_id, choice_id) VALUES ('0e27133d-354c-4e2d-af9f-e74397954328', '6a195ec4-6f0c-40d3-9e20-e449113c29d2');
INSERT INTO option_choice (option_id, choice_id) VALUES ('00605853-328c-4a30-9227-5513208ca17e', '6a195ec4-6f0c-40d3-9e20-e449113c29d2');
INSERT INTO option_choice (option_id, choice_id) VALUES ('e2f977a1-4767-4f5b-b056-27e45348cf1a', '6a195ec4-6f0c-40d3-9e20-e449113c29d2');
INSERT INTO option_choice (option_id, choice_id) VALUES ('75d9d333-93f8-42f6-be3b-9a5a24aa476c', '6a195ec4-6f0c-40d3-9e20-e449113c29d2');
INSERT INTO interviewee (id, login, password, age, gender, country, marital_status) VALUES ('b1288c5e-4bfa-4380-ba6f-03aab991f6ad', 'interviewee973', 'qwerty', 18, 'female', 'GR', 'was_not_married');
INSERT INTO choice (id, questionnaire_id, interviewee_id) VALUES ('6af0cbca-851f-4775-8abf-d69691e6645c', 'f680addd-a0b2-4101-9e1f-5e0870943c68', 'b1288c5e-4bfa-4380-ba6f-03aab991f6ad');
INSERT INTO option_choice (option_id, choice_id) VALUES ('521ef3a0-411b-4392-8393-62ed9a638949', '6af0cbca-851f-4775-8abf-d69691e6645c');
INSERT INTO option_choice (option_id, choice_id) VALUES ('cfde0373-91b9-46f9-bc0d-a137a713d2d7', '6af0cbca-851f-4775-8abf-d69691e6645c');
INSERT INTO option_choice (option_id, choice_id) VALUES ('5e0b63d0-2a10-4ab5-a66a-a47615b50b03', '6af0cbca-851f-4775-8abf-d69691e6645c');
INSERT INTO choice (id, questionnaire_id, interviewee_id) VALUES ('77050696-3c81-4b5e-8488-2f2cd28f0abf', '0b6580ec-1374-4a48-ad1d-b1fa316ad9be', 'b1288c5e-4bfa-4380-ba6f-03aab991f6ad');
INSERT INTO option_choice (option_id, choice_id) VALUES ('a518cc4d-143a-45ca-b29f-a7c53dacc773', '77050696-3c81-4b5e-8488-2f2cd28f0abf');
INSERT INTO option_choice (option_id, choice_id) VALUES ('68263915-d7e9-4ac6-9c14-f48cf8807857', '77050696-3c81-4b5e-8488-2f2cd28f0abf');
INSERT INTO option_choice (option_id, choice_id) VALUES ('82cec316-48c4-48d4-9d69-8a67e9d22eca', '77050696-3c81-4b5e-8488-2f2cd28f0abf');
INSERT INTO choice (id, questionnaire_id, interviewee_id) VALUES ('af63b647-83f4-400e-9d96-d11e63260661', 'a345b682-c7ac-49ac-9f14-4f5173a872d8', 'b1288c5e-4bfa-4380-ba6f-03aab991f6ad');
INSERT INTO option_choice (option_id, choice_id) VALUES ('faa6ab11-59ef-4e3b-aa30-88fe576f7451', 'af63b647-83f4-400e-9d96-d11e63260661');
INSERT INTO interviewee (id, login, password, age, gender, country, marital_status) VALUES ('365a37a4-522b-498b-941a-585d23650b8b', 'interviewee974', 'qwerty', 68, 'female', 'LB', 'was_not_married');
INSERT INTO choice (id, questionnaire_id, interviewee_id) VALUES ('537ecc77-7a17-4f28-9078-bee325c2b7d1', '6a34c81d-d686-4ce4-8e2f-ec3d2ba47346', '365a37a4-522b-498b-941a-585d23650b8b');
INSERT INTO option_choice (option_id, choice_id) VALUES ('7a83da6c-611b-4c33-a2e2-ddf398a170bc', '537ecc77-7a17-4f28-9078-bee325c2b7d1');
INSERT INTO choice (id, questionnaire_id, interviewee_id) VALUES ('1dbedd36-711a-4a1b-9bea-672a8763fc35', '91a16ec4-1a91-44d1-bb08-6e9fc823c230', '365a37a4-522b-498b-941a-585d23650b8b');
INSERT INTO option_choice (option_id, choice_id) VALUES ('5b32da45-be75-42c8-8fa7-ba776167a759', '1dbedd36-711a-4a1b-9bea-672a8763fc35');
INSERT INTO option_choice (option_id, choice_id) VALUES ('cab8632d-19dd-4ddc-9c90-669949088fa5', '1dbedd36-711a-4a1b-9bea-672a8763fc35');
INSERT INTO option_choice (option_id, choice_id) VALUES ('fbc23714-2c99-4441-8130-94075c78f6e8', '1dbedd36-711a-4a1b-9bea-672a8763fc35');
INSERT INTO interviewee (id, login, password, age, gender, country, marital_status) VALUES ('0cae953a-a858-4013-9c59-6d953a7f3ecb', 'interviewee975', 'qwerty', 35, 'male', 'TR', 'divorced');
INSERT INTO choice (id, questionnaire_id, interviewee_id) VALUES ('34f07504-8023-4722-8d7b-4ad2d24b8fc1', 'b5ae5620-2d58-48f5-a060-28e8fd1859dd', '0cae953a-a858-4013-9c59-6d953a7f3ecb');
INSERT INTO option_choice (option_id, choice_id) VALUES ('a5e432ce-d2c6-4c6b-912f-dd0aa7f19d87', '34f07504-8023-4722-8d7b-4ad2d24b8fc1');
INSERT INTO choice (id, questionnaire_id, interviewee_id) VALUES ('90ab48e1-265d-4b35-8c0a-589ce47b3da4', '0b6580ec-1374-4a48-ad1d-b1fa316ad9be', '0cae953a-a858-4013-9c59-6d953a7f3ecb');
INSERT INTO option_choice (option_id, choice_id) VALUES ('a518cc4d-143a-45ca-b29f-a7c53dacc773', '90ab48e1-265d-4b35-8c0a-589ce47b3da4');
INSERT INTO option_choice (option_id, choice_id) VALUES ('82cec316-48c4-48d4-9d69-8a67e9d22eca', '90ab48e1-265d-4b35-8c0a-589ce47b3da4');
INSERT INTO option_choice (option_id, choice_id) VALUES ('68263915-d7e9-4ac6-9c14-f48cf8807857', '90ab48e1-265d-4b35-8c0a-589ce47b3da4');
INSERT INTO option_choice (option_id, choice_id) VALUES ('82be4575-892d-453a-b3d9-0827c6b6d6df', '90ab48e1-265d-4b35-8c0a-589ce47b3da4');
INSERT INTO choice (id, questionnaire_id, interviewee_id) VALUES ('272ecdb5-2322-41ab-8e4f-91e8e894d170', 'e2cf177f-e49f-4aef-99a6-095d711c6ec2', '0cae953a-a858-4013-9c59-6d953a7f3ecb');
INSERT INTO option_choice (option_id, choice_id) VALUES ('242c02d5-0f4b-4e89-976f-3754854f478c', '272ecdb5-2322-41ab-8e4f-91e8e894d170');
INSERT INTO interviewee (id, login, password, age, gender, country, marital_status) VALUES ('2616a5d3-3c49-4119-b49e-e2068e3f3fc5', 'interviewee976', 'qwerty', 62, 'female', 'ZM', 'married');
INSERT INTO choice (id, questionnaire_id, interviewee_id) VALUES ('adfcca18-b820-49ea-8946-200febc1db04', '8902d50d-0421-4680-82f2-f2b1b667e3fd', '2616a5d3-3c49-4119-b49e-e2068e3f3fc5');
INSERT INTO option_choice (option_id, choice_id) VALUES ('ac0c373d-7749-4908-8091-d580700cabb0', 'adfcca18-b820-49ea-8946-200febc1db04');
INSERT INTO choice (id, questionnaire_id, interviewee_id) VALUES ('60c81d4e-501b-417b-b758-901dbbb2be64', 'cb70c074-82ef-4114-aabc-e940a19b5bb0', '2616a5d3-3c49-4119-b49e-e2068e3f3fc5');
INSERT INTO option_choice (option_id, choice_id) VALUES ('4fbbc5c4-5cc1-4421-86a2-d7151c56a9df', '60c81d4e-501b-417b-b758-901dbbb2be64');
INSERT INTO option_choice (option_id, choice_id) VALUES ('c2db2843-0153-4422-8aa4-c4c9e640418d', '60c81d4e-501b-417b-b758-901dbbb2be64');
INSERT INTO choice (id, questionnaire_id, interviewee_id) VALUES ('a0ecac16-6270-4afd-8662-adcd3a936929', 'a2f7d656-4675-4d99-9435-95cbe535c6c1', '2616a5d3-3c49-4119-b49e-e2068e3f3fc5');
INSERT INTO option_choice (option_id, choice_id) VALUES ('930526a4-2714-4f39-831c-55b3185bd967', 'a0ecac16-6270-4afd-8662-adcd3a936929');
INSERT INTO option_choice (option_id, choice_id) VALUES ('2366bc8e-690e-4739-b5f2-cf491cd8107c', 'a0ecac16-6270-4afd-8662-adcd3a936929');
INSERT INTO interviewee (id, login, password, age, gender, country, marital_status) VALUES ('f96d0804-e4d0-446c-8a1b-c26e2a75abb0', 'interviewee977', 'qwerty', 63, 'male', 'MZ', 'divorced');
INSERT INTO choice (id, questionnaire_id, interviewee_id) VALUES ('a3d64740-e982-4f40-871a-8f23fe7fc3ed', 'e2cf177f-e49f-4aef-99a6-095d711c6ec2', 'f96d0804-e4d0-446c-8a1b-c26e2a75abb0');
INSERT INTO option_choice (option_id, choice_id) VALUES ('242c02d5-0f4b-4e89-976f-3754854f478c', 'a3d64740-e982-4f40-871a-8f23fe7fc3ed');
INSERT INTO choice (id, questionnaire_id, interviewee_id) VALUES ('c9c09956-e888-445b-97d8-bbcb4b126075', '21abb345-1235-4f5e-8b5b-2f6f89f30fee', 'f96d0804-e4d0-446c-8a1b-c26e2a75abb0');
INSERT INTO option_choice (option_id, choice_id) VALUES ('fa871bfe-a04e-4297-af08-80cc94ccf337', 'c9c09956-e888-445b-97d8-bbcb4b126075');
INSERT INTO choice (id, questionnaire_id, interviewee_id) VALUES ('8ef4fe63-f919-4bfe-a965-a23c285e3a44', 'b6588e29-37de-425f-834e-e867f77794ce', 'f96d0804-e4d0-446c-8a1b-c26e2a75abb0');
INSERT INTO option_choice (option_id, choice_id) VALUES ('40c301f5-13ed-4b94-85aa-e1c562adce4d', '8ef4fe63-f919-4bfe-a965-a23c285e3a44');
INSERT INTO option_choice (option_id, choice_id) VALUES ('46bd1403-2ee0-4145-8014-8dd4fafcb8af', '8ef4fe63-f919-4bfe-a965-a23c285e3a44');
INSERT INTO option_choice (option_id, choice_id) VALUES ('5b82f100-bb0f-47ec-9395-7a0409f4b7ef', '8ef4fe63-f919-4bfe-a965-a23c285e3a44');
INSERT INTO option_choice (option_id, choice_id) VALUES ('460ff4a7-d376-4dc8-b5bb-9ab1989fbb31', '8ef4fe63-f919-4bfe-a965-a23c285e3a44');
INSERT INTO interviewee (id, login, password, age, gender, country, marital_status) VALUES ('3657b2fe-fd9c-4302-876d-4ea95ae9bed9', 'interviewee978', 'qwerty', 17, 'female', 'PA', 'divorced');
INSERT INTO choice (id, questionnaire_id, interviewee_id) VALUES ('48b0f2c8-1016-45c3-a62b-72d76a1d7b58', 'af6f1431-a90e-4919-83a4-359d6a8a7d22', '3657b2fe-fd9c-4302-876d-4ea95ae9bed9');
INSERT INTO option_choice (option_id, choice_id) VALUES ('e6932ff8-921c-4ab7-b5c5-37e59ea816fd', '48b0f2c8-1016-45c3-a62b-72d76a1d7b58');
INSERT INTO option_choice (option_id, choice_id) VALUES ('14b9069e-cc19-448a-96f6-c333a9a53635', '48b0f2c8-1016-45c3-a62b-72d76a1d7b58');
INSERT INTO option_choice (option_id, choice_id) VALUES ('d6e4609d-6705-4cc8-b83a-4786ea4f6ad6', '48b0f2c8-1016-45c3-a62b-72d76a1d7b58');
INSERT INTO option_choice (option_id, choice_id) VALUES ('b6cea016-cb83-4752-bbc0-0e2a71b294d6', '48b0f2c8-1016-45c3-a62b-72d76a1d7b58');
INSERT INTO option_choice (option_id, choice_id) VALUES ('1d5c1c89-2fbe-4efd-aab1-12329e29ad0f', '48b0f2c8-1016-45c3-a62b-72d76a1d7b58');
INSERT INTO choice (id, questionnaire_id, interviewee_id) VALUES ('81c3c8d0-fa86-4a0c-8a19-8f87aaf26f70', '309e872a-e145-4926-998b-ec0fdb62466a', '3657b2fe-fd9c-4302-876d-4ea95ae9bed9');
INSERT INTO option_choice (option_id, choice_id) VALUES ('926da358-7388-4aea-b601-42bcfcd8c071', '81c3c8d0-fa86-4a0c-8a19-8f87aaf26f70');
INSERT INTO option_choice (option_id, choice_id) VALUES ('1dcd1e79-636e-4d6c-b9b4-dcf0da4fdaaa', '81c3c8d0-fa86-4a0c-8a19-8f87aaf26f70');
INSERT INTO option_choice (option_id, choice_id) VALUES ('8ccfc598-c3a0-4ad2-a052-f4e6e3edc252', '81c3c8d0-fa86-4a0c-8a19-8f87aaf26f70');
INSERT INTO option_choice (option_id, choice_id) VALUES ('4579f5ab-3007-4302-aa53-456cd440599b', '81c3c8d0-fa86-4a0c-8a19-8f87aaf26f70');
INSERT INTO interviewee (id, login, password, age, gender, country, marital_status) VALUES ('8ef0f68b-213f-48fe-b3a7-af495dca5631', 'interviewee979', 'qwerty', 47, 'male', 'VE', 'divorced');
INSERT INTO choice (id, questionnaire_id, interviewee_id) VALUES ('1b3af8e8-ee97-47e5-9fed-31b92dff7da8', '91a16ec4-1a91-44d1-bb08-6e9fc823c230', '8ef0f68b-213f-48fe-b3a7-af495dca5631');
INSERT INTO option_choice (option_id, choice_id) VALUES ('cab8632d-19dd-4ddc-9c90-669949088fa5', '1b3af8e8-ee97-47e5-9fed-31b92dff7da8');
INSERT INTO choice (id, questionnaire_id, interviewee_id) VALUES ('05afaf73-1031-4483-a8d4-8982fe9f5456', '83dbd16d-6765-468d-944f-022d10d042e5', '8ef0f68b-213f-48fe-b3a7-af495dca5631');
INSERT INTO option_choice (option_id, choice_id) VALUES ('176e8036-bece-46c0-beb2-71eb28a41f51', '05afaf73-1031-4483-a8d4-8982fe9f5456');
INSERT INTO option_choice (option_id, choice_id) VALUES ('d8a63395-3425-4d1b-95be-b38dc31cb0af', '05afaf73-1031-4483-a8d4-8982fe9f5456');
INSERT INTO option_choice (option_id, choice_id) VALUES ('d6416cf3-39f7-4cf9-ba84-314605b84d03', '05afaf73-1031-4483-a8d4-8982fe9f5456');
INSERT INTO option_choice (option_id, choice_id) VALUES ('eee0aab7-8b77-4c19-b028-648aa7e303ed', '05afaf73-1031-4483-a8d4-8982fe9f5456');
INSERT INTO choice (id, questionnaire_id, interviewee_id) VALUES ('ca2d8cb4-2f20-4e8e-94e9-23529b776571', '342b973f-a1d1-4062-a073-fb80b6195e1a', '8ef0f68b-213f-48fe-b3a7-af495dca5631');
INSERT INTO option_choice (option_id, choice_id) VALUES ('47afaa62-a5ba-4be6-81b8-673fae59c987', 'ca2d8cb4-2f20-4e8e-94e9-23529b776571');
INSERT INTO option_choice (option_id, choice_id) VALUES ('d84282d4-6002-4289-bb10-cb7bfd2e906b', 'ca2d8cb4-2f20-4e8e-94e9-23529b776571');
INSERT INTO interviewee (id, login, password, age, gender, country, marital_status) VALUES ('3e41bcf7-08cb-4c29-9f88-bd4104d209f7', 'interviewee980', 'qwerty', 34, 'female', 'AQ', 'was_not_married');
INSERT INTO choice (id, questionnaire_id, interviewee_id) VALUES ('444322c3-9deb-46fd-9b81-4632c31db38c', 'cb70c074-82ef-4114-aabc-e940a19b5bb0', '3e41bcf7-08cb-4c29-9f88-bd4104d209f7');
INSERT INTO option_choice (option_id, choice_id) VALUES ('b2aebe06-b155-47cd-a39d-b9c1beabb465', '444322c3-9deb-46fd-9b81-4632c31db38c');
INSERT INTO choice (id, questionnaire_id, interviewee_id) VALUES ('e2020011-4144-415c-8318-8caa0f1c1df0', 'b5ae5620-2d58-48f5-a060-28e8fd1859dd', '3e41bcf7-08cb-4c29-9f88-bd4104d209f7');
INSERT INTO option_choice (option_id, choice_id) VALUES ('68702e14-fb48-4755-b6ec-11c860048f90', 'e2020011-4144-415c-8318-8caa0f1c1df0');
INSERT INTO interviewee (id, login, password, age, gender, country, marital_status) VALUES ('c398a48c-6604-41ba-a694-9dab5da94f6f', 'interviewee981', 'qwerty', 34, 'female', 'CU', 'divorced');
INSERT INTO choice (id, questionnaire_id, interviewee_id) VALUES ('6cbf46b9-d6e0-416d-9965-1c24e06a1962', 'af6f1431-a90e-4919-83a4-359d6a8a7d22', 'c398a48c-6604-41ba-a694-9dab5da94f6f');
INSERT INTO option_choice (option_id, choice_id) VALUES ('b6cea016-cb83-4752-bbc0-0e2a71b294d6', '6cbf46b9-d6e0-416d-9965-1c24e06a1962');
INSERT INTO option_choice (option_id, choice_id) VALUES ('e6932ff8-921c-4ab7-b5c5-37e59ea816fd', '6cbf46b9-d6e0-416d-9965-1c24e06a1962');
INSERT INTO choice (id, questionnaire_id, interviewee_id) VALUES ('a688cf5f-a847-4f37-b04c-15fad9bb2fa3', '6a34c81d-d686-4ce4-8e2f-ec3d2ba47346', 'c398a48c-6604-41ba-a694-9dab5da94f6f');
INSERT INTO option_choice (option_id, choice_id) VALUES ('553e0886-1a11-4d34-ad3c-c3ee745c28c8', 'a688cf5f-a847-4f37-b04c-15fad9bb2fa3');
INSERT INTO choice (id, questionnaire_id, interviewee_id) VALUES ('522e6572-a3aa-4d6d-8133-4ee77495ab94', 'e679f6e5-388e-4679-9f14-15a0896d2816', 'c398a48c-6604-41ba-a694-9dab5da94f6f');
INSERT INTO option_choice (option_id, choice_id) VALUES ('5169914a-cf41-4077-8993-1322df09c3da', '522e6572-a3aa-4d6d-8133-4ee77495ab94');
INSERT INTO option_choice (option_id, choice_id) VALUES ('7fc08a6e-900b-45ea-b455-29a8eb343039', '522e6572-a3aa-4d6d-8133-4ee77495ab94');
INSERT INTO interviewee (id, login, password, age, gender, country, marital_status) VALUES ('4e59f761-c74a-41c1-94cc-6a62d8ef0713', 'interviewee982', 'qwerty', 42, 'female', 'GL', 'was_not_married');
INSERT INTO choice (id, questionnaire_id, interviewee_id) VALUES ('264c15a6-d14b-489c-9e54-8fd8b95047a2', 'af6f1431-a90e-4919-83a4-359d6a8a7d22', '4e59f761-c74a-41c1-94cc-6a62d8ef0713');
INSERT INTO option_choice (option_id, choice_id) VALUES ('e6932ff8-921c-4ab7-b5c5-37e59ea816fd', '264c15a6-d14b-489c-9e54-8fd8b95047a2');
INSERT INTO option_choice (option_id, choice_id) VALUES ('a3c0df26-f677-4a76-9fc9-e8bcb2a586ec', '264c15a6-d14b-489c-9e54-8fd8b95047a2');
INSERT INTO option_choice (option_id, choice_id) VALUES ('e41b3b09-f2a6-4206-bfde-743557a31646', '264c15a6-d14b-489c-9e54-8fd8b95047a2');
INSERT INTO option_choice (option_id, choice_id) VALUES ('b6cea016-cb83-4752-bbc0-0e2a71b294d6', '264c15a6-d14b-489c-9e54-8fd8b95047a2');
INSERT INTO option_choice (option_id, choice_id) VALUES ('d6e4609d-6705-4cc8-b83a-4786ea4f6ad6', '264c15a6-d14b-489c-9e54-8fd8b95047a2');
INSERT INTO option_choice (option_id, choice_id) VALUES ('1d5c1c89-2fbe-4efd-aab1-12329e29ad0f', '264c15a6-d14b-489c-9e54-8fd8b95047a2');
INSERT INTO choice (id, questionnaire_id, interviewee_id) VALUES ('2a225d13-df8b-40bd-8151-82fcd5478d42', '6a34c81d-d686-4ce4-8e2f-ec3d2ba47346', '4e59f761-c74a-41c1-94cc-6a62d8ef0713');
INSERT INTO option_choice (option_id, choice_id) VALUES ('f7043315-74b1-4456-92cc-0c7dc1e0dd21', '2a225d13-df8b-40bd-8151-82fcd5478d42');
INSERT INTO choice (id, questionnaire_id, interviewee_id) VALUES ('4dee1dba-9f84-432e-a489-44be23a232ec', 'bf8da1bc-7284-44d0-a7c0-4e0321978aa0', '4e59f761-c74a-41c1-94cc-6a62d8ef0713');
INSERT INTO option_choice (option_id, choice_id) VALUES ('1690438b-db39-4933-b62c-4f692bce0c76', '4dee1dba-9f84-432e-a489-44be23a232ec');
INSERT INTO interviewee (id, login, password, age, gender, country, marital_status) VALUES ('ce754989-f5cf-40dd-ae67-024c656b4611', 'interviewee983', 'qwerty', 33, 'male', 'MC', 'divorced');
INSERT INTO choice (id, questionnaire_id, interviewee_id) VALUES ('ebcff0db-668e-4cf3-8f22-9851ea5dc108', 'b6588e29-37de-425f-834e-e867f77794ce', 'ce754989-f5cf-40dd-ae67-024c656b4611');
INSERT INTO option_choice (option_id, choice_id) VALUES ('46bd1403-2ee0-4145-8014-8dd4fafcb8af', 'ebcff0db-668e-4cf3-8f22-9851ea5dc108');
INSERT INTO option_choice (option_id, choice_id) VALUES ('460ff4a7-d376-4dc8-b5bb-9ab1989fbb31', 'ebcff0db-668e-4cf3-8f22-9851ea5dc108');
INSERT INTO option_choice (option_id, choice_id) VALUES ('40c301f5-13ed-4b94-85aa-e1c562adce4d', 'ebcff0db-668e-4cf3-8f22-9851ea5dc108');
INSERT INTO option_choice (option_id, choice_id) VALUES ('07e7a8bf-65e2-41d5-aeef-91bcbe765392', 'ebcff0db-668e-4cf3-8f22-9851ea5dc108');
INSERT INTO option_choice (option_id, choice_id) VALUES ('7f0bbd14-8cfc-4a28-88f7-5af992a4c02b', 'ebcff0db-668e-4cf3-8f22-9851ea5dc108');
INSERT INTO option_choice (option_id, choice_id) VALUES ('4bde418e-a165-43f7-ac7b-c6d2ab034e2e', 'ebcff0db-668e-4cf3-8f22-9851ea5dc108');
INSERT INTO choice (id, questionnaire_id, interviewee_id) VALUES ('57035e82-ec23-4b36-842b-d57e2a55a77b', '342b973f-a1d1-4062-a073-fb80b6195e1a', 'ce754989-f5cf-40dd-ae67-024c656b4611');
INSERT INTO option_choice (option_id, choice_id) VALUES ('d84282d4-6002-4289-bb10-cb7bfd2e906b', '57035e82-ec23-4b36-842b-d57e2a55a77b');
INSERT INTO option_choice (option_id, choice_id) VALUES ('a95386af-e627-4a57-adc2-0009818da88b', '57035e82-ec23-4b36-842b-d57e2a55a77b');
INSERT INTO option_choice (option_id, choice_id) VALUES ('47afaa62-a5ba-4be6-81b8-673fae59c987', '57035e82-ec23-4b36-842b-d57e2a55a77b');
INSERT INTO choice (id, questionnaire_id, interviewee_id) VALUES ('e5fad933-9879-4aa8-adeb-00ed0a265b5c', '557cb630-d2f4-4e11-afe9-d50534deb525', 'ce754989-f5cf-40dd-ae67-024c656b4611');
INSERT INTO option_choice (option_id, choice_id) VALUES ('b633afa9-c11d-4aab-b450-ffbcfde02318', 'e5fad933-9879-4aa8-adeb-00ed0a265b5c');
INSERT INTO interviewee (id, login, password, age, gender, country, marital_status) VALUES ('b351ec5c-d8ec-487c-b877-4d624ce1cbd5', 'interviewee984', 'qwerty', 51, 'female', 'CC', 'was_not_married');
INSERT INTO choice (id, questionnaire_id, interviewee_id) VALUES ('1a607025-a521-4ea0-a770-27adbc5c6dcd', '557cb630-d2f4-4e11-afe9-d50534deb525', 'b351ec5c-d8ec-487c-b877-4d624ce1cbd5');
INSERT INTO option_choice (option_id, choice_id) VALUES ('e7f8d933-d81f-4080-9dd3-d1b981b9cd11', '1a607025-a521-4ea0-a770-27adbc5c6dcd');
INSERT INTO choice (id, questionnaire_id, interviewee_id) VALUES ('d0e1660f-6f0d-45ee-a5bd-2ccd645f58d2', 'afb83fe3-e755-403b-9a15-c18b3782c012', 'b351ec5c-d8ec-487c-b877-4d624ce1cbd5');
INSERT INTO option_choice (option_id, choice_id) VALUES ('db1f1f55-651e-4dd8-b4c1-deb2f26216b2', 'd0e1660f-6f0d-45ee-a5bd-2ccd645f58d2');
INSERT INTO interviewee (id, login, password, age, gender, country, marital_status) VALUES ('2b63b9fe-2217-4d19-bc88-0b03e9baa995', 'interviewee985', 'qwerty', 29, 'male', 'BO', 'married');
INSERT INTO choice (id, questionnaire_id, interviewee_id) VALUES ('a7fa0411-c0ce-4f44-901a-28523aaa0c13', 'b5ae5620-2d58-48f5-a060-28e8fd1859dd', '2b63b9fe-2217-4d19-bc88-0b03e9baa995');
INSERT INTO option_choice (option_id, choice_id) VALUES ('fecb111c-77d6-4b66-b728-32011b5211c0', 'a7fa0411-c0ce-4f44-901a-28523aaa0c13');
INSERT INTO interviewee (id, login, password, age, gender, country, marital_status) VALUES ('e33014f1-3744-45d3-beff-4c2884df2c71', 'interviewee986', 'qwerty', 40, 'male', 'GE', 'was_not_married');
INSERT INTO choice (id, questionnaire_id, interviewee_id) VALUES ('c33509e4-ce46-4634-a2a7-b91ee74bc310', 'e679f6e5-388e-4679-9f14-15a0896d2816', 'e33014f1-3744-45d3-beff-4c2884df2c71');
INSERT INTO option_choice (option_id, choice_id) VALUES ('5169914a-cf41-4077-8993-1322df09c3da', 'c33509e4-ce46-4634-a2a7-b91ee74bc310');
INSERT INTO option_choice (option_id, choice_id) VALUES ('3ee9dd0f-6306-4f8b-bdec-27347884621a', 'c33509e4-ce46-4634-a2a7-b91ee74bc310');
INSERT INTO interviewee (id, login, password, age, gender, country, marital_status) VALUES ('214d6518-f10e-40b8-8e9d-fe1444ebb20c', 'interviewee987', 'qwerty', 62, 'male', 'BW', 'was_not_married');
INSERT INTO choice (id, questionnaire_id, interviewee_id) VALUES ('70551fee-23b4-4a1f-a7dc-e6ae99c33f0a', '0b6580ec-1374-4a48-ad1d-b1fa316ad9be', '214d6518-f10e-40b8-8e9d-fe1444ebb20c');
INSERT INTO option_choice (option_id, choice_id) VALUES ('a518cc4d-143a-45ca-b29f-a7c53dacc773', '70551fee-23b4-4a1f-a7dc-e6ae99c33f0a');
INSERT INTO option_choice (option_id, choice_id) VALUES ('68263915-d7e9-4ac6-9c14-f48cf8807857', '70551fee-23b4-4a1f-a7dc-e6ae99c33f0a');
INSERT INTO option_choice (option_id, choice_id) VALUES ('82be4575-892d-453a-b3d9-0827c6b6d6df', '70551fee-23b4-4a1f-a7dc-e6ae99c33f0a');
INSERT INTO choice (id, questionnaire_id, interviewee_id) VALUES ('993b86a6-e0c8-4bf1-aa75-37aedb3e80e5', '83dbd16d-6765-468d-944f-022d10d042e5', '214d6518-f10e-40b8-8e9d-fe1444ebb20c');
INSERT INTO option_choice (option_id, choice_id) VALUES ('176e8036-bece-46c0-beb2-71eb28a41f51', '993b86a6-e0c8-4bf1-aa75-37aedb3e80e5');
INSERT INTO option_choice (option_id, choice_id) VALUES ('d6416cf3-39f7-4cf9-ba84-314605b84d03', '993b86a6-e0c8-4bf1-aa75-37aedb3e80e5');
INSERT INTO choice (id, questionnaire_id, interviewee_id) VALUES ('1c3f7785-604e-4b10-96df-acd3e9a0e600', 'a2f7d656-4675-4d99-9435-95cbe535c6c1', '214d6518-f10e-40b8-8e9d-fe1444ebb20c');
INSERT INTO option_choice (option_id, choice_id) VALUES ('ced72831-705a-4153-849e-71a73e5a7d3c', '1c3f7785-604e-4b10-96df-acd3e9a0e600');
INSERT INTO option_choice (option_id, choice_id) VALUES ('394c3616-edd7-4820-aa09-f4425e4f774c', '1c3f7785-604e-4b10-96df-acd3e9a0e600');
INSERT INTO option_choice (option_id, choice_id) VALUES ('930526a4-2714-4f39-831c-55b3185bd967', '1c3f7785-604e-4b10-96df-acd3e9a0e600');
INSERT INTO option_choice (option_id, choice_id) VALUES ('2366bc8e-690e-4739-b5f2-cf491cd8107c', '1c3f7785-604e-4b10-96df-acd3e9a0e600');
INSERT INTO option_choice (option_id, choice_id) VALUES ('c6bb5cf5-3828-4747-8bb2-776e9deaeb04', '1c3f7785-604e-4b10-96df-acd3e9a0e600');
INSERT INTO option_choice (option_id, choice_id) VALUES ('110b73fb-e57f-409d-83dc-0d81bdd20a44', '1c3f7785-604e-4b10-96df-acd3e9a0e600');
INSERT INTO interviewee (id, login, password, age, gender, country, marital_status) VALUES ('5c5a9926-72a1-412e-95ca-9ca68ff0e898', 'interviewee988', 'qwerty', 30, 'male', 'TO', 'divorced');
INSERT INTO choice (id, questionnaire_id, interviewee_id) VALUES ('2129d2e7-5db1-4711-9148-22cf6371a947', 'a345b682-c7ac-49ac-9f14-4f5173a872d8', '5c5a9926-72a1-412e-95ca-9ca68ff0e898');
INSERT INTO option_choice (option_id, choice_id) VALUES ('faa6ab11-59ef-4e3b-aa30-88fe576f7451', '2129d2e7-5db1-4711-9148-22cf6371a947');
INSERT INTO interviewee (id, login, password, age, gender, country, marital_status) VALUES ('7c7f8fe1-62de-4614-a59b-f5036bd4bec4', 'interviewee989', 'qwerty', 23, 'male', 'AS', 'divorced');
INSERT INTO choice (id, questionnaire_id, interviewee_id) VALUES ('06f7bef8-6466-42bf-a982-a91efee674cb', 'b5ae5620-2d58-48f5-a060-28e8fd1859dd', '7c7f8fe1-62de-4614-a59b-f5036bd4bec4');
INSERT INTO option_choice (option_id, choice_id) VALUES ('fecb111c-77d6-4b66-b728-32011b5211c0', '06f7bef8-6466-42bf-a982-a91efee674cb');
INSERT INTO interviewee (id, login, password, age, gender, country, marital_status) VALUES ('d73d4803-0576-4920-97f0-8ddd9106be04', 'interviewee990', 'qwerty', 14, 'female', 'US', 'divorced');
INSERT INTO choice (id, questionnaire_id, interviewee_id) VALUES ('a57b8673-f176-46cc-afce-f0b370a98be2', '21abb345-1235-4f5e-8b5b-2f6f89f30fee', 'd73d4803-0576-4920-97f0-8ddd9106be04');
INSERT INTO option_choice (option_id, choice_id) VALUES ('89025574-1604-4050-9786-3bf06cdb36eb', 'a57b8673-f176-46cc-afce-f0b370a98be2');
INSERT INTO choice (id, questionnaire_id, interviewee_id) VALUES ('652b4a0a-659c-4886-a152-39f904c4684b', '1a336595-020d-4026-a389-afd9a80cf707', 'd73d4803-0576-4920-97f0-8ddd9106be04');
INSERT INTO option_choice (option_id, choice_id) VALUES ('fb8edb03-709f-43c3-9875-7ba762e529a6', '652b4a0a-659c-4886-a152-39f904c4684b');
INSERT INTO choice (id, questionnaire_id, interviewee_id) VALUES ('b96bb334-48e7-4b60-84bd-b9373a281715', 'a7e484ae-fb91-4ddf-a8c0-869a7f4ad0ee', 'd73d4803-0576-4920-97f0-8ddd9106be04');
INSERT INTO option_choice (option_id, choice_id) VALUES ('c2e66b7f-cc24-45a4-a017-7a4d25149a85', 'b96bb334-48e7-4b60-84bd-b9373a281715');
INSERT INTO interviewee (id, login, password, age, gender, country, marital_status) VALUES ('7c561eab-a5f8-4110-8cfe-b9e9d3e3ae02', 'interviewee991', 'qwerty', 58, 'male', 'GG', 'married');
INSERT INTO choice (id, questionnaire_id, interviewee_id) VALUES ('a53fad64-9c23-42f3-9718-79840413a4b1', '21abb345-1235-4f5e-8b5b-2f6f89f30fee', '7c561eab-a5f8-4110-8cfe-b9e9d3e3ae02');
INSERT INTO option_choice (option_id, choice_id) VALUES ('fa871bfe-a04e-4297-af08-80cc94ccf337', 'a53fad64-9c23-42f3-9718-79840413a4b1');
INSERT INTO choice (id, questionnaire_id, interviewee_id) VALUES ('0ee08832-0db4-489a-814d-86361e096338', '6a34c81d-d686-4ce4-8e2f-ec3d2ba47346', '7c561eab-a5f8-4110-8cfe-b9e9d3e3ae02');
INSERT INTO option_choice (option_id, choice_id) VALUES ('39c56f53-1cf2-4487-83be-4d75b94ce4df', '0ee08832-0db4-489a-814d-86361e096338');
INSERT INTO choice (id, questionnaire_id, interviewee_id) VALUES ('e86e1341-16fe-410b-9877-6d682e80cef3', '83dbd16d-6765-468d-944f-022d10d042e5', '7c561eab-a5f8-4110-8cfe-b9e9d3e3ae02');
INSERT INTO option_choice (option_id, choice_id) VALUES ('d6416cf3-39f7-4cf9-ba84-314605b84d03', 'e86e1341-16fe-410b-9877-6d682e80cef3');
INSERT INTO option_choice (option_id, choice_id) VALUES ('eee0aab7-8b77-4c19-b028-648aa7e303ed', 'e86e1341-16fe-410b-9877-6d682e80cef3');
INSERT INTO option_choice (option_id, choice_id) VALUES ('176e8036-bece-46c0-beb2-71eb28a41f51', 'e86e1341-16fe-410b-9877-6d682e80cef3');
INSERT INTO option_choice (option_id, choice_id) VALUES ('d8a63395-3425-4d1b-95be-b38dc31cb0af', 'e86e1341-16fe-410b-9877-6d682e80cef3');
INSERT INTO interviewee (id, login, password, age, gender, country, marital_status) VALUES ('636e3300-4420-432e-9618-545910a0367a', 'interviewee992', 'qwerty', 37, 'male', 'EG', 'was_not_married');
INSERT INTO choice (id, questionnaire_id, interviewee_id) VALUES ('89341e31-cbc1-488a-8ca9-698f71a77417', 'a7e484ae-fb91-4ddf-a8c0-869a7f4ad0ee', '636e3300-4420-432e-9618-545910a0367a');
INSERT INTO option_choice (option_id, choice_id) VALUES ('5833b1ae-14b5-474e-8178-69dc98fc720e', '89341e31-cbc1-488a-8ca9-698f71a77417');
INSERT INTO interviewee (id, login, password, age, gender, country, marital_status) VALUES ('0ea1fbc8-b448-4f82-8fae-82e58733226f', 'interviewee993', 'qwerty', 38, 'female', 'LC', 'was_not_married');
INSERT INTO choice (id, questionnaire_id, interviewee_id) VALUES ('b2cbd8ab-3a8f-4673-bc74-16ca4f8dc57c', '91a16ec4-1a91-44d1-bb08-6e9fc823c230', '0ea1fbc8-b448-4f82-8fae-82e58733226f');
INSERT INTO option_choice (option_id, choice_id) VALUES ('690b73cc-52e3-435d-a3bd-78733e5fdeaf', 'b2cbd8ab-3a8f-4673-bc74-16ca4f8dc57c');
INSERT INTO option_choice (option_id, choice_id) VALUES ('5b32da45-be75-42c8-8fa7-ba776167a759', 'b2cbd8ab-3a8f-4673-bc74-16ca4f8dc57c');
INSERT INTO option_choice (option_id, choice_id) VALUES ('fbc23714-2c99-4441-8130-94075c78f6e8', 'b2cbd8ab-3a8f-4673-bc74-16ca4f8dc57c');
INSERT INTO option_choice (option_id, choice_id) VALUES ('cab8632d-19dd-4ddc-9c90-669949088fa5', 'b2cbd8ab-3a8f-4673-bc74-16ca4f8dc57c');
INSERT INTO choice (id, questionnaire_id, interviewee_id) VALUES ('4d155138-67b6-45fc-a017-04c786cd7898', 'bf8da1bc-7284-44d0-a7c0-4e0321978aa0', '0ea1fbc8-b448-4f82-8fae-82e58733226f');
INSERT INTO option_choice (option_id, choice_id) VALUES ('fbbdfd34-e2c5-4e0b-b98a-d33f6f4fac06', '4d155138-67b6-45fc-a017-04c786cd7898');
INSERT INTO choice (id, questionnaire_id, interviewee_id) VALUES ('4a809465-1d9e-472d-a439-745574733ef0', '557cb630-d2f4-4e11-afe9-d50534deb525', '0ea1fbc8-b448-4f82-8fae-82e58733226f');
INSERT INTO option_choice (option_id, choice_id) VALUES ('3495c366-5183-4e9e-856e-8a1c40f7bab1', '4a809465-1d9e-472d-a439-745574733ef0');
INSERT INTO interviewee (id, login, password, age, gender, country, marital_status) VALUES ('4b868ee8-7010-42af-9497-2adbf226c9f8', 'interviewee994', 'qwerty', 52, 'female', 'HK', 'was_not_married');
INSERT INTO choice (id, questionnaire_id, interviewee_id) VALUES ('e23fc9ae-13a0-42b2-967f-ee80078501e3', 'e679f6e5-388e-4679-9f14-15a0896d2816', '4b868ee8-7010-42af-9497-2adbf226c9f8');
INSERT INTO option_choice (option_id, choice_id) VALUES ('5169914a-cf41-4077-8993-1322df09c3da', 'e23fc9ae-13a0-42b2-967f-ee80078501e3');
INSERT INTO option_choice (option_id, choice_id) VALUES ('01fc26e1-e8f8-407f-a1b8-6af243e9c3dd', 'e23fc9ae-13a0-42b2-967f-ee80078501e3');
INSERT INTO interviewee (id, login, password, age, gender, country, marital_status) VALUES ('af0e175b-5b55-40d0-84cc-6b883fa1894f', 'interviewee995', 'qwerty', 17, 'male', 'BD', 'married');
INSERT INTO choice (id, questionnaire_id, interviewee_id) VALUES ('b33a800c-bf0e-471c-b6e8-aae9f4ed965a', 'a2f7d656-4675-4d99-9435-95cbe535c6c1', 'af0e175b-5b55-40d0-84cc-6b883fa1894f');
INSERT INTO option_choice (option_id, choice_id) VALUES ('394c3616-edd7-4820-aa09-f4425e4f774c', 'b33a800c-bf0e-471c-b6e8-aae9f4ed965a');
INSERT INTO option_choice (option_id, choice_id) VALUES ('ced72831-705a-4153-849e-71a73e5a7d3c', 'b33a800c-bf0e-471c-b6e8-aae9f4ed965a');
INSERT INTO option_choice (option_id, choice_id) VALUES ('d3d55bb1-ef9d-4b9a-b1b9-8e4375e7dbd0', 'b33a800c-bf0e-471c-b6e8-aae9f4ed965a');
INSERT INTO option_choice (option_id, choice_id) VALUES ('110b73fb-e57f-409d-83dc-0d81bdd20a44', 'b33a800c-bf0e-471c-b6e8-aae9f4ed965a');
INSERT INTO option_choice (option_id, choice_id) VALUES ('c6bb5cf5-3828-4747-8bb2-776e9deaeb04', 'b33a800c-bf0e-471c-b6e8-aae9f4ed965a');
INSERT INTO option_choice (option_id, choice_id) VALUES ('930526a4-2714-4f39-831c-55b3185bd967', 'b33a800c-bf0e-471c-b6e8-aae9f4ed965a');
INSERT INTO option_choice (option_id, choice_id) VALUES ('2366bc8e-690e-4739-b5f2-cf491cd8107c', 'b33a800c-bf0e-471c-b6e8-aae9f4ed965a');
INSERT INTO choice (id, questionnaire_id, interviewee_id) VALUES ('25315cea-1288-4103-ae3c-04e63b727d05', 'd05638df-f11c-413d-8456-ee036bed2914', 'af0e175b-5b55-40d0-84cc-6b883fa1894f');
INSERT INTO option_choice (option_id, choice_id) VALUES ('b0557de3-6b66-4e79-b1ac-c2b8f0a5096b', '25315cea-1288-4103-ae3c-04e63b727d05');
INSERT INTO interviewee (id, login, password, age, gender, country, marital_status) VALUES ('05c7b162-9d95-4737-b580-11080b6dd942', 'interviewee996', 'qwerty', 61, 'female', 'HM', 'was_not_married');
INSERT INTO choice (id, questionnaire_id, interviewee_id) VALUES ('bacfa7e4-7c9f-4b9a-a400-bbfcfa158fa3', 'e2cf177f-e49f-4aef-99a6-095d711c6ec2', '05c7b162-9d95-4737-b580-11080b6dd942');
INSERT INTO option_choice (option_id, choice_id) VALUES ('242c02d5-0f4b-4e89-976f-3754854f478c', 'bacfa7e4-7c9f-4b9a-a400-bbfcfa158fa3');
INSERT INTO choice (id, questionnaire_id, interviewee_id) VALUES ('bfb1c99d-e221-454d-b5cf-affd67cc45fc', 'f680addd-a0b2-4101-9e1f-5e0870943c68', '05c7b162-9d95-4737-b580-11080b6dd942');
INSERT INTO option_choice (option_id, choice_id) VALUES ('521ef3a0-411b-4392-8393-62ed9a638949', 'bfb1c99d-e221-454d-b5cf-affd67cc45fc');
INSERT INTO option_choice (option_id, choice_id) VALUES ('5e0b63d0-2a10-4ab5-a66a-a47615b50b03', 'bfb1c99d-e221-454d-b5cf-affd67cc45fc');
INSERT INTO interviewee (id, login, password, age, gender, country, marital_status) VALUES ('8f92619e-2f64-4635-9ee1-bf167c3f5ae5', 'interviewee997', 'qwerty', 39, 'male', 'FK', 'married');
INSERT INTO choice (id, questionnaire_id, interviewee_id) VALUES ('00d7d397-4565-4775-a35c-6554b6f87500', 'a345b682-c7ac-49ac-9f14-4f5173a872d8', '8f92619e-2f64-4635-9ee1-bf167c3f5ae5');
INSERT INTO option_choice (option_id, choice_id) VALUES ('4389db4e-2a8b-43f8-8643-dd6f5a5f160e', '00d7d397-4565-4775-a35c-6554b6f87500');
INSERT INTO choice (id, questionnaire_id, interviewee_id) VALUES ('ad155c9c-f480-414e-b4c7-4e3bfac93d09', '342b973f-a1d1-4062-a073-fb80b6195e1a', '8f92619e-2f64-4635-9ee1-bf167c3f5ae5');
INSERT INTO option_choice (option_id, choice_id) VALUES ('d84282d4-6002-4289-bb10-cb7bfd2e906b', 'ad155c9c-f480-414e-b4c7-4e3bfac93d09');
INSERT INTO interviewee (id, login, password, age, gender, country, marital_status) VALUES ('d2cd4424-b914-4287-9e38-f16d5ba4e18a', 'interviewee998', 'qwerty', 60, 'female', 'UM', 'was_not_married');
INSERT INTO choice (id, questionnaire_id, interviewee_id) VALUES ('72dd81b9-cbf7-4bd9-804b-293cb1295054', '1a336595-020d-4026-a389-afd9a80cf707', 'd2cd4424-b914-4287-9e38-f16d5ba4e18a');
INSERT INTO option_choice (option_id, choice_id) VALUES ('22762ef8-944e-46b0-a7e0-4e990383e528', '72dd81b9-cbf7-4bd9-804b-293cb1295054');
INSERT INTO interviewee (id, login, password, age, gender, country, marital_status) VALUES ('1df85bc7-4879-43f5-8c4c-558c4749d728', 'interviewee999', 'qwerty', 31, 'female', 'MG', 'was_not_married');
INSERT INTO choice (id, questionnaire_id, interviewee_id) VALUES ('118ca214-8778-47a9-bc00-f171567f423a', '0b6580ec-1374-4a48-ad1d-b1fa316ad9be', '1df85bc7-4879-43f5-8c4c-558c4749d728');
INSERT INTO option_choice (option_id, choice_id) VALUES ('a518cc4d-143a-45ca-b29f-a7c53dacc773', '118ca214-8778-47a9-bc00-f171567f423a');
INSERT INTO option_choice (option_id, choice_id) VALUES ('82cec316-48c4-48d4-9d69-8a67e9d22eca', '118ca214-8778-47a9-bc00-f171567f423a');
INSERT INTO option_choice (option_id, choice_id) VALUES ('68263915-d7e9-4ac6-9c14-f48cf8807857', '118ca214-8778-47a9-bc00-f171567f423a');
INSERT INTO option_choice (option_id, choice_id) VALUES ('82be4575-892d-453a-b3d9-0827c6b6d6df', '118ca214-8778-47a9-bc00-f171567f423a');
INSERT INTO choice (id, questionnaire_id, interviewee_id) VALUES ('09640dfe-d626-49a9-ac15-1ffc9173f57f', 'e679f6e5-388e-4679-9f14-15a0896d2816', '1df85bc7-4879-43f5-8c4c-558c4749d728');
INSERT INTO option_choice (option_id, choice_id) VALUES ('01fc26e1-e8f8-407f-a1b8-6af243e9c3dd', '09640dfe-d626-49a9-ac15-1ffc9173f57f');
INSERT INTO choice (id, questionnaire_id, interviewee_id) VALUES ('3aace4ca-1cb3-4932-86fc-9ff8564e6355', 'bf8da1bc-7284-44d0-a7c0-4e0321978aa0', '1df85bc7-4879-43f5-8c4c-558c4749d728');
INSERT INTO option_choice (option_id, choice_id) VALUES ('fbbdfd34-e2c5-4e0b-b98a-d33f6f4fac06', '3aace4ca-1cb3-4932-86fc-9ff8564e6355');
