INSERT INTO principal (username, password) VALUES ('author0', 'qwerty');
INSERT INTO author (id, username) VALUES ('331366b2-432d-4224-905d-fd0f92b19149', 'author0');
INSERT INTO questionnaire (id, name, question, author_id, multiple) VALUES ('aaacf497-4ae4-46e0-aa2e-27377271bafc', 'Как бы то ни было, убеждённость некоторых оппонентов расставила все точки над i', 'Мы вынуждены отталкиваться от того, что высококачественный прототип будущего проекта требует анализа как самодостаточных, так и внешне зависимых концептуальных решений. Имеется спорная точка зрения, гласящая примерно следующее: действия представителей оппозиции неоднозначны и будут функционально раз', '331366b2-432d-4224-905d-fd0f92b19149', False);
INSERT INTO option (id, text, questionnaire_id) VALUES ('de1098e4-e0b7-4df4-890a-1958a8d5d465', 'Воистину радостный звук: далёкий барабанный бой', 'aaacf497-4ae4-46e0-aa2e-27377271bafc');
INSERT INTO option (id, text, questionnaire_id) VALUES ('4d7025a3-7520-4447-9769-c495cb62415e', 'Курс на социально-ориентированный национальный проект продолжает удивлять', 'aaacf497-4ae4-46e0-aa2e-27377271bafc');
INSERT INTO option (id, text, questionnaire_id) VALUES ('070ce52d-21fd-4380-9c02-d25647a035a6', 'Сложно сказать, почему курс ценных бумаг бодрит', 'aaacf497-4ae4-46e0-aa2e-27377271bafc');
INSERT INTO option (id, text, questionnaire_id) VALUES ('d4aa64ba-49fd-4d00-9175-a646c1d6d559', 'Реализация намеченных плановых заданий  станет частью наших традиций', 'aaacf497-4ae4-46e0-aa2e-27377271bafc');
INSERT INTO principal (username, password) VALUES ('author1', 'qwerty');
INSERT INTO author (id, username) VALUES ('a80e017d-669f-451f-bdbf-11f43d693d7b', 'author1');
INSERT INTO questionnaire (id, name, question, author_id, multiple) VALUES ('b6df4d49-3f70-4802-90cb-4ab89e24a427', 'Политика не может не реагировать на трубный призыв', 'Кстати,  тщательные исследования конкурентов будут ассоциативно распределены по отраслям. Противоположная точка зрения подразумевает, что диаграммы связей функционально разнесены на независимые элементы.', 'a80e017d-669f-451f-bdbf-11f43d693d7b', False);
INSERT INTO option (id, text, questionnaire_id) VALUES ('77609489-aa8b-4a3f-960d-ae51ced640c1', 'Сложно сказать, почему в провинциях ещё есть чем поживиться', 'b6df4d49-3f70-4802-90cb-4ab89e24a427');
INSERT INTO option (id, text, questionnaire_id) VALUES ('39bf15ab-8f6e-4634-a483-d31c949b3332', 'Нашу победу сопровождал боевой клич героев', 'b6df4d49-3f70-4802-90cb-4ab89e24a427');
INSERT INTO option (id, text, questionnaire_id) VALUES ('30116571-ddf9-48c0-86a4-98a75a2078ee', 'Случайный текст похож на гитарный перебор', 'b6df4d49-3f70-4802-90cb-4ab89e24a427');
INSERT INTO option (id, text, questionnaire_id) VALUES ('372d528a-d173-4ec8-bba6-b6d6ccea7303', 'Чистый разум не скован границами', 'b6df4d49-3f70-4802-90cb-4ab89e24a427');
INSERT INTO option (id, text, questionnaire_id) VALUES ('03756c76-738d-45a3-8b02-6f36d78f3dfb', 'Выбранный нами инновационный путь оправдал надежды граждан', 'b6df4d49-3f70-4802-90cb-4ab89e24a427');
INSERT INTO option (id, text, questionnaire_id) VALUES ('6168252e-0547-486b-8613-2eec6678d5a2', 'Объем доходов населения сократился', 'b6df4d49-3f70-4802-90cb-4ab89e24a427');
INSERT INTO option (id, text, questionnaire_id) VALUES ('e6e95e42-0740-4517-bc42-3de8cd9b1be2', 'Тяжёлое машиностроение — это вам не боевой клич героев', 'b6df4d49-3f70-4802-90cb-4ab89e24a427');
INSERT INTO option (id, text, questionnaire_id) VALUES ('97729629-c47a-4614-a618-d90dee3f5476', 'Глубокий уровень погружения так же органично вписывается в наши планы', 'b6df4d49-3f70-4802-90cb-4ab89e24a427');
INSERT INTO questionnaire (id, name, question, author_id, multiple) VALUES ('858287c2-e494-424b-a03f-6b0a55c2fce3', 'Очевидцы сообщают, что слышали трубный призыв', 'Равным образом, сплочённость команды профессионалов, в своём классическом представлении, допускает внедрение поэтапного и последовательного развития общества. С другой стороны, синтетическое тестирование обеспечивает широкому кругу (специалистов) участие в формировании переосмысления внешнеэкономиче', 'a80e017d-669f-451f-bdbf-11f43d693d7b', True);
INSERT INTO option (id, text, questionnaire_id) VALUES ('f2fd1a72-0ca7-41a6-ad15-7bc21a02fe73', 'Только крепость духовных «скреп» разочаровала', '858287c2-e494-424b-a03f-6b0a55c2fce3');
INSERT INTO option (id, text, questionnaire_id) VALUES ('a7e89931-dbca-4a6f-bdbb-b42e57f2e7f2', 'Допустим, прототип — не панацея', '858287c2-e494-424b-a03f-6b0a55c2fce3');
INSERT INTO option (id, text, questionnaire_id) VALUES ('59c8e6e3-5895-4f0b-ae9e-3bb455a5f6b2', 'Только герцог графства коронован', '858287c2-e494-424b-a03f-6b0a55c2fce3');
INSERT INTO option (id, text, questionnaire_id) VALUES ('a1e55f7c-aa45-466f-86bb-0d5e262ca0bc', 'Высококачественный прототип будущего проекта так же органично вписывается в', '858287c2-e494-424b-a03f-6b0a55c2fce3');
INSERT INTO questionnaire (id, name, question, author_id, multiple) VALUES ('2519c51c-9863-4531-85ff-a7ddd5ea08b2', 'Подтверждено: средства индивидуальной защиты оказались бесполезны', 'Внезапно, ключевые особенности структуры проекта являются только методом политического участия и объявлены нарушающими общечеловеческие нормы этики и морали. Приятно, граждане, наблюдать, как сторонники тоталитаризма в науке освещают чрезвычайно интересные особенности картины в целом, однако конкрет', 'a80e017d-669f-451f-bdbf-11f43d693d7b', False);
INSERT INTO option (id, text, questionnaire_id) VALUES ('a3b534e4-0e3d-437c-94bf-14e57f299a2c', 'Реализация намеченных плановых заданий  ни к чему нас не обязывает', '2519c51c-9863-4531-85ff-a7ddd5ea08b2');
INSERT INTO option (id, text, questionnaire_id) VALUES ('e532cc1b-83fa-4902-9bd1-0868c31241bb', 'Мелочь, а приятно: небо темнеет', '2519c51c-9863-4531-85ff-a7ddd5ea08b2');
INSERT INTO option (id, text, questionnaire_id) VALUES ('8c388d58-c24e-468d-9d56-271abc2ab89d', 'Тяжёлое машиностроение — это вам не треск разлетающихся скреп', '2519c51c-9863-4531-85ff-a7ddd5ea08b2');
INSERT INTO option (id, text, questionnaire_id) VALUES ('dffcbd6b-b37a-4468-8c01-26ae752e283e', 'Частокол на границе починят', '2519c51c-9863-4531-85ff-a7ddd5ea08b2');
INSERT INTO option (id, text, questionnaire_id) VALUES ('b2ff87be-cdaa-4b83-bb9c-9946660ea8b8', 'Только был сорван доклад председателя совхоза', '2519c51c-9863-4531-85ff-a7ddd5ea08b2');
INSERT INTO questionnaire (id, name, question, author_id, multiple) VALUES ('05e2761c-9435-4970-ad6d-245d7a696140', 'Чистый разум не скован границами', 'Господа, семантический разбор внешних противодействий влечет за собой процесс внедрения и модернизации анализа существующих паттернов поведения. Как принято считать, явные признаки победы институционализации представляют собой не что иное, как квинтэссенцию победы маркетинга над разумом и должны быт', 'a80e017d-669f-451f-bdbf-11f43d693d7b', True);
INSERT INTO option (id, text, questionnaire_id) VALUES ('4431f860-831f-4fdf-9dbb-76fbdb1006a1', 'Органический трафик ни к чему нас не обязывает', '05e2761c-9435-4970-ad6d-245d7a696140');
INSERT INTO option (id, text, questionnaire_id) VALUES ('821d408d-9a3b-4716-a443-69cb45197037', 'Частотность поисковых запросов станет частью наших традиций', '05e2761c-9435-4970-ad6d-245d7a696140');
INSERT INTO option (id, text, questionnaire_id) VALUES ('ee58bf05-12ff-45e4-b7e9-d37a70181de4', 'Глубокий уровень погружения так же органично вписывается в наши планы!', '05e2761c-9435-4970-ad6d-245d7a696140');
INSERT INTO option (id, text, questionnaire_id) VALUES ('cd3191da-899e-4773-b914-291725c8c108', 'Подтверждено: в провинциях ещё есть чем поживиться', '05e2761c-9435-4970-ad6d-245d7a696140');
INSERT INTO option (id, text, questionnaire_id) VALUES ('26fa513d-ade2-4822-81ac-a6d8dc123679', 'Очевидцы сообщают, что слышали боевой клич героев', '05e2761c-9435-4970-ad6d-245d7a696140');
INSERT INTO principal (username, password) VALUES ('author2', 'qwerty');
INSERT INTO author (id, username) VALUES ('2436883e-ca92-402e-9065-6f83c5172279', 'author2');
INSERT INTO questionnaire (id, name, question, author_id, multiple) VALUES ('51436662-4eca-40ce-b552-b1c7486cf609', 'Был сорван доклад председателя совхоза!', 'В рамках спецификации современных стандартов, представители современных социальных резервов смешаны с не уникальными данными до степени совершенной неузнаваемости, из-за чего возрастает их статус бесполезности. С другой стороны, граница обучения кадров играет важную роль в формировании поэтапного и ', '2436883e-ca92-402e-9065-6f83c5172279', False);
INSERT INTO option (id, text, questionnaire_id) VALUES ('259215cc-47cc-4165-befd-cf997b4aaf7e', 'Новая парадигма реальности: героям были возданы соответствующие почести', '51436662-4eca-40ce-b552-b1c7486cf609');
INSERT INTO option (id, text, questionnaire_id) VALUES ('e4c4b240-61c9-4253-a93b-9a7768fbfe3f', 'Давайте не будем укрепляться в мысли, что в провинциях ещё есть чем поживит', '51436662-4eca-40ce-b552-b1c7486cf609');
INSERT INTO questionnaire (id, name, question, author_id, multiple) VALUES ('e4d0ba66-5e11-433c-8243-4d890cceaf69', 'Героям были возданы соответствующие почести', 'Принимая во внимание показатели успешности, постоянный количественный рост и сфера нашей активности напрямую зависит от приоретизации разума над эмоциями. Равным образом, сплочённость команды профессионалов предопределяет высокую востребованность новых принципов формирования материально-технической ', '2436883e-ca92-402e-9065-6f83c5172279', True);
INSERT INTO option (id, text, questionnaire_id) VALUES ('7cfec70e-33b3-4c68-9c38-38cf292cd0f9', 'Логотип крупнейшей компании по производству мыльных пузырей даёт нам право ', 'e4d0ba66-5e11-433c-8243-4d890cceaf69');
INSERT INTO option (id, text, questionnaire_id) VALUES ('cb637eae-3b8f-4d17-81fb-9b271857e55c', 'Консультация с широким активом позволила расправить крылья', 'e4d0ba66-5e11-433c-8243-4d890cceaf69');
INSERT INTO questionnaire (id, name, question, author_id, multiple) VALUES ('b5c886d7-e86f-4083-958a-cbd232db7a84', 'Оказывается, высококачественный прототип будущего проекта обнадёживает', 'Прежде всего, консультация с широким активом является качественно новой ступенью первоочередных требований. В целом, конечно, постоянный количественный рост и сфера нашей активности требует от нас анализа существующих финансовых и административных условий. Современные технологии достигли такого уров', '2436883e-ca92-402e-9065-6f83c5172279', False);
INSERT INTO option (id, text, questionnaire_id) VALUES ('a446338d-133a-407b-9bd1-520fe1043ec3', 'Политика не может не реагировать на печальный плач оппозиции', 'b5c886d7-e86f-4083-958a-cbd232db7a84');
INSERT INTO option (id, text, questionnaire_id) VALUES ('9d7ea78f-0edc-43db-94d7-3d31213df760', 'Оказывается, цены на бензин начинают падать', 'b5c886d7-e86f-4083-958a-cbd232db7a84');
INSERT INTO option (id, text, questionnaire_id) VALUES ('e9ae0eb7-ed92-45ff-8ec1-bb688c3f1bfe', 'Давайте не будем укрепляться в мысли, что жизнь прекрасна', 'b5c886d7-e86f-4083-958a-cbd232db7a84');
INSERT INTO option (id, text, questionnaire_id) VALUES ('c7575671-3918-48d7-bc48-356ad1dd79e9', 'Граница обучения кадров оказалась ошибочной!', 'b5c886d7-e86f-4083-958a-cbd232db7a84');
INSERT INTO option (id, text, questionnaire_id) VALUES ('bbe6d273-ce07-449f-a3eb-96165f0d7b7d', 'Был сорван доклад председателя совхоза', 'b5c886d7-e86f-4083-958a-cbd232db7a84');
INSERT INTO option (id, text, questionnaire_id) VALUES ('b3fef8ac-34c1-4143-a4bd-73c39cbbac53', 'И по сей день в центральных регионах звучит перекатами боевой клич героев', 'b5c886d7-e86f-4083-958a-cbd232db7a84');
INSERT INTO principal (username, password) VALUES ('author3', 'qwerty');
INSERT INTO author (id, username) VALUES ('3a7bb2e7-120a-40bf-b104-347bb886f4c1', 'author3');
INSERT INTO questionnaire (id, name, question, author_id, multiple) VALUES ('e20dbb22-091f-4137-8450-fdeaea74363f', 'Базовый вектор развития определил дальнейшее развитие', 'Господа, высокое качество позиционных исследований напрямую зависит от как самодостаточных, так и внешне зависимых концептуальных решений. В рамках спецификации современных стандартов, непосредственные участники технического прогресса указаны как претенденты на роль ключевых факторов. Внезапно, мног', '3a7bb2e7-120a-40bf-b104-347bb886f4c1', True);
INSERT INTO option (id, text, questionnaire_id) VALUES ('322bbc1b-4e8d-41ae-b4f2-3466891dc809', 'Сложившаяся структура организации станет частью наших традиций', 'e20dbb22-091f-4137-8450-fdeaea74363f');
INSERT INTO option (id, text, questionnaire_id) VALUES ('946ecf06-2d9f-4fe5-b2b7-64c51a5fdf06', 'Никто не вправе осуждать треск разлетающихся скреп', 'e20dbb22-091f-4137-8450-fdeaea74363f');
INSERT INTO option (id, text, questionnaire_id) VALUES ('4bd78eb1-72bb-47fa-8b7c-4cc826f39edd', 'Как бы то ни было, реализация намеченных плановых заданий  одухотворила все', 'e20dbb22-091f-4137-8450-fdeaea74363f');
INSERT INTO option (id, text, questionnaire_id) VALUES ('a572f3cf-b3ba-491a-9687-6cee662749f1', 'На двадцатом съезде партии прозвучало поразительное заявление: добрая полов', 'e20dbb22-091f-4137-8450-fdeaea74363f');
INSERT INTO option (id, text, questionnaire_id) VALUES ('49d1bc1f-0fd1-4dad-ab6d-b123ea13d33a', 'Современная методология разработки позволила расправить крылья', 'e20dbb22-091f-4137-8450-fdeaea74363f');
INSERT INTO option (id, text, questionnaire_id) VALUES ('b09da84d-7533-40da-b486-a820b6b7c110', 'Новый закон накладывает вето на гитарный перебор', 'e20dbb22-091f-4137-8450-fdeaea74363f');
INSERT INTO option (id, text, questionnaire_id) VALUES ('742176a0-b7c8-400a-a370-5871099954a4', 'Не следует забывать, что обереги никого не защитили', 'e20dbb22-091f-4137-8450-fdeaea74363f');
INSERT INTO option (id, text, questionnaire_id) VALUES ('ff3c7a97-70db-4404-b85b-274707745879', 'Как бы то ни было, сплочённость команды профессионалов показала себя во все', 'e20dbb22-091f-4137-8450-fdeaea74363f');
INSERT INTO questionnaire (id, name, question, author_id, multiple) VALUES ('81a3f075-1324-4e67-90a5-493fe3324435', 'Не следует забывать, что небо темнеет', 'В своём стремлении улучшить пользовательский опыт мы упускаем, что предприниматели в сети интернет являются только методом политического участия и описаны максимально подробно! Мы вынуждены отталкиваться от того, что перспективное планирование играет определяющее значение для переосмысления внешнеэк', '3a7bb2e7-120a-40bf-b104-347bb886f4c1', True);
INSERT INTO option (id, text, questionnaire_id) VALUES ('a1737a4b-bfa2-4208-a103-ca4bea3afaaf', 'Частокол на границе определил дальнейшее развитие', '81a3f075-1324-4e67-90a5-493fe3324435');
INSERT INTO option (id, text, questionnaire_id) VALUES ('a0eef1f9-547a-4823-b7e0-bb52d6891f8f', 'Частокол на границе бодрит', '81a3f075-1324-4e67-90a5-493fe3324435');
INSERT INTO option (id, text, questionnaire_id) VALUES ('c5035143-d5d2-4934-8b99-4e66507a8603', 'И по сей день в центральных регионах звучит перекатами грохот грома грядущи', '81a3f075-1324-4e67-90a5-493fe3324435');
INSERT INTO option (id, text, questionnaire_id) VALUES ('ab9020e3-a12b-46eb-97f0-79dcfaab7356', 'Давайте не забывать, что консультация с широким активом процветает, как ни ', '81a3f075-1324-4e67-90a5-493fe3324435');
INSERT INTO option (id, text, questionnaire_id) VALUES ('7b2bd172-1566-440a-81d8-f9b2fb43f8fc', 'Нынче никто не может себе позволить инициировать боевой клич героев', '81a3f075-1324-4e67-90a5-493fe3324435');
INSERT INTO option (id, text, questionnaire_id) VALUES ('c0afeee2-6628-4404-bc41-32bc0a1505c5', 'Франция намерена исследовать, почему преступность никогда не была такой нео', '81a3f075-1324-4e67-90a5-493fe3324435');
INSERT INTO principal (username, password) VALUES ('author4', 'qwerty');
INSERT INTO author (id, username) VALUES ('6016a326-7223-4d1a-8f5f-9c0dfa57f678', 'author4');
INSERT INTO questionnaire (id, name, question, author_id, multiple) VALUES ('48b4658e-bc90-4bd2-97bb-92484114dfea', 'Мелочь, а приятно: ночь оказалась долгой', 'Таким образом, постоянный количественный рост и сфера нашей активности создаёт предпосылки для соответствующих условий активизации. Но выбранный нами инновационный путь однозначно определяет каждого участника как способного принимать собственные решения касаемо благоприятных перспектив. Господа, сущ', '6016a326-7223-4d1a-8f5f-9c0dfa57f678', False);
INSERT INTO option (id, text, questionnaire_id) VALUES ('db310764-efc3-46ab-9d86-9914e34aa6cd', 'В провинции никого не пугает песнь светлого будущего', '48b4658e-bc90-4bd2-97bb-92484114dfea');
INSERT INTO option (id, text, questionnaire_id) VALUES ('72884dca-8b91-4379-bf2e-f4dbfc8f13cd', 'Есть над чем задуматься: прототип — не панацея', '48b4658e-bc90-4bd2-97bb-92484114dfea');
INSERT INTO option (id, text, questionnaire_id) VALUES ('5a5b3a6f-7875-401c-8d0b-e9c8b854b985', 'Эксперты утверждают, что частотность поисковых запросов оказалась ошибочной', '48b4658e-bc90-4bd2-97bb-92484114dfea');
INSERT INTO principal (username, password) VALUES ('author5', 'qwerty');
INSERT INTO author (id, username) VALUES ('d4f375dd-c742-4b2c-962f-4fb8895b1ae7', 'author5');
INSERT INTO questionnaire (id, name, question, author_id, multiple) VALUES ('4a4f7cbc-8533-42b3-923b-6b4309f53c64', 'Курс на социально-ориентированный национальный проект станет частью наших традиций', 'Однозначно, элементы политического процесса формируют глобальную экономическую сеть и при этом —  подвергнуты целой серии независимых исследований. Банальные, но неопровержимые выводы, а также диаграммы связей призывают нас к новым свершениям, которые, в свою очередь, должны быть объявлены нарушающи', 'd4f375dd-c742-4b2c-962f-4fb8895b1ae7', False);
INSERT INTO option (id, text, questionnaire_id) VALUES ('4afeb111-4ddc-421c-ad31-de17e1e12b0c', 'Новый закон накладывает вето на шёпот бессменных лидеров', '4a4f7cbc-8533-42b3-923b-6b4309f53c64');
INSERT INTO option (id, text, questionnaire_id) VALUES ('9626a1a6-7214-4944-83a6-f582098c61a8', 'Давайте разбираться: преступность никогда не была такой неорганизованной', '4a4f7cbc-8533-42b3-923b-6b4309f53c64');
INSERT INTO option (id, text, questionnaire_id) VALUES ('c8061f97-fb14-4a37-89ad-0a564fb1704d', 'Нет звука приятнее, чем шёпот бессменных лидеров', '4a4f7cbc-8533-42b3-923b-6b4309f53c64');
INSERT INTO option (id, text, questionnaire_id) VALUES ('ad268fe3-764b-4fca-aaa2-296127f7c891', 'Все чаще появляется информация о том, что известный инсайдер, в преддверии ', '4a4f7cbc-8533-42b3-923b-6b4309f53c64');
INSERT INTO option (id, text, questionnaire_id) VALUES ('3f8cd95c-177b-469f-b652-784cadd37582', 'Окрестности Тулы оросил старческий скрип Амстердама', '4a4f7cbc-8533-42b3-923b-6b4309f53c64');
INSERT INTO option (id, text, questionnaire_id) VALUES ('3372ec3f-fffa-472e-ac84-938ef71e30be', 'Политика не может не реагировать на печальный плач оппозиции', '4a4f7cbc-8533-42b3-923b-6b4309f53c64');
INSERT INTO option (id, text, questionnaire_id) VALUES ('655a67a1-3c81-4e22-99c2-2b849fa8c564', 'Давайте не будем укрепляться в мысли, что склады ломятся от зерна!', '4a4f7cbc-8533-42b3-923b-6b4309f53c64');
INSERT INTO principal (username, password) VALUES ('author6', 'qwerty');
INSERT INTO author (id, username) VALUES ('6b542724-caab-483c-b9eb-7dd6234bf33d', 'author6');
INSERT INTO questionnaire (id, name, question, author_id, multiple) VALUES ('5b0a67f5-cbf2-4fde-b526-fd512ff68e24', 'Экономическая повестка сегодняшнего дня показала себя во всей красе', 'Как принято считать, многие известные личности своевременно верифицированы. Мы вынуждены отталкиваться от того, что высокотехнологичная концепция общественного уклада способствует повышению качества новых принципов формирования материально-технической и кадровой базы. В частности, убеждённость некот', '6b542724-caab-483c-b9eb-7dd6234bf33d', False);
INSERT INTO option (id, text, questionnaire_id) VALUES ('ce5bf814-daca-4ca0-825d-8408f4fe06ed', 'Не следует забывать, что сознание наших соотечественников не замутнено проп', '5b0a67f5-cbf2-4fde-b526-fd512ff68e24');
INSERT INTO option (id, text, questionnaire_id) VALUES ('771f0011-824c-4e77-8245-8f61e026b171', 'Случайный текст похож на далёкий барабанный бой', '5b0a67f5-cbf2-4fde-b526-fd512ff68e24');
INSERT INTO option (id, text, questionnaire_id) VALUES ('9340e0ac-c863-4fcf-ac40-126be2d1bfa4', 'Очевидцы сообщают, что слышали печальный плач оппозиции', '5b0a67f5-cbf2-4fde-b526-fd512ff68e24');
INSERT INTO option (id, text, questionnaire_id) VALUES ('a8cdd5b8-35f3-4a35-a54f-11129d88f64d', 'Сознание наших соотечественников не замутнено пропагандой', '5b0a67f5-cbf2-4fde-b526-fd512ff68e24');
INSERT INTO option (id, text, questionnaire_id) VALUES ('97aa1845-210d-4e42-8c05-737698b0c66c', 'Только новая модель организационной деятельности даёт нам право принимать с', '5b0a67f5-cbf2-4fde-b526-fd512ff68e24');
INSERT INTO option (id, text, questionnaire_id) VALUES ('7dc1dfe8-a039-4c2a-a601-d1bc81a3e459', 'Сложно сказать, почему жизнь прекрасна', '5b0a67f5-cbf2-4fde-b526-fd512ff68e24');
INSERT INTO questionnaire (id, name, question, author_id, multiple) VALUES ('747d0763-c99f-47ce-809b-b378d489a158', 'Допустим, обереги никого не защитили', 'Являясь всего лишь частью общей картины, тщательные исследования конкурентов набирают популярность среди определенных слоев населения, а значит, должны быть рассмотрены исключительно в разрезе маркетинговых и финансовых предпосылок. Разнообразный и богатый опыт говорит нам, что внедрение современных', '6b542724-caab-483c-b9eb-7dd6234bf33d', True);
INSERT INTO option (id, text, questionnaire_id) VALUES ('7cc0569f-f362-4ed1-9343-6ffd1369e812', 'Помыслы поколения чисты', '747d0763-c99f-47ce-809b-b378d489a158');
INSERT INTO option (id, text, questionnaire_id) VALUES ('65c86d12-f533-40f5-8dd6-10903d890b10', 'Коронованный герцог графства связывает нас с нашим прошлым', '747d0763-c99f-47ce-809b-b378d489a158');
INSERT INTO option (id, text, questionnaire_id) VALUES ('2095cf98-27de-4722-93f9-2c09ae6b4ed1', 'Может показаться странным, но обучение кадров — приоритетная задача', '747d0763-c99f-47ce-809b-b378d489a158');
INSERT INTO questionnaire (id, name, question, author_id, multiple) VALUES ('c6dd214b-43b7-401f-afe6-a5ab0d2d7767', 'Британские «ученые» заявили, что склады ломятся от зерна', 'Таким образом, новая модель организационной деятельности прекрасно подходит для реализации как самодостаточных, так и внешне зависимых концептуальных решений. Повседневная практика показывает, что семантический разбор внешних противодействий говорит о возможностях экспериментов, поражающих по своей ', '6b542724-caab-483c-b9eb-7dd6234bf33d', True);
INSERT INTO option (id, text, questionnaire_id) VALUES ('069a6758-231c-4064-8e44-a0db84e86a21', 'Нет звука приятнее, чем далёкий барабанный бой', 'c6dd214b-43b7-401f-afe6-a5ab0d2d7767');
INSERT INTO option (id, text, questionnaire_id) VALUES ('17ceef0b-83da-42ec-a82c-9090a9be74af', 'Зима близко', 'c6dd214b-43b7-401f-afe6-a5ab0d2d7767');
INSERT INTO option (id, text, questionnaire_id) VALUES ('c134384c-5eda-4957-9883-b965681b9fef', 'Все чаще появляется информация о том, что светлый лик правового взаимодейст', 'c6dd214b-43b7-401f-afe6-a5ab0d2d7767');
INSERT INTO option (id, text, questionnaire_id) VALUES ('9d2a2dd1-7979-48a6-a0b7-3de8fdea75b6', 'В провинциях ещё есть чем поживиться', 'c6dd214b-43b7-401f-afe6-a5ab0d2d7767');
INSERT INTO principal (username, password) VALUES ('author7', 'qwerty');
INSERT INTO author (id, username) VALUES ('a0386142-77d8-4dcf-82f6-279a19093801', 'author7');
INSERT INTO questionnaire (id, name, question, author_id, multiple) VALUES ('173a3ab0-8485-4aa4-8787-a2a4414f992e', 'Мелочь, а приятно: героям были возданы соответствующие почести', 'Но элементы политического процесса лишь добавляют фракционных разногласий и объявлены нарушающими общечеловеческие нормы этики и морали. И нет сомнений, что предприниматели в сети интернет представляют собой не что иное, как квинтэссенцию победы маркетинга над разумом и должны быть призваны к ответу', 'a0386142-77d8-4dcf-82f6-279a19093801', True);
INSERT INTO option (id, text, questionnaire_id) VALUES ('c453fc60-b896-4f66-8dbe-cc55bc42881e', 'И по сей день в центральных регионах звучит перекатами старческий скрип Амс', '173a3ab0-8485-4aa4-8787-a2a4414f992e');
INSERT INTO option (id, text, questionnaire_id) VALUES ('3f698183-af22-44ca-80c1-eb668697e9ea', 'Парад бытовой техники оказался началом великой войны', '173a3ab0-8485-4aa4-8787-a2a4414f992e');
INSERT INTO option (id, text, questionnaire_id) VALUES ('ce62e0a7-1873-4aa1-a448-2fad3cc888ee', 'Постоянный количественный рост обнадёживает!', '173a3ab0-8485-4aa4-8787-a2a4414f992e');
INSERT INTO option (id, text, questionnaire_id) VALUES ('bf89350f-11e0-4471-a3a1-95481edf5acd', 'Реализация намеченных плановых заданий  сделала своё дело', '173a3ab0-8485-4aa4-8787-a2a4414f992e');
INSERT INTO option (id, text, questionnaire_id) VALUES ('a477d3c8-db0a-4572-a680-b96fd792dc75', 'Есть над чем задуматься: частокол на границе починят!', '173a3ab0-8485-4aa4-8787-a2a4414f992e');
INSERT INTO option (id, text, questionnaire_id) VALUES ('3c8e0934-801c-4afd-98de-7aaf263889f6', 'Светлый лик правового взаимодействия связывает нас с нашим прошлым', '173a3ab0-8485-4aa4-8787-a2a4414f992e');
INSERT INTO option (id, text, questionnaire_id) VALUES ('e03fcb10-1308-44a4-9ce2-e4eaf10452c1', 'Сложно сказать, почему средства индивидуальной защиты оказались бесполезны', '173a3ab0-8485-4aa4-8787-a2a4414f992e');
INSERT INTO option (id, text, questionnaire_id) VALUES ('f9a527bc-3f55-40db-b05e-d549f1801594', 'Сложно сказать, почему звук клавиш печатной машинки продолжает удивлять', '173a3ab0-8485-4aa4-8787-a2a4414f992e');
INSERT INTO principal (username, password) VALUES ('author8', 'qwerty');
INSERT INTO author (id, username) VALUES ('9c6313ae-f224-4f71-84f2-3807d6367bb1', 'author8');
INSERT INTO questionnaire (id, name, question, author_id, multiple) VALUES ('08310229-5370-44f1-8071-5c56f92e3dc5', 'Главные «СМИ» предупреждают: средства индивидуальной защиты оказались бесполезны', 'Также как высокотехнологичная концепция общественного уклада однозначно определяет каждого участника как способного принимать собственные решения касаемо стандартных подходов. В целом, конечно, внедрение современных методик не оставляет шанса для анализа существующих паттернов поведения! Современные', '9c6313ae-f224-4f71-84f2-3807d6367bb1', False);
INSERT INTO option (id, text, questionnaire_id) VALUES ('fc94d716-ca6a-45f3-8cbb-afd6a3ea72a3', 'Логотип крупнейшей компании по производству мыльных пузырей попахивает безу', '08310229-5370-44f1-8071-5c56f92e3dc5');
INSERT INTO option (id, text, questionnaire_id) VALUES ('996311da-bd48-491d-b381-d19b001465c4', 'Сложившаяся структура организации стала доступной ширнармассам', '08310229-5370-44f1-8071-5c56f92e3dc5');
INSERT INTO option (id, text, questionnaire_id) VALUES ('7197ba86-c78b-43c4-bd28-4635a7094531', 'Консультация с широким активом расставила все точки над i', '08310229-5370-44f1-8071-5c56f92e3dc5');
INSERT INTO option (id, text, questionnaire_id) VALUES ('38336259-fa95-40f4-865c-eff171ebbb80', 'Случайный текст похож на трубный призыв', '08310229-5370-44f1-8071-5c56f92e3dc5');
INSERT INTO questionnaire (id, name, question, author_id, multiple) VALUES ('407203dd-9657-46e6-975f-3be5d664dd2a', 'Базовый вектор развития даёт нам право принимать самостоятельные решения', 'Ясность нашей позиции очевидна: внедрение современных методик обеспечивает актуальность направлений прогрессивного развития. Но разбавленное изрядной долей эмпатии, рациональное мышление обеспечивает широкому кругу (специалистов) участие в формировании кластеризации усилий. В своём стремлении улучши', '9c6313ae-f224-4f71-84f2-3807d6367bb1', False);
INSERT INTO option (id, text, questionnaire_id) VALUES ('13fd08f6-1546-4289-9b91-c20aea1b69e9', 'Независимые СМИ потому и независимы, что объемы выросли', '407203dd-9657-46e6-975f-3be5d664dd2a');
INSERT INTO option (id, text, questionnaire_id) VALUES ('4285dd4d-8381-423b-8700-37e491ae1336', 'Финансовый мир очнулся: курс на социально-ориентированный национальный прое', '407203dd-9657-46e6-975f-3be5d664dd2a');
INSERT INTO option (id, text, questionnaire_id) VALUES ('3c882d4f-dfe1-416d-adc7-e8b41816b82e', 'Очевидцы сообщают, что слышали трубный призыв', '407203dd-9657-46e6-975f-3be5d664dd2a');
INSERT INTO option (id, text, questionnaire_id) VALUES ('ba4c9312-3e73-4c11-bce9-7ba2e084dd49', 'Окрестности Тулы оросил трубный призыв', '407203dd-9657-46e6-975f-3be5d664dd2a');
INSERT INTO option (id, text, questionnaire_id) VALUES ('ee1ee86e-3cfc-4173-b109-2a69851e8943', 'Окрестности Тулы оросил ласковый перезвон вертикали власти', '407203dd-9657-46e6-975f-3be5d664dd2a');
INSERT INTO option (id, text, questionnaire_id) VALUES ('d37dcf04-38aa-46a3-914b-a881661a3989', 'Как бы то ни было, современная методология разработки даёт нам право приним', '407203dd-9657-46e6-975f-3be5d664dd2a');
INSERT INTO option (id, text, questionnaire_id) VALUES ('ec3a75fb-52ee-48b8-a136-1c4ef02978e8', 'Частокол на границе обнадёживает', '407203dd-9657-46e6-975f-3be5d664dd2a');
INSERT INTO option (id, text, questionnaire_id) VALUES ('048db851-6d32-476c-9654-e8b6208eabda', 'Новая модель организационной деятельности одухотворила всех причастных', '407203dd-9657-46e6-975f-3be5d664dd2a');
INSERT INTO principal (username, password) VALUES ('author9', 'qwerty');
INSERT INTO author (id, username) VALUES ('bfa1d176-87f8-42fd-8a97-a63df889a412', 'author9');
INSERT INTO questionnaire (id, name, question, author_id, multiple) VALUES ('49c46fd6-2111-4ef5-8b91-9ee67132426d', 'Давайте разбираться: прототип — не панацея', 'Как уже неоднократно упомянуто, акционеры крупнейших компаний, превозмогая сложившуюся непростую экономическую ситуацию, своевременно верифицированы. Картельные сговоры не допускают ситуации, при которой непосредственные участники технического прогресса и по сей день остаются уделом либералов, котор', 'bfa1d176-87f8-42fd-8a97-a63df889a412', False);
INSERT INTO option (id, text, questionnaire_id) VALUES ('82dcd7e2-d76d-47ad-b352-0b1d6482c730', 'Эксперты утверждают, что крепость духовных «скреп» одухотворила всех причас', '49c46fd6-2111-4ef5-8b91-9ee67132426d');
INSERT INTO option (id, text, questionnaire_id) VALUES ('9324aa44-2cdd-4334-9eee-ab97e62258df', 'Прототип нового сервиса — это как гитарный перебор', '49c46fd6-2111-4ef5-8b91-9ee67132426d');
INSERT INTO option (id, text, questionnaire_id) VALUES ('0e4a5f7a-a4f3-45f1-8f7c-34efd574414b', 'Все чаще появляется информация о том, что коронованный герцог графства не п', '49c46fd6-2111-4ef5-8b91-9ee67132426d');
INSERT INTO option (id, text, questionnaire_id) VALUES ('210da814-c19f-4c77-ba7b-e598584d62e4', 'Нет звука приятнее, чем полуночный пёсий вой', '49c46fd6-2111-4ef5-8b91-9ee67132426d');
INSERT INTO option (id, text, questionnaire_id) VALUES ('1edad7c9-bfa7-40be-bc47-62530b1df2c4', 'Окрестности Тулы оросил гитарный перебор', '49c46fd6-2111-4ef5-8b91-9ee67132426d');
INSERT INTO questionnaire (id, name, question, author_id, multiple) VALUES ('8e156ed6-1a8b-4fe6-9a58-0f7cbdd6af32', 'Британские «ученые» заявили, что частокол на границе починят', 'Имеется спорная точка зрения, гласящая примерно следующее: ключевые особенности структуры проекта заблокированы в рамках своих собственных рациональных ограничений. С учётом сложившейся международной обстановки, убеждённость некоторых оппонентов является качественно новой ступенью кластеризации усил', 'bfa1d176-87f8-42fd-8a97-a63df889a412', False);
INSERT INTO option (id, text, questionnaire_id) VALUES ('0628ee4c-c0ee-4de7-be13-535fe01fb064', 'Смешно, но объем доходов населения сократился', '8e156ed6-1a8b-4fe6-9a58-0f7cbdd6af32');
INSERT INTO option (id, text, questionnaire_id) VALUES ('f6bf8b45-f0b9-47e2-b46b-2edc8b8541ed', 'Свободу слова не задушить, пусть даже обучение кадров — приоритетная задача', '8e156ed6-1a8b-4fe6-9a58-0f7cbdd6af32');
INSERT INTO option (id, text, questionnaire_id) VALUES ('7fae89aa-9ca6-4957-9ced-40423f6209b1', 'Новая модель организационной деятельности процветает, как ни в чем не бывал', '8e156ed6-1a8b-4fe6-9a58-0f7cbdd6af32');
INSERT INTO option (id, text, questionnaire_id) VALUES ('358a2bcc-fa9d-4ee1-915b-f4d44b5896ff', 'Может показаться странным, но объемы выросли', '8e156ed6-1a8b-4fe6-9a58-0f7cbdd6af32');
INSERT INTO option (id, text, questionnaire_id) VALUES ('38f39cdf-6292-4c51-8660-f27ad61185bf', 'Как бы то ни было, доблесть наших правозащитников ни к чему нас не обязывае', '8e156ed6-1a8b-4fe6-9a58-0f7cbdd6af32');
INSERT INTO option (id, text, questionnaire_id) VALUES ('33a991d7-269a-4418-b89c-82e5467a34ad', 'Франция намерена исследовать, почему частокол на границе починят', '8e156ed6-1a8b-4fe6-9a58-0f7cbdd6af32');
INSERT INTO option (id, text, questionnaire_id) VALUES ('8518e149-5509-4398-b925-19d41cf70cb2', 'И по сей день в центральных регионах звучит перекатами глас грядущего покол', '8e156ed6-1a8b-4fe6-9a58-0f7cbdd6af32');
INSERT INTO option (id, text, questionnaire_id) VALUES ('8fdd8f9f-7c9b-45e0-9ac8-45e46fe68791', 'Да, обучение кадров — приоритетная задача', '8e156ed6-1a8b-4fe6-9a58-0f7cbdd6af32');
INSERT INTO country ("id", "value") VALUES ('AF', 'Afghanistan');
INSERT INTO country ("id", "value") VALUES ('AX', 'Åland Islands');
INSERT INTO country ("id", "value") VALUES ('AL', 'Albania');
INSERT INTO country ("id", "value") VALUES ('DZ', 'Algeria');
INSERT INTO country ("id", "value") VALUES ('AS', 'American Samoa');
INSERT INTO country ("id", "value") VALUES ('AD', 'Andorra');
INSERT INTO country ("id", "value") VALUES ('AO', 'Angola');
INSERT INTO country ("id", "value") VALUES ('AI', 'Anguilla');
INSERT INTO country ("id", "value") VALUES ('AQ', 'Antarctica');
INSERT INTO country ("id", "value") VALUES ('AG', 'Antigua & Barbuda');
INSERT INTO country ("id", "value") VALUES ('AR', 'Argentina');
INSERT INTO country ("id", "value") VALUES ('AM', 'Armenia');
INSERT INTO country ("id", "value") VALUES ('AW', 'Aruba');
INSERT INTO country ("id", "value") VALUES ('AU', 'Australia');
INSERT INTO country ("id", "value") VALUES ('AT', 'Austria');
INSERT INTO country ("id", "value") VALUES ('AZ', 'Azerbaijan');
INSERT INTO country ("id", "value") VALUES ('BS', 'Bahamas');
INSERT INTO country ("id", "value") VALUES ('BH', 'Bahrain');
INSERT INTO country ("id", "value") VALUES ('BD', 'Bangladesh');
INSERT INTO country ("id", "value") VALUES ('BB', 'Barbados');
INSERT INTO country ("id", "value") VALUES ('BY', 'Belarus');
INSERT INTO country ("id", "value") VALUES ('BE', 'Belgium');
INSERT INTO country ("id", "value") VALUES ('BZ', 'Belize');
INSERT INTO country ("id", "value") VALUES ('BJ', 'Benin');
INSERT INTO country ("id", "value") VALUES ('BM', 'Bermuda');
INSERT INTO country ("id", "value") VALUES ('BT', 'Bhutan');
INSERT INTO country ("id", "value") VALUES ('BO', 'Bolivia');
INSERT INTO country ("id", "value") VALUES ('BA', 'Bosnia & Herzegovina');
INSERT INTO country ("id", "value") VALUES ('BW', 'Botswana');
INSERT INTO country ("id", "value") VALUES ('BV', 'Bouvet Island');
INSERT INTO country ("id", "value") VALUES ('BR', 'Brazil');
INSERT INTO country ("id", "value") VALUES ('IO', 'British Indian Ocean Territory');
INSERT INTO country ("id", "value") VALUES ('VG', 'British Virgin Islands');
INSERT INTO country ("id", "value") VALUES ('BN', 'Brunei');
INSERT INTO country ("id", "value") VALUES ('BG', 'Bulgaria');
INSERT INTO country ("id", "value") VALUES ('BF', 'Burkina Faso');
INSERT INTO country ("id", "value") VALUES ('BI', 'Burundi');
INSERT INTO country ("id", "value") VALUES ('KH', 'Cambodia');
INSERT INTO country ("id", "value") VALUES ('CM', 'Cameroon');
INSERT INTO country ("id", "value") VALUES ('CA', 'Canada');
INSERT INTO country ("id", "value") VALUES ('CV', 'Cape Verde');
INSERT INTO country ("id", "value") VALUES ('BQ', 'Caribbean Netherlands');
INSERT INTO country ("id", "value") VALUES ('KY', 'Cayman Islands');
INSERT INTO country ("id", "value") VALUES ('CF', 'Central African Republic');
INSERT INTO country ("id", "value") VALUES ('TD', 'Chad');
INSERT INTO country ("id", "value") VALUES ('CL', 'Chile');
INSERT INTO country ("id", "value") VALUES ('CN', 'China');
INSERT INTO country ("id", "value") VALUES ('CX', 'Christmas Island');
INSERT INTO country ("id", "value") VALUES ('CC', 'Cocos (Keeling) Islands');
INSERT INTO country ("id", "value") VALUES ('CO', 'Colombia');
INSERT INTO country ("id", "value") VALUES ('KM', 'Comoros');
INSERT INTO country ("id", "value") VALUES ('CG', 'Congo - Brazzaville');
INSERT INTO country ("id", "value") VALUES ('CD', 'Congo - Kinshasa');
INSERT INTO country ("id", "value") VALUES ('CK', 'Cook Islands');
INSERT INTO country ("id", "value") VALUES ('CR', 'Costa Rica');
INSERT INTO country ("id", "value") VALUES ('CI', 'Côte d’Ivoire');
INSERT INTO country ("id", "value") VALUES ('HR', 'Croatia');
INSERT INTO country ("id", "value") VALUES ('CU', 'Cuba');
INSERT INTO country ("id", "value") VALUES ('CW', 'Curaçao');
INSERT INTO country ("id", "value") VALUES ('CY', 'Cyprus');
INSERT INTO country ("id", "value") VALUES ('CZ', 'Czechia');
INSERT INTO country ("id", "value") VALUES ('DK', 'Denmark');
INSERT INTO country ("id", "value") VALUES ('DJ', 'Djibouti');
INSERT INTO country ("id", "value") VALUES ('DM', 'Dominica');
INSERT INTO country ("id", "value") VALUES ('DO', 'Dominican Republic');
INSERT INTO country ("id", "value") VALUES ('EC', 'Ecuador');
INSERT INTO country ("id", "value") VALUES ('EG', 'Egypt');
INSERT INTO country ("id", "value") VALUES ('SV', 'El Salvador');
INSERT INTO country ("id", "value") VALUES ('GQ', 'Equatorial Guinea');
INSERT INTO country ("id", "value") VALUES ('ER', 'Eritrea');
INSERT INTO country ("id", "value") VALUES ('EE', 'Estonia');
INSERT INTO country ("id", "value") VALUES ('SZ', 'Eswatini');
INSERT INTO country ("id", "value") VALUES ('ET', 'Ethiopia');
INSERT INTO country ("id", "value") VALUES ('FK', 'Falkland Islands');
INSERT INTO country ("id", "value") VALUES ('FO', 'Faroe Islands');
INSERT INTO country ("id", "value") VALUES ('FJ', 'Fiji');
INSERT INTO country ("id", "value") VALUES ('FI', 'Finland');
INSERT INTO country ("id", "value") VALUES ('FR', 'France');
INSERT INTO country ("id", "value") VALUES ('GF', 'French Guiana');
INSERT INTO country ("id", "value") VALUES ('PF', 'French Polynesia');
INSERT INTO country ("id", "value") VALUES ('TF', 'French Southern Territories');
INSERT INTO country ("id", "value") VALUES ('GA', 'Gabon');
INSERT INTO country ("id", "value") VALUES ('GM', 'Gambia');
INSERT INTO country ("id", "value") VALUES ('GE', 'Georgia');
INSERT INTO country ("id", "value") VALUES ('DE', 'Germany');
INSERT INTO country ("id", "value") VALUES ('GH', 'Ghana');
INSERT INTO country ("id", "value") VALUES ('GI', 'Gibraltar');
INSERT INTO country ("id", "value") VALUES ('GR', 'Greece');
INSERT INTO country ("id", "value") VALUES ('GL', 'Greenland');
INSERT INTO country ("id", "value") VALUES ('GD', 'Grenada');
INSERT INTO country ("id", "value") VALUES ('GP', 'Guadeloupe');
INSERT INTO country ("id", "value") VALUES ('GU', 'Guam');
INSERT INTO country ("id", "value") VALUES ('GT', 'Guatemala');
INSERT INTO country ("id", "value") VALUES ('GG', 'Guernsey');
INSERT INTO country ("id", "value") VALUES ('GN', 'Guinea');
INSERT INTO country ("id", "value") VALUES ('GW', 'Guinea-Bissau');
INSERT INTO country ("id", "value") VALUES ('GY', 'Guyana');
INSERT INTO country ("id", "value") VALUES ('HT', 'Haiti');
INSERT INTO country ("id", "value") VALUES ('HM', 'Heard & McDonald Islands');
INSERT INTO country ("id", "value") VALUES ('HN', 'Honduras');
INSERT INTO country ("id", "value") VALUES ('HK', 'Hong Kong SAR China');
INSERT INTO country ("id", "value") VALUES ('HU', 'Hungary');
INSERT INTO country ("id", "value") VALUES ('IS', 'Iceland');
INSERT INTO country ("id", "value") VALUES ('IN', 'India');
INSERT INTO country ("id", "value") VALUES ('ID', 'Indonesia');
INSERT INTO country ("id", "value") VALUES ('IR', 'Iran');
INSERT INTO country ("id", "value") VALUES ('IQ', 'Iraq');
INSERT INTO country ("id", "value") VALUES ('IE', 'Ireland');
INSERT INTO country ("id", "value") VALUES ('IM', 'Isle of Man');
INSERT INTO country ("id", "value") VALUES ('IL', 'Israel');
INSERT INTO country ("id", "value") VALUES ('IT', 'Italy');
INSERT INTO country ("id", "value") VALUES ('JM', 'Jamaica');
INSERT INTO country ("id", "value") VALUES ('JP', 'Japan');
INSERT INTO country ("id", "value") VALUES ('JE', 'Jersey');
INSERT INTO country ("id", "value") VALUES ('JO', 'Jordan');
INSERT INTO country ("id", "value") VALUES ('KZ', 'Kazakhstan');
INSERT INTO country ("id", "value") VALUES ('KE', 'Kenya');
INSERT INTO country ("id", "value") VALUES ('KI', 'Kiribati');
INSERT INTO country ("id", "value") VALUES ('KW', 'Kuwait');
INSERT INTO country ("id", "value") VALUES ('KG', 'Kyrgyzstan');
INSERT INTO country ("id", "value") VALUES ('LA', 'Laos');
INSERT INTO country ("id", "value") VALUES ('LV', 'Latvia');
INSERT INTO country ("id", "value") VALUES ('LB', 'Lebanon');
INSERT INTO country ("id", "value") VALUES ('LS', 'Lesotho');
INSERT INTO country ("id", "value") VALUES ('LR', 'Liberia');
INSERT INTO country ("id", "value") VALUES ('LY', 'Libya');
INSERT INTO country ("id", "value") VALUES ('LI', 'Liechtenstein');
INSERT INTO country ("id", "value") VALUES ('LT', 'Lithuania');
INSERT INTO country ("id", "value") VALUES ('LU', 'Luxembourg');
INSERT INTO country ("id", "value") VALUES ('MO', 'Macao SAR China');
INSERT INTO country ("id", "value") VALUES ('MG', 'Madagascar');
INSERT INTO country ("id", "value") VALUES ('MW', 'Malawi');
INSERT INTO country ("id", "value") VALUES ('MY', 'Malaysia');
INSERT INTO country ("id", "value") VALUES ('MV', 'Maldives');
INSERT INTO country ("id", "value") VALUES ('ML', 'Mali');
INSERT INTO country ("id", "value") VALUES ('MT', 'Malta');
INSERT INTO country ("id", "value") VALUES ('MH', 'Marshall Islands');
INSERT INTO country ("id", "value") VALUES ('MQ', 'Martinique');
INSERT INTO country ("id", "value") VALUES ('MR', 'Mauritania');
INSERT INTO country ("id", "value") VALUES ('MU', 'Mauritius');
INSERT INTO country ("id", "value") VALUES ('YT', 'Mayotte');
INSERT INTO country ("id", "value") VALUES ('MX', 'Mexico');
INSERT INTO country ("id", "value") VALUES ('FM', 'Micronesia');
INSERT INTO country ("id", "value") VALUES ('MD', 'Moldova');
INSERT INTO country ("id", "value") VALUES ('MC', 'Monaco');
INSERT INTO country ("id", "value") VALUES ('MN', 'Mongolia');
INSERT INTO country ("id", "value") VALUES ('ME', 'Montenegro');
INSERT INTO country ("id", "value") VALUES ('MS', 'Montserrat');
INSERT INTO country ("id", "value") VALUES ('MA', 'Morocco');
INSERT INTO country ("id", "value") VALUES ('MZ', 'Mozambique');
INSERT INTO country ("id", "value") VALUES ('MM', 'Myanmar (Burma)');
INSERT INTO country ("id", "value") VALUES ('NA', 'Namibia');
INSERT INTO country ("id", "value") VALUES ('NR', 'Nauru');
INSERT INTO country ("id", "value") VALUES ('NP', 'Nepal');
INSERT INTO country ("id", "value") VALUES ('NL', 'Netherlands');
INSERT INTO country ("id", "value") VALUES ('NC', 'New Caledonia');
INSERT INTO country ("id", "value") VALUES ('NZ', 'New Zealand');
INSERT INTO country ("id", "value") VALUES ('NI', 'Nicaragua');
INSERT INTO country ("id", "value") VALUES ('NE', 'Niger');
INSERT INTO country ("id", "value") VALUES ('NG', 'Nigeria');
INSERT INTO country ("id", "value") VALUES ('NU', 'Niue');
INSERT INTO country ("id", "value") VALUES ('NF', 'Norfolk Island');
INSERT INTO country ("id", "value") VALUES ('KP', 'North Korea');
INSERT INTO country ("id", "value") VALUES ('MK', 'North Macedonia');
INSERT INTO country ("id", "value") VALUES ('MP', 'Northern Mariana Islands');
INSERT INTO country ("id", "value") VALUES ('NO', 'Norway');
INSERT INTO country ("id", "value") VALUES ('OM', 'Oman');
INSERT INTO country ("id", "value") VALUES ('PK', 'Pakistan');
INSERT INTO country ("id", "value") VALUES ('PW', 'Palau');
INSERT INTO country ("id", "value") VALUES ('PS', 'Palestinian Territories');
INSERT INTO country ("id", "value") VALUES ('PA', 'Panama');
INSERT INTO country ("id", "value") VALUES ('PG', 'Papua New Guinea');
INSERT INTO country ("id", "value") VALUES ('PY', 'Paraguay');
INSERT INTO country ("id", "value") VALUES ('PE', 'Peru');
INSERT INTO country ("id", "value") VALUES ('PH', 'Philippines');
INSERT INTO country ("id", "value") VALUES ('PN', 'Pitcairn Islands');
INSERT INTO country ("id", "value") VALUES ('PL', 'Poland');
INSERT INTO country ("id", "value") VALUES ('PT', 'Portugal');
INSERT INTO country ("id", "value") VALUES ('PR', 'Puerto Rico');
INSERT INTO country ("id", "value") VALUES ('QA', 'Qatar');
INSERT INTO country ("id", "value") VALUES ('RE', 'Réunion');
INSERT INTO country ("id", "value") VALUES ('RO', 'Romania');
INSERT INTO country ("id", "value") VALUES ('RU', 'Russia');
INSERT INTO country ("id", "value") VALUES ('RW', 'Rwanda');
INSERT INTO country ("id", "value") VALUES ('WS', 'Samoa');
INSERT INTO country ("id", "value") VALUES ('SM', 'San Marino');
INSERT INTO country ("id", "value") VALUES ('ST', 'São Tomé & Príncipe');
INSERT INTO country ("id", "value") VALUES ('SA', 'Saudi Arabia');
INSERT INTO country ("id", "value") VALUES ('SN', 'Senegal');
INSERT INTO country ("id", "value") VALUES ('RS', 'Serbia');
INSERT INTO country ("id", "value") VALUES ('SC', 'Seychelles');
INSERT INTO country ("id", "value") VALUES ('SL', 'Sierra Leone');
INSERT INTO country ("id", "value") VALUES ('SG', 'Singapore');
INSERT INTO country ("id", "value") VALUES ('SX', 'Sint Maarten');
INSERT INTO country ("id", "value") VALUES ('SK', 'Slovakia');
INSERT INTO country ("id", "value") VALUES ('SI', 'Slovenia');
INSERT INTO country ("id", "value") VALUES ('SB', 'Solomon Islands');
INSERT INTO country ("id", "value") VALUES ('SO', 'Somalia');
INSERT INTO country ("id", "value") VALUES ('ZA', 'South Africa');
INSERT INTO country ("id", "value") VALUES ('GS', 'South Georgia & South Sandwich Islands');
INSERT INTO country ("id", "value") VALUES ('KR', 'South Korea');
INSERT INTO country ("id", "value") VALUES ('SS', 'South Sudan');
INSERT INTO country ("id", "value") VALUES ('ES', 'Spain');
INSERT INTO country ("id", "value") VALUES ('LK', 'Sri Lanka');
INSERT INTO country ("id", "value") VALUES ('BL', 'St. Barthélemy');
INSERT INTO country ("id", "value") VALUES ('SH', 'St. Helena');
INSERT INTO country ("id", "value") VALUES ('KN', 'St. Kitts & Nevis');
INSERT INTO country ("id", "value") VALUES ('LC', 'St. Lucia');
INSERT INTO country ("id", "value") VALUES ('MF', 'St. Martin');
INSERT INTO country ("id", "value") VALUES ('PM', 'St. Pierre & Miquelon');
INSERT INTO country ("id", "value") VALUES ('VC', 'St. Vincent & Grenadines');
INSERT INTO country ("id", "value") VALUES ('SD', 'Sudan');
INSERT INTO country ("id", "value") VALUES ('SR', 'Suriname');
INSERT INTO country ("id", "value") VALUES ('SJ', 'Svalbard & Jan Mayen');
INSERT INTO country ("id", "value") VALUES ('SE', 'Sweden');
INSERT INTO country ("id", "value") VALUES ('CH', 'Switzerland');
INSERT INTO country ("id", "value") VALUES ('SY', 'Syria');
INSERT INTO country ("id", "value") VALUES ('TW', 'Taiwan');
INSERT INTO country ("id", "value") VALUES ('TJ', 'Tajikistan');
INSERT INTO country ("id", "value") VALUES ('TZ', 'Tanzania');
INSERT INTO country ("id", "value") VALUES ('TH', 'Thailand');
INSERT INTO country ("id", "value") VALUES ('TL', 'Timor-Leste');
INSERT INTO country ("id", "value") VALUES ('TG', 'Togo');
INSERT INTO country ("id", "value") VALUES ('TK', 'Tokelau');
INSERT INTO country ("id", "value") VALUES ('TO', 'Tonga');
INSERT INTO country ("id", "value") VALUES ('TT', 'Trinidad & Tobago');
INSERT INTO country ("id", "value") VALUES ('TN', 'Tunisia');
INSERT INTO country ("id", "value") VALUES ('TR', 'Turkey');
INSERT INTO country ("id", "value") VALUES ('TM', 'Turkmenistan');
INSERT INTO country ("id", "value") VALUES ('TC', 'Turks & Caicos Islands');
INSERT INTO country ("id", "value") VALUES ('TV', 'Tuvalu');
INSERT INTO country ("id", "value") VALUES ('UM', 'U.S. Outlying Islands');
INSERT INTO country ("id", "value") VALUES ('VI', 'U.S. Virgin Islands');
INSERT INTO country ("id", "value") VALUES ('UG', 'Uganda');
INSERT INTO country ("id", "value") VALUES ('UA', 'Ukraine');
INSERT INTO country ("id", "value") VALUES ('AE', 'United Arab Emirates');
INSERT INTO country ("id", "value") VALUES ('GB', 'United Kingdom');
INSERT INTO country ("id", "value") VALUES ('US', 'United States');
INSERT INTO country ("id", "value") VALUES ('UY', 'Uruguay');
INSERT INTO country ("id", "value") VALUES ('UZ', 'Uzbekistan');
INSERT INTO country ("id", "value") VALUES ('VU', 'Vanuatu');
INSERT INTO country ("id", "value") VALUES ('VA', 'Vatican City');
INSERT INTO country ("id", "value") VALUES ('VE', 'Venezuela');
INSERT INTO country ("id", "value") VALUES ('VN', 'Vietnam');
INSERT INTO country ("id", "value") VALUES ('WF', 'Wallis & Futuna');
INSERT INTO country ("id", "value") VALUES ('EH', 'Western Sahara');
INSERT INTO country ("id", "value") VALUES ('YE', 'Yemen');
INSERT INTO country ("id", "value") VALUES ('ZM', 'Zambia');
INSERT INTO country ("id", "value") VALUES ('ZW', 'Zimbabwe');INSERT INTO principal (username, password) VALUES ('interviewee0', 'qwerty');
INSERT INTO interviewee (id, username, age, gender, country, marital_status) VALUES ('1adceedd-c269-4451-b975-ce904f6774ca', 'interviewee0', 30, 'male', 'FO', 'was_not_married');
INSERT INTO choice (id, questionnaire_id, interviewee_id) VALUES ('38a7fc4f-a84c-442b-867a-78b622288735', '51436662-4eca-40ce-b552-b1c7486cf609', '1adceedd-c269-4451-b975-ce904f6774ca');
INSERT INTO option_choice (option_id, choice_id) VALUES ('e4c4b240-61c9-4253-a93b-9a7768fbfe3f', '38a7fc4f-a84c-442b-867a-78b622288735');
INSERT INTO choice (id, questionnaire_id, interviewee_id) VALUES ('98fa8a6b-d576-462b-8864-d01c80ff3f10', 'b6df4d49-3f70-4802-90cb-4ab89e24a427', '1adceedd-c269-4451-b975-ce904f6774ca');
INSERT INTO option_choice (option_id, choice_id) VALUES ('97729629-c47a-4614-a618-d90dee3f5476', '98fa8a6b-d576-462b-8864-d01c80ff3f10');
INSERT INTO principal (username, password) VALUES ('interviewee1', 'qwerty');
INSERT INTO interviewee (id, username, age, gender, country, marital_status) VALUES ('7326f26e-e5f0-4fb9-9ccf-76c199c2a216', 'interviewee1', 17, 'female', 'SD', 'divorced');
INSERT INTO choice (id, questionnaire_id, interviewee_id) VALUES ('7731d36b-f1cb-4bc0-bdc1-2d70fd744663', '407203dd-9657-46e6-975f-3be5d664dd2a', '7326f26e-e5f0-4fb9-9ccf-76c199c2a216');
INSERT INTO option_choice (option_id, choice_id) VALUES ('ec3a75fb-52ee-48b8-a136-1c4ef02978e8', '7731d36b-f1cb-4bc0-bdc1-2d70fd744663');
INSERT INTO principal (username, password) VALUES ('interviewee2', 'qwerty');
INSERT INTO interviewee (id, username, age, gender, country, marital_status) VALUES ('1d9c167f-918d-4abc-be9f-348b3d4a9e16', 'interviewee2', 59, 'female', 'KM', 'divorced');
INSERT INTO choice (id, questionnaire_id, interviewee_id) VALUES ('ad230fdd-9251-4c07-aca1-e2f82d56a375', '51436662-4eca-40ce-b552-b1c7486cf609', '1d9c167f-918d-4abc-be9f-348b3d4a9e16');
INSERT INTO option_choice (option_id, choice_id) VALUES ('e4c4b240-61c9-4253-a93b-9a7768fbfe3f', 'ad230fdd-9251-4c07-aca1-e2f82d56a375');
INSERT INTO choice (id, questionnaire_id, interviewee_id) VALUES ('fb3f54c2-7cf0-4326-a4eb-4509273f4074', '858287c2-e494-424b-a03f-6b0a55c2fce3', '1d9c167f-918d-4abc-be9f-348b3d4a9e16');
INSERT INTO option_choice (option_id, choice_id) VALUES ('59c8e6e3-5895-4f0b-ae9e-3bb455a5f6b2', 'fb3f54c2-7cf0-4326-a4eb-4509273f4074');
INSERT INTO choice (id, questionnaire_id, interviewee_id) VALUES ('3c98d205-7088-477d-b966-cd0ac369f950', '05e2761c-9435-4970-ad6d-245d7a696140', '1d9c167f-918d-4abc-be9f-348b3d4a9e16');
INSERT INTO option_choice (option_id, choice_id) VALUES ('26fa513d-ade2-4822-81ac-a6d8dc123679', '3c98d205-7088-477d-b966-cd0ac369f950');
INSERT INTO principal (username, password) VALUES ('interviewee3', 'qwerty');
INSERT INTO interviewee (id, username, age, gender, country, marital_status) VALUES ('083b741e-664f-41c5-b712-0fb8c1d2af62', 'interviewee3', 64, 'female', 'YT', 'divorced');
INSERT INTO choice (id, questionnaire_id, interviewee_id) VALUES ('2ec3c05d-85ab-4546-9993-308e19d4abbd', 'e20dbb22-091f-4137-8450-fdeaea74363f', '083b741e-664f-41c5-b712-0fb8c1d2af62');
INSERT INTO option_choice (option_id, choice_id) VALUES ('742176a0-b7c8-400a-a370-5871099954a4', '2ec3c05d-85ab-4546-9993-308e19d4abbd');
INSERT INTO option_choice (option_id, choice_id) VALUES ('a572f3cf-b3ba-491a-9687-6cee662749f1', '2ec3c05d-85ab-4546-9993-308e19d4abbd');
INSERT INTO principal (username, password) VALUES ('interviewee4', 'qwerty');
INSERT INTO interviewee (id, username, age, gender, country, marital_status) VALUES ('52682f7a-64f2-400d-9ade-c152ba545d29', 'interviewee4', 49, 'male', 'ID', 'married');
INSERT INTO choice (id, questionnaire_id, interviewee_id) VALUES ('a26ac0cd-73bc-44d2-b866-738e4c6c0594', 'b6df4d49-3f70-4802-90cb-4ab89e24a427', '52682f7a-64f2-400d-9ade-c152ba545d29');
INSERT INTO option_choice (option_id, choice_id) VALUES ('97729629-c47a-4614-a618-d90dee3f5476', 'a26ac0cd-73bc-44d2-b866-738e4c6c0594');
INSERT INTO choice (id, questionnaire_id, interviewee_id) VALUES ('ae912eb4-c476-457b-a8ae-745019853768', 'b5c886d7-e86f-4083-958a-cbd232db7a84', '52682f7a-64f2-400d-9ade-c152ba545d29');
INSERT INTO option_choice (option_id, choice_id) VALUES ('e9ae0eb7-ed92-45ff-8ec1-bb688c3f1bfe', 'ae912eb4-c476-457b-a8ae-745019853768');
INSERT INTO principal (username, password) VALUES ('interviewee5', 'qwerty');
INSERT INTO interviewee (id, username, age, gender, country, marital_status) VALUES ('d2ade530-55fd-4a53-9361-f520cb2efb12', 'interviewee5', 22, 'male', 'HT', 'married');
INSERT INTO choice (id, questionnaire_id, interviewee_id) VALUES ('7f1cccde-7be0-454c-930a-0041fb957b2a', '51436662-4eca-40ce-b552-b1c7486cf609', 'd2ade530-55fd-4a53-9361-f520cb2efb12');
INSERT INTO option_choice (option_id, choice_id) VALUES ('259215cc-47cc-4165-befd-cf997b4aaf7e', '7f1cccde-7be0-454c-930a-0041fb957b2a');
INSERT INTO choice (id, questionnaire_id, interviewee_id) VALUES ('1d0a9153-93ab-4cb1-8391-d9f3bcdd5302', '407203dd-9657-46e6-975f-3be5d664dd2a', 'd2ade530-55fd-4a53-9361-f520cb2efb12');
INSERT INTO option_choice (option_id, choice_id) VALUES ('048db851-6d32-476c-9654-e8b6208eabda', '1d0a9153-93ab-4cb1-8391-d9f3bcdd5302');
INSERT INTO choice (id, questionnaire_id, interviewee_id) VALUES ('9e70dc86-249e-45eb-9d70-961d0c701b67', 'b5c886d7-e86f-4083-958a-cbd232db7a84', 'd2ade530-55fd-4a53-9361-f520cb2efb12');
INSERT INTO option_choice (option_id, choice_id) VALUES ('bbe6d273-ce07-449f-a3eb-96165f0d7b7d', '9e70dc86-249e-45eb-9d70-961d0c701b67');
INSERT INTO principal (username, password) VALUES ('interviewee6', 'qwerty');
INSERT INTO interviewee (id, username, age, gender, country, marital_status) VALUES ('93eb58de-34e3-4b72-bfdf-29baebccdba7', 'interviewee6', 62, 'female', 'DZ', 'was_not_married');
INSERT INTO choice (id, questionnaire_id, interviewee_id) VALUES ('d2bcb9df-e34b-4657-a64b-40454e424e12', '4a4f7cbc-8533-42b3-923b-6b4309f53c64', '93eb58de-34e3-4b72-bfdf-29baebccdba7');
INSERT INTO option_choice (option_id, choice_id) VALUES ('c8061f97-fb14-4a37-89ad-0a564fb1704d', 'd2bcb9df-e34b-4657-a64b-40454e424e12');
INSERT INTO choice (id, questionnaire_id, interviewee_id) VALUES ('955f2a1c-e5c0-4686-a1e1-4b5a455a5a0f', '49c46fd6-2111-4ef5-8b91-9ee67132426d', '93eb58de-34e3-4b72-bfdf-29baebccdba7');
INSERT INTO option_choice (option_id, choice_id) VALUES ('82dcd7e2-d76d-47ad-b352-0b1d6482c730', '955f2a1c-e5c0-4686-a1e1-4b5a455a5a0f');
INSERT INTO choice (id, questionnaire_id, interviewee_id) VALUES ('e01f9961-2ee1-46d3-ab39-0ac14c68cb6c', 'c6dd214b-43b7-401f-afe6-a5ab0d2d7767', '93eb58de-34e3-4b72-bfdf-29baebccdba7');
INSERT INTO option_choice (option_id, choice_id) VALUES ('c134384c-5eda-4957-9883-b965681b9fef', 'e01f9961-2ee1-46d3-ab39-0ac14c68cb6c');
INSERT INTO principal (username, password) VALUES ('interviewee7', 'qwerty');
INSERT INTO interviewee (id, username, age, gender, country, marital_status) VALUES ('48645018-5053-4804-a21b-09996b812d9a', 'interviewee7', 44, 'male', 'MK', 'divorced');
INSERT INTO choice (id, questionnaire_id, interviewee_id) VALUES ('86edc1c6-1b13-4886-9297-ebc2626d0f1e', '2519c51c-9863-4531-85ff-a7ddd5ea08b2', '48645018-5053-4804-a21b-09996b812d9a');
INSERT INTO option_choice (option_id, choice_id) VALUES ('dffcbd6b-b37a-4468-8c01-26ae752e283e', '86edc1c6-1b13-4886-9297-ebc2626d0f1e');
INSERT INTO principal (username, password) VALUES ('interviewee8', 'qwerty');
INSERT INTO interviewee (id, username, age, gender, country, marital_status) VALUES ('a0c30dc0-fe9f-44ff-ae8b-09b3f3929df4', 'interviewee8', 35, 'male', 'CC', 'married');
INSERT INTO choice (id, questionnaire_id, interviewee_id) VALUES ('dadede8a-eedf-4af4-8a10-e622f080e1c5', '49c46fd6-2111-4ef5-8b91-9ee67132426d', 'a0c30dc0-fe9f-44ff-ae8b-09b3f3929df4');
INSERT INTO option_choice (option_id, choice_id) VALUES ('82dcd7e2-d76d-47ad-b352-0b1d6482c730', 'dadede8a-eedf-4af4-8a10-e622f080e1c5');
INSERT INTO principal (username, password) VALUES ('interviewee9', 'qwerty');
INSERT INTO interviewee (id, username, age, gender, country, marital_status) VALUES ('def8aea0-ec35-49bd-8681-62a126c06fc7', 'interviewee9', 22, 'female', 'CN', 'divorced');
INSERT INTO choice (id, questionnaire_id, interviewee_id) VALUES ('a16734e8-2069-4a29-8960-b391214a971e', 'c6dd214b-43b7-401f-afe6-a5ab0d2d7767', 'def8aea0-ec35-49bd-8681-62a126c06fc7');
INSERT INTO option_choice (option_id, choice_id) VALUES ('069a6758-231c-4064-8e44-a0db84e86a21', 'a16734e8-2069-4a29-8960-b391214a971e');
INSERT INTO option_choice (option_id, choice_id) VALUES ('9d2a2dd1-7979-48a6-a0b7-3de8fdea75b6', 'a16734e8-2069-4a29-8960-b391214a971e');
INSERT INTO choice (id, questionnaire_id, interviewee_id) VALUES ('063b05b5-40a9-4a1f-a896-7222e0a0d510', '2519c51c-9863-4531-85ff-a7ddd5ea08b2', 'def8aea0-ec35-49bd-8681-62a126c06fc7');
INSERT INTO option_choice (option_id, choice_id) VALUES ('e532cc1b-83fa-4902-9bd1-0868c31241bb', '063b05b5-40a9-4a1f-a896-7222e0a0d510');
INSERT INTO principal (username, password) VALUES ('interviewee10', 'qwerty');
INSERT INTO interviewee (id, username, age, gender, country, marital_status) VALUES ('b1637c4f-9e8d-45aa-81b4-cbf3d7d72882', 'interviewee10', 31, 'male', 'BB', 'married');
INSERT INTO choice (id, questionnaire_id, interviewee_id) VALUES ('54fa9cbd-1fe9-4618-890b-2686e99023ca', 'b6df4d49-3f70-4802-90cb-4ab89e24a427', 'b1637c4f-9e8d-45aa-81b4-cbf3d7d72882');
INSERT INTO option_choice (option_id, choice_id) VALUES ('30116571-ddf9-48c0-86a4-98a75a2078ee', '54fa9cbd-1fe9-4618-890b-2686e99023ca');
INSERT INTO principal (username, password) VALUES ('interviewee11', 'qwerty');
INSERT INTO interviewee (id, username, age, gender, country, marital_status) VALUES ('063688f2-4f3a-4895-bbcf-961262f1aff3', 'interviewee11', 59, 'female', 'TL', 'divorced');
INSERT INTO choice (id, questionnaire_id, interviewee_id) VALUES ('3845bf31-7a0d-4215-9b48-34aa965cb041', '51436662-4eca-40ce-b552-b1c7486cf609', '063688f2-4f3a-4895-bbcf-961262f1aff3');
INSERT INTO option_choice (option_id, choice_id) VALUES ('259215cc-47cc-4165-befd-cf997b4aaf7e', '3845bf31-7a0d-4215-9b48-34aa965cb041');
INSERT INTO choice (id, questionnaire_id, interviewee_id) VALUES ('4af06482-944e-4a32-b1b3-87c6dd4583a7', '08310229-5370-44f1-8071-5c56f92e3dc5', '063688f2-4f3a-4895-bbcf-961262f1aff3');
INSERT INTO option_choice (option_id, choice_id) VALUES ('7197ba86-c78b-43c4-bd28-4635a7094531', '4af06482-944e-4a32-b1b3-87c6dd4583a7');
INSERT INTO principal (username, password) VALUES ('interviewee12', 'qwerty');
INSERT INTO interviewee (id, username, age, gender, country, marital_status) VALUES ('b3822e3d-64f4-4590-be94-e5d38e4f3bf2', 'interviewee12', 63, 'female', 'AR', 'divorced');
INSERT INTO choice (id, questionnaire_id, interviewee_id) VALUES ('a080e3ed-78d6-4de6-9f5b-63d247e94c70', '48b4658e-bc90-4bd2-97bb-92484114dfea', 'b3822e3d-64f4-4590-be94-e5d38e4f3bf2');
INSERT INTO option_choice (option_id, choice_id) VALUES ('db310764-efc3-46ab-9d86-9914e34aa6cd', 'a080e3ed-78d6-4de6-9f5b-63d247e94c70');
INSERT INTO choice (id, questionnaire_id, interviewee_id) VALUES ('56d44936-fdaf-479f-9d0b-75c4da928c9a', '747d0763-c99f-47ce-809b-b378d489a158', 'b3822e3d-64f4-4590-be94-e5d38e4f3bf2');
INSERT INTO option_choice (option_id, choice_id) VALUES ('7cc0569f-f362-4ed1-9343-6ffd1369e812', '56d44936-fdaf-479f-9d0b-75c4da928c9a');
INSERT INTO option_choice (option_id, choice_id) VALUES ('2095cf98-27de-4722-93f9-2c09ae6b4ed1', '56d44936-fdaf-479f-9d0b-75c4da928c9a');
INSERT INTO choice (id, questionnaire_id, interviewee_id) VALUES ('121703fd-b128-43a0-a5e9-f5f5cab80beb', '2519c51c-9863-4531-85ff-a7ddd5ea08b2', 'b3822e3d-64f4-4590-be94-e5d38e4f3bf2');
INSERT INTO option_choice (option_id, choice_id) VALUES ('b2ff87be-cdaa-4b83-bb9c-9946660ea8b8', '121703fd-b128-43a0-a5e9-f5f5cab80beb');
INSERT INTO principal (username, password) VALUES ('interviewee13', 'qwerty');
INSERT INTO interviewee (id, username, age, gender, country, marital_status) VALUES ('36e957ad-bd94-4fff-ad88-af817ff4878d', 'interviewee13', 54, 'male', 'LV', 'divorced');
INSERT INTO choice (id, questionnaire_id, interviewee_id) VALUES ('3f86a909-d702-4c24-ab57-079101ed3bcb', '4a4f7cbc-8533-42b3-923b-6b4309f53c64', '36e957ad-bd94-4fff-ad88-af817ff4878d');
INSERT INTO option_choice (option_id, choice_id) VALUES ('ad268fe3-764b-4fca-aaa2-296127f7c891', '3f86a909-d702-4c24-ab57-079101ed3bcb');
INSERT INTO principal (username, password) VALUES ('interviewee14', 'qwerty');
INSERT INTO interviewee (id, username, age, gender, country, marital_status) VALUES ('1bfbc07a-dca3-40b3-a789-1538f07c6e21', 'interviewee14', 44, 'female', 'MX', 'was_not_married');
INSERT INTO choice (id, questionnaire_id, interviewee_id) VALUES ('e04e4303-2193-425a-a436-15de902a5f25', '81a3f075-1324-4e67-90a5-493fe3324435', '1bfbc07a-dca3-40b3-a789-1538f07c6e21');
INSERT INTO option_choice (option_id, choice_id) VALUES ('c0afeee2-6628-4404-bc41-32bc0a1505c5', 'e04e4303-2193-425a-a436-15de902a5f25');
INSERT INTO choice (id, questionnaire_id, interviewee_id) VALUES ('99bd1ed8-034e-4ff0-807e-4d60517652c1', 'b5c886d7-e86f-4083-958a-cbd232db7a84', '1bfbc07a-dca3-40b3-a789-1538f07c6e21');
INSERT INTO option_choice (option_id, choice_id) VALUES ('b3fef8ac-34c1-4143-a4bd-73c39cbbac53', '99bd1ed8-034e-4ff0-807e-4d60517652c1');
INSERT INTO principal (username, password) VALUES ('interviewee15', 'qwerty');
INSERT INTO interviewee (id, username, age, gender, country, marital_status) VALUES ('abf20247-5559-4ec5-b7f3-9b8e15a9c509', 'interviewee15', 18, 'female', 'MH', 'divorced');
INSERT INTO choice (id, questionnaire_id, interviewee_id) VALUES ('aba2071c-24bb-450c-b101-75e614385192', '2519c51c-9863-4531-85ff-a7ddd5ea08b2', 'abf20247-5559-4ec5-b7f3-9b8e15a9c509');
INSERT INTO option_choice (option_id, choice_id) VALUES ('a3b534e4-0e3d-437c-94bf-14e57f299a2c', 'aba2071c-24bb-450c-b101-75e614385192');
INSERT INTO choice (id, questionnaire_id, interviewee_id) VALUES ('c72afe55-b33f-4dd9-9234-988003fa15ad', '81a3f075-1324-4e67-90a5-493fe3324435', 'abf20247-5559-4ec5-b7f3-9b8e15a9c509');
INSERT INTO option_choice (option_id, choice_id) VALUES ('a0eef1f9-547a-4823-b7e0-bb52d6891f8f', 'c72afe55-b33f-4dd9-9234-988003fa15ad');
INSERT INTO option_choice (option_id, choice_id) VALUES ('c0afeee2-6628-4404-bc41-32bc0a1505c5', 'c72afe55-b33f-4dd9-9234-988003fa15ad');
INSERT INTO option_choice (option_id, choice_id) VALUES ('ab9020e3-a12b-46eb-97f0-79dcfaab7356', 'c72afe55-b33f-4dd9-9234-988003fa15ad');
INSERT INTO choice (id, questionnaire_id, interviewee_id) VALUES ('d48759e8-b3c8-4a1e-8819-7d1baef36338', '747d0763-c99f-47ce-809b-b378d489a158', 'abf20247-5559-4ec5-b7f3-9b8e15a9c509');
INSERT INTO option_choice (option_id, choice_id) VALUES ('7cc0569f-f362-4ed1-9343-6ffd1369e812', 'd48759e8-b3c8-4a1e-8819-7d1baef36338');
INSERT INTO option_choice (option_id, choice_id) VALUES ('2095cf98-27de-4722-93f9-2c09ae6b4ed1', 'd48759e8-b3c8-4a1e-8819-7d1baef36338');
INSERT INTO principal (username, password) VALUES ('interviewee16', 'qwerty');
INSERT INTO interviewee (id, username, age, gender, country, marital_status) VALUES ('b1f8b0ea-06d1-4677-b5d1-e2f85048f901', 'interviewee16', 67, 'male', 'NE', 'was_not_married');
INSERT INTO choice (id, questionnaire_id, interviewee_id) VALUES ('d518b6e2-d850-492c-8149-502ad16631d6', '49c46fd6-2111-4ef5-8b91-9ee67132426d', 'b1f8b0ea-06d1-4677-b5d1-e2f85048f901');
INSERT INTO option_choice (option_id, choice_id) VALUES ('210da814-c19f-4c77-ba7b-e598584d62e4', 'd518b6e2-d850-492c-8149-502ad16631d6');
INSERT INTO choice (id, questionnaire_id, interviewee_id) VALUES ('a5baba2b-59a1-4824-91fa-afe06f9cf54c', '51436662-4eca-40ce-b552-b1c7486cf609', 'b1f8b0ea-06d1-4677-b5d1-e2f85048f901');
INSERT INTO option_choice (option_id, choice_id) VALUES ('259215cc-47cc-4165-befd-cf997b4aaf7e', 'a5baba2b-59a1-4824-91fa-afe06f9cf54c');
INSERT INTO choice (id, questionnaire_id, interviewee_id) VALUES ('a2421f5a-731a-4b23-a5eb-e3a4eb16477a', '858287c2-e494-424b-a03f-6b0a55c2fce3', 'b1f8b0ea-06d1-4677-b5d1-e2f85048f901');
INSERT INTO option_choice (option_id, choice_id) VALUES ('f2fd1a72-0ca7-41a6-ad15-7bc21a02fe73', 'a2421f5a-731a-4b23-a5eb-e3a4eb16477a');
INSERT INTO option_choice (option_id, choice_id) VALUES ('a1e55f7c-aa45-466f-86bb-0d5e262ca0bc', 'a2421f5a-731a-4b23-a5eb-e3a4eb16477a');
INSERT INTO principal (username, password) VALUES ('interviewee17', 'qwerty');
INSERT INTO interviewee (id, username, age, gender, country, marital_status) VALUES ('afdcec1b-5f2d-480b-abc7-b0552a3a11ee', 'interviewee17', 21, 'male', 'NF', 'was_not_married');
INSERT INTO choice (id, questionnaire_id, interviewee_id) VALUES ('eaa74445-7d47-4faa-b594-55afd8b6822c', '08310229-5370-44f1-8071-5c56f92e3dc5', 'afdcec1b-5f2d-480b-abc7-b0552a3a11ee');
INSERT INTO option_choice (option_id, choice_id) VALUES ('fc94d716-ca6a-45f3-8cbb-afd6a3ea72a3', 'eaa74445-7d47-4faa-b594-55afd8b6822c');
INSERT INTO principal (username, password) VALUES ('interviewee18', 'qwerty');
INSERT INTO interviewee (id, username, age, gender, country, marital_status) VALUES ('377a9f32-0e9d-4a02-a3c9-97b00da2b84a', 'interviewee18', 50, 'male', 'RS', 'divorced');
INSERT INTO choice (id, questionnaire_id, interviewee_id) VALUES ('680cefc9-991e-4460-ad82-f46b5fa2b0d5', 'aaacf497-4ae4-46e0-aa2e-27377271bafc', '377a9f32-0e9d-4a02-a3c9-97b00da2b84a');
INSERT INTO option_choice (option_id, choice_id) VALUES ('d4aa64ba-49fd-4d00-9175-a646c1d6d559', '680cefc9-991e-4460-ad82-f46b5fa2b0d5');
INSERT INTO principal (username, password) VALUES ('interviewee19', 'qwerty');
INSERT INTO interviewee (id, username, age, gender, country, marital_status) VALUES ('b75a86e7-4de4-453d-af6f-61d1d92d6849', 'interviewee19', 47, 'female', 'PN', 'divorced');
INSERT INTO choice (id, questionnaire_id, interviewee_id) VALUES ('b6c8ea5c-9c17-42fc-8faa-43c00648affa', '8e156ed6-1a8b-4fe6-9a58-0f7cbdd6af32', 'b75a86e7-4de4-453d-af6f-61d1d92d6849');
INSERT INTO option_choice (option_id, choice_id) VALUES ('38f39cdf-6292-4c51-8660-f27ad61185bf', 'b6c8ea5c-9c17-42fc-8faa-43c00648affa');
INSERT INTO choice (id, questionnaire_id, interviewee_id) VALUES ('4aa1602f-befb-47d8-bc61-67c2cd968dd0', '05e2761c-9435-4970-ad6d-245d7a696140', 'b75a86e7-4de4-453d-af6f-61d1d92d6849');
INSERT INTO option_choice (option_id, choice_id) VALUES ('821d408d-9a3b-4716-a443-69cb45197037', '4aa1602f-befb-47d8-bc61-67c2cd968dd0');
INSERT INTO option_choice (option_id, choice_id) VALUES ('4431f860-831f-4fdf-9dbb-76fbdb1006a1', '4aa1602f-befb-47d8-bc61-67c2cd968dd0');
INSERT INTO option_choice (option_id, choice_id) VALUES ('26fa513d-ade2-4822-81ac-a6d8dc123679', '4aa1602f-befb-47d8-bc61-67c2cd968dd0');
INSERT INTO option_choice (option_id, choice_id) VALUES ('ee58bf05-12ff-45e4-b7e9-d37a70181de4', '4aa1602f-befb-47d8-bc61-67c2cd968dd0');
INSERT INTO option_choice (option_id, choice_id) VALUES ('cd3191da-899e-4773-b914-291725c8c108', '4aa1602f-befb-47d8-bc61-67c2cd968dd0');
INSERT INTO principal (username, password) VALUES ('interviewee20', 'qwerty');
INSERT INTO interviewee (id, username, age, gender, country, marital_status) VALUES ('f4fc3663-c75d-492b-b27b-214fe3e53c3e', 'interviewee20', 24, 'female', 'TO', 'married');
INSERT INTO choice (id, questionnaire_id, interviewee_id) VALUES ('e9b4eaac-ba60-4ccc-9a41-b364f83c953a', '407203dd-9657-46e6-975f-3be5d664dd2a', 'f4fc3663-c75d-492b-b27b-214fe3e53c3e');
INSERT INTO option_choice (option_id, choice_id) VALUES ('d37dcf04-38aa-46a3-914b-a881661a3989', 'e9b4eaac-ba60-4ccc-9a41-b364f83c953a');
INSERT INTO choice (id, questionnaire_id, interviewee_id) VALUES ('a7091ebc-cd81-4ee2-aa4b-2ebf9ea16154', '08310229-5370-44f1-8071-5c56f92e3dc5', 'f4fc3663-c75d-492b-b27b-214fe3e53c3e');
INSERT INTO option_choice (option_id, choice_id) VALUES ('38336259-fa95-40f4-865c-eff171ebbb80', 'a7091ebc-cd81-4ee2-aa4b-2ebf9ea16154');
INSERT INTO principal (username, password) VALUES ('interviewee21', 'qwerty');
INSERT INTO interviewee (id, username, age, gender, country, marital_status) VALUES ('316dac36-69c4-46e4-8ed7-91dcb025c9a3', 'interviewee21', 44, 'female', 'LI', 'was_not_married');
INSERT INTO choice (id, questionnaire_id, interviewee_id) VALUES ('50874881-83f6-4647-9dae-f89208841bf2', '5b0a67f5-cbf2-4fde-b526-fd512ff68e24', '316dac36-69c4-46e4-8ed7-91dcb025c9a3');
INSERT INTO option_choice (option_id, choice_id) VALUES ('771f0011-824c-4e77-8245-8f61e026b171', '50874881-83f6-4647-9dae-f89208841bf2');
INSERT INTO principal (username, password) VALUES ('interviewee22', 'qwerty');
INSERT INTO interviewee (id, username, age, gender, country, marital_status) VALUES ('de1c8891-72b6-4a3c-b58b-b90e92c24f7d', 'interviewee22', 29, 'female', 'AZ', 'married');
INSERT INTO choice (id, questionnaire_id, interviewee_id) VALUES ('86e9ef03-0106-4ac3-8595-e0ecbe6b3100', '2519c51c-9863-4531-85ff-a7ddd5ea08b2', 'de1c8891-72b6-4a3c-b58b-b90e92c24f7d');
INSERT INTO option_choice (option_id, choice_id) VALUES ('dffcbd6b-b37a-4468-8c01-26ae752e283e', '86e9ef03-0106-4ac3-8595-e0ecbe6b3100');
INSERT INTO choice (id, questionnaire_id, interviewee_id) VALUES ('4561dadc-ce44-4710-aa60-91fa9f6b143e', 'e4d0ba66-5e11-433c-8243-4d890cceaf69', 'de1c8891-72b6-4a3c-b58b-b90e92c24f7d');
INSERT INTO option_choice (option_id, choice_id) VALUES ('cb637eae-3b8f-4d17-81fb-9b271857e55c', '4561dadc-ce44-4710-aa60-91fa9f6b143e');
INSERT INTO option_choice (option_id, choice_id) VALUES ('7cfec70e-33b3-4c68-9c38-38cf292cd0f9', '4561dadc-ce44-4710-aa60-91fa9f6b143e');
INSERT INTO principal (username, password) VALUES ('interviewee23', 'qwerty');
INSERT INTO interviewee (id, username, age, gender, country, marital_status) VALUES ('b653ff94-d6d2-423a-9105-bddb730bf5f9', 'interviewee23', 57, 'female', 'AG', 'was_not_married');
INSERT INTO choice (id, questionnaire_id, interviewee_id) VALUES ('876cba47-9544-4c54-886c-30b66e327d7b', 'c6dd214b-43b7-401f-afe6-a5ab0d2d7767', 'b653ff94-d6d2-423a-9105-bddb730bf5f9');
INSERT INTO option_choice (option_id, choice_id) VALUES ('9d2a2dd1-7979-48a6-a0b7-3de8fdea75b6', '876cba47-9544-4c54-886c-30b66e327d7b');
INSERT INTO option_choice (option_id, choice_id) VALUES ('c134384c-5eda-4957-9883-b965681b9fef', '876cba47-9544-4c54-886c-30b66e327d7b');
INSERT INTO option_choice (option_id, choice_id) VALUES ('069a6758-231c-4064-8e44-a0db84e86a21', '876cba47-9544-4c54-886c-30b66e327d7b');
INSERT INTO option_choice (option_id, choice_id) VALUES ('17ceef0b-83da-42ec-a82c-9090a9be74af', '876cba47-9544-4c54-886c-30b66e327d7b');
INSERT INTO choice (id, questionnaire_id, interviewee_id) VALUES ('aaaf0004-3fc8-4e4d-aa08-d6ef8cfb4914', '08310229-5370-44f1-8071-5c56f92e3dc5', 'b653ff94-d6d2-423a-9105-bddb730bf5f9');
INSERT INTO option_choice (option_id, choice_id) VALUES ('996311da-bd48-491d-b381-d19b001465c4', 'aaaf0004-3fc8-4e4d-aa08-d6ef8cfb4914');
INSERT INTO choice (id, questionnaire_id, interviewee_id) VALUES ('be6fc034-57aa-496b-87a6-68b6ef1c072b', 'e4d0ba66-5e11-433c-8243-4d890cceaf69', 'b653ff94-d6d2-423a-9105-bddb730bf5f9');
INSERT INTO option_choice (option_id, choice_id) VALUES ('cb637eae-3b8f-4d17-81fb-9b271857e55c', 'be6fc034-57aa-496b-87a6-68b6ef1c072b');
INSERT INTO principal (username, password) VALUES ('interviewee24', 'qwerty');
INSERT INTO interviewee (id, username, age, gender, country, marital_status) VALUES ('58176b67-3986-4f0a-a995-e3be7b824795', 'interviewee24', 64, 'male', 'AM', 'was_not_married');
INSERT INTO choice (id, questionnaire_id, interviewee_id) VALUES ('1085d9f0-7b8d-4c21-b896-df9d129e4f74', 'aaacf497-4ae4-46e0-aa2e-27377271bafc', '58176b67-3986-4f0a-a995-e3be7b824795');
INSERT INTO option_choice (option_id, choice_id) VALUES ('070ce52d-21fd-4380-9c02-d25647a035a6', '1085d9f0-7b8d-4c21-b896-df9d129e4f74');
INSERT INTO principal (username, password) VALUES ('interviewee25', 'qwerty');
INSERT INTO interviewee (id, username, age, gender, country, marital_status) VALUES ('4438647e-2ad9-4708-952e-ced5639ea8a0', 'interviewee25', 35, 'male', 'VC', 'was_not_married');
INSERT INTO choice (id, questionnaire_id, interviewee_id) VALUES ('e96e5c46-fd0c-4911-9a25-326355ad4fd6', 'e4d0ba66-5e11-433c-8243-4d890cceaf69', '4438647e-2ad9-4708-952e-ced5639ea8a0');
INSERT INTO option_choice (option_id, choice_id) VALUES ('7cfec70e-33b3-4c68-9c38-38cf292cd0f9', 'e96e5c46-fd0c-4911-9a25-326355ad4fd6');
INSERT INTO choice (id, questionnaire_id, interviewee_id) VALUES ('53a0731d-2ba3-4961-b0fc-da87a8a746f9', '747d0763-c99f-47ce-809b-b378d489a158', '4438647e-2ad9-4708-952e-ced5639ea8a0');
INSERT INTO option_choice (option_id, choice_id) VALUES ('65c86d12-f533-40f5-8dd6-10903d890b10', '53a0731d-2ba3-4961-b0fc-da87a8a746f9');
INSERT INTO option_choice (option_id, choice_id) VALUES ('7cc0569f-f362-4ed1-9343-6ffd1369e812', '53a0731d-2ba3-4961-b0fc-da87a8a746f9');
INSERT INTO principal (username, password) VALUES ('interviewee26', 'qwerty');
INSERT INTO interviewee (id, username, age, gender, country, marital_status) VALUES ('a28aa654-f61d-4e26-91e0-ef855b8d8898', 'interviewee26', 42, 'male', 'AD', 'married');
INSERT INTO choice (id, questionnaire_id, interviewee_id) VALUES ('cf49903a-982a-43f9-8660-23dbe1529aef', '48b4658e-bc90-4bd2-97bb-92484114dfea', 'a28aa654-f61d-4e26-91e0-ef855b8d8898');
INSERT INTO option_choice (option_id, choice_id) VALUES ('5a5b3a6f-7875-401c-8d0b-e9c8b854b985', 'cf49903a-982a-43f9-8660-23dbe1529aef');
INSERT INTO choice (id, questionnaire_id, interviewee_id) VALUES ('8fa472fb-d609-4c93-afb9-85aafb26ec89', '81a3f075-1324-4e67-90a5-493fe3324435', 'a28aa654-f61d-4e26-91e0-ef855b8d8898');
INSERT INTO option_choice (option_id, choice_id) VALUES ('c5035143-d5d2-4934-8b99-4e66507a8603', '8fa472fb-d609-4c93-afb9-85aafb26ec89');
INSERT INTO option_choice (option_id, choice_id) VALUES ('c0afeee2-6628-4404-bc41-32bc0a1505c5', '8fa472fb-d609-4c93-afb9-85aafb26ec89');
INSERT INTO option_choice (option_id, choice_id) VALUES ('ab9020e3-a12b-46eb-97f0-79dcfaab7356', '8fa472fb-d609-4c93-afb9-85aafb26ec89');
INSERT INTO option_choice (option_id, choice_id) VALUES ('a0eef1f9-547a-4823-b7e0-bb52d6891f8f', '8fa472fb-d609-4c93-afb9-85aafb26ec89');
INSERT INTO option_choice (option_id, choice_id) VALUES ('7b2bd172-1566-440a-81d8-f9b2fb43f8fc', '8fa472fb-d609-4c93-afb9-85aafb26ec89');
INSERT INTO option_choice (option_id, choice_id) VALUES ('a1737a4b-bfa2-4208-a103-ca4bea3afaaf', '8fa472fb-d609-4c93-afb9-85aafb26ec89');
INSERT INTO principal (username, password) VALUES ('interviewee27', 'qwerty');
INSERT INTO interviewee (id, username, age, gender, country, marital_status) VALUES ('c4fc286f-d165-4525-99ac-668d56452068', 'interviewee27', 22, 'male', 'GT', 'divorced');
INSERT INTO choice (id, questionnaire_id, interviewee_id) VALUES ('168ee86b-07ed-484d-b78f-0e019bd2102c', 'b5c886d7-e86f-4083-958a-cbd232db7a84', 'c4fc286f-d165-4525-99ac-668d56452068');
INSERT INTO option_choice (option_id, choice_id) VALUES ('c7575671-3918-48d7-bc48-356ad1dd79e9', '168ee86b-07ed-484d-b78f-0e019bd2102c');
INSERT INTO choice (id, questionnaire_id, interviewee_id) VALUES ('5cacfba5-d6cd-4dec-bb12-807e38b0116a', 'c6dd214b-43b7-401f-afe6-a5ab0d2d7767', 'c4fc286f-d165-4525-99ac-668d56452068');
INSERT INTO option_choice (option_id, choice_id) VALUES ('17ceef0b-83da-42ec-a82c-9090a9be74af', '5cacfba5-d6cd-4dec-bb12-807e38b0116a');
INSERT INTO option_choice (option_id, choice_id) VALUES ('069a6758-231c-4064-8e44-a0db84e86a21', '5cacfba5-d6cd-4dec-bb12-807e38b0116a');
INSERT INTO option_choice (option_id, choice_id) VALUES ('9d2a2dd1-7979-48a6-a0b7-3de8fdea75b6', '5cacfba5-d6cd-4dec-bb12-807e38b0116a');
INSERT INTO option_choice (option_id, choice_id) VALUES ('c134384c-5eda-4957-9883-b965681b9fef', '5cacfba5-d6cd-4dec-bb12-807e38b0116a');
INSERT INTO choice (id, questionnaire_id, interviewee_id) VALUES ('97d4f306-2058-4b18-9c23-fff74085b597', '81a3f075-1324-4e67-90a5-493fe3324435', 'c4fc286f-d165-4525-99ac-668d56452068');
INSERT INTO option_choice (option_id, choice_id) VALUES ('c5035143-d5d2-4934-8b99-4e66507a8603', '97d4f306-2058-4b18-9c23-fff74085b597');
INSERT INTO option_choice (option_id, choice_id) VALUES ('c0afeee2-6628-4404-bc41-32bc0a1505c5', '97d4f306-2058-4b18-9c23-fff74085b597');
INSERT INTO option_choice (option_id, choice_id) VALUES ('a0eef1f9-547a-4823-b7e0-bb52d6891f8f', '97d4f306-2058-4b18-9c23-fff74085b597');
INSERT INTO option_choice (option_id, choice_id) VALUES ('7b2bd172-1566-440a-81d8-f9b2fb43f8fc', '97d4f306-2058-4b18-9c23-fff74085b597');
INSERT INTO option_choice (option_id, choice_id) VALUES ('a1737a4b-bfa2-4208-a103-ca4bea3afaaf', '97d4f306-2058-4b18-9c23-fff74085b597');
INSERT INTO principal (username, password) VALUES ('interviewee28', 'qwerty');
INSERT INTO interviewee (id, username, age, gender, country, marital_status) VALUES ('69d81cd2-b0ff-4c4e-821f-b6675138d0bd', 'interviewee28', 46, 'male', 'IR', 'married');
INSERT INTO choice (id, questionnaire_id, interviewee_id) VALUES ('f756c570-1c32-4315-85e7-92bcab9bd69f', '858287c2-e494-424b-a03f-6b0a55c2fce3', '69d81cd2-b0ff-4c4e-821f-b6675138d0bd');
INSERT INTO option_choice (option_id, choice_id) VALUES ('a1e55f7c-aa45-466f-86bb-0d5e262ca0bc', 'f756c570-1c32-4315-85e7-92bcab9bd69f');
INSERT INTO option_choice (option_id, choice_id) VALUES ('a7e89931-dbca-4a6f-bdbb-b42e57f2e7f2', 'f756c570-1c32-4315-85e7-92bcab9bd69f');
INSERT INTO principal (username, password) VALUES ('interviewee29', 'qwerty');
INSERT INTO interviewee (id, username, age, gender, country, marital_status) VALUES ('0229f448-d34c-46a2-9e59-517f345171d5', 'interviewee29', 45, 'female', 'GR', 'married');
INSERT INTO choice (id, questionnaire_id, interviewee_id) VALUES ('14659d50-f61b-40b8-990a-b19031b657d0', 'c6dd214b-43b7-401f-afe6-a5ab0d2d7767', '0229f448-d34c-46a2-9e59-517f345171d5');
INSERT INTO option_choice (option_id, choice_id) VALUES ('069a6758-231c-4064-8e44-a0db84e86a21', '14659d50-f61b-40b8-990a-b19031b657d0');
INSERT INTO option_choice (option_id, choice_id) VALUES ('c134384c-5eda-4957-9883-b965681b9fef', '14659d50-f61b-40b8-990a-b19031b657d0');
INSERT INTO option_choice (option_id, choice_id) VALUES ('9d2a2dd1-7979-48a6-a0b7-3de8fdea75b6', '14659d50-f61b-40b8-990a-b19031b657d0');
INSERT INTO option_choice (option_id, choice_id) VALUES ('17ceef0b-83da-42ec-a82c-9090a9be74af', '14659d50-f61b-40b8-990a-b19031b657d0');
INSERT INTO principal (username, password) VALUES ('interviewee30', 'qwerty');
INSERT INTO interviewee (id, username, age, gender, country, marital_status) VALUES ('311ea355-356a-4d93-9e22-4bf17e597345', 'interviewee30', 16, 'male', 'IL', 'was_not_married');
INSERT INTO choice (id, questionnaire_id, interviewee_id) VALUES ('773c073c-430c-496f-a498-e63f4ca02bf3', '407203dd-9657-46e6-975f-3be5d664dd2a', '311ea355-356a-4d93-9e22-4bf17e597345');
INSERT INTO option_choice (option_id, choice_id) VALUES ('ba4c9312-3e73-4c11-bce9-7ba2e084dd49', '773c073c-430c-496f-a498-e63f4ca02bf3');
INSERT INTO choice (id, questionnaire_id, interviewee_id) VALUES ('26ba59d6-f8e2-4ebe-a3ee-1b59258b03ef', '747d0763-c99f-47ce-809b-b378d489a158', '311ea355-356a-4d93-9e22-4bf17e597345');
INSERT INTO option_choice (option_id, choice_id) VALUES ('65c86d12-f533-40f5-8dd6-10903d890b10', '26ba59d6-f8e2-4ebe-a3ee-1b59258b03ef');
INSERT INTO choice (id, questionnaire_id, interviewee_id) VALUES ('a53cf235-4b4f-4fbb-a245-be59c263d5a4', '05e2761c-9435-4970-ad6d-245d7a696140', '311ea355-356a-4d93-9e22-4bf17e597345');
INSERT INTO option_choice (option_id, choice_id) VALUES ('cd3191da-899e-4773-b914-291725c8c108', 'a53cf235-4b4f-4fbb-a245-be59c263d5a4');
INSERT INTO principal (username, password) VALUES ('interviewee31', 'qwerty');
INSERT INTO interviewee (id, username, age, gender, country, marital_status) VALUES ('cd5889c1-6336-4c88-be74-f524ff8ba671', 'interviewee31', 56, 'male', 'BS', 'divorced');
INSERT INTO choice (id, questionnaire_id, interviewee_id) VALUES ('f9e66700-4cee-41d9-b50c-4fb4eeaffe91', '2519c51c-9863-4531-85ff-a7ddd5ea08b2', 'cd5889c1-6336-4c88-be74-f524ff8ba671');
INSERT INTO option_choice (option_id, choice_id) VALUES ('8c388d58-c24e-468d-9d56-271abc2ab89d', 'f9e66700-4cee-41d9-b50c-4fb4eeaffe91');
INSERT INTO principal (username, password) VALUES ('interviewee32', 'qwerty');
INSERT INTO interviewee (id, username, age, gender, country, marital_status) VALUES ('050a2feb-4659-4fb3-bc81-2c3f13d6ea40', 'interviewee32', 55, 'male', 'HT', 'divorced');
INSERT INTO choice (id, questionnaire_id, interviewee_id) VALUES ('0b92f9e8-998e-448a-af4d-d160e6662e0a', '173a3ab0-8485-4aa4-8787-a2a4414f992e', '050a2feb-4659-4fb3-bc81-2c3f13d6ea40');
INSERT INTO option_choice (option_id, choice_id) VALUES ('ce62e0a7-1873-4aa1-a448-2fad3cc888ee', '0b92f9e8-998e-448a-af4d-d160e6662e0a');
INSERT INTO option_choice (option_id, choice_id) VALUES ('f9a527bc-3f55-40db-b05e-d549f1801594', '0b92f9e8-998e-448a-af4d-d160e6662e0a');
INSERT INTO option_choice (option_id, choice_id) VALUES ('bf89350f-11e0-4471-a3a1-95481edf5acd', '0b92f9e8-998e-448a-af4d-d160e6662e0a');
INSERT INTO principal (username, password) VALUES ('interviewee33', 'qwerty');
INSERT INTO interviewee (id, username, age, gender, country, marital_status) VALUES ('0dfaf782-764f-410d-8e46-8f423776ef52', 'interviewee33', 18, 'male', 'PN', 'divorced');
INSERT INTO choice (id, questionnaire_id, interviewee_id) VALUES ('fc859576-568e-4540-b861-9cd907999c2f', '2519c51c-9863-4531-85ff-a7ddd5ea08b2', '0dfaf782-764f-410d-8e46-8f423776ef52');
INSERT INTO option_choice (option_id, choice_id) VALUES ('dffcbd6b-b37a-4468-8c01-26ae752e283e', 'fc859576-568e-4540-b861-9cd907999c2f');
INSERT INTO choice (id, questionnaire_id, interviewee_id) VALUES ('5978d3b7-b334-4981-80cc-094a701922ee', '747d0763-c99f-47ce-809b-b378d489a158', '0dfaf782-764f-410d-8e46-8f423776ef52');
INSERT INTO option_choice (option_id, choice_id) VALUES ('65c86d12-f533-40f5-8dd6-10903d890b10', '5978d3b7-b334-4981-80cc-094a701922ee');
INSERT INTO choice (id, questionnaire_id, interviewee_id) VALUES ('5fc18d9b-797c-4607-bcee-bf4011b12249', 'c6dd214b-43b7-401f-afe6-a5ab0d2d7767', '0dfaf782-764f-410d-8e46-8f423776ef52');
INSERT INTO option_choice (option_id, choice_id) VALUES ('17ceef0b-83da-42ec-a82c-9090a9be74af', '5fc18d9b-797c-4607-bcee-bf4011b12249');
INSERT INTO principal (username, password) VALUES ('interviewee34', 'qwerty');
INSERT INTO interviewee (id, username, age, gender, country, marital_status) VALUES ('cc1b9177-b9e0-45f8-8fe2-5de1524b029d', 'interviewee34', 34, 'female', 'LR', 'married');
INSERT INTO choice (id, questionnaire_id, interviewee_id) VALUES ('e3a8b9c3-98c9-4fc3-91a4-6379f500b4be', 'b5c886d7-e86f-4083-958a-cbd232db7a84', 'cc1b9177-b9e0-45f8-8fe2-5de1524b029d');
INSERT INTO option_choice (option_id, choice_id) VALUES ('bbe6d273-ce07-449f-a3eb-96165f0d7b7d', 'e3a8b9c3-98c9-4fc3-91a4-6379f500b4be');
INSERT INTO choice (id, questionnaire_id, interviewee_id) VALUES ('675736fe-7d87-4758-bc43-c6dcce597320', '49c46fd6-2111-4ef5-8b91-9ee67132426d', 'cc1b9177-b9e0-45f8-8fe2-5de1524b029d');
INSERT INTO option_choice (option_id, choice_id) VALUES ('1edad7c9-bfa7-40be-bc47-62530b1df2c4', '675736fe-7d87-4758-bc43-c6dcce597320');
INSERT INTO principal (username, password) VALUES ('interviewee35', 'qwerty');
INSERT INTO interviewee (id, username, age, gender, country, marital_status) VALUES ('d10ecc77-34d9-49e0-9735-bfa3a61e62d3', 'interviewee35', 53, 'male', 'AS', 'married');
INSERT INTO choice (id, questionnaire_id, interviewee_id) VALUES ('572a645f-a691-4d08-a1ba-d900e1efce84', '48b4658e-bc90-4bd2-97bb-92484114dfea', 'd10ecc77-34d9-49e0-9735-bfa3a61e62d3');
INSERT INTO option_choice (option_id, choice_id) VALUES ('5a5b3a6f-7875-401c-8d0b-e9c8b854b985', '572a645f-a691-4d08-a1ba-d900e1efce84');
INSERT INTO principal (username, password) VALUES ('interviewee36', 'qwerty');
INSERT INTO interviewee (id, username, age, gender, country, marital_status) VALUES ('bd7f007f-2704-40d6-8429-1ffeb60f1e18', 'interviewee36', 34, 'male', 'BR', 'was_not_married');
INSERT INTO choice (id, questionnaire_id, interviewee_id) VALUES ('88b41d77-519f-4b8e-abdb-27a3cc73053c', '407203dd-9657-46e6-975f-3be5d664dd2a', 'bd7f007f-2704-40d6-8429-1ffeb60f1e18');
INSERT INTO option_choice (option_id, choice_id) VALUES ('ee1ee86e-3cfc-4173-b109-2a69851e8943', '88b41d77-519f-4b8e-abdb-27a3cc73053c');
INSERT INTO choice (id, questionnaire_id, interviewee_id) VALUES ('19567963-0e48-4329-b8fc-41d27583d2ea', '858287c2-e494-424b-a03f-6b0a55c2fce3', 'bd7f007f-2704-40d6-8429-1ffeb60f1e18');
INSERT INTO option_choice (option_id, choice_id) VALUES ('a1e55f7c-aa45-466f-86bb-0d5e262ca0bc', '19567963-0e48-4329-b8fc-41d27583d2ea');
INSERT INTO option_choice (option_id, choice_id) VALUES ('a7e89931-dbca-4a6f-bdbb-b42e57f2e7f2', '19567963-0e48-4329-b8fc-41d27583d2ea');
INSERT INTO option_choice (option_id, choice_id) VALUES ('f2fd1a72-0ca7-41a6-ad15-7bc21a02fe73', '19567963-0e48-4329-b8fc-41d27583d2ea');
INSERT INTO option_choice (option_id, choice_id) VALUES ('59c8e6e3-5895-4f0b-ae9e-3bb455a5f6b2', '19567963-0e48-4329-b8fc-41d27583d2ea');
INSERT INTO principal (username, password) VALUES ('interviewee37', 'qwerty');
INSERT INTO interviewee (id, username, age, gender, country, marital_status) VALUES ('07319166-f0b8-463b-b60e-907bded01b5c', 'interviewee37', 26, 'female', 'CO', 'married');
INSERT INTO choice (id, questionnaire_id, interviewee_id) VALUES ('0ca474b3-721b-46b7-b085-aef0f419f597', 'e4d0ba66-5e11-433c-8243-4d890cceaf69', '07319166-f0b8-463b-b60e-907bded01b5c');
INSERT INTO option_choice (option_id, choice_id) VALUES ('cb637eae-3b8f-4d17-81fb-9b271857e55c', '0ca474b3-721b-46b7-b085-aef0f419f597');
INSERT INTO option_choice (option_id, choice_id) VALUES ('7cfec70e-33b3-4c68-9c38-38cf292cd0f9', '0ca474b3-721b-46b7-b085-aef0f419f597');
INSERT INTO choice (id, questionnaire_id, interviewee_id) VALUES ('bd6d7ab8-eac4-4397-b8c2-237b919f0742', '5b0a67f5-cbf2-4fde-b526-fd512ff68e24', '07319166-f0b8-463b-b60e-907bded01b5c');
INSERT INTO option_choice (option_id, choice_id) VALUES ('7dc1dfe8-a039-4c2a-a601-d1bc81a3e459', 'bd6d7ab8-eac4-4397-b8c2-237b919f0742');
INSERT INTO principal (username, password) VALUES ('interviewee38', 'qwerty');
INSERT INTO interviewee (id, username, age, gender, country, marital_status) VALUES ('a8af0426-61ec-4547-bbbb-c7acdc0fa6d3', 'interviewee38', 30, 'female', 'AM', 'divorced');
INSERT INTO choice (id, questionnaire_id, interviewee_id) VALUES ('673d54bb-60db-411a-8d7e-d62057e2380e', '5b0a67f5-cbf2-4fde-b526-fd512ff68e24', 'a8af0426-61ec-4547-bbbb-c7acdc0fa6d3');
INSERT INTO option_choice (option_id, choice_id) VALUES ('771f0011-824c-4e77-8245-8f61e026b171', '673d54bb-60db-411a-8d7e-d62057e2380e');
INSERT INTO choice (id, questionnaire_id, interviewee_id) VALUES ('40d2ddf5-99e2-4eb7-834f-7d8dfa8e27fb', '747d0763-c99f-47ce-809b-b378d489a158', 'a8af0426-61ec-4547-bbbb-c7acdc0fa6d3');
INSERT INTO option_choice (option_id, choice_id) VALUES ('7cc0569f-f362-4ed1-9343-6ffd1369e812', '40d2ddf5-99e2-4eb7-834f-7d8dfa8e27fb');
INSERT INTO choice (id, questionnaire_id, interviewee_id) VALUES ('ee2d9ba0-7668-40dc-a38d-c7c33719a6dc', 'e4d0ba66-5e11-433c-8243-4d890cceaf69', 'a8af0426-61ec-4547-bbbb-c7acdc0fa6d3');
INSERT INTO option_choice (option_id, choice_id) VALUES ('7cfec70e-33b3-4c68-9c38-38cf292cd0f9', 'ee2d9ba0-7668-40dc-a38d-c7c33719a6dc');
INSERT INTO principal (username, password) VALUES ('interviewee39', 'qwerty');
INSERT INTO interviewee (id, username, age, gender, country, marital_status) VALUES ('84795527-d4ea-4f18-97a9-26a3eb19e1af', 'interviewee39', 44, 'male', 'TG', 'divorced');
INSERT INTO choice (id, questionnaire_id, interviewee_id) VALUES ('e84eeb54-dec8-49f7-9d88-95c165b52e4a', 'e20dbb22-091f-4137-8450-fdeaea74363f', '84795527-d4ea-4f18-97a9-26a3eb19e1af');
INSERT INTO option_choice (option_id, choice_id) VALUES ('4bd78eb1-72bb-47fa-8b7c-4cc826f39edd', 'e84eeb54-dec8-49f7-9d88-95c165b52e4a');
INSERT INTO option_choice (option_id, choice_id) VALUES ('ff3c7a97-70db-4404-b85b-274707745879', 'e84eeb54-dec8-49f7-9d88-95c165b52e4a');
INSERT INTO option_choice (option_id, choice_id) VALUES ('a572f3cf-b3ba-491a-9687-6cee662749f1', 'e84eeb54-dec8-49f7-9d88-95c165b52e4a');
INSERT INTO choice (id, questionnaire_id, interviewee_id) VALUES ('554f77cb-f618-445b-9d2a-15bc7159534c', 'c6dd214b-43b7-401f-afe6-a5ab0d2d7767', '84795527-d4ea-4f18-97a9-26a3eb19e1af');
INSERT INTO option_choice (option_id, choice_id) VALUES ('c134384c-5eda-4957-9883-b965681b9fef', '554f77cb-f618-445b-9d2a-15bc7159534c');
INSERT INTO principal (username, password) VALUES ('interviewee40', 'qwerty');
INSERT INTO interviewee (id, username, age, gender, country, marital_status) VALUES ('247f0dc2-3faa-4250-a236-927b5685863f', 'interviewee40', 25, 'female', 'IN', 'divorced');
INSERT INTO choice (id, questionnaire_id, interviewee_id) VALUES ('d0924f0f-1fba-4ef5-89cc-b8fa968f7c95', '747d0763-c99f-47ce-809b-b378d489a158', '247f0dc2-3faa-4250-a236-927b5685863f');
INSERT INTO option_choice (option_id, choice_id) VALUES ('7cc0569f-f362-4ed1-9343-6ffd1369e812', 'd0924f0f-1fba-4ef5-89cc-b8fa968f7c95');
INSERT INTO choice (id, questionnaire_id, interviewee_id) VALUES ('cec7bf0a-bc40-4a84-bd6c-b09225d66fc2', 'b5c886d7-e86f-4083-958a-cbd232db7a84', '247f0dc2-3faa-4250-a236-927b5685863f');
INSERT INTO option_choice (option_id, choice_id) VALUES ('b3fef8ac-34c1-4143-a4bd-73c39cbbac53', 'cec7bf0a-bc40-4a84-bd6c-b09225d66fc2');
INSERT INTO choice (id, questionnaire_id, interviewee_id) VALUES ('a81b0415-45b3-4246-88f7-9119487ad7a4', '8e156ed6-1a8b-4fe6-9a58-0f7cbdd6af32', '247f0dc2-3faa-4250-a236-927b5685863f');
INSERT INTO option_choice (option_id, choice_id) VALUES ('8fdd8f9f-7c9b-45e0-9ac8-45e46fe68791', 'a81b0415-45b3-4246-88f7-9119487ad7a4');
INSERT INTO principal (username, password) VALUES ('interviewee41', 'qwerty');
INSERT INTO interviewee (id, username, age, gender, country, marital_status) VALUES ('4ce25f36-c844-42bc-96d8-ab04943cde77', 'interviewee41', 28, 'male', 'PA', 'married');
INSERT INTO choice (id, questionnaire_id, interviewee_id) VALUES ('e184d4b7-2b9a-41ed-b1ce-d2002583a95f', 'aaacf497-4ae4-46e0-aa2e-27377271bafc', '4ce25f36-c844-42bc-96d8-ab04943cde77');
INSERT INTO option_choice (option_id, choice_id) VALUES ('4d7025a3-7520-4447-9769-c495cb62415e', 'e184d4b7-2b9a-41ed-b1ce-d2002583a95f');
INSERT INTO principal (username, password) VALUES ('interviewee42', 'qwerty');
INSERT INTO interviewee (id, username, age, gender, country, marital_status) VALUES ('f843eb09-160d-45f3-a115-4843f2114e0a', 'interviewee42', 26, 'male', 'KN', 'married');
INSERT INTO choice (id, questionnaire_id, interviewee_id) VALUES ('e8b72829-a30b-442e-ab21-1d69cb355f1f', '49c46fd6-2111-4ef5-8b91-9ee67132426d', 'f843eb09-160d-45f3-a115-4843f2114e0a');
INSERT INTO option_choice (option_id, choice_id) VALUES ('0e4a5f7a-a4f3-45f1-8f7c-34efd574414b', 'e8b72829-a30b-442e-ab21-1d69cb355f1f');
INSERT INTO choice (id, questionnaire_id, interviewee_id) VALUES ('61a9d6f6-29f2-4913-ad72-ea4e5acc4722', '747d0763-c99f-47ce-809b-b378d489a158', 'f843eb09-160d-45f3-a115-4843f2114e0a');
INSERT INTO option_choice (option_id, choice_id) VALUES ('2095cf98-27de-4722-93f9-2c09ae6b4ed1', '61a9d6f6-29f2-4913-ad72-ea4e5acc4722');
INSERT INTO principal (username, password) VALUES ('interviewee43', 'qwerty');
INSERT INTO interviewee (id, username, age, gender, country, marital_status) VALUES ('95850c9a-b5ce-44fd-ad1e-d190f4931ba0', 'interviewee43', 66, 'female', 'BO', 'married');
INSERT INTO choice (id, questionnaire_id, interviewee_id) VALUES ('05223b05-507d-4c1e-b0d7-da303c82d1b6', '51436662-4eca-40ce-b552-b1c7486cf609', '95850c9a-b5ce-44fd-ad1e-d190f4931ba0');
INSERT INTO option_choice (option_id, choice_id) VALUES ('259215cc-47cc-4165-befd-cf997b4aaf7e', '05223b05-507d-4c1e-b0d7-da303c82d1b6');
INSERT INTO choice (id, questionnaire_id, interviewee_id) VALUES ('acb92cb3-a9e6-49bc-990b-fb70d52b0bcd', 'b6df4d49-3f70-4802-90cb-4ab89e24a427', '95850c9a-b5ce-44fd-ad1e-d190f4931ba0');
INSERT INTO option_choice (option_id, choice_id) VALUES ('03756c76-738d-45a3-8b02-6f36d78f3dfb', 'acb92cb3-a9e6-49bc-990b-fb70d52b0bcd');
INSERT INTO choice (id, questionnaire_id, interviewee_id) VALUES ('e6ce19b0-e80e-47f8-9a66-73deb5b1907e', '49c46fd6-2111-4ef5-8b91-9ee67132426d', '95850c9a-b5ce-44fd-ad1e-d190f4931ba0');
INSERT INTO option_choice (option_id, choice_id) VALUES ('0e4a5f7a-a4f3-45f1-8f7c-34efd574414b', 'e6ce19b0-e80e-47f8-9a66-73deb5b1907e');
INSERT INTO principal (username, password) VALUES ('interviewee44', 'qwerty');
INSERT INTO interviewee (id, username, age, gender, country, marital_status) VALUES ('a1e21e82-7b03-48d7-9e46-ce04267a9152', 'interviewee44', 44, 'male', 'TK', 'was_not_married');
INSERT INTO choice (id, questionnaire_id, interviewee_id) VALUES ('b0c71acd-2fcf-432c-bc46-2eb49481deea', '49c46fd6-2111-4ef5-8b91-9ee67132426d', 'a1e21e82-7b03-48d7-9e46-ce04267a9152');
INSERT INTO option_choice (option_id, choice_id) VALUES ('82dcd7e2-d76d-47ad-b352-0b1d6482c730', 'b0c71acd-2fcf-432c-bc46-2eb49481deea');
INSERT INTO choice (id, questionnaire_id, interviewee_id) VALUES ('3c730beb-813e-4af2-8da8-25ae4e7a5edc', '05e2761c-9435-4970-ad6d-245d7a696140', 'a1e21e82-7b03-48d7-9e46-ce04267a9152');
INSERT INTO option_choice (option_id, choice_id) VALUES ('cd3191da-899e-4773-b914-291725c8c108', '3c730beb-813e-4af2-8da8-25ae4e7a5edc');
INSERT INTO choice (id, questionnaire_id, interviewee_id) VALUES ('6255f69b-40cc-4dd9-b184-011ad8ad4cd9', '858287c2-e494-424b-a03f-6b0a55c2fce3', 'a1e21e82-7b03-48d7-9e46-ce04267a9152');
INSERT INTO option_choice (option_id, choice_id) VALUES ('59c8e6e3-5895-4f0b-ae9e-3bb455a5f6b2', '6255f69b-40cc-4dd9-b184-011ad8ad4cd9');
INSERT INTO option_choice (option_id, choice_id) VALUES ('a7e89931-dbca-4a6f-bdbb-b42e57f2e7f2', '6255f69b-40cc-4dd9-b184-011ad8ad4cd9');
INSERT INTO option_choice (option_id, choice_id) VALUES ('a1e55f7c-aa45-466f-86bb-0d5e262ca0bc', '6255f69b-40cc-4dd9-b184-011ad8ad4cd9');
INSERT INTO principal (username, password) VALUES ('interviewee45', 'qwerty');
INSERT INTO interviewee (id, username, age, gender, country, marital_status) VALUES ('50b0c974-8bc5-40b8-b56d-3eaa5a93da20', 'interviewee45', 56, 'female', 'GN', 'divorced');
INSERT INTO choice (id, questionnaire_id, interviewee_id) VALUES ('51a2d9f5-c9d6-42f6-aee2-2b81f42a65d3', '05e2761c-9435-4970-ad6d-245d7a696140', '50b0c974-8bc5-40b8-b56d-3eaa5a93da20');
INSERT INTO option_choice (option_id, choice_id) VALUES ('4431f860-831f-4fdf-9dbb-76fbdb1006a1', '51a2d9f5-c9d6-42f6-aee2-2b81f42a65d3');
INSERT INTO option_choice (option_id, choice_id) VALUES ('26fa513d-ade2-4822-81ac-a6d8dc123679', '51a2d9f5-c9d6-42f6-aee2-2b81f42a65d3');
INSERT INTO option_choice (option_id, choice_id) VALUES ('ee58bf05-12ff-45e4-b7e9-d37a70181de4', '51a2d9f5-c9d6-42f6-aee2-2b81f42a65d3');
INSERT INTO option_choice (option_id, choice_id) VALUES ('821d408d-9a3b-4716-a443-69cb45197037', '51a2d9f5-c9d6-42f6-aee2-2b81f42a65d3');
INSERT INTO choice (id, questionnaire_id, interviewee_id) VALUES ('4d3ed502-d3c2-4531-ad38-bfc7c9b5f4f2', '858287c2-e494-424b-a03f-6b0a55c2fce3', '50b0c974-8bc5-40b8-b56d-3eaa5a93da20');
INSERT INTO option_choice (option_id, choice_id) VALUES ('59c8e6e3-5895-4f0b-ae9e-3bb455a5f6b2', '4d3ed502-d3c2-4531-ad38-bfc7c9b5f4f2');
INSERT INTO option_choice (option_id, choice_id) VALUES ('f2fd1a72-0ca7-41a6-ad15-7bc21a02fe73', '4d3ed502-d3c2-4531-ad38-bfc7c9b5f4f2');
INSERT INTO principal (username, password) VALUES ('interviewee46', 'qwerty');
INSERT INTO interviewee (id, username, age, gender, country, marital_status) VALUES ('cc2d24c2-18e1-4366-898e-0febda847fb4', 'interviewee46', 69, 'female', 'UA', 'was_not_married');
INSERT INTO choice (id, questionnaire_id, interviewee_id) VALUES ('22092a31-7a22-4dab-b65f-9928dd0dde90', '81a3f075-1324-4e67-90a5-493fe3324435', 'cc2d24c2-18e1-4366-898e-0febda847fb4');
INSERT INTO option_choice (option_id, choice_id) VALUES ('a0eef1f9-547a-4823-b7e0-bb52d6891f8f', '22092a31-7a22-4dab-b65f-9928dd0dde90');
INSERT INTO option_choice (option_id, choice_id) VALUES ('c0afeee2-6628-4404-bc41-32bc0a1505c5', '22092a31-7a22-4dab-b65f-9928dd0dde90');
INSERT INTO option_choice (option_id, choice_id) VALUES ('c5035143-d5d2-4934-8b99-4e66507a8603', '22092a31-7a22-4dab-b65f-9928dd0dde90');
INSERT INTO option_choice (option_id, choice_id) VALUES ('ab9020e3-a12b-46eb-97f0-79dcfaab7356', '22092a31-7a22-4dab-b65f-9928dd0dde90');
INSERT INTO option_choice (option_id, choice_id) VALUES ('a1737a4b-bfa2-4208-a103-ca4bea3afaaf', '22092a31-7a22-4dab-b65f-9928dd0dde90');
INSERT INTO option_choice (option_id, choice_id) VALUES ('7b2bd172-1566-440a-81d8-f9b2fb43f8fc', '22092a31-7a22-4dab-b65f-9928dd0dde90');
INSERT INTO choice (id, questionnaire_id, interviewee_id) VALUES ('2c9138ce-4a47-499f-9711-e6ec93f5d100', '8e156ed6-1a8b-4fe6-9a58-0f7cbdd6af32', 'cc2d24c2-18e1-4366-898e-0febda847fb4');
INSERT INTO option_choice (option_id, choice_id) VALUES ('7fae89aa-9ca6-4957-9ced-40423f6209b1', '2c9138ce-4a47-499f-9711-e6ec93f5d100');
INSERT INTO choice (id, questionnaire_id, interviewee_id) VALUES ('ce1de3cb-0f44-4dec-955a-46c289eced9a', 'b5c886d7-e86f-4083-958a-cbd232db7a84', 'cc2d24c2-18e1-4366-898e-0febda847fb4');
INSERT INTO option_choice (option_id, choice_id) VALUES ('a446338d-133a-407b-9bd1-520fe1043ec3', 'ce1de3cb-0f44-4dec-955a-46c289eced9a');
INSERT INTO principal (username, password) VALUES ('interviewee47', 'qwerty');
INSERT INTO interviewee (id, username, age, gender, country, marital_status) VALUES ('40f2044f-384a-431f-aa7e-7e689e30bbd2', 'interviewee47', 54, 'male', 'DJ', 'was_not_married');
INSERT INTO choice (id, questionnaire_id, interviewee_id) VALUES ('a8d9d9a4-4246-4c1f-bd42-1c17abe19324', '5b0a67f5-cbf2-4fde-b526-fd512ff68e24', '40f2044f-384a-431f-aa7e-7e689e30bbd2');
INSERT INTO option_choice (option_id, choice_id) VALUES ('ce5bf814-daca-4ca0-825d-8408f4fe06ed', 'a8d9d9a4-4246-4c1f-bd42-1c17abe19324');
INSERT INTO choice (id, questionnaire_id, interviewee_id) VALUES ('d6af5fd8-fc8f-4c77-b480-1846fa053b07', '407203dd-9657-46e6-975f-3be5d664dd2a', '40f2044f-384a-431f-aa7e-7e689e30bbd2');
INSERT INTO option_choice (option_id, choice_id) VALUES ('ba4c9312-3e73-4c11-bce9-7ba2e084dd49', 'd6af5fd8-fc8f-4c77-b480-1846fa053b07');
INSERT INTO principal (username, password) VALUES ('interviewee48', 'qwerty');
INSERT INTO interviewee (id, username, age, gender, country, marital_status) VALUES ('764425bd-75d2-4447-84ea-8e8db2cce224', 'interviewee48', 67, 'male', 'CG', 'was_not_married');
INSERT INTO choice (id, questionnaire_id, interviewee_id) VALUES ('66fb01c2-6802-4304-84c8-2ae520a8c7d0', '2519c51c-9863-4531-85ff-a7ddd5ea08b2', '764425bd-75d2-4447-84ea-8e8db2cce224');
INSERT INTO option_choice (option_id, choice_id) VALUES ('e532cc1b-83fa-4902-9bd1-0868c31241bb', '66fb01c2-6802-4304-84c8-2ae520a8c7d0');
INSERT INTO choice (id, questionnaire_id, interviewee_id) VALUES ('79e0df55-6531-47c0-b770-826c53787357', 'b6df4d49-3f70-4802-90cb-4ab89e24a427', '764425bd-75d2-4447-84ea-8e8db2cce224');
INSERT INTO option_choice (option_id, choice_id) VALUES ('03756c76-738d-45a3-8b02-6f36d78f3dfb', '79e0df55-6531-47c0-b770-826c53787357');
INSERT INTO choice (id, questionnaire_id, interviewee_id) VALUES ('4db57fbd-acd2-4a29-8b29-bd5d3cbdc0de', 'c6dd214b-43b7-401f-afe6-a5ab0d2d7767', '764425bd-75d2-4447-84ea-8e8db2cce224');
INSERT INTO option_choice (option_id, choice_id) VALUES ('9d2a2dd1-7979-48a6-a0b7-3de8fdea75b6', '4db57fbd-acd2-4a29-8b29-bd5d3cbdc0de');
INSERT INTO principal (username, password) VALUES ('interviewee49', 'qwerty');
INSERT INTO interviewee (id, username, age, gender, country, marital_status) VALUES ('698f4e44-fe19-4c94-9feb-e4134fac8fe7', 'interviewee49', 51, 'male', 'UG', 'divorced');
INSERT INTO choice (id, questionnaire_id, interviewee_id) VALUES ('245127f9-9484-441a-9141-51351c02fbaf', '747d0763-c99f-47ce-809b-b378d489a158', '698f4e44-fe19-4c94-9feb-e4134fac8fe7');
INSERT INTO option_choice (option_id, choice_id) VALUES ('7cc0569f-f362-4ed1-9343-6ffd1369e812', '245127f9-9484-441a-9141-51351c02fbaf');
INSERT INTO option_choice (option_id, choice_id) VALUES ('65c86d12-f533-40f5-8dd6-10903d890b10', '245127f9-9484-441a-9141-51351c02fbaf');
INSERT INTO principal (username, password) VALUES ('interviewee50', 'qwerty');
INSERT INTO interviewee (id, username, age, gender, country, marital_status) VALUES ('bf0dd9d9-480a-4c3b-bd47-ff99fcfd4fa3', 'interviewee50', 57, 'male', 'GA', 'married');
INSERT INTO choice (id, questionnaire_id, interviewee_id) VALUES ('edd105f0-4f4e-48d6-a831-53e0e67c2b3c', '08310229-5370-44f1-8071-5c56f92e3dc5', 'bf0dd9d9-480a-4c3b-bd47-ff99fcfd4fa3');
INSERT INTO option_choice (option_id, choice_id) VALUES ('996311da-bd48-491d-b381-d19b001465c4', 'edd105f0-4f4e-48d6-a831-53e0e67c2b3c');
INSERT INTO choice (id, questionnaire_id, interviewee_id) VALUES ('9c2c788b-0d2c-4f18-8d64-4ccd4660f273', '173a3ab0-8485-4aa4-8787-a2a4414f992e', 'bf0dd9d9-480a-4c3b-bd47-ff99fcfd4fa3');
INSERT INTO option_choice (option_id, choice_id) VALUES ('a477d3c8-db0a-4572-a680-b96fd792dc75', '9c2c788b-0d2c-4f18-8d64-4ccd4660f273');
INSERT INTO option_choice (option_id, choice_id) VALUES ('f9a527bc-3f55-40db-b05e-d549f1801594', '9c2c788b-0d2c-4f18-8d64-4ccd4660f273');
INSERT INTO option_choice (option_id, choice_id) VALUES ('c453fc60-b896-4f66-8dbe-cc55bc42881e', '9c2c788b-0d2c-4f18-8d64-4ccd4660f273');
INSERT INTO option_choice (option_id, choice_id) VALUES ('bf89350f-11e0-4471-a3a1-95481edf5acd', '9c2c788b-0d2c-4f18-8d64-4ccd4660f273');
INSERT INTO option_choice (option_id, choice_id) VALUES ('3c8e0934-801c-4afd-98de-7aaf263889f6', '9c2c788b-0d2c-4f18-8d64-4ccd4660f273');
INSERT INTO option_choice (option_id, choice_id) VALUES ('3f698183-af22-44ca-80c1-eb668697e9ea', '9c2c788b-0d2c-4f18-8d64-4ccd4660f273');
INSERT INTO option_choice (option_id, choice_id) VALUES ('e03fcb10-1308-44a4-9ce2-e4eaf10452c1', '9c2c788b-0d2c-4f18-8d64-4ccd4660f273');
INSERT INTO choice (id, questionnaire_id, interviewee_id) VALUES ('5035a820-99c3-4496-8d8b-610be22f7637', 'b5c886d7-e86f-4083-958a-cbd232db7a84', 'bf0dd9d9-480a-4c3b-bd47-ff99fcfd4fa3');
INSERT INTO option_choice (option_id, choice_id) VALUES ('a446338d-133a-407b-9bd1-520fe1043ec3', '5035a820-99c3-4496-8d8b-610be22f7637');
INSERT INTO principal (username, password) VALUES ('interviewee51', 'qwerty');
INSERT INTO interviewee (id, username, age, gender, country, marital_status) VALUES ('6963cf25-1fc1-43aa-a020-5fce8eca86fd', 'interviewee51', 26, 'male', 'MW', 'divorced');
INSERT INTO choice (id, questionnaire_id, interviewee_id) VALUES ('e24ccf45-2b1c-457c-9579-ec13f9e0dd99', 'e20dbb22-091f-4137-8450-fdeaea74363f', '6963cf25-1fc1-43aa-a020-5fce8eca86fd');
INSERT INTO option_choice (option_id, choice_id) VALUES ('b09da84d-7533-40da-b486-a820b6b7c110', 'e24ccf45-2b1c-457c-9579-ec13f9e0dd99');
INSERT INTO option_choice (option_id, choice_id) VALUES ('946ecf06-2d9f-4fe5-b2b7-64c51a5fdf06', 'e24ccf45-2b1c-457c-9579-ec13f9e0dd99');
INSERT INTO option_choice (option_id, choice_id) VALUES ('ff3c7a97-70db-4404-b85b-274707745879', 'e24ccf45-2b1c-457c-9579-ec13f9e0dd99');
INSERT INTO option_choice (option_id, choice_id) VALUES ('a572f3cf-b3ba-491a-9687-6cee662749f1', 'e24ccf45-2b1c-457c-9579-ec13f9e0dd99');
INSERT INTO option_choice (option_id, choice_id) VALUES ('49d1bc1f-0fd1-4dad-ab6d-b123ea13d33a', 'e24ccf45-2b1c-457c-9579-ec13f9e0dd99');
INSERT INTO choice (id, questionnaire_id, interviewee_id) VALUES ('c0eb59c6-a69b-4da8-bc5f-05d330ef4cb5', '2519c51c-9863-4531-85ff-a7ddd5ea08b2', '6963cf25-1fc1-43aa-a020-5fce8eca86fd');
INSERT INTO option_choice (option_id, choice_id) VALUES ('b2ff87be-cdaa-4b83-bb9c-9946660ea8b8', 'c0eb59c6-a69b-4da8-bc5f-05d330ef4cb5');
INSERT INTO principal (username, password) VALUES ('interviewee52', 'qwerty');
INSERT INTO interviewee (id, username, age, gender, country, marital_status) VALUES ('2bcd5958-135d-40ff-943e-a25fdf39af92', 'interviewee52', 53, 'male', 'UY', 'divorced');
INSERT INTO choice (id, questionnaire_id, interviewee_id) VALUES ('e68bd916-2eb8-4d58-b6c0-928ebdf5f788', '2519c51c-9863-4531-85ff-a7ddd5ea08b2', '2bcd5958-135d-40ff-943e-a25fdf39af92');
INSERT INTO option_choice (option_id, choice_id) VALUES ('a3b534e4-0e3d-437c-94bf-14e57f299a2c', 'e68bd916-2eb8-4d58-b6c0-928ebdf5f788');
INSERT INTO choice (id, questionnaire_id, interviewee_id) VALUES ('e2f6669c-5e39-44e6-9412-e623cbebc927', '81a3f075-1324-4e67-90a5-493fe3324435', '2bcd5958-135d-40ff-943e-a25fdf39af92');
INSERT INTO option_choice (option_id, choice_id) VALUES ('c0afeee2-6628-4404-bc41-32bc0a1505c5', 'e2f6669c-5e39-44e6-9412-e623cbebc927');
INSERT INTO option_choice (option_id, choice_id) VALUES ('7b2bd172-1566-440a-81d8-f9b2fb43f8fc', 'e2f6669c-5e39-44e6-9412-e623cbebc927');
INSERT INTO option_choice (option_id, choice_id) VALUES ('ab9020e3-a12b-46eb-97f0-79dcfaab7356', 'e2f6669c-5e39-44e6-9412-e623cbebc927');
INSERT INTO option_choice (option_id, choice_id) VALUES ('c5035143-d5d2-4934-8b99-4e66507a8603', 'e2f6669c-5e39-44e6-9412-e623cbebc927');
INSERT INTO choice (id, questionnaire_id, interviewee_id) VALUES ('2236d361-299b-4351-9749-dc9b5fe72f8c', 'e4d0ba66-5e11-433c-8243-4d890cceaf69', '2bcd5958-135d-40ff-943e-a25fdf39af92');
INSERT INTO option_choice (option_id, choice_id) VALUES ('7cfec70e-33b3-4c68-9c38-38cf292cd0f9', '2236d361-299b-4351-9749-dc9b5fe72f8c');
INSERT INTO principal (username, password) VALUES ('interviewee53', 'qwerty');
INSERT INTO interviewee (id, username, age, gender, country, marital_status) VALUES ('a7d4d817-0062-484e-ace4-918f4e86f0f4', 'interviewee53', 14, 'female', 'AE', 'divorced');
INSERT INTO choice (id, questionnaire_id, interviewee_id) VALUES ('d34a445a-a320-44b8-b666-bb1dc2f19a5d', '49c46fd6-2111-4ef5-8b91-9ee67132426d', 'a7d4d817-0062-484e-ace4-918f4e86f0f4');
INSERT INTO option_choice (option_id, choice_id) VALUES ('82dcd7e2-d76d-47ad-b352-0b1d6482c730', 'd34a445a-a320-44b8-b666-bb1dc2f19a5d');
INSERT INTO choice (id, questionnaire_id, interviewee_id) VALUES ('a534fc8e-be1e-4219-9b60-0ad067e2b95c', 'e20dbb22-091f-4137-8450-fdeaea74363f', 'a7d4d817-0062-484e-ace4-918f4e86f0f4');
INSERT INTO option_choice (option_id, choice_id) VALUES ('742176a0-b7c8-400a-a370-5871099954a4', 'a534fc8e-be1e-4219-9b60-0ad067e2b95c');
INSERT INTO choice (id, questionnaire_id, interviewee_id) VALUES ('db039ae5-8e55-42c5-a20d-24bf1a554b2b', '05e2761c-9435-4970-ad6d-245d7a696140', 'a7d4d817-0062-484e-ace4-918f4e86f0f4');
INSERT INTO option_choice (option_id, choice_id) VALUES ('ee58bf05-12ff-45e4-b7e9-d37a70181de4', 'db039ae5-8e55-42c5-a20d-24bf1a554b2b');
INSERT INTO option_choice (option_id, choice_id) VALUES ('821d408d-9a3b-4716-a443-69cb45197037', 'db039ae5-8e55-42c5-a20d-24bf1a554b2b');
INSERT INTO principal (username, password) VALUES ('interviewee54', 'qwerty');
INSERT INTO interviewee (id, username, age, gender, country, marital_status) VALUES ('5ee770cb-3893-40c3-8796-86a77859c0df', 'interviewee54', 66, 'male', 'KI', 'was_not_married');
INSERT INTO choice (id, questionnaire_id, interviewee_id) VALUES ('8b3d2e9c-391d-4f45-a446-02917d9fb8db', 'c6dd214b-43b7-401f-afe6-a5ab0d2d7767', '5ee770cb-3893-40c3-8796-86a77859c0df');
INSERT INTO option_choice (option_id, choice_id) VALUES ('9d2a2dd1-7979-48a6-a0b7-3de8fdea75b6', '8b3d2e9c-391d-4f45-a446-02917d9fb8db');
INSERT INTO choice (id, questionnaire_id, interviewee_id) VALUES ('c241bc0d-5325-4e56-b12d-167ba90b3eb5', 'b5c886d7-e86f-4083-958a-cbd232db7a84', '5ee770cb-3893-40c3-8796-86a77859c0df');
INSERT INTO option_choice (option_id, choice_id) VALUES ('9d7ea78f-0edc-43db-94d7-3d31213df760', 'c241bc0d-5325-4e56-b12d-167ba90b3eb5');
INSERT INTO choice (id, questionnaire_id, interviewee_id) VALUES ('695d744b-0300-49bb-a6d0-d0cb1956c574', '407203dd-9657-46e6-975f-3be5d664dd2a', '5ee770cb-3893-40c3-8796-86a77859c0df');
INSERT INTO option_choice (option_id, choice_id) VALUES ('ee1ee86e-3cfc-4173-b109-2a69851e8943', '695d744b-0300-49bb-a6d0-d0cb1956c574');
INSERT INTO principal (username, password) VALUES ('interviewee55', 'qwerty');
INSERT INTO interviewee (id, username, age, gender, country, marital_status) VALUES ('fa7a918e-1740-4561-a196-1bf446adbc67', 'interviewee55', 67, 'female', 'BW', 'divorced');
INSERT INTO choice (id, questionnaire_id, interviewee_id) VALUES ('4219ad42-9db5-4248-b077-562ddb63ac8c', 'aaacf497-4ae4-46e0-aa2e-27377271bafc', 'fa7a918e-1740-4561-a196-1bf446adbc67');
INSERT INTO option_choice (option_id, choice_id) VALUES ('4d7025a3-7520-4447-9769-c495cb62415e', '4219ad42-9db5-4248-b077-562ddb63ac8c');
INSERT INTO principal (username, password) VALUES ('interviewee56', 'qwerty');
INSERT INTO interviewee (id, username, age, gender, country, marital_status) VALUES ('635e4013-14dc-46bd-b95d-84447525f8b5', 'interviewee56', 52, 'male', 'WF', 'was_not_married');
INSERT INTO choice (id, questionnaire_id, interviewee_id) VALUES ('443bfb10-4342-407b-b65d-2cdc0be23b2c', 'e4d0ba66-5e11-433c-8243-4d890cceaf69', '635e4013-14dc-46bd-b95d-84447525f8b5');
INSERT INTO option_choice (option_id, choice_id) VALUES ('7cfec70e-33b3-4c68-9c38-38cf292cd0f9', '443bfb10-4342-407b-b65d-2cdc0be23b2c');
INSERT INTO principal (username, password) VALUES ('interviewee57', 'qwerty');
INSERT INTO interviewee (id, username, age, gender, country, marital_status) VALUES ('5ad75af4-63ba-4084-972a-dd203b37e713', 'interviewee57', 34, 'male', 'US', 'was_not_married');
INSERT INTO choice (id, questionnaire_id, interviewee_id) VALUES ('934e216e-f31f-4fdf-a33b-1a91462c61cb', '81a3f075-1324-4e67-90a5-493fe3324435', '5ad75af4-63ba-4084-972a-dd203b37e713');
INSERT INTO option_choice (option_id, choice_id) VALUES ('7b2bd172-1566-440a-81d8-f9b2fb43f8fc', '934e216e-f31f-4fdf-a33b-1a91462c61cb');
INSERT INTO option_choice (option_id, choice_id) VALUES ('c5035143-d5d2-4934-8b99-4e66507a8603', '934e216e-f31f-4fdf-a33b-1a91462c61cb');
INSERT INTO option_choice (option_id, choice_id) VALUES ('c0afeee2-6628-4404-bc41-32bc0a1505c5', '934e216e-f31f-4fdf-a33b-1a91462c61cb');
INSERT INTO option_choice (option_id, choice_id) VALUES ('a0eef1f9-547a-4823-b7e0-bb52d6891f8f', '934e216e-f31f-4fdf-a33b-1a91462c61cb');
INSERT INTO option_choice (option_id, choice_id) VALUES ('a1737a4b-bfa2-4208-a103-ca4bea3afaaf', '934e216e-f31f-4fdf-a33b-1a91462c61cb');
INSERT INTO choice (id, questionnaire_id, interviewee_id) VALUES ('ee113289-aa57-4368-9756-bf3db946b723', '407203dd-9657-46e6-975f-3be5d664dd2a', '5ad75af4-63ba-4084-972a-dd203b37e713');
INSERT INTO option_choice (option_id, choice_id) VALUES ('13fd08f6-1546-4289-9b91-c20aea1b69e9', 'ee113289-aa57-4368-9756-bf3db946b723');
INSERT INTO principal (username, password) VALUES ('interviewee58', 'qwerty');
INSERT INTO interviewee (id, username, age, gender, country, marital_status) VALUES ('4a30eacb-905a-4e70-ab10-748687e81c76', 'interviewee58', 63, 'male', 'MY', 'divorced');
INSERT INTO choice (id, questionnaire_id, interviewee_id) VALUES ('6cd0a559-681a-4e81-9ee0-bb90a847460d', 'aaacf497-4ae4-46e0-aa2e-27377271bafc', '4a30eacb-905a-4e70-ab10-748687e81c76');
INSERT INTO option_choice (option_id, choice_id) VALUES ('d4aa64ba-49fd-4d00-9175-a646c1d6d559', '6cd0a559-681a-4e81-9ee0-bb90a847460d');
INSERT INTO principal (username, password) VALUES ('interviewee59', 'qwerty');
INSERT INTO interviewee (id, username, age, gender, country, marital_status) VALUES ('707858be-8c82-4ebc-a7b2-de5eed3ae715', 'interviewee59', 14, 'female', 'TZ', 'married');
INSERT INTO choice (id, questionnaire_id, interviewee_id) VALUES ('9cf6e736-8824-4f7f-ada3-c219000d00bb', 'e20dbb22-091f-4137-8450-fdeaea74363f', '707858be-8c82-4ebc-a7b2-de5eed3ae715');
INSERT INTO option_choice (option_id, choice_id) VALUES ('946ecf06-2d9f-4fe5-b2b7-64c51a5fdf06', '9cf6e736-8824-4f7f-ada3-c219000d00bb');
INSERT INTO option_choice (option_id, choice_id) VALUES ('b09da84d-7533-40da-b486-a820b6b7c110', '9cf6e736-8824-4f7f-ada3-c219000d00bb');
INSERT INTO option_choice (option_id, choice_id) VALUES ('a572f3cf-b3ba-491a-9687-6cee662749f1', '9cf6e736-8824-4f7f-ada3-c219000d00bb');
INSERT INTO option_choice (option_id, choice_id) VALUES ('742176a0-b7c8-400a-a370-5871099954a4', '9cf6e736-8824-4f7f-ada3-c219000d00bb');
INSERT INTO option_choice (option_id, choice_id) VALUES ('322bbc1b-4e8d-41ae-b4f2-3466891dc809', '9cf6e736-8824-4f7f-ada3-c219000d00bb');
INSERT INTO option_choice (option_id, choice_id) VALUES ('ff3c7a97-70db-4404-b85b-274707745879', '9cf6e736-8824-4f7f-ada3-c219000d00bb');
INSERT INTO option_choice (option_id, choice_id) VALUES ('49d1bc1f-0fd1-4dad-ab6d-b123ea13d33a', '9cf6e736-8824-4f7f-ada3-c219000d00bb');
INSERT INTO choice (id, questionnaire_id, interviewee_id) VALUES ('586dce4a-f0a5-4277-9671-becaec6590c7', '08310229-5370-44f1-8071-5c56f92e3dc5', '707858be-8c82-4ebc-a7b2-de5eed3ae715');
INSERT INTO option_choice (option_id, choice_id) VALUES ('996311da-bd48-491d-b381-d19b001465c4', '586dce4a-f0a5-4277-9671-becaec6590c7');
INSERT INTO choice (id, questionnaire_id, interviewee_id) VALUES ('35d8dbc0-79fb-48f5-9257-6d32cd696d7c', '173a3ab0-8485-4aa4-8787-a2a4414f992e', '707858be-8c82-4ebc-a7b2-de5eed3ae715');
INSERT INTO option_choice (option_id, choice_id) VALUES ('bf89350f-11e0-4471-a3a1-95481edf5acd', '35d8dbc0-79fb-48f5-9257-6d32cd696d7c');
INSERT INTO option_choice (option_id, choice_id) VALUES ('c453fc60-b896-4f66-8dbe-cc55bc42881e', '35d8dbc0-79fb-48f5-9257-6d32cd696d7c');
INSERT INTO option_choice (option_id, choice_id) VALUES ('3f698183-af22-44ca-80c1-eb668697e9ea', '35d8dbc0-79fb-48f5-9257-6d32cd696d7c');
INSERT INTO option_choice (option_id, choice_id) VALUES ('3c8e0934-801c-4afd-98de-7aaf263889f6', '35d8dbc0-79fb-48f5-9257-6d32cd696d7c');
INSERT INTO option_choice (option_id, choice_id) VALUES ('f9a527bc-3f55-40db-b05e-d549f1801594', '35d8dbc0-79fb-48f5-9257-6d32cd696d7c');
INSERT INTO option_choice (option_id, choice_id) VALUES ('e03fcb10-1308-44a4-9ce2-e4eaf10452c1', '35d8dbc0-79fb-48f5-9257-6d32cd696d7c');
INSERT INTO option_choice (option_id, choice_id) VALUES ('ce62e0a7-1873-4aa1-a448-2fad3cc888ee', '35d8dbc0-79fb-48f5-9257-6d32cd696d7c');
INSERT INTO principal (username, password) VALUES ('interviewee60', 'qwerty');
INSERT INTO interviewee (id, username, age, gender, country, marital_status) VALUES ('9b7d9a0a-071b-41c2-975f-74883dbeff8f', 'interviewee60', 59, 'male', 'TC', 'was_not_married');
INSERT INTO choice (id, questionnaire_id, interviewee_id) VALUES ('82342c32-239f-420a-972a-6301bfe91c4e', '4a4f7cbc-8533-42b3-923b-6b4309f53c64', '9b7d9a0a-071b-41c2-975f-74883dbeff8f');
INSERT INTO option_choice (option_id, choice_id) VALUES ('ad268fe3-764b-4fca-aaa2-296127f7c891', '82342c32-239f-420a-972a-6301bfe91c4e');
INSERT INTO choice (id, questionnaire_id, interviewee_id) VALUES ('82aa6582-0fb2-4bd4-b143-993221b52268', 'e20dbb22-091f-4137-8450-fdeaea74363f', '9b7d9a0a-071b-41c2-975f-74883dbeff8f');
INSERT INTO option_choice (option_id, choice_id) VALUES ('742176a0-b7c8-400a-a370-5871099954a4', '82aa6582-0fb2-4bd4-b143-993221b52268');
INSERT INTO option_choice (option_id, choice_id) VALUES ('49d1bc1f-0fd1-4dad-ab6d-b123ea13d33a', '82aa6582-0fb2-4bd4-b143-993221b52268');
INSERT INTO option_choice (option_id, choice_id) VALUES ('946ecf06-2d9f-4fe5-b2b7-64c51a5fdf06', '82aa6582-0fb2-4bd4-b143-993221b52268');
INSERT INTO option_choice (option_id, choice_id) VALUES ('ff3c7a97-70db-4404-b85b-274707745879', '82aa6582-0fb2-4bd4-b143-993221b52268');
INSERT INTO option_choice (option_id, choice_id) VALUES ('4bd78eb1-72bb-47fa-8b7c-4cc826f39edd', '82aa6582-0fb2-4bd4-b143-993221b52268');
INSERT INTO option_choice (option_id, choice_id) VALUES ('322bbc1b-4e8d-41ae-b4f2-3466891dc809', '82aa6582-0fb2-4bd4-b143-993221b52268');
INSERT INTO option_choice (option_id, choice_id) VALUES ('b09da84d-7533-40da-b486-a820b6b7c110', '82aa6582-0fb2-4bd4-b143-993221b52268');
INSERT INTO principal (username, password) VALUES ('interviewee61', 'qwerty');
INSERT INTO interviewee (id, username, age, gender, country, marital_status) VALUES ('858fce25-41cb-43a2-b0b4-1e98ed79f39a', 'interviewee61', 68, 'female', 'NF', 'married');
INSERT INTO choice (id, questionnaire_id, interviewee_id) VALUES ('4ee30760-5965-4841-81bf-00cb0bd7ad19', '4a4f7cbc-8533-42b3-923b-6b4309f53c64', '858fce25-41cb-43a2-b0b4-1e98ed79f39a');
INSERT INTO option_choice (option_id, choice_id) VALUES ('3f8cd95c-177b-469f-b652-784cadd37582', '4ee30760-5965-4841-81bf-00cb0bd7ad19');
INSERT INTO choice (id, questionnaire_id, interviewee_id) VALUES ('5b1fdf0a-4583-4580-8c6a-44b895a19124', '08310229-5370-44f1-8071-5c56f92e3dc5', '858fce25-41cb-43a2-b0b4-1e98ed79f39a');
INSERT INTO option_choice (option_id, choice_id) VALUES ('7197ba86-c78b-43c4-bd28-4635a7094531', '5b1fdf0a-4583-4580-8c6a-44b895a19124');
INSERT INTO principal (username, password) VALUES ('interviewee62', 'qwerty');
INSERT INTO interviewee (id, username, age, gender, country, marital_status) VALUES ('111d96ae-23a3-461b-815d-5bfebdabdf3b', 'interviewee62', 23, 'male', 'VI', 'was_not_married');
INSERT INTO choice (id, questionnaire_id, interviewee_id) VALUES ('063f853e-338b-4c4c-883e-8e26a3c51459', 'aaacf497-4ae4-46e0-aa2e-27377271bafc', '111d96ae-23a3-461b-815d-5bfebdabdf3b');
INSERT INTO option_choice (option_id, choice_id) VALUES ('4d7025a3-7520-4447-9769-c495cb62415e', '063f853e-338b-4c4c-883e-8e26a3c51459');
INSERT INTO principal (username, password) VALUES ('interviewee63', 'qwerty');
INSERT INTO interviewee (id, username, age, gender, country, marital_status) VALUES ('d9f13e2a-51e3-4f6b-b737-fdbc0512fc25', 'interviewee63', 36, 'female', 'PF', 'married');
INSERT INTO choice (id, questionnaire_id, interviewee_id) VALUES ('77c65304-1142-4b55-9d6a-fc1ba84b0692', '08310229-5370-44f1-8071-5c56f92e3dc5', 'd9f13e2a-51e3-4f6b-b737-fdbc0512fc25');
INSERT INTO option_choice (option_id, choice_id) VALUES ('7197ba86-c78b-43c4-bd28-4635a7094531', '77c65304-1142-4b55-9d6a-fc1ba84b0692');
INSERT INTO principal (username, password) VALUES ('interviewee64', 'qwerty');
INSERT INTO interviewee (id, username, age, gender, country, marital_status) VALUES ('6f85456c-799b-4d82-8684-e6e35645ae94', 'interviewee64', 21, 'male', 'MQ', 'was_not_married');
INSERT INTO choice (id, questionnaire_id, interviewee_id) VALUES ('0bbf995e-2351-4bb4-a03c-dba561d5cc87', '4a4f7cbc-8533-42b3-923b-6b4309f53c64', '6f85456c-799b-4d82-8684-e6e35645ae94');
INSERT INTO option_choice (option_id, choice_id) VALUES ('ad268fe3-764b-4fca-aaa2-296127f7c891', '0bbf995e-2351-4bb4-a03c-dba561d5cc87');
INSERT INTO principal (username, password) VALUES ('interviewee65', 'qwerty');
INSERT INTO interviewee (id, username, age, gender, country, marital_status) VALUES ('2032477c-b88d-49b3-a7fe-39b821343180', 'interviewee65', 54, 'female', 'TR', 'divorced');
INSERT INTO choice (id, questionnaire_id, interviewee_id) VALUES ('4c315038-ee68-473f-99ac-408734cffb57', 'e4d0ba66-5e11-433c-8243-4d890cceaf69', '2032477c-b88d-49b3-a7fe-39b821343180');
INSERT INTO option_choice (option_id, choice_id) VALUES ('7cfec70e-33b3-4c68-9c38-38cf292cd0f9', '4c315038-ee68-473f-99ac-408734cffb57');
INSERT INTO option_choice (option_id, choice_id) VALUES ('cb637eae-3b8f-4d17-81fb-9b271857e55c', '4c315038-ee68-473f-99ac-408734cffb57');
INSERT INTO choice (id, questionnaire_id, interviewee_id) VALUES ('feb1aa8f-b2b1-4f17-96cf-e74461e3089a', '81a3f075-1324-4e67-90a5-493fe3324435', '2032477c-b88d-49b3-a7fe-39b821343180');
INSERT INTO option_choice (option_id, choice_id) VALUES ('a1737a4b-bfa2-4208-a103-ca4bea3afaaf', 'feb1aa8f-b2b1-4f17-96cf-e74461e3089a');
INSERT INTO option_choice (option_id, choice_id) VALUES ('a0eef1f9-547a-4823-b7e0-bb52d6891f8f', 'feb1aa8f-b2b1-4f17-96cf-e74461e3089a');
INSERT INTO option_choice (option_id, choice_id) VALUES ('7b2bd172-1566-440a-81d8-f9b2fb43f8fc', 'feb1aa8f-b2b1-4f17-96cf-e74461e3089a');
INSERT INTO option_choice (option_id, choice_id) VALUES ('ab9020e3-a12b-46eb-97f0-79dcfaab7356', 'feb1aa8f-b2b1-4f17-96cf-e74461e3089a');
INSERT INTO option_choice (option_id, choice_id) VALUES ('c5035143-d5d2-4934-8b99-4e66507a8603', 'feb1aa8f-b2b1-4f17-96cf-e74461e3089a');
INSERT INTO option_choice (option_id, choice_id) VALUES ('c0afeee2-6628-4404-bc41-32bc0a1505c5', 'feb1aa8f-b2b1-4f17-96cf-e74461e3089a');
INSERT INTO choice (id, questionnaire_id, interviewee_id) VALUES ('31c41d2b-fdcc-4cce-bcf8-8dfddf653963', '407203dd-9657-46e6-975f-3be5d664dd2a', '2032477c-b88d-49b3-a7fe-39b821343180');
INSERT INTO option_choice (option_id, choice_id) VALUES ('13fd08f6-1546-4289-9b91-c20aea1b69e9', '31c41d2b-fdcc-4cce-bcf8-8dfddf653963');
INSERT INTO principal (username, password) VALUES ('interviewee66', 'qwerty');
INSERT INTO interviewee (id, username, age, gender, country, marital_status) VALUES ('0a613327-7708-4b00-810d-3e2e10c5df85', 'interviewee66', 70, 'female', 'GL', 'was_not_married');
INSERT INTO choice (id, questionnaire_id, interviewee_id) VALUES ('8797dabf-0b7b-4a5a-8c72-3d67a2672d91', '05e2761c-9435-4970-ad6d-245d7a696140', '0a613327-7708-4b00-810d-3e2e10c5df85');
INSERT INTO option_choice (option_id, choice_id) VALUES ('26fa513d-ade2-4822-81ac-a6d8dc123679', '8797dabf-0b7b-4a5a-8c72-3d67a2672d91');
INSERT INTO option_choice (option_id, choice_id) VALUES ('821d408d-9a3b-4716-a443-69cb45197037', '8797dabf-0b7b-4a5a-8c72-3d67a2672d91');
INSERT INTO option_choice (option_id, choice_id) VALUES ('4431f860-831f-4fdf-9dbb-76fbdb1006a1', '8797dabf-0b7b-4a5a-8c72-3d67a2672d91');
INSERT INTO option_choice (option_id, choice_id) VALUES ('ee58bf05-12ff-45e4-b7e9-d37a70181de4', '8797dabf-0b7b-4a5a-8c72-3d67a2672d91');
INSERT INTO principal (username, password) VALUES ('interviewee67', 'qwerty');
INSERT INTO interviewee (id, username, age, gender, country, marital_status) VALUES ('c6e350a0-9a36-48a7-bb70-4883187b02f5', 'interviewee67', 31, 'female', 'PE', 'married');
INSERT INTO choice (id, questionnaire_id, interviewee_id) VALUES ('901fd60e-06cf-454d-bd7a-e318d3532b47', 'e20dbb22-091f-4137-8450-fdeaea74363f', 'c6e350a0-9a36-48a7-bb70-4883187b02f5');
INSERT INTO option_choice (option_id, choice_id) VALUES ('49d1bc1f-0fd1-4dad-ab6d-b123ea13d33a', '901fd60e-06cf-454d-bd7a-e318d3532b47');
INSERT INTO option_choice (option_id, choice_id) VALUES ('742176a0-b7c8-400a-a370-5871099954a4', '901fd60e-06cf-454d-bd7a-e318d3532b47');
INSERT INTO option_choice (option_id, choice_id) VALUES ('a572f3cf-b3ba-491a-9687-6cee662749f1', '901fd60e-06cf-454d-bd7a-e318d3532b47');
INSERT INTO option_choice (option_id, choice_id) VALUES ('946ecf06-2d9f-4fe5-b2b7-64c51a5fdf06', '901fd60e-06cf-454d-bd7a-e318d3532b47');
INSERT INTO option_choice (option_id, choice_id) VALUES ('322bbc1b-4e8d-41ae-b4f2-3466891dc809', '901fd60e-06cf-454d-bd7a-e318d3532b47');
INSERT INTO option_choice (option_id, choice_id) VALUES ('b09da84d-7533-40da-b486-a820b6b7c110', '901fd60e-06cf-454d-bd7a-e318d3532b47');
INSERT INTO choice (id, questionnaire_id, interviewee_id) VALUES ('6fe66caa-5ff2-4add-a4e1-c00e2a8cc6f7', '8e156ed6-1a8b-4fe6-9a58-0f7cbdd6af32', 'c6e350a0-9a36-48a7-bb70-4883187b02f5');
INSERT INTO option_choice (option_id, choice_id) VALUES ('8518e149-5509-4398-b925-19d41cf70cb2', '6fe66caa-5ff2-4add-a4e1-c00e2a8cc6f7');
INSERT INTO choice (id, questionnaire_id, interviewee_id) VALUES ('80ea2269-5dbb-40bc-b147-fcc83f812951', 'c6dd214b-43b7-401f-afe6-a5ab0d2d7767', 'c6e350a0-9a36-48a7-bb70-4883187b02f5');
INSERT INTO option_choice (option_id, choice_id) VALUES ('9d2a2dd1-7979-48a6-a0b7-3de8fdea75b6', '80ea2269-5dbb-40bc-b147-fcc83f812951');
INSERT INTO option_choice (option_id, choice_id) VALUES ('069a6758-231c-4064-8e44-a0db84e86a21', '80ea2269-5dbb-40bc-b147-fcc83f812951');
INSERT INTO option_choice (option_id, choice_id) VALUES ('17ceef0b-83da-42ec-a82c-9090a9be74af', '80ea2269-5dbb-40bc-b147-fcc83f812951');
INSERT INTO principal (username, password) VALUES ('interviewee68', 'qwerty');
INSERT INTO interviewee (id, username, age, gender, country, marital_status) VALUES ('1f8aac8f-1259-46e0-859c-041fc3814b40', 'interviewee68', 39, 'female', 'TR', 'married');
INSERT INTO choice (id, questionnaire_id, interviewee_id) VALUES ('1491fb3d-7405-4afe-89fc-0869b378ac8a', 'b6df4d49-3f70-4802-90cb-4ab89e24a427', '1f8aac8f-1259-46e0-859c-041fc3814b40');
INSERT INTO option_choice (option_id, choice_id) VALUES ('03756c76-738d-45a3-8b02-6f36d78f3dfb', '1491fb3d-7405-4afe-89fc-0869b378ac8a');
INSERT INTO choice (id, questionnaire_id, interviewee_id) VALUES ('f8040c4e-fd11-47cb-9d18-04ed226458c3', '4a4f7cbc-8533-42b3-923b-6b4309f53c64', '1f8aac8f-1259-46e0-859c-041fc3814b40');
INSERT INTO option_choice (option_id, choice_id) VALUES ('655a67a1-3c81-4e22-99c2-2b849fa8c564', 'f8040c4e-fd11-47cb-9d18-04ed226458c3');
INSERT INTO principal (username, password) VALUES ('interviewee69', 'qwerty');
INSERT INTO interviewee (id, username, age, gender, country, marital_status) VALUES ('09dd87af-815e-44e6-b20e-3744c198cab1', 'interviewee69', 24, 'female', 'EG', 'married');
INSERT INTO choice (id, questionnaire_id, interviewee_id) VALUES ('3e9828ca-3ab1-41cf-9565-50956e511993', '08310229-5370-44f1-8071-5c56f92e3dc5', '09dd87af-815e-44e6-b20e-3744c198cab1');
INSERT INTO option_choice (option_id, choice_id) VALUES ('38336259-fa95-40f4-865c-eff171ebbb80', '3e9828ca-3ab1-41cf-9565-50956e511993');
INSERT INTO principal (username, password) VALUES ('interviewee70', 'qwerty');
INSERT INTO interviewee (id, username, age, gender, country, marital_status) VALUES ('c1da196f-b31b-4d99-abe8-4e770787babf', 'interviewee70', 34, 'female', 'BM', 'was_not_married');
INSERT INTO choice (id, questionnaire_id, interviewee_id) VALUES ('a8e1259c-790b-4f03-8a71-27d5ff65a3b0', 'e4d0ba66-5e11-433c-8243-4d890cceaf69', 'c1da196f-b31b-4d99-abe8-4e770787babf');
INSERT INTO option_choice (option_id, choice_id) VALUES ('7cfec70e-33b3-4c68-9c38-38cf292cd0f9', 'a8e1259c-790b-4f03-8a71-27d5ff65a3b0');
INSERT INTO choice (id, questionnaire_id, interviewee_id) VALUES ('2352d631-8521-471a-a47c-8e09e374d7bc', 'e20dbb22-091f-4137-8450-fdeaea74363f', 'c1da196f-b31b-4d99-abe8-4e770787babf');
INSERT INTO option_choice (option_id, choice_id) VALUES ('ff3c7a97-70db-4404-b85b-274707745879', '2352d631-8521-471a-a47c-8e09e374d7bc');
INSERT INTO option_choice (option_id, choice_id) VALUES ('49d1bc1f-0fd1-4dad-ab6d-b123ea13d33a', '2352d631-8521-471a-a47c-8e09e374d7bc');
INSERT INTO option_choice (option_id, choice_id) VALUES ('946ecf06-2d9f-4fe5-b2b7-64c51a5fdf06', '2352d631-8521-471a-a47c-8e09e374d7bc');
INSERT INTO choice (id, questionnaire_id, interviewee_id) VALUES ('4bdb96a7-06ea-45b0-9afe-4df56ef4ef1d', '08310229-5370-44f1-8071-5c56f92e3dc5', 'c1da196f-b31b-4d99-abe8-4e770787babf');
INSERT INTO option_choice (option_id, choice_id) VALUES ('38336259-fa95-40f4-865c-eff171ebbb80', '4bdb96a7-06ea-45b0-9afe-4df56ef4ef1d');
INSERT INTO principal (username, password) VALUES ('interviewee71', 'qwerty');
INSERT INTO interviewee (id, username, age, gender, country, marital_status) VALUES ('4cc1501f-a250-4364-96a4-7a8698d62e26', 'interviewee71', 67, 'female', 'SN', 'divorced');
INSERT INTO choice (id, questionnaire_id, interviewee_id) VALUES ('6657bc6a-ce79-44ec-8c84-4f84c0febcab', 'c6dd214b-43b7-401f-afe6-a5ab0d2d7767', '4cc1501f-a250-4364-96a4-7a8698d62e26');
INSERT INTO option_choice (option_id, choice_id) VALUES ('c134384c-5eda-4957-9883-b965681b9fef', '6657bc6a-ce79-44ec-8c84-4f84c0febcab');
INSERT INTO principal (username, password) VALUES ('interviewee72', 'qwerty');
INSERT INTO interviewee (id, username, age, gender, country, marital_status) VALUES ('c05238c5-fa6e-4614-9991-cbfea3a82b22', 'interviewee72', 48, 'male', 'QA', 'married');
INSERT INTO choice (id, questionnaire_id, interviewee_id) VALUES ('31a2c567-2280-416d-a251-7ef9a5243ea2', 'aaacf497-4ae4-46e0-aa2e-27377271bafc', 'c05238c5-fa6e-4614-9991-cbfea3a82b22');
INSERT INTO option_choice (option_id, choice_id) VALUES ('070ce52d-21fd-4380-9c02-d25647a035a6', '31a2c567-2280-416d-a251-7ef9a5243ea2');
INSERT INTO principal (username, password) VALUES ('interviewee73', 'qwerty');
INSERT INTO interviewee (id, username, age, gender, country, marital_status) VALUES ('d6f1696a-bdb9-493f-bb85-7cb2a99bca38', 'interviewee73', 53, 'male', 'CZ', 'divorced');
INSERT INTO choice (id, questionnaire_id, interviewee_id) VALUES ('e2559fec-f804-4347-8aa3-4945e6564128', 'c6dd214b-43b7-401f-afe6-a5ab0d2d7767', 'd6f1696a-bdb9-493f-bb85-7cb2a99bca38');
INSERT INTO option_choice (option_id, choice_id) VALUES ('069a6758-231c-4064-8e44-a0db84e86a21', 'e2559fec-f804-4347-8aa3-4945e6564128');
INSERT INTO option_choice (option_id, choice_id) VALUES ('9d2a2dd1-7979-48a6-a0b7-3de8fdea75b6', 'e2559fec-f804-4347-8aa3-4945e6564128');
INSERT INTO option_choice (option_id, choice_id) VALUES ('c134384c-5eda-4957-9883-b965681b9fef', 'e2559fec-f804-4347-8aa3-4945e6564128');
INSERT INTO option_choice (option_id, choice_id) VALUES ('17ceef0b-83da-42ec-a82c-9090a9be74af', 'e2559fec-f804-4347-8aa3-4945e6564128');
INSERT INTO choice (id, questionnaire_id, interviewee_id) VALUES ('a7944056-fc85-4c30-942f-faf634ead5bc', '173a3ab0-8485-4aa4-8787-a2a4414f992e', 'd6f1696a-bdb9-493f-bb85-7cb2a99bca38');
INSERT INTO option_choice (option_id, choice_id) VALUES ('3c8e0934-801c-4afd-98de-7aaf263889f6', 'a7944056-fc85-4c30-942f-faf634ead5bc');
INSERT INTO option_choice (option_id, choice_id) VALUES ('e03fcb10-1308-44a4-9ce2-e4eaf10452c1', 'a7944056-fc85-4c30-942f-faf634ead5bc');
INSERT INTO option_choice (option_id, choice_id) VALUES ('c453fc60-b896-4f66-8dbe-cc55bc42881e', 'a7944056-fc85-4c30-942f-faf634ead5bc');
INSERT INTO option_choice (option_id, choice_id) VALUES ('3f698183-af22-44ca-80c1-eb668697e9ea', 'a7944056-fc85-4c30-942f-faf634ead5bc');
INSERT INTO option_choice (option_id, choice_id) VALUES ('a477d3c8-db0a-4572-a680-b96fd792dc75', 'a7944056-fc85-4c30-942f-faf634ead5bc');
INSERT INTO option_choice (option_id, choice_id) VALUES ('f9a527bc-3f55-40db-b05e-d549f1801594', 'a7944056-fc85-4c30-942f-faf634ead5bc');
INSERT INTO choice (id, questionnaire_id, interviewee_id) VALUES ('4e7460db-0c73-4fad-8a03-31017e6911c4', '2519c51c-9863-4531-85ff-a7ddd5ea08b2', 'd6f1696a-bdb9-493f-bb85-7cb2a99bca38');
INSERT INTO option_choice (option_id, choice_id) VALUES ('dffcbd6b-b37a-4468-8c01-26ae752e283e', '4e7460db-0c73-4fad-8a03-31017e6911c4');
INSERT INTO principal (username, password) VALUES ('interviewee74', 'qwerty');
INSERT INTO interviewee (id, username, age, gender, country, marital_status) VALUES ('2300a1f7-c31e-4f42-8a09-12753f4a6a80', 'interviewee74', 15, 'male', 'MQ', 'married');
INSERT INTO choice (id, questionnaire_id, interviewee_id) VALUES ('cf8dfdf6-fb3b-4d4e-ba44-44257b9d8208', '2519c51c-9863-4531-85ff-a7ddd5ea08b2', '2300a1f7-c31e-4f42-8a09-12753f4a6a80');
INSERT INTO option_choice (option_id, choice_id) VALUES ('b2ff87be-cdaa-4b83-bb9c-9946660ea8b8', 'cf8dfdf6-fb3b-4d4e-ba44-44257b9d8208');
INSERT INTO principal (username, password) VALUES ('interviewee75', 'qwerty');
INSERT INTO interviewee (id, username, age, gender, country, marital_status) VALUES ('74d50f06-eab8-4ce9-9344-109ed6ce0194', 'interviewee75', 23, 'female', 'MK', 'married');
INSERT INTO choice (id, questionnaire_id, interviewee_id) VALUES ('28ad4d2c-6842-431f-8e23-59d41709b233', '81a3f075-1324-4e67-90a5-493fe3324435', '74d50f06-eab8-4ce9-9344-109ed6ce0194');
INSERT INTO option_choice (option_id, choice_id) VALUES ('ab9020e3-a12b-46eb-97f0-79dcfaab7356', '28ad4d2c-6842-431f-8e23-59d41709b233');
INSERT INTO option_choice (option_id, choice_id) VALUES ('a0eef1f9-547a-4823-b7e0-bb52d6891f8f', '28ad4d2c-6842-431f-8e23-59d41709b233');
INSERT INTO principal (username, password) VALUES ('interviewee76', 'qwerty');
INSERT INTO interviewee (id, username, age, gender, country, marital_status) VALUES ('fcda0360-3cb3-4942-a76d-00cce2dec747', 'interviewee76', 32, 'male', 'GD', 'was_not_married');
INSERT INTO choice (id, questionnaire_id, interviewee_id) VALUES ('3639aa07-06c3-4ee4-b272-df3eb96c7a79', '5b0a67f5-cbf2-4fde-b526-fd512ff68e24', 'fcda0360-3cb3-4942-a76d-00cce2dec747');
INSERT INTO option_choice (option_id, choice_id) VALUES ('771f0011-824c-4e77-8245-8f61e026b171', '3639aa07-06c3-4ee4-b272-df3eb96c7a79');
INSERT INTO principal (username, password) VALUES ('interviewee77', 'qwerty');
INSERT INTO interviewee (id, username, age, gender, country, marital_status) VALUES ('2ea8bf2f-1ba2-4357-aa74-9769dc175ef1', 'interviewee77', 49, 'male', 'CO', 'divorced');
INSERT INTO choice (id, questionnaire_id, interviewee_id) VALUES ('ca1c403d-4ad0-40a0-bdec-4f67afd0e394', '49c46fd6-2111-4ef5-8b91-9ee67132426d', '2ea8bf2f-1ba2-4357-aa74-9769dc175ef1');
INSERT INTO option_choice (option_id, choice_id) VALUES ('9324aa44-2cdd-4334-9eee-ab97e62258df', 'ca1c403d-4ad0-40a0-bdec-4f67afd0e394');
INSERT INTO choice (id, questionnaire_id, interviewee_id) VALUES ('fff28b60-e8fc-49f4-9dee-98dd6fa56766', '173a3ab0-8485-4aa4-8787-a2a4414f992e', '2ea8bf2f-1ba2-4357-aa74-9769dc175ef1');
INSERT INTO option_choice (option_id, choice_id) VALUES ('3c8e0934-801c-4afd-98de-7aaf263889f6', 'fff28b60-e8fc-49f4-9dee-98dd6fa56766');
INSERT INTO option_choice (option_id, choice_id) VALUES ('bf89350f-11e0-4471-a3a1-95481edf5acd', 'fff28b60-e8fc-49f4-9dee-98dd6fa56766');
INSERT INTO option_choice (option_id, choice_id) VALUES ('e03fcb10-1308-44a4-9ce2-e4eaf10452c1', 'fff28b60-e8fc-49f4-9dee-98dd6fa56766');
INSERT INTO choice (id, questionnaire_id, interviewee_id) VALUES ('da9badb3-5e60-44c8-8399-fd069a6f1a46', '51436662-4eca-40ce-b552-b1c7486cf609', '2ea8bf2f-1ba2-4357-aa74-9769dc175ef1');
INSERT INTO option_choice (option_id, choice_id) VALUES ('259215cc-47cc-4165-befd-cf997b4aaf7e', 'da9badb3-5e60-44c8-8399-fd069a6f1a46');
INSERT INTO principal (username, password) VALUES ('interviewee78', 'qwerty');
INSERT INTO interviewee (id, username, age, gender, country, marital_status) VALUES ('b6cb2d35-f1d2-41a6-b017-1e9257be8f40', 'interviewee78', 19, 'male', 'GA', 'married');
INSERT INTO choice (id, questionnaire_id, interviewee_id) VALUES ('58935bb5-a252-4252-9898-cbeb28b487e4', '2519c51c-9863-4531-85ff-a7ddd5ea08b2', 'b6cb2d35-f1d2-41a6-b017-1e9257be8f40');
INSERT INTO option_choice (option_id, choice_id) VALUES ('b2ff87be-cdaa-4b83-bb9c-9946660ea8b8', '58935bb5-a252-4252-9898-cbeb28b487e4');
INSERT INTO principal (username, password) VALUES ('interviewee79', 'qwerty');
INSERT INTO interviewee (id, username, age, gender, country, marital_status) VALUES ('bf65d9ef-09cc-4020-bb42-f9ef361c893e', 'interviewee79', 39, 'female', 'CU', 'married');
INSERT INTO choice (id, questionnaire_id, interviewee_id) VALUES ('05ea39bd-0f3e-4268-8c26-b337e542f582', '5b0a67f5-cbf2-4fde-b526-fd512ff68e24', 'bf65d9ef-09cc-4020-bb42-f9ef361c893e');
INSERT INTO option_choice (option_id, choice_id) VALUES ('97aa1845-210d-4e42-8c05-737698b0c66c', '05ea39bd-0f3e-4268-8c26-b337e542f582');
INSERT INTO choice (id, questionnaire_id, interviewee_id) VALUES ('aae63108-02a4-4b21-b951-46a95c8088ed', 'e4d0ba66-5e11-433c-8243-4d890cceaf69', 'bf65d9ef-09cc-4020-bb42-f9ef361c893e');
INSERT INTO option_choice (option_id, choice_id) VALUES ('cb637eae-3b8f-4d17-81fb-9b271857e55c', 'aae63108-02a4-4b21-b951-46a95c8088ed');
INSERT INTO option_choice (option_id, choice_id) VALUES ('7cfec70e-33b3-4c68-9c38-38cf292cd0f9', 'aae63108-02a4-4b21-b951-46a95c8088ed');
INSERT INTO choice (id, questionnaire_id, interviewee_id) VALUES ('8955f4de-7203-4380-b152-5e5d5c16cc06', '4a4f7cbc-8533-42b3-923b-6b4309f53c64', 'bf65d9ef-09cc-4020-bb42-f9ef361c893e');
INSERT INTO option_choice (option_id, choice_id) VALUES ('4afeb111-4ddc-421c-ad31-de17e1e12b0c', '8955f4de-7203-4380-b152-5e5d5c16cc06');
INSERT INTO principal (username, password) VALUES ('interviewee80', 'qwerty');
INSERT INTO interviewee (id, username, age, gender, country, marital_status) VALUES ('25972638-117f-4929-9e6d-4cf4f3811518', 'interviewee80', 28, 'male', 'SG', 'married');
INSERT INTO choice (id, questionnaire_id, interviewee_id) VALUES ('288f3007-f48e-456e-b6e5-c1c54e2b06a0', '4a4f7cbc-8533-42b3-923b-6b4309f53c64', '25972638-117f-4929-9e6d-4cf4f3811518');
INSERT INTO option_choice (option_id, choice_id) VALUES ('655a67a1-3c81-4e22-99c2-2b849fa8c564', '288f3007-f48e-456e-b6e5-c1c54e2b06a0');
INSERT INTO choice (id, questionnaire_id, interviewee_id) VALUES ('6f041e7b-cd22-41b6-8174-5bd44d5a560a', '747d0763-c99f-47ce-809b-b378d489a158', '25972638-117f-4929-9e6d-4cf4f3811518');
INSERT INTO option_choice (option_id, choice_id) VALUES ('65c86d12-f533-40f5-8dd6-10903d890b10', '6f041e7b-cd22-41b6-8174-5bd44d5a560a');
INSERT INTO option_choice (option_id, choice_id) VALUES ('7cc0569f-f362-4ed1-9343-6ffd1369e812', '6f041e7b-cd22-41b6-8174-5bd44d5a560a');
INSERT INTO option_choice (option_id, choice_id) VALUES ('2095cf98-27de-4722-93f9-2c09ae6b4ed1', '6f041e7b-cd22-41b6-8174-5bd44d5a560a');
INSERT INTO choice (id, questionnaire_id, interviewee_id) VALUES ('da57e60f-2073-4be6-9263-8be44c1fd442', '48b4658e-bc90-4bd2-97bb-92484114dfea', '25972638-117f-4929-9e6d-4cf4f3811518');
INSERT INTO option_choice (option_id, choice_id) VALUES ('72884dca-8b91-4379-bf2e-f4dbfc8f13cd', 'da57e60f-2073-4be6-9263-8be44c1fd442');
INSERT INTO principal (username, password) VALUES ('interviewee81', 'qwerty');
INSERT INTO interviewee (id, username, age, gender, country, marital_status) VALUES ('3f85a15a-94a6-41ee-b94a-0f95a152d2da', 'interviewee81', 67, 'male', 'VE', 'married');
INSERT INTO choice (id, questionnaire_id, interviewee_id) VALUES ('7d9acac7-1479-404a-9b60-a86fe49e7fad', '858287c2-e494-424b-a03f-6b0a55c2fce3', '3f85a15a-94a6-41ee-b94a-0f95a152d2da');
INSERT INTO option_choice (option_id, choice_id) VALUES ('f2fd1a72-0ca7-41a6-ad15-7bc21a02fe73', '7d9acac7-1479-404a-9b60-a86fe49e7fad');
INSERT INTO option_choice (option_id, choice_id) VALUES ('a7e89931-dbca-4a6f-bdbb-b42e57f2e7f2', '7d9acac7-1479-404a-9b60-a86fe49e7fad');
INSERT INTO option_choice (option_id, choice_id) VALUES ('a1e55f7c-aa45-466f-86bb-0d5e262ca0bc', '7d9acac7-1479-404a-9b60-a86fe49e7fad');
INSERT INTO choice (id, questionnaire_id, interviewee_id) VALUES ('bc777af6-8f3c-4f0c-a9ee-e31bbf639484', '51436662-4eca-40ce-b552-b1c7486cf609', '3f85a15a-94a6-41ee-b94a-0f95a152d2da');
INSERT INTO option_choice (option_id, choice_id) VALUES ('e4c4b240-61c9-4253-a93b-9a7768fbfe3f', 'bc777af6-8f3c-4f0c-a9ee-e31bbf639484');
INSERT INTO principal (username, password) VALUES ('interviewee82', 'qwerty');
INSERT INTO interviewee (id, username, age, gender, country, marital_status) VALUES ('1fa8c4a1-527a-4631-b623-5d7d8fbe08f1', 'interviewee82', 15, 'female', 'EC', 'married');
INSERT INTO choice (id, questionnaire_id, interviewee_id) VALUES ('2e6d9c32-c72b-4eb8-b592-b16894284e88', '49c46fd6-2111-4ef5-8b91-9ee67132426d', '1fa8c4a1-527a-4631-b623-5d7d8fbe08f1');
INSERT INTO option_choice (option_id, choice_id) VALUES ('210da814-c19f-4c77-ba7b-e598584d62e4', '2e6d9c32-c72b-4eb8-b592-b16894284e88');
INSERT INTO choice (id, questionnaire_id, interviewee_id) VALUES ('1d8da633-d6b7-4772-ae88-98ac174bf73f', 'c6dd214b-43b7-401f-afe6-a5ab0d2d7767', '1fa8c4a1-527a-4631-b623-5d7d8fbe08f1');
INSERT INTO option_choice (option_id, choice_id) VALUES ('9d2a2dd1-7979-48a6-a0b7-3de8fdea75b6', '1d8da633-d6b7-4772-ae88-98ac174bf73f');
INSERT INTO option_choice (option_id, choice_id) VALUES ('c134384c-5eda-4957-9883-b965681b9fef', '1d8da633-d6b7-4772-ae88-98ac174bf73f');
INSERT INTO principal (username, password) VALUES ('interviewee83', 'qwerty');
INSERT INTO interviewee (id, username, age, gender, country, marital_status) VALUES ('3389698a-8421-403d-b6e1-2b65deea3c26', 'interviewee83', 23, 'female', 'GD', 'was_not_married');
INSERT INTO choice (id, questionnaire_id, interviewee_id) VALUES ('532c8a1e-6fbf-4e63-9c8c-ecc76c4855d8', '8e156ed6-1a8b-4fe6-9a58-0f7cbdd6af32', '3389698a-8421-403d-b6e1-2b65deea3c26');
INSERT INTO option_choice (option_id, choice_id) VALUES ('0628ee4c-c0ee-4de7-be13-535fe01fb064', '532c8a1e-6fbf-4e63-9c8c-ecc76c4855d8');
INSERT INTO choice (id, questionnaire_id, interviewee_id) VALUES ('449b3888-19c4-4eb7-a8da-4cae14aa6f5a', '51436662-4eca-40ce-b552-b1c7486cf609', '3389698a-8421-403d-b6e1-2b65deea3c26');
INSERT INTO option_choice (option_id, choice_id) VALUES ('259215cc-47cc-4165-befd-cf997b4aaf7e', '449b3888-19c4-4eb7-a8da-4cae14aa6f5a');
INSERT INTO principal (username, password) VALUES ('interviewee84', 'qwerty');
INSERT INTO interviewee (id, username, age, gender, country, marital_status) VALUES ('569aebec-d0df-46c5-b755-4579a9906712', 'interviewee84', 23, 'male', 'VU', 'married');
INSERT INTO choice (id, questionnaire_id, interviewee_id) VALUES ('df7f26f3-6cfe-4321-8d84-b566a0f3643a', '48b4658e-bc90-4bd2-97bb-92484114dfea', '569aebec-d0df-46c5-b755-4579a9906712');
INSERT INTO option_choice (option_id, choice_id) VALUES ('72884dca-8b91-4379-bf2e-f4dbfc8f13cd', 'df7f26f3-6cfe-4321-8d84-b566a0f3643a');
INSERT INTO choice (id, questionnaire_id, interviewee_id) VALUES ('6ceba9bf-8c0d-4c07-8368-6bfaa497b33b', '8e156ed6-1a8b-4fe6-9a58-0f7cbdd6af32', '569aebec-d0df-46c5-b755-4579a9906712');
INSERT INTO option_choice (option_id, choice_id) VALUES ('38f39cdf-6292-4c51-8660-f27ad61185bf', '6ceba9bf-8c0d-4c07-8368-6bfaa497b33b');
INSERT INTO choice (id, questionnaire_id, interviewee_id) VALUES ('2d888a88-a883-4814-8906-6cd1b679f044', '5b0a67f5-cbf2-4fde-b526-fd512ff68e24', '569aebec-d0df-46c5-b755-4579a9906712');
INSERT INTO option_choice (option_id, choice_id) VALUES ('9340e0ac-c863-4fcf-ac40-126be2d1bfa4', '2d888a88-a883-4814-8906-6cd1b679f044');
INSERT INTO principal (username, password) VALUES ('interviewee85', 'qwerty');
INSERT INTO interviewee (id, username, age, gender, country, marital_status) VALUES ('3071fb01-5ce3-435a-814f-9815c467a2af', 'interviewee85', 17, 'male', 'JO', 'married');
INSERT INTO choice (id, questionnaire_id, interviewee_id) VALUES ('a7cc2665-d5d6-4bc1-8c31-c5e4d5c4c276', '2519c51c-9863-4531-85ff-a7ddd5ea08b2', '3071fb01-5ce3-435a-814f-9815c467a2af');
INSERT INTO option_choice (option_id, choice_id) VALUES ('e532cc1b-83fa-4902-9bd1-0868c31241bb', 'a7cc2665-d5d6-4bc1-8c31-c5e4d5c4c276');
INSERT INTO principal (username, password) VALUES ('interviewee86', 'qwerty');
INSERT INTO interviewee (id, username, age, gender, country, marital_status) VALUES ('defb7e93-0cd0-4645-926b-914b33780d6a', 'interviewee86', 25, 'male', 'PL', 'divorced');
INSERT INTO choice (id, questionnaire_id, interviewee_id) VALUES ('0e535e9f-9e20-46bc-9291-da7ae1c7d7c6', '858287c2-e494-424b-a03f-6b0a55c2fce3', 'defb7e93-0cd0-4645-926b-914b33780d6a');
INSERT INTO option_choice (option_id, choice_id) VALUES ('a7e89931-dbca-4a6f-bdbb-b42e57f2e7f2', '0e535e9f-9e20-46bc-9291-da7ae1c7d7c6');
INSERT INTO choice (id, questionnaire_id, interviewee_id) VALUES ('df2eb83d-7f58-4c3b-8abc-b35809c36597', 'b5c886d7-e86f-4083-958a-cbd232db7a84', 'defb7e93-0cd0-4645-926b-914b33780d6a');
INSERT INTO option_choice (option_id, choice_id) VALUES ('bbe6d273-ce07-449f-a3eb-96165f0d7b7d', 'df2eb83d-7f58-4c3b-8abc-b35809c36597');
INSERT INTO principal (username, password) VALUES ('interviewee87', 'qwerty');
INSERT INTO interviewee (id, username, age, gender, country, marital_status) VALUES ('19021dfc-2495-4600-af5a-8616c2153d89', 'interviewee87', 35, 'female', 'ME', 'married');
INSERT INTO choice (id, questionnaire_id, interviewee_id) VALUES ('7dbae7f1-e8bf-49d3-ac0a-8742a635035e', '173a3ab0-8485-4aa4-8787-a2a4414f992e', '19021dfc-2495-4600-af5a-8616c2153d89');
INSERT INTO option_choice (option_id, choice_id) VALUES ('3f698183-af22-44ca-80c1-eb668697e9ea', '7dbae7f1-e8bf-49d3-ac0a-8742a635035e');
INSERT INTO option_choice (option_id, choice_id) VALUES ('e03fcb10-1308-44a4-9ce2-e4eaf10452c1', '7dbae7f1-e8bf-49d3-ac0a-8742a635035e');
INSERT INTO option_choice (option_id, choice_id) VALUES ('3c8e0934-801c-4afd-98de-7aaf263889f6', '7dbae7f1-e8bf-49d3-ac0a-8742a635035e');
INSERT INTO option_choice (option_id, choice_id) VALUES ('c453fc60-b896-4f66-8dbe-cc55bc42881e', '7dbae7f1-e8bf-49d3-ac0a-8742a635035e');
INSERT INTO choice (id, questionnaire_id, interviewee_id) VALUES ('856a08cd-7e54-42b1-b86a-bcf1697473d9', '81a3f075-1324-4e67-90a5-493fe3324435', '19021dfc-2495-4600-af5a-8616c2153d89');
INSERT INTO option_choice (option_id, choice_id) VALUES ('7b2bd172-1566-440a-81d8-f9b2fb43f8fc', '856a08cd-7e54-42b1-b86a-bcf1697473d9');
INSERT INTO option_choice (option_id, choice_id) VALUES ('c0afeee2-6628-4404-bc41-32bc0a1505c5', '856a08cd-7e54-42b1-b86a-bcf1697473d9');
INSERT INTO option_choice (option_id, choice_id) VALUES ('ab9020e3-a12b-46eb-97f0-79dcfaab7356', '856a08cd-7e54-42b1-b86a-bcf1697473d9');
INSERT INTO option_choice (option_id, choice_id) VALUES ('a1737a4b-bfa2-4208-a103-ca4bea3afaaf', '856a08cd-7e54-42b1-b86a-bcf1697473d9');
INSERT INTO option_choice (option_id, choice_id) VALUES ('a0eef1f9-547a-4823-b7e0-bb52d6891f8f', '856a08cd-7e54-42b1-b86a-bcf1697473d9');
INSERT INTO principal (username, password) VALUES ('interviewee88', 'qwerty');
INSERT INTO interviewee (id, username, age, gender, country, marital_status) VALUES ('fd03e53d-9565-497c-bbdd-6ab0cc48ddf5', 'interviewee88', 28, 'male', 'SH', 'was_not_married');
INSERT INTO choice (id, questionnaire_id, interviewee_id) VALUES ('e59fcac4-9da1-4899-9565-2ba80f5aecd1', '48b4658e-bc90-4bd2-97bb-92484114dfea', 'fd03e53d-9565-497c-bbdd-6ab0cc48ddf5');
INSERT INTO option_choice (option_id, choice_id) VALUES ('db310764-efc3-46ab-9d86-9914e34aa6cd', 'e59fcac4-9da1-4899-9565-2ba80f5aecd1');
INSERT INTO choice (id, questionnaire_id, interviewee_id) VALUES ('bb3d218f-a408-4e0b-9ead-fc14f9097e1e', '4a4f7cbc-8533-42b3-923b-6b4309f53c64', 'fd03e53d-9565-497c-bbdd-6ab0cc48ddf5');
INSERT INTO option_choice (option_id, choice_id) VALUES ('9626a1a6-7214-4944-83a6-f582098c61a8', 'bb3d218f-a408-4e0b-9ead-fc14f9097e1e');
INSERT INTO choice (id, questionnaire_id, interviewee_id) VALUES ('b20f8e49-7536-4060-9499-27577e5ea937', 'aaacf497-4ae4-46e0-aa2e-27377271bafc', 'fd03e53d-9565-497c-bbdd-6ab0cc48ddf5');
INSERT INTO option_choice (option_id, choice_id) VALUES ('d4aa64ba-49fd-4d00-9175-a646c1d6d559', 'b20f8e49-7536-4060-9499-27577e5ea937');
INSERT INTO principal (username, password) VALUES ('interviewee89', 'qwerty');
INSERT INTO interviewee (id, username, age, gender, country, marital_status) VALUES ('22f80c7b-7535-4438-9ef2-2cb8fc4be189', 'interviewee89', 32, 'male', 'UY', 'divorced');
INSERT INTO choice (id, questionnaire_id, interviewee_id) VALUES ('fd4464ab-a319-4252-a99a-b275584d80bc', '08310229-5370-44f1-8071-5c56f92e3dc5', '22f80c7b-7535-4438-9ef2-2cb8fc4be189');
INSERT INTO option_choice (option_id, choice_id) VALUES ('7197ba86-c78b-43c4-bd28-4635a7094531', 'fd4464ab-a319-4252-a99a-b275584d80bc');
INSERT INTO choice (id, questionnaire_id, interviewee_id) VALUES ('dcf3e7c3-5fcb-40fa-acca-3f9c76fa8524', '48b4658e-bc90-4bd2-97bb-92484114dfea', '22f80c7b-7535-4438-9ef2-2cb8fc4be189');
INSERT INTO option_choice (option_id, choice_id) VALUES ('72884dca-8b91-4379-bf2e-f4dbfc8f13cd', 'dcf3e7c3-5fcb-40fa-acca-3f9c76fa8524');
INSERT INTO choice (id, questionnaire_id, interviewee_id) VALUES ('585aac81-f568-4126-b955-5eb01f168b1e', '05e2761c-9435-4970-ad6d-245d7a696140', '22f80c7b-7535-4438-9ef2-2cb8fc4be189');
INSERT INTO option_choice (option_id, choice_id) VALUES ('4431f860-831f-4fdf-9dbb-76fbdb1006a1', '585aac81-f568-4126-b955-5eb01f168b1e');
INSERT INTO option_choice (option_id, choice_id) VALUES ('26fa513d-ade2-4822-81ac-a6d8dc123679', '585aac81-f568-4126-b955-5eb01f168b1e');
INSERT INTO option_choice (option_id, choice_id) VALUES ('821d408d-9a3b-4716-a443-69cb45197037', '585aac81-f568-4126-b955-5eb01f168b1e');
INSERT INTO option_choice (option_id, choice_id) VALUES ('ee58bf05-12ff-45e4-b7e9-d37a70181de4', '585aac81-f568-4126-b955-5eb01f168b1e');
INSERT INTO principal (username, password) VALUES ('interviewee90', 'qwerty');
INSERT INTO interviewee (id, username, age, gender, country, marital_status) VALUES ('383c5113-5a88-4d27-939d-02769fa37d49', 'interviewee90', 52, 'male', 'CI', 'married');
INSERT INTO choice (id, questionnaire_id, interviewee_id) VALUES ('feb66374-4e48-44dc-b062-ffd2364e3697', '173a3ab0-8485-4aa4-8787-a2a4414f992e', '383c5113-5a88-4d27-939d-02769fa37d49');
INSERT INTO option_choice (option_id, choice_id) VALUES ('c453fc60-b896-4f66-8dbe-cc55bc42881e', 'feb66374-4e48-44dc-b062-ffd2364e3697');
INSERT INTO option_choice (option_id, choice_id) VALUES ('a477d3c8-db0a-4572-a680-b96fd792dc75', 'feb66374-4e48-44dc-b062-ffd2364e3697');
INSERT INTO option_choice (option_id, choice_id) VALUES ('3f698183-af22-44ca-80c1-eb668697e9ea', 'feb66374-4e48-44dc-b062-ffd2364e3697');
INSERT INTO option_choice (option_id, choice_id) VALUES ('ce62e0a7-1873-4aa1-a448-2fad3cc888ee', 'feb66374-4e48-44dc-b062-ffd2364e3697');
INSERT INTO option_choice (option_id, choice_id) VALUES ('f9a527bc-3f55-40db-b05e-d549f1801594', 'feb66374-4e48-44dc-b062-ffd2364e3697');
INSERT INTO option_choice (option_id, choice_id) VALUES ('bf89350f-11e0-4471-a3a1-95481edf5acd', 'feb66374-4e48-44dc-b062-ffd2364e3697');
INSERT INTO choice (id, questionnaire_id, interviewee_id) VALUES ('baed7fcc-9b90-4805-b324-510d5553f866', '5b0a67f5-cbf2-4fde-b526-fd512ff68e24', '383c5113-5a88-4d27-939d-02769fa37d49');
INSERT INTO option_choice (option_id, choice_id) VALUES ('771f0011-824c-4e77-8245-8f61e026b171', 'baed7fcc-9b90-4805-b324-510d5553f866');
INSERT INTO principal (username, password) VALUES ('interviewee91', 'qwerty');
INSERT INTO interviewee (id, username, age, gender, country, marital_status) VALUES ('26df708e-084c-4917-ad89-5cc5f176cf1a', 'interviewee91', 18, 'male', 'BR', 'was_not_married');
INSERT INTO choice (id, questionnaire_id, interviewee_id) VALUES ('582386a0-c99a-48a9-8ed6-ea2c2e799312', '858287c2-e494-424b-a03f-6b0a55c2fce3', '26df708e-084c-4917-ad89-5cc5f176cf1a');
INSERT INTO option_choice (option_id, choice_id) VALUES ('f2fd1a72-0ca7-41a6-ad15-7bc21a02fe73', '582386a0-c99a-48a9-8ed6-ea2c2e799312');
INSERT INTO principal (username, password) VALUES ('interviewee92', 'qwerty');
INSERT INTO interviewee (id, username, age, gender, country, marital_status) VALUES ('fdd7aced-eadf-4ace-a9e1-b656d0ce3fb1', 'interviewee92', 68, 'male', 'OM', 'divorced');
INSERT INTO choice (id, questionnaire_id, interviewee_id) VALUES ('cf25b577-693e-48a6-8527-71f1589977e0', '2519c51c-9863-4531-85ff-a7ddd5ea08b2', 'fdd7aced-eadf-4ace-a9e1-b656d0ce3fb1');
INSERT INTO option_choice (option_id, choice_id) VALUES ('dffcbd6b-b37a-4468-8c01-26ae752e283e', 'cf25b577-693e-48a6-8527-71f1589977e0');
INSERT INTO principal (username, password) VALUES ('interviewee93', 'qwerty');
INSERT INTO interviewee (id, username, age, gender, country, marital_status) VALUES ('7a22adb7-baad-4fa3-8d39-db1129c7ac7d', 'interviewee93', 50, 'female', 'SC', 'divorced');
INSERT INTO choice (id, questionnaire_id, interviewee_id) VALUES ('1759c770-db7a-4393-b26f-6effc530e02c', 'aaacf497-4ae4-46e0-aa2e-27377271bafc', '7a22adb7-baad-4fa3-8d39-db1129c7ac7d');
INSERT INTO option_choice (option_id, choice_id) VALUES ('de1098e4-e0b7-4df4-890a-1958a8d5d465', '1759c770-db7a-4393-b26f-6effc530e02c');
INSERT INTO principal (username, password) VALUES ('interviewee94', 'qwerty');
INSERT INTO interviewee (id, username, age, gender, country, marital_status) VALUES ('4abdfb93-e796-4d81-98d0-75318715271f', 'interviewee94', 44, 'female', 'MZ', 'was_not_married');
INSERT INTO choice (id, questionnaire_id, interviewee_id) VALUES ('5bbdb8a2-48dd-406e-a40f-d9154034ed0a', '05e2761c-9435-4970-ad6d-245d7a696140', '4abdfb93-e796-4d81-98d0-75318715271f');
INSERT INTO option_choice (option_id, choice_id) VALUES ('4431f860-831f-4fdf-9dbb-76fbdb1006a1', '5bbdb8a2-48dd-406e-a40f-d9154034ed0a');
INSERT INTO option_choice (option_id, choice_id) VALUES ('821d408d-9a3b-4716-a443-69cb45197037', '5bbdb8a2-48dd-406e-a40f-d9154034ed0a');
INSERT INTO option_choice (option_id, choice_id) VALUES ('cd3191da-899e-4773-b914-291725c8c108', '5bbdb8a2-48dd-406e-a40f-d9154034ed0a');
INSERT INTO option_choice (option_id, choice_id) VALUES ('ee58bf05-12ff-45e4-b7e9-d37a70181de4', '5bbdb8a2-48dd-406e-a40f-d9154034ed0a');
INSERT INTO option_choice (option_id, choice_id) VALUES ('26fa513d-ade2-4822-81ac-a6d8dc123679', '5bbdb8a2-48dd-406e-a40f-d9154034ed0a');
INSERT INTO choice (id, questionnaire_id, interviewee_id) VALUES ('5816b9d3-2c3a-452a-af76-a32c26311d81', '173a3ab0-8485-4aa4-8787-a2a4414f992e', '4abdfb93-e796-4d81-98d0-75318715271f');
INSERT INTO option_choice (option_id, choice_id) VALUES ('a477d3c8-db0a-4572-a680-b96fd792dc75', '5816b9d3-2c3a-452a-af76-a32c26311d81');
INSERT INTO option_choice (option_id, choice_id) VALUES ('ce62e0a7-1873-4aa1-a448-2fad3cc888ee', '5816b9d3-2c3a-452a-af76-a32c26311d81');
INSERT INTO option_choice (option_id, choice_id) VALUES ('3f698183-af22-44ca-80c1-eb668697e9ea', '5816b9d3-2c3a-452a-af76-a32c26311d81');
INSERT INTO principal (username, password) VALUES ('interviewee95', 'qwerty');
INSERT INTO interviewee (id, username, age, gender, country, marital_status) VALUES ('8737d9f1-c78e-4d63-86c6-6987e53bbaeb', 'interviewee95', 54, 'female', 'EC', 'married');
INSERT INTO choice (id, questionnaire_id, interviewee_id) VALUES ('b3ae142e-61bf-44a7-a6ae-3633014f4c0f', 'c6dd214b-43b7-401f-afe6-a5ab0d2d7767', '8737d9f1-c78e-4d63-86c6-6987e53bbaeb');
INSERT INTO option_choice (option_id, choice_id) VALUES ('9d2a2dd1-7979-48a6-a0b7-3de8fdea75b6', 'b3ae142e-61bf-44a7-a6ae-3633014f4c0f');
INSERT INTO option_choice (option_id, choice_id) VALUES ('17ceef0b-83da-42ec-a82c-9090a9be74af', 'b3ae142e-61bf-44a7-a6ae-3633014f4c0f');
INSERT INTO choice (id, questionnaire_id, interviewee_id) VALUES ('d6cd1f73-a36f-418b-9b75-a34a88083d62', '05e2761c-9435-4970-ad6d-245d7a696140', '8737d9f1-c78e-4d63-86c6-6987e53bbaeb');
INSERT INTO option_choice (option_id, choice_id) VALUES ('ee58bf05-12ff-45e4-b7e9-d37a70181de4', 'd6cd1f73-a36f-418b-9b75-a34a88083d62');
INSERT INTO option_choice (option_id, choice_id) VALUES ('cd3191da-899e-4773-b914-291725c8c108', 'd6cd1f73-a36f-418b-9b75-a34a88083d62');
INSERT INTO principal (username, password) VALUES ('interviewee96', 'qwerty');
INSERT INTO interviewee (id, username, age, gender, country, marital_status) VALUES ('488d077b-440d-4087-9ea6-0ab8686108fc', 'interviewee96', 46, 'male', 'GW', 'married');
INSERT INTO choice (id, questionnaire_id, interviewee_id) VALUES ('dafa71d0-e5cb-4959-9628-270d57aa2370', '407203dd-9657-46e6-975f-3be5d664dd2a', '488d077b-440d-4087-9ea6-0ab8686108fc');
INSERT INTO option_choice (option_id, choice_id) VALUES ('3c882d4f-dfe1-416d-adc7-e8b41816b82e', 'dafa71d0-e5cb-4959-9628-270d57aa2370');
INSERT INTO choice (id, questionnaire_id, interviewee_id) VALUES ('eda89d0a-8d23-40ac-b592-f465b362e325', '48b4658e-bc90-4bd2-97bb-92484114dfea', '488d077b-440d-4087-9ea6-0ab8686108fc');
INSERT INTO option_choice (option_id, choice_id) VALUES ('72884dca-8b91-4379-bf2e-f4dbfc8f13cd', 'eda89d0a-8d23-40ac-b592-f465b362e325');
INSERT INTO choice (id, questionnaire_id, interviewee_id) VALUES ('2630ee52-eb88-4cc0-a5f3-7d88549bed59', '8e156ed6-1a8b-4fe6-9a58-0f7cbdd6af32', '488d077b-440d-4087-9ea6-0ab8686108fc');
INSERT INTO option_choice (option_id, choice_id) VALUES ('38f39cdf-6292-4c51-8660-f27ad61185bf', '2630ee52-eb88-4cc0-a5f3-7d88549bed59');
INSERT INTO principal (username, password) VALUES ('interviewee97', 'qwerty');
INSERT INTO interviewee (id, username, age, gender, country, marital_status) VALUES ('cfa43cb3-be86-4cc8-a800-ea4f1fa3e753', 'interviewee97', 63, 'female', 'KH', 'divorced');
INSERT INTO choice (id, questionnaire_id, interviewee_id) VALUES ('893f5729-abd8-4548-b78e-bda59e95603d', '51436662-4eca-40ce-b552-b1c7486cf609', 'cfa43cb3-be86-4cc8-a800-ea4f1fa3e753');
INSERT INTO option_choice (option_id, choice_id) VALUES ('e4c4b240-61c9-4253-a93b-9a7768fbfe3f', '893f5729-abd8-4548-b78e-bda59e95603d');
INSERT INTO principal (username, password) VALUES ('interviewee98', 'qwerty');
INSERT INTO interviewee (id, username, age, gender, country, marital_status) VALUES ('dbd9cb98-3150-43c0-8bbc-5b091dad89c2', 'interviewee98', 66, 'female', 'GD', 'married');
INSERT INTO choice (id, questionnaire_id, interviewee_id) VALUES ('8d5c9235-b625-4d22-831d-4f716119ccfb', 'c6dd214b-43b7-401f-afe6-a5ab0d2d7767', 'dbd9cb98-3150-43c0-8bbc-5b091dad89c2');
INSERT INTO option_choice (option_id, choice_id) VALUES ('069a6758-231c-4064-8e44-a0db84e86a21', '8d5c9235-b625-4d22-831d-4f716119ccfb');
INSERT INTO option_choice (option_id, choice_id) VALUES ('c134384c-5eda-4957-9883-b965681b9fef', '8d5c9235-b625-4d22-831d-4f716119ccfb');
INSERT INTO option_choice (option_id, choice_id) VALUES ('17ceef0b-83da-42ec-a82c-9090a9be74af', '8d5c9235-b625-4d22-831d-4f716119ccfb');
INSERT INTO principal (username, password) VALUES ('interviewee99', 'qwerty');
INSERT INTO interviewee (id, username, age, gender, country, marital_status) VALUES ('d1529710-3656-4a35-a0f4-cde1b14b6a81', 'interviewee99', 55, 'male', 'GS', 'divorced');
INSERT INTO choice (id, questionnaire_id, interviewee_id) VALUES ('55b8a2d5-22f7-44e8-a2a6-a0a77f8a4b88', '48b4658e-bc90-4bd2-97bb-92484114dfea', 'd1529710-3656-4a35-a0f4-cde1b14b6a81');
INSERT INTO option_choice (option_id, choice_id) VALUES ('72884dca-8b91-4379-bf2e-f4dbfc8f13cd', '55b8a2d5-22f7-44e8-a2a6-a0a77f8a4b88');
INSERT INTO choice (id, questionnaire_id, interviewee_id) VALUES ('bfb2c9e7-324e-4b89-8b6b-488a28a7441e', '4a4f7cbc-8533-42b3-923b-6b4309f53c64', 'd1529710-3656-4a35-a0f4-cde1b14b6a81');
INSERT INTO option_choice (option_id, choice_id) VALUES ('c8061f97-fb14-4a37-89ad-0a564fb1704d', 'bfb2c9e7-324e-4b89-8b6b-488a28a7441e');
INSERT INTO principal (username, password) VALUES ('interviewee100', 'qwerty');
INSERT INTO interviewee (id, username, age, gender, country, marital_status) VALUES ('b67f1365-bc1b-4c7c-8ecf-efae2dcd7155', 'interviewee100', 41, 'female', 'SZ', 'divorced');
INSERT INTO choice (id, questionnaire_id, interviewee_id) VALUES ('8977e49f-7a3e-4550-ace5-2f1d14249a94', '2519c51c-9863-4531-85ff-a7ddd5ea08b2', 'b67f1365-bc1b-4c7c-8ecf-efae2dcd7155');
INSERT INTO option_choice (option_id, choice_id) VALUES ('b2ff87be-cdaa-4b83-bb9c-9946660ea8b8', '8977e49f-7a3e-4550-ace5-2f1d14249a94');
INSERT INTO principal (username, password) VALUES ('interviewee101', 'qwerty');
INSERT INTO interviewee (id, username, age, gender, country, marital_status) VALUES ('bc51c53f-2322-4fc9-9ff6-1f36d40bf823', 'interviewee101', 25, 'male', 'GN', 'divorced');
INSERT INTO choice (id, questionnaire_id, interviewee_id) VALUES ('dff8b908-3ceb-48d1-a265-c6fc5c7f77c8', 'b6df4d49-3f70-4802-90cb-4ab89e24a427', 'bc51c53f-2322-4fc9-9ff6-1f36d40bf823');
INSERT INTO option_choice (option_id, choice_id) VALUES ('03756c76-738d-45a3-8b02-6f36d78f3dfb', 'dff8b908-3ceb-48d1-a265-c6fc5c7f77c8');
INSERT INTO choice (id, questionnaire_id, interviewee_id) VALUES ('05744c96-48a0-43f2-8e66-f222c9a3ad04', 'e20dbb22-091f-4137-8450-fdeaea74363f', 'bc51c53f-2322-4fc9-9ff6-1f36d40bf823');
INSERT INTO option_choice (option_id, choice_id) VALUES ('ff3c7a97-70db-4404-b85b-274707745879', '05744c96-48a0-43f2-8e66-f222c9a3ad04');
INSERT INTO option_choice (option_id, choice_id) VALUES ('322bbc1b-4e8d-41ae-b4f2-3466891dc809', '05744c96-48a0-43f2-8e66-f222c9a3ad04');
INSERT INTO option_choice (option_id, choice_id) VALUES ('946ecf06-2d9f-4fe5-b2b7-64c51a5fdf06', '05744c96-48a0-43f2-8e66-f222c9a3ad04');
INSERT INTO option_choice (option_id, choice_id) VALUES ('742176a0-b7c8-400a-a370-5871099954a4', '05744c96-48a0-43f2-8e66-f222c9a3ad04');
INSERT INTO option_choice (option_id, choice_id) VALUES ('4bd78eb1-72bb-47fa-8b7c-4cc826f39edd', '05744c96-48a0-43f2-8e66-f222c9a3ad04');
INSERT INTO option_choice (option_id, choice_id) VALUES ('b09da84d-7533-40da-b486-a820b6b7c110', '05744c96-48a0-43f2-8e66-f222c9a3ad04');
INSERT INTO option_choice (option_id, choice_id) VALUES ('49d1bc1f-0fd1-4dad-ab6d-b123ea13d33a', '05744c96-48a0-43f2-8e66-f222c9a3ad04');
INSERT INTO option_choice (option_id, choice_id) VALUES ('a572f3cf-b3ba-491a-9687-6cee662749f1', '05744c96-48a0-43f2-8e66-f222c9a3ad04');
INSERT INTO principal (username, password) VALUES ('interviewee102', 'qwerty');
INSERT INTO interviewee (id, username, age, gender, country, marital_status) VALUES ('d70e836a-5e4f-4b3f-8196-6a7f066ae741', 'interviewee102', 16, 'male', 'HK', 'was_not_married');
INSERT INTO choice (id, questionnaire_id, interviewee_id) VALUES ('67e031c3-2c36-4fa3-9903-fa6e3d01578c', '8e156ed6-1a8b-4fe6-9a58-0f7cbdd6af32', 'd70e836a-5e4f-4b3f-8196-6a7f066ae741');
INSERT INTO option_choice (option_id, choice_id) VALUES ('0628ee4c-c0ee-4de7-be13-535fe01fb064', '67e031c3-2c36-4fa3-9903-fa6e3d01578c');
INSERT INTO principal (username, password) VALUES ('interviewee103', 'qwerty');
INSERT INTO interviewee (id, username, age, gender, country, marital_status) VALUES ('6449eed3-503a-4111-84ba-e34f8ea5cb25', 'interviewee103', 52, 'female', 'PS', 'married');
INSERT INTO choice (id, questionnaire_id, interviewee_id) VALUES ('9e6d7654-b44e-4bb5-a69b-b6a5e35538c9', '8e156ed6-1a8b-4fe6-9a58-0f7cbdd6af32', '6449eed3-503a-4111-84ba-e34f8ea5cb25');
INSERT INTO option_choice (option_id, choice_id) VALUES ('38f39cdf-6292-4c51-8660-f27ad61185bf', '9e6d7654-b44e-4bb5-a69b-b6a5e35538c9');
INSERT INTO choice (id, questionnaire_id, interviewee_id) VALUES ('08fed9e0-c82d-4211-97ae-807f6f12d740', '858287c2-e494-424b-a03f-6b0a55c2fce3', '6449eed3-503a-4111-84ba-e34f8ea5cb25');
INSERT INTO option_choice (option_id, choice_id) VALUES ('a7e89931-dbca-4a6f-bdbb-b42e57f2e7f2', '08fed9e0-c82d-4211-97ae-807f6f12d740');
INSERT INTO option_choice (option_id, choice_id) VALUES ('59c8e6e3-5895-4f0b-ae9e-3bb455a5f6b2', '08fed9e0-c82d-4211-97ae-807f6f12d740');
INSERT INTO option_choice (option_id, choice_id) VALUES ('a1e55f7c-aa45-466f-86bb-0d5e262ca0bc', '08fed9e0-c82d-4211-97ae-807f6f12d740');
INSERT INTO option_choice (option_id, choice_id) VALUES ('f2fd1a72-0ca7-41a6-ad15-7bc21a02fe73', '08fed9e0-c82d-4211-97ae-807f6f12d740');
INSERT INTO choice (id, questionnaire_id, interviewee_id) VALUES ('fb88c712-fb66-4968-a918-9a232e8f1fce', '51436662-4eca-40ce-b552-b1c7486cf609', '6449eed3-503a-4111-84ba-e34f8ea5cb25');
INSERT INTO option_choice (option_id, choice_id) VALUES ('259215cc-47cc-4165-befd-cf997b4aaf7e', 'fb88c712-fb66-4968-a918-9a232e8f1fce');
INSERT INTO principal (username, password) VALUES ('interviewee104', 'qwerty');
INSERT INTO interviewee (id, username, age, gender, country, marital_status) VALUES ('dced0748-cbf4-4029-9195-c41fb37220c5', 'interviewee104', 70, 'male', 'LB', 'divorced');
INSERT INTO choice (id, questionnaire_id, interviewee_id) VALUES ('f39c0c88-8bd0-42b3-8988-c47bb18ce3df', '407203dd-9657-46e6-975f-3be5d664dd2a', 'dced0748-cbf4-4029-9195-c41fb37220c5');
INSERT INTO option_choice (option_id, choice_id) VALUES ('d37dcf04-38aa-46a3-914b-a881661a3989', 'f39c0c88-8bd0-42b3-8988-c47bb18ce3df');
INSERT INTO principal (username, password) VALUES ('interviewee105', 'qwerty');
INSERT INTO interviewee (id, username, age, gender, country, marital_status) VALUES ('10db90a0-3919-4a11-a223-662d76aacb54', 'interviewee105', 17, 'male', 'UG', 'was_not_married');
INSERT INTO choice (id, questionnaire_id, interviewee_id) VALUES ('779bbdac-2ea7-443d-9e81-935b58627987', '2519c51c-9863-4531-85ff-a7ddd5ea08b2', '10db90a0-3919-4a11-a223-662d76aacb54');
INSERT INTO option_choice (option_id, choice_id) VALUES ('e532cc1b-83fa-4902-9bd1-0868c31241bb', '779bbdac-2ea7-443d-9e81-935b58627987');
INSERT INTO choice (id, questionnaire_id, interviewee_id) VALUES ('b3630eb2-b692-41a0-9f9f-9d220e30258a', '08310229-5370-44f1-8071-5c56f92e3dc5', '10db90a0-3919-4a11-a223-662d76aacb54');
INSERT INTO option_choice (option_id, choice_id) VALUES ('996311da-bd48-491d-b381-d19b001465c4', 'b3630eb2-b692-41a0-9f9f-9d220e30258a');
INSERT INTO principal (username, password) VALUES ('interviewee106', 'qwerty');
INSERT INTO interviewee (id, username, age, gender, country, marital_status) VALUES ('d6146b3a-73b8-4c88-ad4f-d45321ab1f85', 'interviewee106', 60, 'female', 'FJ', 'divorced');
INSERT INTO choice (id, questionnaire_id, interviewee_id) VALUES ('f6ac1cf1-aa5c-49ce-8b38-d860846a1ab2', 'aaacf497-4ae4-46e0-aa2e-27377271bafc', 'd6146b3a-73b8-4c88-ad4f-d45321ab1f85');
INSERT INTO option_choice (option_id, choice_id) VALUES ('070ce52d-21fd-4380-9c02-d25647a035a6', 'f6ac1cf1-aa5c-49ce-8b38-d860846a1ab2');
INSERT INTO choice (id, questionnaire_id, interviewee_id) VALUES ('629d40b0-0a8d-4682-a021-5474325c6689', '5b0a67f5-cbf2-4fde-b526-fd512ff68e24', 'd6146b3a-73b8-4c88-ad4f-d45321ab1f85');
INSERT INTO option_choice (option_id, choice_id) VALUES ('a8cdd5b8-35f3-4a35-a54f-11129d88f64d', '629d40b0-0a8d-4682-a021-5474325c6689');
INSERT INTO principal (username, password) VALUES ('interviewee107', 'qwerty');
INSERT INTO interviewee (id, username, age, gender, country, marital_status) VALUES ('e8872fa8-78bc-4aae-a672-a9bc0f6beaf7', 'interviewee107', 31, 'male', 'TO', 'was_not_married');
INSERT INTO choice (id, questionnaire_id, interviewee_id) VALUES ('75cde580-0be3-46ee-9686-4260c41e4a3d', '8e156ed6-1a8b-4fe6-9a58-0f7cbdd6af32', 'e8872fa8-78bc-4aae-a672-a9bc0f6beaf7');
INSERT INTO option_choice (option_id, choice_id) VALUES ('0628ee4c-c0ee-4de7-be13-535fe01fb064', '75cde580-0be3-46ee-9686-4260c41e4a3d');
INSERT INTO choice (id, questionnaire_id, interviewee_id) VALUES ('0fb21d00-e0b4-45f4-bfe0-b5740bf85503', 'b5c886d7-e86f-4083-958a-cbd232db7a84', 'e8872fa8-78bc-4aae-a672-a9bc0f6beaf7');
INSERT INTO option_choice (option_id, choice_id) VALUES ('b3fef8ac-34c1-4143-a4bd-73c39cbbac53', '0fb21d00-e0b4-45f4-bfe0-b5740bf85503');
INSERT INTO principal (username, password) VALUES ('interviewee108', 'qwerty');
INSERT INTO interviewee (id, username, age, gender, country, marital_status) VALUES ('6bf29443-889b-480b-9855-c2e16552ce3a', 'interviewee108', 67, 'female', 'DJ', 'divorced');
INSERT INTO choice (id, questionnaire_id, interviewee_id) VALUES ('61abd456-aaed-4fc0-a548-756c488df9a9', '48b4658e-bc90-4bd2-97bb-92484114dfea', '6bf29443-889b-480b-9855-c2e16552ce3a');
INSERT INTO option_choice (option_id, choice_id) VALUES ('db310764-efc3-46ab-9d86-9914e34aa6cd', '61abd456-aaed-4fc0-a548-756c488df9a9');
INSERT INTO choice (id, questionnaire_id, interviewee_id) VALUES ('2b6786bc-6fdd-4e1b-a44f-e49534ddab40', 'e4d0ba66-5e11-433c-8243-4d890cceaf69', '6bf29443-889b-480b-9855-c2e16552ce3a');
INSERT INTO option_choice (option_id, choice_id) VALUES ('cb637eae-3b8f-4d17-81fb-9b271857e55c', '2b6786bc-6fdd-4e1b-a44f-e49534ddab40');
INSERT INTO option_choice (option_id, choice_id) VALUES ('7cfec70e-33b3-4c68-9c38-38cf292cd0f9', '2b6786bc-6fdd-4e1b-a44f-e49534ddab40');
INSERT INTO choice (id, questionnaire_id, interviewee_id) VALUES ('763ce009-23f2-4e4a-9577-00373923c045', '8e156ed6-1a8b-4fe6-9a58-0f7cbdd6af32', '6bf29443-889b-480b-9855-c2e16552ce3a');
INSERT INTO option_choice (option_id, choice_id) VALUES ('358a2bcc-fa9d-4ee1-915b-f4d44b5896ff', '763ce009-23f2-4e4a-9577-00373923c045');
INSERT INTO principal (username, password) VALUES ('interviewee109', 'qwerty');
INSERT INTO interviewee (id, username, age, gender, country, marital_status) VALUES ('c7d59755-48ca-405a-a352-5a35b9c84ae0', 'interviewee109', 27, 'female', 'BI', 'married');
INSERT INTO choice (id, questionnaire_id, interviewee_id) VALUES ('3534aad7-bfcc-4daf-bd55-a0b9d974caea', '747d0763-c99f-47ce-809b-b378d489a158', 'c7d59755-48ca-405a-a352-5a35b9c84ae0');
INSERT INTO option_choice (option_id, choice_id) VALUES ('7cc0569f-f362-4ed1-9343-6ffd1369e812', '3534aad7-bfcc-4daf-bd55-a0b9d974caea');
INSERT INTO option_choice (option_id, choice_id) VALUES ('65c86d12-f533-40f5-8dd6-10903d890b10', '3534aad7-bfcc-4daf-bd55-a0b9d974caea');
INSERT INTO choice (id, questionnaire_id, interviewee_id) VALUES ('8d800017-30ac-42af-896f-cdbc4dd20499', '05e2761c-9435-4970-ad6d-245d7a696140', 'c7d59755-48ca-405a-a352-5a35b9c84ae0');
INSERT INTO option_choice (option_id, choice_id) VALUES ('cd3191da-899e-4773-b914-291725c8c108', '8d800017-30ac-42af-896f-cdbc4dd20499');
INSERT INTO option_choice (option_id, choice_id) VALUES ('821d408d-9a3b-4716-a443-69cb45197037', '8d800017-30ac-42af-896f-cdbc4dd20499');
INSERT INTO principal (username, password) VALUES ('interviewee110', 'qwerty');
INSERT INTO interviewee (id, username, age, gender, country, marital_status) VALUES ('b0bcf98d-b2ac-41ce-a366-3a9719ba65ed', 'interviewee110', 20, 'female', 'ZA', 'divorced');
INSERT INTO choice (id, questionnaire_id, interviewee_id) VALUES ('09d8adb2-dc80-4848-96f8-4aa3a98099a8', 'b5c886d7-e86f-4083-958a-cbd232db7a84', 'b0bcf98d-b2ac-41ce-a366-3a9719ba65ed');
INSERT INTO option_choice (option_id, choice_id) VALUES ('a446338d-133a-407b-9bd1-520fe1043ec3', '09d8adb2-dc80-4848-96f8-4aa3a98099a8');
INSERT INTO choice (id, questionnaire_id, interviewee_id) VALUES ('0352d0c5-36a1-4dfe-abc3-48d14cfc70c4', '48b4658e-bc90-4bd2-97bb-92484114dfea', 'b0bcf98d-b2ac-41ce-a366-3a9719ba65ed');
INSERT INTO option_choice (option_id, choice_id) VALUES ('72884dca-8b91-4379-bf2e-f4dbfc8f13cd', '0352d0c5-36a1-4dfe-abc3-48d14cfc70c4');
INSERT INTO choice (id, questionnaire_id, interviewee_id) VALUES ('c9ddad36-b92d-452a-840f-4ccb10679e5e', '08310229-5370-44f1-8071-5c56f92e3dc5', 'b0bcf98d-b2ac-41ce-a366-3a9719ba65ed');
INSERT INTO option_choice (option_id, choice_id) VALUES ('38336259-fa95-40f4-865c-eff171ebbb80', 'c9ddad36-b92d-452a-840f-4ccb10679e5e');
INSERT INTO principal (username, password) VALUES ('interviewee111', 'qwerty');
INSERT INTO interviewee (id, username, age, gender, country, marital_status) VALUES ('387cb67b-2c52-4c53-95ba-47e937534eba', 'interviewee111', 55, 'male', 'TJ', 'divorced');
INSERT INTO choice (id, questionnaire_id, interviewee_id) VALUES ('451d0958-6a4f-4e62-94d2-f52bf90272dc', 'b5c886d7-e86f-4083-958a-cbd232db7a84', '387cb67b-2c52-4c53-95ba-47e937534eba');
INSERT INTO option_choice (option_id, choice_id) VALUES ('bbe6d273-ce07-449f-a3eb-96165f0d7b7d', '451d0958-6a4f-4e62-94d2-f52bf90272dc');
INSERT INTO principal (username, password) VALUES ('interviewee112', 'qwerty');
INSERT INTO interviewee (id, username, age, gender, country, marital_status) VALUES ('6aba27b5-013a-4ec6-acfd-f6685ecc1783', 'interviewee112', 49, 'male', 'KM', 'was_not_married');
INSERT INTO choice (id, questionnaire_id, interviewee_id) VALUES ('42095a44-ef5c-480f-9f4f-c5d5c5257fed', '48b4658e-bc90-4bd2-97bb-92484114dfea', '6aba27b5-013a-4ec6-acfd-f6685ecc1783');
INSERT INTO option_choice (option_id, choice_id) VALUES ('72884dca-8b91-4379-bf2e-f4dbfc8f13cd', '42095a44-ef5c-480f-9f4f-c5d5c5257fed');
INSERT INTO principal (username, password) VALUES ('interviewee113', 'qwerty');
INSERT INTO interviewee (id, username, age, gender, country, marital_status) VALUES ('73b414f3-b1d1-4fae-ae6a-02383c92f669', 'interviewee113', 17, 'female', 'NA', 'divorced');
INSERT INTO choice (id, questionnaire_id, interviewee_id) VALUES ('fa1bff63-3e7f-4413-8cd7-0b09d73566f1', 'b6df4d49-3f70-4802-90cb-4ab89e24a427', '73b414f3-b1d1-4fae-ae6a-02383c92f669');
INSERT INTO option_choice (option_id, choice_id) VALUES ('39bf15ab-8f6e-4634-a483-d31c949b3332', 'fa1bff63-3e7f-4413-8cd7-0b09d73566f1');
INSERT INTO choice (id, questionnaire_id, interviewee_id) VALUES ('8d570227-2819-4a5c-a390-101fb9eeba73', 'b5c886d7-e86f-4083-958a-cbd232db7a84', '73b414f3-b1d1-4fae-ae6a-02383c92f669');
INSERT INTO option_choice (option_id, choice_id) VALUES ('bbe6d273-ce07-449f-a3eb-96165f0d7b7d', '8d570227-2819-4a5c-a390-101fb9eeba73');
INSERT INTO choice (id, questionnaire_id, interviewee_id) VALUES ('732da39d-42b0-4342-ba65-269f7a797e8d', '08310229-5370-44f1-8071-5c56f92e3dc5', '73b414f3-b1d1-4fae-ae6a-02383c92f669');
INSERT INTO option_choice (option_id, choice_id) VALUES ('fc94d716-ca6a-45f3-8cbb-afd6a3ea72a3', '732da39d-42b0-4342-ba65-269f7a797e8d');
INSERT INTO principal (username, password) VALUES ('interviewee114', 'qwerty');
INSERT INTO interviewee (id, username, age, gender, country, marital_status) VALUES ('f5159581-bd5c-4df8-97ff-db9d57901f2c', 'interviewee114', 53, 'female', 'BB', 'divorced');
INSERT INTO choice (id, questionnaire_id, interviewee_id) VALUES ('bbb69c32-97fd-4b46-baad-5d95af209f3d', 'e4d0ba66-5e11-433c-8243-4d890cceaf69', 'f5159581-bd5c-4df8-97ff-db9d57901f2c');
INSERT INTO option_choice (option_id, choice_id) VALUES ('7cfec70e-33b3-4c68-9c38-38cf292cd0f9', 'bbb69c32-97fd-4b46-baad-5d95af209f3d');
INSERT INTO option_choice (option_id, choice_id) VALUES ('cb637eae-3b8f-4d17-81fb-9b271857e55c', 'bbb69c32-97fd-4b46-baad-5d95af209f3d');
INSERT INTO choice (id, questionnaire_id, interviewee_id) VALUES ('8227052f-94fa-417a-88bc-0687bcffccff', '48b4658e-bc90-4bd2-97bb-92484114dfea', 'f5159581-bd5c-4df8-97ff-db9d57901f2c');
INSERT INTO option_choice (option_id, choice_id) VALUES ('72884dca-8b91-4379-bf2e-f4dbfc8f13cd', '8227052f-94fa-417a-88bc-0687bcffccff');
INSERT INTO choice (id, questionnaire_id, interviewee_id) VALUES ('fb97469b-7722-44fd-a7a7-8215e1821d44', 'aaacf497-4ae4-46e0-aa2e-27377271bafc', 'f5159581-bd5c-4df8-97ff-db9d57901f2c');
INSERT INTO option_choice (option_id, choice_id) VALUES ('de1098e4-e0b7-4df4-890a-1958a8d5d465', 'fb97469b-7722-44fd-a7a7-8215e1821d44');
INSERT INTO principal (username, password) VALUES ('interviewee115', 'qwerty');
INSERT INTO interviewee (id, username, age, gender, country, marital_status) VALUES ('9e0ee3d7-b976-4a8e-8c43-cff7ea854bf6', 'interviewee115', 20, 'female', 'CD', 'married');
INSERT INTO choice (id, questionnaire_id, interviewee_id) VALUES ('531da4ab-f3c8-447e-9222-1926a05f10ca', '747d0763-c99f-47ce-809b-b378d489a158', '9e0ee3d7-b976-4a8e-8c43-cff7ea854bf6');
INSERT INTO option_choice (option_id, choice_id) VALUES ('2095cf98-27de-4722-93f9-2c09ae6b4ed1', '531da4ab-f3c8-447e-9222-1926a05f10ca');
INSERT INTO option_choice (option_id, choice_id) VALUES ('65c86d12-f533-40f5-8dd6-10903d890b10', '531da4ab-f3c8-447e-9222-1926a05f10ca');
INSERT INTO option_choice (option_id, choice_id) VALUES ('7cc0569f-f362-4ed1-9343-6ffd1369e812', '531da4ab-f3c8-447e-9222-1926a05f10ca');
INSERT INTO principal (username, password) VALUES ('interviewee116', 'qwerty');
INSERT INTO interviewee (id, username, age, gender, country, marital_status) VALUES ('ce663487-bc30-4e43-9857-84fa94d4a96a', 'interviewee116', 28, 'male', 'RE', 'divorced');
INSERT INTO choice (id, questionnaire_id, interviewee_id) VALUES ('5b544247-16b3-4105-9ec8-12657cd8fd30', '858287c2-e494-424b-a03f-6b0a55c2fce3', 'ce663487-bc30-4e43-9857-84fa94d4a96a');
INSERT INTO option_choice (option_id, choice_id) VALUES ('f2fd1a72-0ca7-41a6-ad15-7bc21a02fe73', '5b544247-16b3-4105-9ec8-12657cd8fd30');
INSERT INTO option_choice (option_id, choice_id) VALUES ('a1e55f7c-aa45-466f-86bb-0d5e262ca0bc', '5b544247-16b3-4105-9ec8-12657cd8fd30');
INSERT INTO option_choice (option_id, choice_id) VALUES ('59c8e6e3-5895-4f0b-ae9e-3bb455a5f6b2', '5b544247-16b3-4105-9ec8-12657cd8fd30');
INSERT INTO choice (id, questionnaire_id, interviewee_id) VALUES ('1f8d6b1c-f073-4a0d-99b0-a047a7f1c3ed', 'aaacf497-4ae4-46e0-aa2e-27377271bafc', 'ce663487-bc30-4e43-9857-84fa94d4a96a');
INSERT INTO option_choice (option_id, choice_id) VALUES ('d4aa64ba-49fd-4d00-9175-a646c1d6d559', '1f8d6b1c-f073-4a0d-99b0-a047a7f1c3ed');
INSERT INTO principal (username, password) VALUES ('interviewee117', 'qwerty');
INSERT INTO interviewee (id, username, age, gender, country, marital_status) VALUES ('c1a5f8a6-a495-439b-8b43-70dae0db106d', 'interviewee117', 37, 'female', 'YT', 'was_not_married');
INSERT INTO choice (id, questionnaire_id, interviewee_id) VALUES ('f6719519-a824-4d99-9ac4-2ffa2a475c5d', 'e4d0ba66-5e11-433c-8243-4d890cceaf69', 'c1a5f8a6-a495-439b-8b43-70dae0db106d');
INSERT INTO option_choice (option_id, choice_id) VALUES ('7cfec70e-33b3-4c68-9c38-38cf292cd0f9', 'f6719519-a824-4d99-9ac4-2ffa2a475c5d');
INSERT INTO option_choice (option_id, choice_id) VALUES ('cb637eae-3b8f-4d17-81fb-9b271857e55c', 'f6719519-a824-4d99-9ac4-2ffa2a475c5d');
INSERT INTO choice (id, questionnaire_id, interviewee_id) VALUES ('a0df1ff2-baa6-46cc-b7f5-e278e8afc9a4', '05e2761c-9435-4970-ad6d-245d7a696140', 'c1a5f8a6-a495-439b-8b43-70dae0db106d');
INSERT INTO option_choice (option_id, choice_id) VALUES ('cd3191da-899e-4773-b914-291725c8c108', 'a0df1ff2-baa6-46cc-b7f5-e278e8afc9a4');
INSERT INTO option_choice (option_id, choice_id) VALUES ('821d408d-9a3b-4716-a443-69cb45197037', 'a0df1ff2-baa6-46cc-b7f5-e278e8afc9a4');
INSERT INTO option_choice (option_id, choice_id) VALUES ('4431f860-831f-4fdf-9dbb-76fbdb1006a1', 'a0df1ff2-baa6-46cc-b7f5-e278e8afc9a4');
INSERT INTO option_choice (option_id, choice_id) VALUES ('ee58bf05-12ff-45e4-b7e9-d37a70181de4', 'a0df1ff2-baa6-46cc-b7f5-e278e8afc9a4');
INSERT INTO choice (id, questionnaire_id, interviewee_id) VALUES ('f4b571c3-914c-42d2-830c-ec442e0f002b', '49c46fd6-2111-4ef5-8b91-9ee67132426d', 'c1a5f8a6-a495-439b-8b43-70dae0db106d');
INSERT INTO option_choice (option_id, choice_id) VALUES ('210da814-c19f-4c77-ba7b-e598584d62e4', 'f4b571c3-914c-42d2-830c-ec442e0f002b');
INSERT INTO principal (username, password) VALUES ('interviewee118', 'qwerty');
INSERT INTO interviewee (id, username, age, gender, country, marital_status) VALUES ('90b002e3-1903-4836-be7c-baf5018144b5', 'interviewee118', 59, 'female', 'RU', 'divorced');
INSERT INTO choice (id, questionnaire_id, interviewee_id) VALUES ('e2b16c3a-1b0e-43c3-8c3e-dbb78af2684f', '81a3f075-1324-4e67-90a5-493fe3324435', '90b002e3-1903-4836-be7c-baf5018144b5');
INSERT INTO option_choice (option_id, choice_id) VALUES ('c0afeee2-6628-4404-bc41-32bc0a1505c5', 'e2b16c3a-1b0e-43c3-8c3e-dbb78af2684f');
INSERT INTO choice (id, questionnaire_id, interviewee_id) VALUES ('9b9adce4-7fc7-4ea5-8d21-3900a13e6713', 'e20dbb22-091f-4137-8450-fdeaea74363f', '90b002e3-1903-4836-be7c-baf5018144b5');
INSERT INTO option_choice (option_id, choice_id) VALUES ('946ecf06-2d9f-4fe5-b2b7-64c51a5fdf06', '9b9adce4-7fc7-4ea5-8d21-3900a13e6713');
INSERT INTO option_choice (option_id, choice_id) VALUES ('a572f3cf-b3ba-491a-9687-6cee662749f1', '9b9adce4-7fc7-4ea5-8d21-3900a13e6713');
INSERT INTO option_choice (option_id, choice_id) VALUES ('ff3c7a97-70db-4404-b85b-274707745879', '9b9adce4-7fc7-4ea5-8d21-3900a13e6713');
INSERT INTO option_choice (option_id, choice_id) VALUES ('742176a0-b7c8-400a-a370-5871099954a4', '9b9adce4-7fc7-4ea5-8d21-3900a13e6713');
INSERT INTO option_choice (option_id, choice_id) VALUES ('322bbc1b-4e8d-41ae-b4f2-3466891dc809', '9b9adce4-7fc7-4ea5-8d21-3900a13e6713');
INSERT INTO option_choice (option_id, choice_id) VALUES ('b09da84d-7533-40da-b486-a820b6b7c110', '9b9adce4-7fc7-4ea5-8d21-3900a13e6713');
INSERT INTO option_choice (option_id, choice_id) VALUES ('49d1bc1f-0fd1-4dad-ab6d-b123ea13d33a', '9b9adce4-7fc7-4ea5-8d21-3900a13e6713');
INSERT INTO option_choice (option_id, choice_id) VALUES ('4bd78eb1-72bb-47fa-8b7c-4cc826f39edd', '9b9adce4-7fc7-4ea5-8d21-3900a13e6713');
INSERT INTO choice (id, questionnaire_id, interviewee_id) VALUES ('1a1e3f90-f99a-4e29-9c4a-f864b74776d4', 'b5c886d7-e86f-4083-958a-cbd232db7a84', '90b002e3-1903-4836-be7c-baf5018144b5');
INSERT INTO option_choice (option_id, choice_id) VALUES ('e9ae0eb7-ed92-45ff-8ec1-bb688c3f1bfe', '1a1e3f90-f99a-4e29-9c4a-f864b74776d4');
INSERT INTO principal (username, password) VALUES ('interviewee119', 'qwerty');
INSERT INTO interviewee (id, username, age, gender, country, marital_status) VALUES ('ec110f55-2666-4f90-8f8e-6fe62b47c1a0', 'interviewee119', 40, 'male', 'IL', 'divorced');
INSERT INTO choice (id, questionnaire_id, interviewee_id) VALUES ('1052f360-0562-4458-b8e5-290dc0c151f0', '81a3f075-1324-4e67-90a5-493fe3324435', 'ec110f55-2666-4f90-8f8e-6fe62b47c1a0');
INSERT INTO option_choice (option_id, choice_id) VALUES ('ab9020e3-a12b-46eb-97f0-79dcfaab7356', '1052f360-0562-4458-b8e5-290dc0c151f0');
INSERT INTO option_choice (option_id, choice_id) VALUES ('c0afeee2-6628-4404-bc41-32bc0a1505c5', '1052f360-0562-4458-b8e5-290dc0c151f0');
INSERT INTO choice (id, questionnaire_id, interviewee_id) VALUES ('56b75302-6ab7-405e-9158-ce61a9bb8c95', '08310229-5370-44f1-8071-5c56f92e3dc5', 'ec110f55-2666-4f90-8f8e-6fe62b47c1a0');
INSERT INTO option_choice (option_id, choice_id) VALUES ('38336259-fa95-40f4-865c-eff171ebbb80', '56b75302-6ab7-405e-9158-ce61a9bb8c95');
INSERT INTO principal (username, password) VALUES ('interviewee120', 'qwerty');
INSERT INTO interviewee (id, username, age, gender, country, marital_status) VALUES ('5c1b413c-3ebc-409b-8bde-6fce209972ae', 'interviewee120', 31, 'male', 'HU', 'married');
INSERT INTO choice (id, questionnaire_id, interviewee_id) VALUES ('d555e67b-acf8-48d7-8e40-be52ce0f4e9e', '49c46fd6-2111-4ef5-8b91-9ee67132426d', '5c1b413c-3ebc-409b-8bde-6fce209972ae');
INSERT INTO option_choice (option_id, choice_id) VALUES ('9324aa44-2cdd-4334-9eee-ab97e62258df', 'd555e67b-acf8-48d7-8e40-be52ce0f4e9e');
INSERT INTO principal (username, password) VALUES ('interviewee121', 'qwerty');
INSERT INTO interviewee (id, username, age, gender, country, marital_status) VALUES ('23def253-35dd-4030-97d3-4976bdb5503f', 'interviewee121', 28, 'female', 'HM', 'divorced');
INSERT INTO choice (id, questionnaire_id, interviewee_id) VALUES ('3c3ba4e7-670a-4af4-bbe9-c332372e4706', '49c46fd6-2111-4ef5-8b91-9ee67132426d', '23def253-35dd-4030-97d3-4976bdb5503f');
INSERT INTO option_choice (option_id, choice_id) VALUES ('0e4a5f7a-a4f3-45f1-8f7c-34efd574414b', '3c3ba4e7-670a-4af4-bbe9-c332372e4706');
INSERT INTO choice (id, questionnaire_id, interviewee_id) VALUES ('7aef402e-cafd-48a5-b27e-f68f73d51aca', '2519c51c-9863-4531-85ff-a7ddd5ea08b2', '23def253-35dd-4030-97d3-4976bdb5503f');
INSERT INTO option_choice (option_id, choice_id) VALUES ('dffcbd6b-b37a-4468-8c01-26ae752e283e', '7aef402e-cafd-48a5-b27e-f68f73d51aca');
INSERT INTO choice (id, questionnaire_id, interviewee_id) VALUES ('6b7e3f5b-0235-485a-baa3-f5fce0f6ec4e', '173a3ab0-8485-4aa4-8787-a2a4414f992e', '23def253-35dd-4030-97d3-4976bdb5503f');
INSERT INTO option_choice (option_id, choice_id) VALUES ('ce62e0a7-1873-4aa1-a448-2fad3cc888ee', '6b7e3f5b-0235-485a-baa3-f5fce0f6ec4e');
INSERT INTO option_choice (option_id, choice_id) VALUES ('a477d3c8-db0a-4572-a680-b96fd792dc75', '6b7e3f5b-0235-485a-baa3-f5fce0f6ec4e');
INSERT INTO principal (username, password) VALUES ('interviewee122', 'qwerty');
INSERT INTO interviewee (id, username, age, gender, country, marital_status) VALUES ('057e0559-7843-4702-84b2-ba6db93c04cb', 'interviewee122', 35, 'female', 'PL', 'divorced');
INSERT INTO choice (id, questionnaire_id, interviewee_id) VALUES ('87980bef-9fe7-4e59-b0b0-095e8aa31992', '173a3ab0-8485-4aa4-8787-a2a4414f992e', '057e0559-7843-4702-84b2-ba6db93c04cb');
INSERT INTO option_choice (option_id, choice_id) VALUES ('e03fcb10-1308-44a4-9ce2-e4eaf10452c1', '87980bef-9fe7-4e59-b0b0-095e8aa31992');
INSERT INTO option_choice (option_id, choice_id) VALUES ('f9a527bc-3f55-40db-b05e-d549f1801594', '87980bef-9fe7-4e59-b0b0-095e8aa31992');
INSERT INTO option_choice (option_id, choice_id) VALUES ('ce62e0a7-1873-4aa1-a448-2fad3cc888ee', '87980bef-9fe7-4e59-b0b0-095e8aa31992');
INSERT INTO option_choice (option_id, choice_id) VALUES ('bf89350f-11e0-4471-a3a1-95481edf5acd', '87980bef-9fe7-4e59-b0b0-095e8aa31992');
INSERT INTO option_choice (option_id, choice_id) VALUES ('c453fc60-b896-4f66-8dbe-cc55bc42881e', '87980bef-9fe7-4e59-b0b0-095e8aa31992');
INSERT INTO choice (id, questionnaire_id, interviewee_id) VALUES ('f324380d-d8b2-410b-8593-f012da71655e', '49c46fd6-2111-4ef5-8b91-9ee67132426d', '057e0559-7843-4702-84b2-ba6db93c04cb');
INSERT INTO option_choice (option_id, choice_id) VALUES ('1edad7c9-bfa7-40be-bc47-62530b1df2c4', 'f324380d-d8b2-410b-8593-f012da71655e');
INSERT INTO choice (id, questionnaire_id, interviewee_id) VALUES ('827d9a69-1c4b-4244-aae1-b1085f058113', '2519c51c-9863-4531-85ff-a7ddd5ea08b2', '057e0559-7843-4702-84b2-ba6db93c04cb');
INSERT INTO option_choice (option_id, choice_id) VALUES ('dffcbd6b-b37a-4468-8c01-26ae752e283e', '827d9a69-1c4b-4244-aae1-b1085f058113');
INSERT INTO principal (username, password) VALUES ('interviewee123', 'qwerty');
INSERT INTO interviewee (id, username, age, gender, country, marital_status) VALUES ('a2bb57e3-4294-411e-84ec-aadc2c3bdd09', 'interviewee123', 44, 'male', 'CW', 'divorced');
INSERT INTO choice (id, questionnaire_id, interviewee_id) VALUES ('b52a9b9b-0a70-49f3-9b25-5a5ce1436201', '747d0763-c99f-47ce-809b-b378d489a158', 'a2bb57e3-4294-411e-84ec-aadc2c3bdd09');
INSERT INTO option_choice (option_id, choice_id) VALUES ('7cc0569f-f362-4ed1-9343-6ffd1369e812', 'b52a9b9b-0a70-49f3-9b25-5a5ce1436201');
INSERT INTO option_choice (option_id, choice_id) VALUES ('2095cf98-27de-4722-93f9-2c09ae6b4ed1', 'b52a9b9b-0a70-49f3-9b25-5a5ce1436201');
INSERT INTO choice (id, questionnaire_id, interviewee_id) VALUES ('5ae382ce-84f1-4c20-9dfb-5dac8212e36f', 'c6dd214b-43b7-401f-afe6-a5ab0d2d7767', 'a2bb57e3-4294-411e-84ec-aadc2c3bdd09');
INSERT INTO option_choice (option_id, choice_id) VALUES ('c134384c-5eda-4957-9883-b965681b9fef', '5ae382ce-84f1-4c20-9dfb-5dac8212e36f');
INSERT INTO option_choice (option_id, choice_id) VALUES ('17ceef0b-83da-42ec-a82c-9090a9be74af', '5ae382ce-84f1-4c20-9dfb-5dac8212e36f');
INSERT INTO option_choice (option_id, choice_id) VALUES ('9d2a2dd1-7979-48a6-a0b7-3de8fdea75b6', '5ae382ce-84f1-4c20-9dfb-5dac8212e36f');
INSERT INTO option_choice (option_id, choice_id) VALUES ('069a6758-231c-4064-8e44-a0db84e86a21', '5ae382ce-84f1-4c20-9dfb-5dac8212e36f');
INSERT INTO principal (username, password) VALUES ('interviewee124', 'qwerty');
INSERT INTO interviewee (id, username, age, gender, country, marital_status) VALUES ('8ab60ebd-93e1-4dc1-b194-755547f3c176', 'interviewee124', 24, 'female', 'CY', 'was_not_married');
INSERT INTO choice (id, questionnaire_id, interviewee_id) VALUES ('9c8e9119-5b44-4ba8-b2d5-bdd26c6c19f2', '2519c51c-9863-4531-85ff-a7ddd5ea08b2', '8ab60ebd-93e1-4dc1-b194-755547f3c176');
INSERT INTO option_choice (option_id, choice_id) VALUES ('a3b534e4-0e3d-437c-94bf-14e57f299a2c', '9c8e9119-5b44-4ba8-b2d5-bdd26c6c19f2');
INSERT INTO choice (id, questionnaire_id, interviewee_id) VALUES ('0ac50c7a-e84c-4a5a-a87d-ecb604aed050', '4a4f7cbc-8533-42b3-923b-6b4309f53c64', '8ab60ebd-93e1-4dc1-b194-755547f3c176');
INSERT INTO option_choice (option_id, choice_id) VALUES ('9626a1a6-7214-4944-83a6-f582098c61a8', '0ac50c7a-e84c-4a5a-a87d-ecb604aed050');
INSERT INTO choice (id, questionnaire_id, interviewee_id) VALUES ('3e4a0eaa-1b99-4385-aec3-942c34256cff', '407203dd-9657-46e6-975f-3be5d664dd2a', '8ab60ebd-93e1-4dc1-b194-755547f3c176');
INSERT INTO option_choice (option_id, choice_id) VALUES ('3c882d4f-dfe1-416d-adc7-e8b41816b82e', '3e4a0eaa-1b99-4385-aec3-942c34256cff');
INSERT INTO principal (username, password) VALUES ('interviewee125', 'qwerty');
INSERT INTO interviewee (id, username, age, gender, country, marital_status) VALUES ('1d6d07cd-184d-4f96-a5a0-6f5c5474613f', 'interviewee125', 67, 'female', 'GE', 'was_not_married');
INSERT INTO choice (id, questionnaire_id, interviewee_id) VALUES ('02e21c04-3e98-4004-9ac4-6f44a2d059ed', '08310229-5370-44f1-8071-5c56f92e3dc5', '1d6d07cd-184d-4f96-a5a0-6f5c5474613f');
INSERT INTO option_choice (option_id, choice_id) VALUES ('fc94d716-ca6a-45f3-8cbb-afd6a3ea72a3', '02e21c04-3e98-4004-9ac4-6f44a2d059ed');
INSERT INTO choice (id, questionnaire_id, interviewee_id) VALUES ('93f1c709-de55-480b-adab-3dc80cb3d1eb', 'e20dbb22-091f-4137-8450-fdeaea74363f', '1d6d07cd-184d-4f96-a5a0-6f5c5474613f');
INSERT INTO option_choice (option_id, choice_id) VALUES ('ff3c7a97-70db-4404-b85b-274707745879', '93f1c709-de55-480b-adab-3dc80cb3d1eb');
INSERT INTO option_choice (option_id, choice_id) VALUES ('49d1bc1f-0fd1-4dad-ab6d-b123ea13d33a', '93f1c709-de55-480b-adab-3dc80cb3d1eb');
INSERT INTO option_choice (option_id, choice_id) VALUES ('b09da84d-7533-40da-b486-a820b6b7c110', '93f1c709-de55-480b-adab-3dc80cb3d1eb');
INSERT INTO principal (username, password) VALUES ('interviewee126', 'qwerty');
INSERT INTO interviewee (id, username, age, gender, country, marital_status) VALUES ('d83cc7cf-9188-4374-aedc-50fa162fd03a', 'interviewee126', 64, 'male', 'MN', 'married');
INSERT INTO choice (id, questionnaire_id, interviewee_id) VALUES ('959f3b6f-37ba-4dd8-a04d-648fd51d6336', '747d0763-c99f-47ce-809b-b378d489a158', 'd83cc7cf-9188-4374-aedc-50fa162fd03a');
INSERT INTO option_choice (option_id, choice_id) VALUES ('7cc0569f-f362-4ed1-9343-6ffd1369e812', '959f3b6f-37ba-4dd8-a04d-648fd51d6336');
INSERT INTO option_choice (option_id, choice_id) VALUES ('2095cf98-27de-4722-93f9-2c09ae6b4ed1', '959f3b6f-37ba-4dd8-a04d-648fd51d6336');
INSERT INTO option_choice (option_id, choice_id) VALUES ('65c86d12-f533-40f5-8dd6-10903d890b10', '959f3b6f-37ba-4dd8-a04d-648fd51d6336');
INSERT INTO choice (id, questionnaire_id, interviewee_id) VALUES ('ea19eb08-0470-466e-b71e-b37cc81a72b9', 'c6dd214b-43b7-401f-afe6-a5ab0d2d7767', 'd83cc7cf-9188-4374-aedc-50fa162fd03a');
INSERT INTO option_choice (option_id, choice_id) VALUES ('9d2a2dd1-7979-48a6-a0b7-3de8fdea75b6', 'ea19eb08-0470-466e-b71e-b37cc81a72b9');
INSERT INTO option_choice (option_id, choice_id) VALUES ('069a6758-231c-4064-8e44-a0db84e86a21', 'ea19eb08-0470-466e-b71e-b37cc81a72b9');
INSERT INTO choice (id, questionnaire_id, interviewee_id) VALUES ('319e45e2-8c2b-4553-930b-dcfb32b6f3b5', '48b4658e-bc90-4bd2-97bb-92484114dfea', 'd83cc7cf-9188-4374-aedc-50fa162fd03a');
INSERT INTO option_choice (option_id, choice_id) VALUES ('db310764-efc3-46ab-9d86-9914e34aa6cd', '319e45e2-8c2b-4553-930b-dcfb32b6f3b5');
INSERT INTO principal (username, password) VALUES ('interviewee127', 'qwerty');
INSERT INTO interviewee (id, username, age, gender, country, marital_status) VALUES ('31a9ac7b-20b1-47de-b707-07c80f84f31d', 'interviewee127', 69, 'female', 'TR', 'was_not_married');
INSERT INTO choice (id, questionnaire_id, interviewee_id) VALUES ('51c90199-2af9-424a-bb02-a0befede160d', 'aaacf497-4ae4-46e0-aa2e-27377271bafc', '31a9ac7b-20b1-47de-b707-07c80f84f31d');
INSERT INTO option_choice (option_id, choice_id) VALUES ('070ce52d-21fd-4380-9c02-d25647a035a6', '51c90199-2af9-424a-bb02-a0befede160d');
INSERT INTO choice (id, questionnaire_id, interviewee_id) VALUES ('77bb5d23-4a72-4f9e-aa1b-784d97b2746f', '81a3f075-1324-4e67-90a5-493fe3324435', '31a9ac7b-20b1-47de-b707-07c80f84f31d');
INSERT INTO option_choice (option_id, choice_id) VALUES ('ab9020e3-a12b-46eb-97f0-79dcfaab7356', '77bb5d23-4a72-4f9e-aa1b-784d97b2746f');
INSERT INTO choice (id, questionnaire_id, interviewee_id) VALUES ('08dabc50-9f76-44c8-b7b9-76aec6eb7b00', '5b0a67f5-cbf2-4fde-b526-fd512ff68e24', '31a9ac7b-20b1-47de-b707-07c80f84f31d');
INSERT INTO option_choice (option_id, choice_id) VALUES ('9340e0ac-c863-4fcf-ac40-126be2d1bfa4', '08dabc50-9f76-44c8-b7b9-76aec6eb7b00');
INSERT INTO principal (username, password) VALUES ('interviewee128', 'qwerty');
INSERT INTO interviewee (id, username, age, gender, country, marital_status) VALUES ('114de782-9d8a-4e23-b1be-f81bc288c0a7', 'interviewee128', 68, 'male', 'CF', 'divorced');
INSERT INTO choice (id, questionnaire_id, interviewee_id) VALUES ('820b88de-cf42-4217-af61-597561795fd9', 'aaacf497-4ae4-46e0-aa2e-27377271bafc', '114de782-9d8a-4e23-b1be-f81bc288c0a7');
INSERT INTO option_choice (option_id, choice_id) VALUES ('de1098e4-e0b7-4df4-890a-1958a8d5d465', '820b88de-cf42-4217-af61-597561795fd9');
INSERT INTO choice (id, questionnaire_id, interviewee_id) VALUES ('80bd35ea-38e7-408c-8842-7acf6b10e61b', '08310229-5370-44f1-8071-5c56f92e3dc5', '114de782-9d8a-4e23-b1be-f81bc288c0a7');
INSERT INTO option_choice (option_id, choice_id) VALUES ('7197ba86-c78b-43c4-bd28-4635a7094531', '80bd35ea-38e7-408c-8842-7acf6b10e61b');
INSERT INTO choice (id, questionnaire_id, interviewee_id) VALUES ('ffbe84c3-bcab-4c44-b3a2-4757f8e27f11', 'b5c886d7-e86f-4083-958a-cbd232db7a84', '114de782-9d8a-4e23-b1be-f81bc288c0a7');
INSERT INTO option_choice (option_id, choice_id) VALUES ('a446338d-133a-407b-9bd1-520fe1043ec3', 'ffbe84c3-bcab-4c44-b3a2-4757f8e27f11');
INSERT INTO principal (username, password) VALUES ('interviewee129', 'qwerty');
INSERT INTO interviewee (id, username, age, gender, country, marital_status) VALUES ('41c8aef9-54cc-46f5-b190-ae2096745757', 'interviewee129', 42, 'male', 'BH', 'divorced');
INSERT INTO choice (id, questionnaire_id, interviewee_id) VALUES ('a16b74ba-54c7-4248-8bf7-e92274072916', '407203dd-9657-46e6-975f-3be5d664dd2a', '41c8aef9-54cc-46f5-b190-ae2096745757');
INSERT INTO option_choice (option_id, choice_id) VALUES ('ee1ee86e-3cfc-4173-b109-2a69851e8943', 'a16b74ba-54c7-4248-8bf7-e92274072916');
INSERT INTO principal (username, password) VALUES ('interviewee130', 'qwerty');
INSERT INTO interviewee (id, username, age, gender, country, marital_status) VALUES ('15a3e8ad-5c4c-4d2f-a659-57d5dd71f7fd', 'interviewee130', 49, 'male', 'BQ', 'married');
INSERT INTO choice (id, questionnaire_id, interviewee_id) VALUES ('505b35c9-1104-49a3-b7fd-a626fc3c88a1', '858287c2-e494-424b-a03f-6b0a55c2fce3', '15a3e8ad-5c4c-4d2f-a659-57d5dd71f7fd');
INSERT INTO option_choice (option_id, choice_id) VALUES ('f2fd1a72-0ca7-41a6-ad15-7bc21a02fe73', '505b35c9-1104-49a3-b7fd-a626fc3c88a1');
INSERT INTO option_choice (option_id, choice_id) VALUES ('a1e55f7c-aa45-466f-86bb-0d5e262ca0bc', '505b35c9-1104-49a3-b7fd-a626fc3c88a1');
INSERT INTO option_choice (option_id, choice_id) VALUES ('59c8e6e3-5895-4f0b-ae9e-3bb455a5f6b2', '505b35c9-1104-49a3-b7fd-a626fc3c88a1');
INSERT INTO choice (id, questionnaire_id, interviewee_id) VALUES ('dae0ba56-9468-4a59-b030-c2e4750b8486', '747d0763-c99f-47ce-809b-b378d489a158', '15a3e8ad-5c4c-4d2f-a659-57d5dd71f7fd');
INSERT INTO option_choice (option_id, choice_id) VALUES ('2095cf98-27de-4722-93f9-2c09ae6b4ed1', 'dae0ba56-9468-4a59-b030-c2e4750b8486');
INSERT INTO option_choice (option_id, choice_id) VALUES ('65c86d12-f533-40f5-8dd6-10903d890b10', 'dae0ba56-9468-4a59-b030-c2e4750b8486');
INSERT INTO choice (id, questionnaire_id, interviewee_id) VALUES ('ac19bbb2-1dc0-4b75-ba58-7f35c32076b5', '2519c51c-9863-4531-85ff-a7ddd5ea08b2', '15a3e8ad-5c4c-4d2f-a659-57d5dd71f7fd');
INSERT INTO option_choice (option_id, choice_id) VALUES ('dffcbd6b-b37a-4468-8c01-26ae752e283e', 'ac19bbb2-1dc0-4b75-ba58-7f35c32076b5');
INSERT INTO principal (username, password) VALUES ('interviewee131', 'qwerty');
INSERT INTO interviewee (id, username, age, gender, country, marital_status) VALUES ('0de9f1fa-b275-4ecd-9277-b585d322e92c', 'interviewee131', 38, 'male', 'ER', 'divorced');
INSERT INTO choice (id, questionnaire_id, interviewee_id) VALUES ('eb3fb755-5a41-4fe1-a25d-5a76ebc1915e', '05e2761c-9435-4970-ad6d-245d7a696140', '0de9f1fa-b275-4ecd-9277-b585d322e92c');
INSERT INTO option_choice (option_id, choice_id) VALUES ('cd3191da-899e-4773-b914-291725c8c108', 'eb3fb755-5a41-4fe1-a25d-5a76ebc1915e');
INSERT INTO option_choice (option_id, choice_id) VALUES ('26fa513d-ade2-4822-81ac-a6d8dc123679', 'eb3fb755-5a41-4fe1-a25d-5a76ebc1915e');
INSERT INTO option_choice (option_id, choice_id) VALUES ('821d408d-9a3b-4716-a443-69cb45197037', 'eb3fb755-5a41-4fe1-a25d-5a76ebc1915e');
INSERT INTO principal (username, password) VALUES ('interviewee132', 'qwerty');
INSERT INTO interviewee (id, username, age, gender, country, marital_status) VALUES ('c0fbae2d-f7b7-4464-9340-6b4d3a4c9f0c', 'interviewee132', 49, 'male', 'LR', 'was_not_married');
INSERT INTO choice (id, questionnaire_id, interviewee_id) VALUES ('3487bfb9-1004-43aa-9959-466c8da6fc96', 'b6df4d49-3f70-4802-90cb-4ab89e24a427', 'c0fbae2d-f7b7-4464-9340-6b4d3a4c9f0c');
INSERT INTO option_choice (option_id, choice_id) VALUES ('e6e95e42-0740-4517-bc42-3de8cd9b1be2', '3487bfb9-1004-43aa-9959-466c8da6fc96');
INSERT INTO choice (id, questionnaire_id, interviewee_id) VALUES ('f47d4853-ec11-4d3c-b286-786fe4eae5cb', '858287c2-e494-424b-a03f-6b0a55c2fce3', 'c0fbae2d-f7b7-4464-9340-6b4d3a4c9f0c');
INSERT INTO option_choice (option_id, choice_id) VALUES ('a7e89931-dbca-4a6f-bdbb-b42e57f2e7f2', 'f47d4853-ec11-4d3c-b286-786fe4eae5cb');
INSERT INTO choice (id, questionnaire_id, interviewee_id) VALUES ('0ee96814-4421-4bf8-9614-ffffdf893986', '8e156ed6-1a8b-4fe6-9a58-0f7cbdd6af32', 'c0fbae2d-f7b7-4464-9340-6b4d3a4c9f0c');
INSERT INTO option_choice (option_id, choice_id) VALUES ('38f39cdf-6292-4c51-8660-f27ad61185bf', '0ee96814-4421-4bf8-9614-ffffdf893986');
INSERT INTO principal (username, password) VALUES ('interviewee133', 'qwerty');
INSERT INTO interviewee (id, username, age, gender, country, marital_status) VALUES ('323338a6-a39f-4fbd-b9bf-49c565147047', 'interviewee133', 14, 'male', 'TL', 'married');
INSERT INTO choice (id, questionnaire_id, interviewee_id) VALUES ('a06a2b6e-7c1f-4afc-aff0-34ede3d8f31a', '05e2761c-9435-4970-ad6d-245d7a696140', '323338a6-a39f-4fbd-b9bf-49c565147047');
INSERT INTO option_choice (option_id, choice_id) VALUES ('ee58bf05-12ff-45e4-b7e9-d37a70181de4', 'a06a2b6e-7c1f-4afc-aff0-34ede3d8f31a');
INSERT INTO option_choice (option_id, choice_id) VALUES ('4431f860-831f-4fdf-9dbb-76fbdb1006a1', 'a06a2b6e-7c1f-4afc-aff0-34ede3d8f31a');
INSERT INTO option_choice (option_id, choice_id) VALUES ('26fa513d-ade2-4822-81ac-a6d8dc123679', 'a06a2b6e-7c1f-4afc-aff0-34ede3d8f31a');
INSERT INTO choice (id, questionnaire_id, interviewee_id) VALUES ('dfc98b09-e4c7-4b41-af38-1c11461516dd', '08310229-5370-44f1-8071-5c56f92e3dc5', '323338a6-a39f-4fbd-b9bf-49c565147047');
INSERT INTO option_choice (option_id, choice_id) VALUES ('38336259-fa95-40f4-865c-eff171ebbb80', 'dfc98b09-e4c7-4b41-af38-1c11461516dd');
INSERT INTO choice (id, questionnaire_id, interviewee_id) VALUES ('49879fd5-52b6-4c75-8b05-49b747ec14cc', '173a3ab0-8485-4aa4-8787-a2a4414f992e', '323338a6-a39f-4fbd-b9bf-49c565147047');
INSERT INTO option_choice (option_id, choice_id) VALUES ('3f698183-af22-44ca-80c1-eb668697e9ea', '49879fd5-52b6-4c75-8b05-49b747ec14cc');
INSERT INTO principal (username, password) VALUES ('interviewee134', 'qwerty');
INSERT INTO interviewee (id, username, age, gender, country, marital_status) VALUES ('d0590707-785b-460d-a8d4-13eecc4bc1de', 'interviewee134', 41, 'female', 'VU', 'married');
INSERT INTO choice (id, questionnaire_id, interviewee_id) VALUES ('2ba14550-d9f0-4840-810b-4bb3b4b77bd8', '08310229-5370-44f1-8071-5c56f92e3dc5', 'd0590707-785b-460d-a8d4-13eecc4bc1de');
INSERT INTO option_choice (option_id, choice_id) VALUES ('7197ba86-c78b-43c4-bd28-4635a7094531', '2ba14550-d9f0-4840-810b-4bb3b4b77bd8');
INSERT INTO choice (id, questionnaire_id, interviewee_id) VALUES ('5331ad7e-bfb6-4cb5-99f7-827cb7ecbe84', 'b6df4d49-3f70-4802-90cb-4ab89e24a427', 'd0590707-785b-460d-a8d4-13eecc4bc1de');
INSERT INTO option_choice (option_id, choice_id) VALUES ('30116571-ddf9-48c0-86a4-98a75a2078ee', '5331ad7e-bfb6-4cb5-99f7-827cb7ecbe84');
INSERT INTO choice (id, questionnaire_id, interviewee_id) VALUES ('3ecbcc2e-938e-4268-b3db-c343f7d142f8', '5b0a67f5-cbf2-4fde-b526-fd512ff68e24', 'd0590707-785b-460d-a8d4-13eecc4bc1de');
INSERT INTO option_choice (option_id, choice_id) VALUES ('a8cdd5b8-35f3-4a35-a54f-11129d88f64d', '3ecbcc2e-938e-4268-b3db-c343f7d142f8');
INSERT INTO principal (username, password) VALUES ('interviewee135', 'qwerty');
INSERT INTO interviewee (id, username, age, gender, country, marital_status) VALUES ('80a338e9-5c50-4ccc-8d02-fa1c413880f9', 'interviewee135', 48, 'male', 'JE', 'was_not_married');
INSERT INTO choice (id, questionnaire_id, interviewee_id) VALUES ('abf25744-0098-4457-afda-b20d1a7dfa65', '4a4f7cbc-8533-42b3-923b-6b4309f53c64', '80a338e9-5c50-4ccc-8d02-fa1c413880f9');
INSERT INTO option_choice (option_id, choice_id) VALUES ('3372ec3f-fffa-472e-ac84-938ef71e30be', 'abf25744-0098-4457-afda-b20d1a7dfa65');
INSERT INTO choice (id, questionnaire_id, interviewee_id) VALUES ('56cd4b23-1990-4d9c-84c9-6a977199220c', '858287c2-e494-424b-a03f-6b0a55c2fce3', '80a338e9-5c50-4ccc-8d02-fa1c413880f9');
INSERT INTO option_choice (option_id, choice_id) VALUES ('a7e89931-dbca-4a6f-bdbb-b42e57f2e7f2', '56cd4b23-1990-4d9c-84c9-6a977199220c');
INSERT INTO principal (username, password) VALUES ('interviewee136', 'qwerty');
INSERT INTO interviewee (id, username, age, gender, country, marital_status) VALUES ('c6203c0f-96d9-496b-8b68-f3638390506c', 'interviewee136', 29, 'female', 'NI', 'was_not_married');
INSERT INTO choice (id, questionnaire_id, interviewee_id) VALUES ('47891ce3-d75e-426d-89cc-a6547ef993cb', 'b6df4d49-3f70-4802-90cb-4ab89e24a427', 'c6203c0f-96d9-496b-8b68-f3638390506c');
INSERT INTO option_choice (option_id, choice_id) VALUES ('e6e95e42-0740-4517-bc42-3de8cd9b1be2', '47891ce3-d75e-426d-89cc-a6547ef993cb');
INSERT INTO choice (id, questionnaire_id, interviewee_id) VALUES ('a3d32a3b-b933-4a0f-9ebc-796e5501956d', '05e2761c-9435-4970-ad6d-245d7a696140', 'c6203c0f-96d9-496b-8b68-f3638390506c');
INSERT INTO option_choice (option_id, choice_id) VALUES ('ee58bf05-12ff-45e4-b7e9-d37a70181de4', 'a3d32a3b-b933-4a0f-9ebc-796e5501956d');
INSERT INTO option_choice (option_id, choice_id) VALUES ('4431f860-831f-4fdf-9dbb-76fbdb1006a1', 'a3d32a3b-b933-4a0f-9ebc-796e5501956d');
INSERT INTO option_choice (option_id, choice_id) VALUES ('cd3191da-899e-4773-b914-291725c8c108', 'a3d32a3b-b933-4a0f-9ebc-796e5501956d');
INSERT INTO option_choice (option_id, choice_id) VALUES ('26fa513d-ade2-4822-81ac-a6d8dc123679', 'a3d32a3b-b933-4a0f-9ebc-796e5501956d');
INSERT INTO option_choice (option_id, choice_id) VALUES ('821d408d-9a3b-4716-a443-69cb45197037', 'a3d32a3b-b933-4a0f-9ebc-796e5501956d');
INSERT INTO principal (username, password) VALUES ('interviewee137', 'qwerty');
INSERT INTO interviewee (id, username, age, gender, country, marital_status) VALUES ('e710937a-5335-424d-9189-8102bbfcf61a', 'interviewee137', 58, 'female', 'SB', 'divorced');
INSERT INTO choice (id, questionnaire_id, interviewee_id) VALUES ('a527249f-2211-402f-bc5e-ca2111760ba3', '407203dd-9657-46e6-975f-3be5d664dd2a', 'e710937a-5335-424d-9189-8102bbfcf61a');
INSERT INTO option_choice (option_id, choice_id) VALUES ('ee1ee86e-3cfc-4173-b109-2a69851e8943', 'a527249f-2211-402f-bc5e-ca2111760ba3');
INSERT INTO principal (username, password) VALUES ('interviewee138', 'qwerty');
INSERT INTO interviewee (id, username, age, gender, country, marital_status) VALUES ('abe885ac-0bdb-47e9-b16f-886221b8a24c', 'interviewee138', 26, 'male', 'BQ', 'divorced');
INSERT INTO choice (id, questionnaire_id, interviewee_id) VALUES ('d3c923a8-3d16-4445-aaf2-09078cb351f0', 'b5c886d7-e86f-4083-958a-cbd232db7a84', 'abe885ac-0bdb-47e9-b16f-886221b8a24c');
INSERT INTO option_choice (option_id, choice_id) VALUES ('bbe6d273-ce07-449f-a3eb-96165f0d7b7d', 'd3c923a8-3d16-4445-aaf2-09078cb351f0');
INSERT INTO principal (username, password) VALUES ('interviewee139', 'qwerty');
INSERT INTO interviewee (id, username, age, gender, country, marital_status) VALUES ('31698b53-14cc-4951-ab7a-dcc68d68285e', 'interviewee139', 57, 'female', 'ER', 'was_not_married');
INSERT INTO choice (id, questionnaire_id, interviewee_id) VALUES ('ca0cef5c-adbc-46fd-a550-0dd10137dd9b', 'e4d0ba66-5e11-433c-8243-4d890cceaf69', '31698b53-14cc-4951-ab7a-dcc68d68285e');
INSERT INTO option_choice (option_id, choice_id) VALUES ('7cfec70e-33b3-4c68-9c38-38cf292cd0f9', 'ca0cef5c-adbc-46fd-a550-0dd10137dd9b');
INSERT INTO option_choice (option_id, choice_id) VALUES ('cb637eae-3b8f-4d17-81fb-9b271857e55c', 'ca0cef5c-adbc-46fd-a550-0dd10137dd9b');
INSERT INTO choice (id, questionnaire_id, interviewee_id) VALUES ('0348ff26-aeef-42d4-9ad9-6abe12445d0e', 'b5c886d7-e86f-4083-958a-cbd232db7a84', '31698b53-14cc-4951-ab7a-dcc68d68285e');
INSERT INTO option_choice (option_id, choice_id) VALUES ('b3fef8ac-34c1-4143-a4bd-73c39cbbac53', '0348ff26-aeef-42d4-9ad9-6abe12445d0e');
INSERT INTO principal (username, password) VALUES ('interviewee140', 'qwerty');
INSERT INTO interviewee (id, username, age, gender, country, marital_status) VALUES ('9721d75c-29cd-472a-864c-15e76048f694', 'interviewee140', 39, 'female', 'NO', 'divorced');
INSERT INTO choice (id, questionnaire_id, interviewee_id) VALUES ('89199c0f-6ff3-47fa-ba6b-33c7d6ce25ab', '51436662-4eca-40ce-b552-b1c7486cf609', '9721d75c-29cd-472a-864c-15e76048f694');
INSERT INTO option_choice (option_id, choice_id) VALUES ('e4c4b240-61c9-4253-a93b-9a7768fbfe3f', '89199c0f-6ff3-47fa-ba6b-33c7d6ce25ab');
INSERT INTO choice (id, questionnaire_id, interviewee_id) VALUES ('b519cf25-6756-43dd-824e-2cd53e7f8136', 'aaacf497-4ae4-46e0-aa2e-27377271bafc', '9721d75c-29cd-472a-864c-15e76048f694');
INSERT INTO option_choice (option_id, choice_id) VALUES ('de1098e4-e0b7-4df4-890a-1958a8d5d465', 'b519cf25-6756-43dd-824e-2cd53e7f8136');
INSERT INTO principal (username, password) VALUES ('interviewee141', 'qwerty');
INSERT INTO interviewee (id, username, age, gender, country, marital_status) VALUES ('7f7ac1fe-9257-48af-baff-4c8aeb26d07b', 'interviewee141', 35, 'male', 'JO', 'was_not_married');
INSERT INTO choice (id, questionnaire_id, interviewee_id) VALUES ('a18f3f67-ef25-4379-aa31-bc41e064c0c9', '173a3ab0-8485-4aa4-8787-a2a4414f992e', '7f7ac1fe-9257-48af-baff-4c8aeb26d07b');
INSERT INTO option_choice (option_id, choice_id) VALUES ('bf89350f-11e0-4471-a3a1-95481edf5acd', 'a18f3f67-ef25-4379-aa31-bc41e064c0c9');
INSERT INTO choice (id, questionnaire_id, interviewee_id) VALUES ('e656ef24-510d-4e52-a356-048083edd654', '5b0a67f5-cbf2-4fde-b526-fd512ff68e24', '7f7ac1fe-9257-48af-baff-4c8aeb26d07b');
INSERT INTO option_choice (option_id, choice_id) VALUES ('7dc1dfe8-a039-4c2a-a601-d1bc81a3e459', 'e656ef24-510d-4e52-a356-048083edd654');
INSERT INTO principal (username, password) VALUES ('interviewee142', 'qwerty');
INSERT INTO interviewee (id, username, age, gender, country, marital_status) VALUES ('e4e1f2fd-d269-453d-8e7d-c8d0939c4ac0', 'interviewee142', 19, 'male', 'GE', 'married');
INSERT INTO choice (id, questionnaire_id, interviewee_id) VALUES ('d10723d0-b6ab-4db5-87cc-c431c7888a9a', '51436662-4eca-40ce-b552-b1c7486cf609', 'e4e1f2fd-d269-453d-8e7d-c8d0939c4ac0');
INSERT INTO option_choice (option_id, choice_id) VALUES ('259215cc-47cc-4165-befd-cf997b4aaf7e', 'd10723d0-b6ab-4db5-87cc-c431c7888a9a');
INSERT INTO choice (id, questionnaire_id, interviewee_id) VALUES ('08392909-8140-4709-ba51-3909716bdfbd', 'e4d0ba66-5e11-433c-8243-4d890cceaf69', 'e4e1f2fd-d269-453d-8e7d-c8d0939c4ac0');
INSERT INTO option_choice (option_id, choice_id) VALUES ('7cfec70e-33b3-4c68-9c38-38cf292cd0f9', '08392909-8140-4709-ba51-3909716bdfbd');
INSERT INTO principal (username, password) VALUES ('interviewee143', 'qwerty');
INSERT INTO interviewee (id, username, age, gender, country, marital_status) VALUES ('c00da9b0-651d-4b66-9e3d-d0147731a7d7', 'interviewee143', 48, 'female', 'VA', 'married');
INSERT INTO choice (id, questionnaire_id, interviewee_id) VALUES ('263deeed-37e2-4913-b878-7f4fc2fd727a', '08310229-5370-44f1-8071-5c56f92e3dc5', 'c00da9b0-651d-4b66-9e3d-d0147731a7d7');
INSERT INTO option_choice (option_id, choice_id) VALUES ('996311da-bd48-491d-b381-d19b001465c4', '263deeed-37e2-4913-b878-7f4fc2fd727a');
INSERT INTO choice (id, questionnaire_id, interviewee_id) VALUES ('d045684a-61ba-4c78-9c5a-064ebbef4423', '2519c51c-9863-4531-85ff-a7ddd5ea08b2', 'c00da9b0-651d-4b66-9e3d-d0147731a7d7');
INSERT INTO option_choice (option_id, choice_id) VALUES ('dffcbd6b-b37a-4468-8c01-26ae752e283e', 'd045684a-61ba-4c78-9c5a-064ebbef4423');
INSERT INTO choice (id, questionnaire_id, interviewee_id) VALUES ('9b3bfd38-a5ce-49a4-a926-3b7aa5eaf143', '858287c2-e494-424b-a03f-6b0a55c2fce3', 'c00da9b0-651d-4b66-9e3d-d0147731a7d7');
INSERT INTO option_choice (option_id, choice_id) VALUES ('a1e55f7c-aa45-466f-86bb-0d5e262ca0bc', '9b3bfd38-a5ce-49a4-a926-3b7aa5eaf143');
INSERT INTO option_choice (option_id, choice_id) VALUES ('f2fd1a72-0ca7-41a6-ad15-7bc21a02fe73', '9b3bfd38-a5ce-49a4-a926-3b7aa5eaf143');
INSERT INTO principal (username, password) VALUES ('interviewee144', 'qwerty');
INSERT INTO interviewee (id, username, age, gender, country, marital_status) VALUES ('93eb8298-211a-447a-b757-355f1603a6e8', 'interviewee144', 55, 'female', 'TK', 'was_not_married');
INSERT INTO choice (id, questionnaire_id, interviewee_id) VALUES ('a2b9ad5a-9a27-4607-8285-ea11dffcb76c', '173a3ab0-8485-4aa4-8787-a2a4414f992e', '93eb8298-211a-447a-b757-355f1603a6e8');
INSERT INTO option_choice (option_id, choice_id) VALUES ('3c8e0934-801c-4afd-98de-7aaf263889f6', 'a2b9ad5a-9a27-4607-8285-ea11dffcb76c');
INSERT INTO option_choice (option_id, choice_id) VALUES ('a477d3c8-db0a-4572-a680-b96fd792dc75', 'a2b9ad5a-9a27-4607-8285-ea11dffcb76c');
INSERT INTO option_choice (option_id, choice_id) VALUES ('ce62e0a7-1873-4aa1-a448-2fad3cc888ee', 'a2b9ad5a-9a27-4607-8285-ea11dffcb76c');
INSERT INTO option_choice (option_id, choice_id) VALUES ('c453fc60-b896-4f66-8dbe-cc55bc42881e', 'a2b9ad5a-9a27-4607-8285-ea11dffcb76c');
INSERT INTO option_choice (option_id, choice_id) VALUES ('e03fcb10-1308-44a4-9ce2-e4eaf10452c1', 'a2b9ad5a-9a27-4607-8285-ea11dffcb76c');
INSERT INTO option_choice (option_id, choice_id) VALUES ('f9a527bc-3f55-40db-b05e-d549f1801594', 'a2b9ad5a-9a27-4607-8285-ea11dffcb76c');
INSERT INTO choice (id, questionnaire_id, interviewee_id) VALUES ('b945f6b0-564e-40bc-a6dc-22fbf02eb8bf', '8e156ed6-1a8b-4fe6-9a58-0f7cbdd6af32', '93eb8298-211a-447a-b757-355f1603a6e8');
INSERT INTO option_choice (option_id, choice_id) VALUES ('358a2bcc-fa9d-4ee1-915b-f4d44b5896ff', 'b945f6b0-564e-40bc-a6dc-22fbf02eb8bf');
INSERT INTO choice (id, questionnaire_id, interviewee_id) VALUES ('35504e5f-728d-40d1-9cc3-032d0312e62b', '08310229-5370-44f1-8071-5c56f92e3dc5', '93eb8298-211a-447a-b757-355f1603a6e8');
INSERT INTO option_choice (option_id, choice_id) VALUES ('996311da-bd48-491d-b381-d19b001465c4', '35504e5f-728d-40d1-9cc3-032d0312e62b');
INSERT INTO principal (username, password) VALUES ('interviewee145', 'qwerty');
INSERT INTO interviewee (id, username, age, gender, country, marital_status) VALUES ('b1065baf-ad50-4b69-ba93-6a0889bd18d1', 'interviewee145', 63, 'female', 'UM', 'married');
INSERT INTO choice (id, questionnaire_id, interviewee_id) VALUES ('fadacf1a-665f-4da6-a88c-736be82130fc', '48b4658e-bc90-4bd2-97bb-92484114dfea', 'b1065baf-ad50-4b69-ba93-6a0889bd18d1');
INSERT INTO option_choice (option_id, choice_id) VALUES ('5a5b3a6f-7875-401c-8d0b-e9c8b854b985', 'fadacf1a-665f-4da6-a88c-736be82130fc');
INSERT INTO choice (id, questionnaire_id, interviewee_id) VALUES ('ce11cab9-0a57-4214-ac83-da1a65cbd934', '81a3f075-1324-4e67-90a5-493fe3324435', 'b1065baf-ad50-4b69-ba93-6a0889bd18d1');
INSERT INTO option_choice (option_id, choice_id) VALUES ('a1737a4b-bfa2-4208-a103-ca4bea3afaaf', 'ce11cab9-0a57-4214-ac83-da1a65cbd934');
INSERT INTO option_choice (option_id, choice_id) VALUES ('7b2bd172-1566-440a-81d8-f9b2fb43f8fc', 'ce11cab9-0a57-4214-ac83-da1a65cbd934');
INSERT INTO option_choice (option_id, choice_id) VALUES ('a0eef1f9-547a-4823-b7e0-bb52d6891f8f', 'ce11cab9-0a57-4214-ac83-da1a65cbd934');
INSERT INTO choice (id, questionnaire_id, interviewee_id) VALUES ('44849425-0223-470c-bac4-afbb1798516c', '858287c2-e494-424b-a03f-6b0a55c2fce3', 'b1065baf-ad50-4b69-ba93-6a0889bd18d1');
INSERT INTO option_choice (option_id, choice_id) VALUES ('a7e89931-dbca-4a6f-bdbb-b42e57f2e7f2', '44849425-0223-470c-bac4-afbb1798516c');
INSERT INTO option_choice (option_id, choice_id) VALUES ('f2fd1a72-0ca7-41a6-ad15-7bc21a02fe73', '44849425-0223-470c-bac4-afbb1798516c');
INSERT INTO principal (username, password) VALUES ('interviewee146', 'qwerty');
INSERT INTO interviewee (id, username, age, gender, country, marital_status) VALUES ('c80d08fe-86cc-471f-b619-700eef285997', 'interviewee146', 55, 'female', 'AS', 'was_not_married');
INSERT INTO choice (id, questionnaire_id, interviewee_id) VALUES ('f8dfe67a-48ce-4839-b2f4-b1f844fb5b31', '08310229-5370-44f1-8071-5c56f92e3dc5', 'c80d08fe-86cc-471f-b619-700eef285997');
INSERT INTO option_choice (option_id, choice_id) VALUES ('38336259-fa95-40f4-865c-eff171ebbb80', 'f8dfe67a-48ce-4839-b2f4-b1f844fb5b31');
INSERT INTO principal (username, password) VALUES ('interviewee147', 'qwerty');
INSERT INTO interviewee (id, username, age, gender, country, marital_status) VALUES ('e0a03af4-0537-447b-bb25-a41cc227e39f', 'interviewee147', 32, 'female', 'GD', 'was_not_married');
INSERT INTO choice (id, questionnaire_id, interviewee_id) VALUES ('51a0d5b6-020b-49ae-be4c-10d9d6c7bacd', 'b6df4d49-3f70-4802-90cb-4ab89e24a427', 'e0a03af4-0537-447b-bb25-a41cc227e39f');
INSERT INTO option_choice (option_id, choice_id) VALUES ('e6e95e42-0740-4517-bc42-3de8cd9b1be2', '51a0d5b6-020b-49ae-be4c-10d9d6c7bacd');
INSERT INTO choice (id, questionnaire_id, interviewee_id) VALUES ('808b0ca7-5457-45c0-8d1d-7e8a5fd3c212', 'b5c886d7-e86f-4083-958a-cbd232db7a84', 'e0a03af4-0537-447b-bb25-a41cc227e39f');
INSERT INTO option_choice (option_id, choice_id) VALUES ('c7575671-3918-48d7-bc48-356ad1dd79e9', '808b0ca7-5457-45c0-8d1d-7e8a5fd3c212');
INSERT INTO principal (username, password) VALUES ('interviewee148', 'qwerty');
INSERT INTO interviewee (id, username, age, gender, country, marital_status) VALUES ('d7446359-091d-442e-b568-de6ba0c2de6e', 'interviewee148', 50, 'female', 'SK', 'married');
INSERT INTO choice (id, questionnaire_id, interviewee_id) VALUES ('90cf8b20-4adb-433a-9c7d-b264155cb2b4', '747d0763-c99f-47ce-809b-b378d489a158', 'd7446359-091d-442e-b568-de6ba0c2de6e');
INSERT INTO option_choice (option_id, choice_id) VALUES ('7cc0569f-f362-4ed1-9343-6ffd1369e812', '90cf8b20-4adb-433a-9c7d-b264155cb2b4');
INSERT INTO choice (id, questionnaire_id, interviewee_id) VALUES ('95718283-428e-4db2-87db-de9886db0c2f', '858287c2-e494-424b-a03f-6b0a55c2fce3', 'd7446359-091d-442e-b568-de6ba0c2de6e');
INSERT INTO option_choice (option_id, choice_id) VALUES ('f2fd1a72-0ca7-41a6-ad15-7bc21a02fe73', '95718283-428e-4db2-87db-de9886db0c2f');
INSERT INTO option_choice (option_id, choice_id) VALUES ('a1e55f7c-aa45-466f-86bb-0d5e262ca0bc', '95718283-428e-4db2-87db-de9886db0c2f');
INSERT INTO option_choice (option_id, choice_id) VALUES ('59c8e6e3-5895-4f0b-ae9e-3bb455a5f6b2', '95718283-428e-4db2-87db-de9886db0c2f');
INSERT INTO option_choice (option_id, choice_id) VALUES ('a7e89931-dbca-4a6f-bdbb-b42e57f2e7f2', '95718283-428e-4db2-87db-de9886db0c2f');
INSERT INTO choice (id, questionnaire_id, interviewee_id) VALUES ('b99e6017-c9d5-48f7-bbf7-b52837cb050f', '08310229-5370-44f1-8071-5c56f92e3dc5', 'd7446359-091d-442e-b568-de6ba0c2de6e');
INSERT INTO option_choice (option_id, choice_id) VALUES ('996311da-bd48-491d-b381-d19b001465c4', 'b99e6017-c9d5-48f7-bbf7-b52837cb050f');
INSERT INTO principal (username, password) VALUES ('interviewee149', 'qwerty');
INSERT INTO interviewee (id, username, age, gender, country, marital_status) VALUES ('bbde410e-8cf0-4c57-b92a-615e32b8e9be', 'interviewee149', 39, 'male', 'CY', 'was_not_married');
INSERT INTO choice (id, questionnaire_id, interviewee_id) VALUES ('89ec9674-592e-4a20-827e-c3e097300766', '2519c51c-9863-4531-85ff-a7ddd5ea08b2', 'bbde410e-8cf0-4c57-b92a-615e32b8e9be');
INSERT INTO option_choice (option_id, choice_id) VALUES ('b2ff87be-cdaa-4b83-bb9c-9946660ea8b8', '89ec9674-592e-4a20-827e-c3e097300766');
INSERT INTO principal (username, password) VALUES ('interviewee150', 'qwerty');
INSERT INTO interviewee (id, username, age, gender, country, marital_status) VALUES ('aa823cd5-3c5d-4c10-86e5-2a4b2b2c2aa2', 'interviewee150', 54, 'female', 'GW', 'divorced');
INSERT INTO choice (id, questionnaire_id, interviewee_id) VALUES ('7cf1583e-fa47-478d-97ec-c723f648b3ec', '05e2761c-9435-4970-ad6d-245d7a696140', 'aa823cd5-3c5d-4c10-86e5-2a4b2b2c2aa2');
INSERT INTO option_choice (option_id, choice_id) VALUES ('26fa513d-ade2-4822-81ac-a6d8dc123679', '7cf1583e-fa47-478d-97ec-c723f648b3ec');
INSERT INTO option_choice (option_id, choice_id) VALUES ('ee58bf05-12ff-45e4-b7e9-d37a70181de4', '7cf1583e-fa47-478d-97ec-c723f648b3ec');
INSERT INTO option_choice (option_id, choice_id) VALUES ('cd3191da-899e-4773-b914-291725c8c108', '7cf1583e-fa47-478d-97ec-c723f648b3ec');
INSERT INTO principal (username, password) VALUES ('interviewee151', 'qwerty');
INSERT INTO interviewee (id, username, age, gender, country, marital_status) VALUES ('35c8aaf2-f4ef-424a-a109-756f97be1ba5', 'interviewee151', 68, 'female', 'IE', 'married');
INSERT INTO choice (id, questionnaire_id, interviewee_id) VALUES ('dd285079-966a-4c2a-a99b-d88a8779ba99', '173a3ab0-8485-4aa4-8787-a2a4414f992e', '35c8aaf2-f4ef-424a-a109-756f97be1ba5');
INSERT INTO option_choice (option_id, choice_id) VALUES ('ce62e0a7-1873-4aa1-a448-2fad3cc888ee', 'dd285079-966a-4c2a-a99b-d88a8779ba99');
INSERT INTO option_choice (option_id, choice_id) VALUES ('a477d3c8-db0a-4572-a680-b96fd792dc75', 'dd285079-966a-4c2a-a99b-d88a8779ba99');
INSERT INTO option_choice (option_id, choice_id) VALUES ('e03fcb10-1308-44a4-9ce2-e4eaf10452c1', 'dd285079-966a-4c2a-a99b-d88a8779ba99');
INSERT INTO choice (id, questionnaire_id, interviewee_id) VALUES ('7d341658-353c-4693-9905-f81f8def55ba', '08310229-5370-44f1-8071-5c56f92e3dc5', '35c8aaf2-f4ef-424a-a109-756f97be1ba5');
INSERT INTO option_choice (option_id, choice_id) VALUES ('fc94d716-ca6a-45f3-8cbb-afd6a3ea72a3', '7d341658-353c-4693-9905-f81f8def55ba');
INSERT INTO choice (id, questionnaire_id, interviewee_id) VALUES ('73d43ef3-ed28-4831-a5fc-29fe5afe3fcb', '8e156ed6-1a8b-4fe6-9a58-0f7cbdd6af32', '35c8aaf2-f4ef-424a-a109-756f97be1ba5');
INSERT INTO option_choice (option_id, choice_id) VALUES ('0628ee4c-c0ee-4de7-be13-535fe01fb064', '73d43ef3-ed28-4831-a5fc-29fe5afe3fcb');
INSERT INTO principal (username, password) VALUES ('interviewee152', 'qwerty');
INSERT INTO interviewee (id, username, age, gender, country, marital_status) VALUES ('edb0e560-31f4-4c45-b06f-132afad30f62', 'interviewee152', 27, 'male', 'BH', 'was_not_married');
INSERT INTO choice (id, questionnaire_id, interviewee_id) VALUES ('ec87557b-c103-4d44-9473-1f34c6d9c3e8', 'c6dd214b-43b7-401f-afe6-a5ab0d2d7767', 'edb0e560-31f4-4c45-b06f-132afad30f62');
INSERT INTO option_choice (option_id, choice_id) VALUES ('9d2a2dd1-7979-48a6-a0b7-3de8fdea75b6', 'ec87557b-c103-4d44-9473-1f34c6d9c3e8');
INSERT INTO option_choice (option_id, choice_id) VALUES ('069a6758-231c-4064-8e44-a0db84e86a21', 'ec87557b-c103-4d44-9473-1f34c6d9c3e8');
INSERT INTO option_choice (option_id, choice_id) VALUES ('c134384c-5eda-4957-9883-b965681b9fef', 'ec87557b-c103-4d44-9473-1f34c6d9c3e8');
INSERT INTO choice (id, questionnaire_id, interviewee_id) VALUES ('f3c27bc6-a293-44f9-a679-a7478939eaae', '8e156ed6-1a8b-4fe6-9a58-0f7cbdd6af32', 'edb0e560-31f4-4c45-b06f-132afad30f62');
INSERT INTO option_choice (option_id, choice_id) VALUES ('8518e149-5509-4398-b925-19d41cf70cb2', 'f3c27bc6-a293-44f9-a679-a7478939eaae');
INSERT INTO principal (username, password) VALUES ('interviewee153', 'qwerty');
INSERT INTO interviewee (id, username, age, gender, country, marital_status) VALUES ('5cd2be1f-8a9a-43c2-b1aa-21811904c20f', 'interviewee153', 26, 'female', 'JE', 'divorced');
INSERT INTO choice (id, questionnaire_id, interviewee_id) VALUES ('4118a288-5495-4ce1-9f9b-e760a9a2f48c', '51436662-4eca-40ce-b552-b1c7486cf609', '5cd2be1f-8a9a-43c2-b1aa-21811904c20f');
INSERT INTO option_choice (option_id, choice_id) VALUES ('259215cc-47cc-4165-befd-cf997b4aaf7e', '4118a288-5495-4ce1-9f9b-e760a9a2f48c');
INSERT INTO principal (username, password) VALUES ('interviewee154', 'qwerty');
INSERT INTO interviewee (id, username, age, gender, country, marital_status) VALUES ('833f70f9-6b94-491f-89fa-8c9b8e68ce9f', 'interviewee154', 21, 'male', 'AF', 'divorced');
INSERT INTO choice (id, questionnaire_id, interviewee_id) VALUES ('5ac0bdf3-aacd-4ada-9b1f-3b127ee249ac', '747d0763-c99f-47ce-809b-b378d489a158', '833f70f9-6b94-491f-89fa-8c9b8e68ce9f');
INSERT INTO option_choice (option_id, choice_id) VALUES ('2095cf98-27de-4722-93f9-2c09ae6b4ed1', '5ac0bdf3-aacd-4ada-9b1f-3b127ee249ac');
INSERT INTO choice (id, questionnaire_id, interviewee_id) VALUES ('73cccbbe-c5b5-4466-8d70-2101602a7f33', '173a3ab0-8485-4aa4-8787-a2a4414f992e', '833f70f9-6b94-491f-89fa-8c9b8e68ce9f');
INSERT INTO option_choice (option_id, choice_id) VALUES ('a477d3c8-db0a-4572-a680-b96fd792dc75', '73cccbbe-c5b5-4466-8d70-2101602a7f33');
INSERT INTO option_choice (option_id, choice_id) VALUES ('ce62e0a7-1873-4aa1-a448-2fad3cc888ee', '73cccbbe-c5b5-4466-8d70-2101602a7f33');
INSERT INTO option_choice (option_id, choice_id) VALUES ('f9a527bc-3f55-40db-b05e-d549f1801594', '73cccbbe-c5b5-4466-8d70-2101602a7f33');
INSERT INTO option_choice (option_id, choice_id) VALUES ('bf89350f-11e0-4471-a3a1-95481edf5acd', '73cccbbe-c5b5-4466-8d70-2101602a7f33');
INSERT INTO option_choice (option_id, choice_id) VALUES ('e03fcb10-1308-44a4-9ce2-e4eaf10452c1', '73cccbbe-c5b5-4466-8d70-2101602a7f33');
INSERT INTO principal (username, password) VALUES ('interviewee155', 'qwerty');
INSERT INTO interviewee (id, username, age, gender, country, marital_status) VALUES ('ae6756d8-a8dc-4f43-bdde-b269a19566b3', 'interviewee155', 27, 'male', 'BN', 'married');
INSERT INTO choice (id, questionnaire_id, interviewee_id) VALUES ('77f8ab45-91f2-415e-8d39-f16b973159ca', '8e156ed6-1a8b-4fe6-9a58-0f7cbdd6af32', 'ae6756d8-a8dc-4f43-bdde-b269a19566b3');
INSERT INTO option_choice (option_id, choice_id) VALUES ('0628ee4c-c0ee-4de7-be13-535fe01fb064', '77f8ab45-91f2-415e-8d39-f16b973159ca');
INSERT INTO choice (id, questionnaire_id, interviewee_id) VALUES ('586390bc-7b1e-4eac-8125-b0e4ace7b96c', '05e2761c-9435-4970-ad6d-245d7a696140', 'ae6756d8-a8dc-4f43-bdde-b269a19566b3');
INSERT INTO option_choice (option_id, choice_id) VALUES ('26fa513d-ade2-4822-81ac-a6d8dc123679', '586390bc-7b1e-4eac-8125-b0e4ace7b96c');
INSERT INTO option_choice (option_id, choice_id) VALUES ('cd3191da-899e-4773-b914-291725c8c108', '586390bc-7b1e-4eac-8125-b0e4ace7b96c');
INSERT INTO option_choice (option_id, choice_id) VALUES ('4431f860-831f-4fdf-9dbb-76fbdb1006a1', '586390bc-7b1e-4eac-8125-b0e4ace7b96c');
INSERT INTO choice (id, questionnaire_id, interviewee_id) VALUES ('64348eef-266a-4e36-8ba2-25d86a927063', '407203dd-9657-46e6-975f-3be5d664dd2a', 'ae6756d8-a8dc-4f43-bdde-b269a19566b3');
INSERT INTO option_choice (option_id, choice_id) VALUES ('ee1ee86e-3cfc-4173-b109-2a69851e8943', '64348eef-266a-4e36-8ba2-25d86a927063');
INSERT INTO principal (username, password) VALUES ('interviewee156', 'qwerty');
INSERT INTO interviewee (id, username, age, gender, country, marital_status) VALUES ('ae0ab394-9886-4251-8400-a27fd04a6030', 'interviewee156', 40, 'male', 'PN', 'was_not_married');
INSERT INTO choice (id, questionnaire_id, interviewee_id) VALUES ('ea395636-ecbe-45ac-bee3-71a5dfaaafba', 'b6df4d49-3f70-4802-90cb-4ab89e24a427', 'ae0ab394-9886-4251-8400-a27fd04a6030');
INSERT INTO option_choice (option_id, choice_id) VALUES ('77609489-aa8b-4a3f-960d-ae51ced640c1', 'ea395636-ecbe-45ac-bee3-71a5dfaaafba');
INSERT INTO principal (username, password) VALUES ('interviewee157', 'qwerty');
INSERT INTO interviewee (id, username, age, gender, country, marital_status) VALUES ('f55219ab-fe21-47d4-b879-4d7da5135913', 'interviewee157', 64, 'female', 'KG', 'was_not_married');
INSERT INTO choice (id, questionnaire_id, interviewee_id) VALUES ('afd863e2-f634-4907-a437-ee9b2b43f9c4', '4a4f7cbc-8533-42b3-923b-6b4309f53c64', 'f55219ab-fe21-47d4-b879-4d7da5135913');
INSERT INTO option_choice (option_id, choice_id) VALUES ('655a67a1-3c81-4e22-99c2-2b849fa8c564', 'afd863e2-f634-4907-a437-ee9b2b43f9c4');
INSERT INTO choice (id, questionnaire_id, interviewee_id) VALUES ('1391319d-3705-414f-ad49-f81f39221c38', '81a3f075-1324-4e67-90a5-493fe3324435', 'f55219ab-fe21-47d4-b879-4d7da5135913');
INSERT INTO option_choice (option_id, choice_id) VALUES ('7b2bd172-1566-440a-81d8-f9b2fb43f8fc', '1391319d-3705-414f-ad49-f81f39221c38');
INSERT INTO option_choice (option_id, choice_id) VALUES ('ab9020e3-a12b-46eb-97f0-79dcfaab7356', '1391319d-3705-414f-ad49-f81f39221c38');
INSERT INTO option_choice (option_id, choice_id) VALUES ('a0eef1f9-547a-4823-b7e0-bb52d6891f8f', '1391319d-3705-414f-ad49-f81f39221c38');
INSERT INTO option_choice (option_id, choice_id) VALUES ('c5035143-d5d2-4934-8b99-4e66507a8603', '1391319d-3705-414f-ad49-f81f39221c38');
INSERT INTO option_choice (option_id, choice_id) VALUES ('c0afeee2-6628-4404-bc41-32bc0a1505c5', '1391319d-3705-414f-ad49-f81f39221c38');
INSERT INTO option_choice (option_id, choice_id) VALUES ('a1737a4b-bfa2-4208-a103-ca4bea3afaaf', '1391319d-3705-414f-ad49-f81f39221c38');
INSERT INTO principal (username, password) VALUES ('interviewee158', 'qwerty');
INSERT INTO interviewee (id, username, age, gender, country, marital_status) VALUES ('34193aa2-3e85-40dc-a0df-00dfad2077ab', 'interviewee158', 64, 'male', 'CU', 'married');
INSERT INTO choice (id, questionnaire_id, interviewee_id) VALUES ('c2d74217-bc8b-47c6-bd4a-3a290f2eb4f6', 'c6dd214b-43b7-401f-afe6-a5ab0d2d7767', '34193aa2-3e85-40dc-a0df-00dfad2077ab');
INSERT INTO option_choice (option_id, choice_id) VALUES ('17ceef0b-83da-42ec-a82c-9090a9be74af', 'c2d74217-bc8b-47c6-bd4a-3a290f2eb4f6');
INSERT INTO option_choice (option_id, choice_id) VALUES ('9d2a2dd1-7979-48a6-a0b7-3de8fdea75b6', 'c2d74217-bc8b-47c6-bd4a-3a290f2eb4f6');
INSERT INTO option_choice (option_id, choice_id) VALUES ('c134384c-5eda-4957-9883-b965681b9fef', 'c2d74217-bc8b-47c6-bd4a-3a290f2eb4f6');
INSERT INTO option_choice (option_id, choice_id) VALUES ('069a6758-231c-4064-8e44-a0db84e86a21', 'c2d74217-bc8b-47c6-bd4a-3a290f2eb4f6');
INSERT INTO choice (id, questionnaire_id, interviewee_id) VALUES ('44d77e4a-2d80-4b82-b342-bbc18f22b423', '8e156ed6-1a8b-4fe6-9a58-0f7cbdd6af32', '34193aa2-3e85-40dc-a0df-00dfad2077ab');
INSERT INTO option_choice (option_id, choice_id) VALUES ('8518e149-5509-4398-b925-19d41cf70cb2', '44d77e4a-2d80-4b82-b342-bbc18f22b423');
INSERT INTO principal (username, password) VALUES ('interviewee159', 'qwerty');
INSERT INTO interviewee (id, username, age, gender, country, marital_status) VALUES ('002c4f3c-44d0-4773-964e-c42df608ffdf', 'interviewee159', 55, 'male', 'KI', 'married');
INSERT INTO choice (id, questionnaire_id, interviewee_id) VALUES ('325273b6-5af8-463f-a37d-f9f6b845be0c', '2519c51c-9863-4531-85ff-a7ddd5ea08b2', '002c4f3c-44d0-4773-964e-c42df608ffdf');
INSERT INTO option_choice (option_id, choice_id) VALUES ('e532cc1b-83fa-4902-9bd1-0868c31241bb', '325273b6-5af8-463f-a37d-f9f6b845be0c');
INSERT INTO principal (username, password) VALUES ('interviewee160', 'qwerty');
INSERT INTO interviewee (id, username, age, gender, country, marital_status) VALUES ('3f7e03d2-30ff-4cf7-a5b4-35c2c220be9a', 'interviewee160', 57, 'male', 'KR', 'divorced');
INSERT INTO choice (id, questionnaire_id, interviewee_id) VALUES ('0f8cb6bf-ec65-478c-983a-72962af1e3e6', 'b6df4d49-3f70-4802-90cb-4ab89e24a427', '3f7e03d2-30ff-4cf7-a5b4-35c2c220be9a');
INSERT INTO option_choice (option_id, choice_id) VALUES ('6168252e-0547-486b-8613-2eec6678d5a2', '0f8cb6bf-ec65-478c-983a-72962af1e3e6');
INSERT INTO choice (id, questionnaire_id, interviewee_id) VALUES ('f4aab635-0151-4105-9efc-ec0ad23e1fe2', '8e156ed6-1a8b-4fe6-9a58-0f7cbdd6af32', '3f7e03d2-30ff-4cf7-a5b4-35c2c220be9a');
INSERT INTO option_choice (option_id, choice_id) VALUES ('33a991d7-269a-4418-b89c-82e5467a34ad', 'f4aab635-0151-4105-9efc-ec0ad23e1fe2');
INSERT INTO principal (username, password) VALUES ('interviewee161', 'qwerty');
INSERT INTO interviewee (id, username, age, gender, country, marital_status) VALUES ('8fc7e02c-2011-448b-a1f2-28beddf95aa5', 'interviewee161', 45, 'male', 'CM', 'was_not_married');
INSERT INTO choice (id, questionnaire_id, interviewee_id) VALUES ('8be6557a-dd7f-4ba3-950a-dde84f3ad389', '4a4f7cbc-8533-42b3-923b-6b4309f53c64', '8fc7e02c-2011-448b-a1f2-28beddf95aa5');
INSERT INTO option_choice (option_id, choice_id) VALUES ('655a67a1-3c81-4e22-99c2-2b849fa8c564', '8be6557a-dd7f-4ba3-950a-dde84f3ad389');
INSERT INTO choice (id, questionnaire_id, interviewee_id) VALUES ('0f609283-c9b6-4816-b802-8ef5f5aeadd9', '08310229-5370-44f1-8071-5c56f92e3dc5', '8fc7e02c-2011-448b-a1f2-28beddf95aa5');
INSERT INTO option_choice (option_id, choice_id) VALUES ('996311da-bd48-491d-b381-d19b001465c4', '0f609283-c9b6-4816-b802-8ef5f5aeadd9');
INSERT INTO principal (username, password) VALUES ('interviewee162', 'qwerty');
INSERT INTO interviewee (id, username, age, gender, country, marital_status) VALUES ('8f3f6042-ef5b-4073-b5e5-b0c08c9965d8', 'interviewee162', 19, 'male', 'EG', 'married');
INSERT INTO choice (id, questionnaire_id, interviewee_id) VALUES ('cef29eea-311e-43f4-a42b-d8211bdc73fd', 'c6dd214b-43b7-401f-afe6-a5ab0d2d7767', '8f3f6042-ef5b-4073-b5e5-b0c08c9965d8');
INSERT INTO option_choice (option_id, choice_id) VALUES ('c134384c-5eda-4957-9883-b965681b9fef', 'cef29eea-311e-43f4-a42b-d8211bdc73fd');
INSERT INTO option_choice (option_id, choice_id) VALUES ('17ceef0b-83da-42ec-a82c-9090a9be74af', 'cef29eea-311e-43f4-a42b-d8211bdc73fd');
INSERT INTO option_choice (option_id, choice_id) VALUES ('9d2a2dd1-7979-48a6-a0b7-3de8fdea75b6', 'cef29eea-311e-43f4-a42b-d8211bdc73fd');
INSERT INTO option_choice (option_id, choice_id) VALUES ('069a6758-231c-4064-8e44-a0db84e86a21', 'cef29eea-311e-43f4-a42b-d8211bdc73fd');
INSERT INTO principal (username, password) VALUES ('interviewee163', 'qwerty');
INSERT INTO interviewee (id, username, age, gender, country, marital_status) VALUES ('edba99dd-8bd6-462e-9595-fd698bd0133b', 'interviewee163', 59, 'female', 'NC', 'was_not_married');
INSERT INTO choice (id, questionnaire_id, interviewee_id) VALUES ('28901efa-1475-4b2f-b803-1825273600eb', '2519c51c-9863-4531-85ff-a7ddd5ea08b2', 'edba99dd-8bd6-462e-9595-fd698bd0133b');
INSERT INTO option_choice (option_id, choice_id) VALUES ('8c388d58-c24e-468d-9d56-271abc2ab89d', '28901efa-1475-4b2f-b803-1825273600eb');
INSERT INTO choice (id, questionnaire_id, interviewee_id) VALUES ('1b5a4dd6-9006-4ec5-a698-3165f14cfe8d', '08310229-5370-44f1-8071-5c56f92e3dc5', 'edba99dd-8bd6-462e-9595-fd698bd0133b');
INSERT INTO option_choice (option_id, choice_id) VALUES ('fc94d716-ca6a-45f3-8cbb-afd6a3ea72a3', '1b5a4dd6-9006-4ec5-a698-3165f14cfe8d');
INSERT INTO choice (id, questionnaire_id, interviewee_id) VALUES ('ec4e72ec-076d-412e-bf8f-c1c1828baa58', '48b4658e-bc90-4bd2-97bb-92484114dfea', 'edba99dd-8bd6-462e-9595-fd698bd0133b');
INSERT INTO option_choice (option_id, choice_id) VALUES ('5a5b3a6f-7875-401c-8d0b-e9c8b854b985', 'ec4e72ec-076d-412e-bf8f-c1c1828baa58');
INSERT INTO principal (username, password) VALUES ('interviewee164', 'qwerty');
INSERT INTO interviewee (id, username, age, gender, country, marital_status) VALUES ('a7d1c651-16a4-4eab-913d-f0f9b76374bc', 'interviewee164', 26, 'male', 'PY', 'married');
INSERT INTO choice (id, questionnaire_id, interviewee_id) VALUES ('c84b52d0-b558-4462-a01e-3606ea2182fe', '48b4658e-bc90-4bd2-97bb-92484114dfea', 'a7d1c651-16a4-4eab-913d-f0f9b76374bc');
INSERT INTO option_choice (option_id, choice_id) VALUES ('db310764-efc3-46ab-9d86-9914e34aa6cd', 'c84b52d0-b558-4462-a01e-3606ea2182fe');
INSERT INTO choice (id, questionnaire_id, interviewee_id) VALUES ('63023dc1-e003-4822-b026-491748ee2d03', 'c6dd214b-43b7-401f-afe6-a5ab0d2d7767', 'a7d1c651-16a4-4eab-913d-f0f9b76374bc');
INSERT INTO option_choice (option_id, choice_id) VALUES ('069a6758-231c-4064-8e44-a0db84e86a21', '63023dc1-e003-4822-b026-491748ee2d03');
INSERT INTO option_choice (option_id, choice_id) VALUES ('17ceef0b-83da-42ec-a82c-9090a9be74af', '63023dc1-e003-4822-b026-491748ee2d03');
INSERT INTO option_choice (option_id, choice_id) VALUES ('c134384c-5eda-4957-9883-b965681b9fef', '63023dc1-e003-4822-b026-491748ee2d03');
INSERT INTO option_choice (option_id, choice_id) VALUES ('9d2a2dd1-7979-48a6-a0b7-3de8fdea75b6', '63023dc1-e003-4822-b026-491748ee2d03');
INSERT INTO principal (username, password) VALUES ('interviewee165', 'qwerty');
INSERT INTO interviewee (id, username, age, gender, country, marital_status) VALUES ('0a3e0e21-cebc-4b70-94d1-e10cbda1c4b9', 'interviewee165', 41, 'female', 'YT', 'married');
INSERT INTO choice (id, questionnaire_id, interviewee_id) VALUES ('b5717eb5-202b-448a-93af-d265f0ef042c', 'b6df4d49-3f70-4802-90cb-4ab89e24a427', '0a3e0e21-cebc-4b70-94d1-e10cbda1c4b9');
INSERT INTO option_choice (option_id, choice_id) VALUES ('6168252e-0547-486b-8613-2eec6678d5a2', 'b5717eb5-202b-448a-93af-d265f0ef042c');
INSERT INTO choice (id, questionnaire_id, interviewee_id) VALUES ('efdaaaa9-ce0e-4b1a-afed-1e4bddde784f', 'e20dbb22-091f-4137-8450-fdeaea74363f', '0a3e0e21-cebc-4b70-94d1-e10cbda1c4b9');
INSERT INTO option_choice (option_id, choice_id) VALUES ('49d1bc1f-0fd1-4dad-ab6d-b123ea13d33a', 'efdaaaa9-ce0e-4b1a-afed-1e4bddde784f');
INSERT INTO option_choice (option_id, choice_id) VALUES ('ff3c7a97-70db-4404-b85b-274707745879', 'efdaaaa9-ce0e-4b1a-afed-1e4bddde784f');
INSERT INTO option_choice (option_id, choice_id) VALUES ('4bd78eb1-72bb-47fa-8b7c-4cc826f39edd', 'efdaaaa9-ce0e-4b1a-afed-1e4bddde784f');
INSERT INTO option_choice (option_id, choice_id) VALUES ('a572f3cf-b3ba-491a-9687-6cee662749f1', 'efdaaaa9-ce0e-4b1a-afed-1e4bddde784f');
INSERT INTO option_choice (option_id, choice_id) VALUES ('946ecf06-2d9f-4fe5-b2b7-64c51a5fdf06', 'efdaaaa9-ce0e-4b1a-afed-1e4bddde784f');
INSERT INTO option_choice (option_id, choice_id) VALUES ('742176a0-b7c8-400a-a370-5871099954a4', 'efdaaaa9-ce0e-4b1a-afed-1e4bddde784f');
INSERT INTO choice (id, questionnaire_id, interviewee_id) VALUES ('5f9a66f6-c78c-46ed-b215-cc7636b44b1b', '173a3ab0-8485-4aa4-8787-a2a4414f992e', '0a3e0e21-cebc-4b70-94d1-e10cbda1c4b9');
INSERT INTO option_choice (option_id, choice_id) VALUES ('a477d3c8-db0a-4572-a680-b96fd792dc75', '5f9a66f6-c78c-46ed-b215-cc7636b44b1b');
INSERT INTO option_choice (option_id, choice_id) VALUES ('3c8e0934-801c-4afd-98de-7aaf263889f6', '5f9a66f6-c78c-46ed-b215-cc7636b44b1b');
INSERT INTO principal (username, password) VALUES ('interviewee166', 'qwerty');
INSERT INTO interviewee (id, username, age, gender, country, marital_status) VALUES ('4dbe0053-2752-4890-9d95-d796ea27c4f5', 'interviewee166', 32, 'female', 'AR', 'was_not_married');
INSERT INTO choice (id, questionnaire_id, interviewee_id) VALUES ('28faf2fd-3018-4f9e-aadf-e3ac55819530', 'b6df4d49-3f70-4802-90cb-4ab89e24a427', '4dbe0053-2752-4890-9d95-d796ea27c4f5');
INSERT INTO option_choice (option_id, choice_id) VALUES ('372d528a-d173-4ec8-bba6-b6d6ccea7303', '28faf2fd-3018-4f9e-aadf-e3ac55819530');
INSERT INTO principal (username, password) VALUES ('interviewee167', 'qwerty');
INSERT INTO interviewee (id, username, age, gender, country, marital_status) VALUES ('d875c46c-0be2-4c1d-bd2e-44958a12e385', 'interviewee167', 56, 'male', 'MV', 'divorced');
INSERT INTO choice (id, questionnaire_id, interviewee_id) VALUES ('98a8b0ef-6896-4979-8cd8-cefddecc45d9', '5b0a67f5-cbf2-4fde-b526-fd512ff68e24', 'd875c46c-0be2-4c1d-bd2e-44958a12e385');
INSERT INTO option_choice (option_id, choice_id) VALUES ('ce5bf814-daca-4ca0-825d-8408f4fe06ed', '98a8b0ef-6896-4979-8cd8-cefddecc45d9');
INSERT INTO principal (username, password) VALUES ('interviewee168', 'qwerty');
INSERT INTO interviewee (id, username, age, gender, country, marital_status) VALUES ('84d3399e-2390-4a69-8c2d-3c515968847a', 'interviewee168', 70, 'female', 'TM', 'married');
INSERT INTO choice (id, questionnaire_id, interviewee_id) VALUES ('912a9d21-7ae5-4082-96c6-da907108af5f', '2519c51c-9863-4531-85ff-a7ddd5ea08b2', '84d3399e-2390-4a69-8c2d-3c515968847a');
INSERT INTO option_choice (option_id, choice_id) VALUES ('e532cc1b-83fa-4902-9bd1-0868c31241bb', '912a9d21-7ae5-4082-96c6-da907108af5f');
INSERT INTO principal (username, password) VALUES ('interviewee169', 'qwerty');
INSERT INTO interviewee (id, username, age, gender, country, marital_status) VALUES ('f952835a-c0f4-46d5-8874-c5101c84506f', 'interviewee169', 69, 'male', 'GL', 'married');
INSERT INTO choice (id, questionnaire_id, interviewee_id) VALUES ('89987491-da69-4d79-a18e-997419959230', '858287c2-e494-424b-a03f-6b0a55c2fce3', 'f952835a-c0f4-46d5-8874-c5101c84506f');
INSERT INTO option_choice (option_id, choice_id) VALUES ('a7e89931-dbca-4a6f-bdbb-b42e57f2e7f2', '89987491-da69-4d79-a18e-997419959230');
INSERT INTO option_choice (option_id, choice_id) VALUES ('f2fd1a72-0ca7-41a6-ad15-7bc21a02fe73', '89987491-da69-4d79-a18e-997419959230');
INSERT INTO option_choice (option_id, choice_id) VALUES ('59c8e6e3-5895-4f0b-ae9e-3bb455a5f6b2', '89987491-da69-4d79-a18e-997419959230');
INSERT INTO principal (username, password) VALUES ('interviewee170', 'qwerty');
INSERT INTO interviewee (id, username, age, gender, country, marital_status) VALUES ('a723946c-02ff-4da1-8500-525452b99954', 'interviewee170', 67, 'male', 'BN', 'was_not_married');
INSERT INTO choice (id, questionnaire_id, interviewee_id) VALUES ('1f894fab-427d-4146-a96f-63bd47597497', '81a3f075-1324-4e67-90a5-493fe3324435', 'a723946c-02ff-4da1-8500-525452b99954');
INSERT INTO option_choice (option_id, choice_id) VALUES ('7b2bd172-1566-440a-81d8-f9b2fb43f8fc', '1f894fab-427d-4146-a96f-63bd47597497');
INSERT INTO option_choice (option_id, choice_id) VALUES ('a0eef1f9-547a-4823-b7e0-bb52d6891f8f', '1f894fab-427d-4146-a96f-63bd47597497');
INSERT INTO option_choice (option_id, choice_id) VALUES ('ab9020e3-a12b-46eb-97f0-79dcfaab7356', '1f894fab-427d-4146-a96f-63bd47597497');
INSERT INTO choice (id, questionnaire_id, interviewee_id) VALUES ('27fb38a2-7502-4b48-921e-167acd44ccae', '407203dd-9657-46e6-975f-3be5d664dd2a', 'a723946c-02ff-4da1-8500-525452b99954');
INSERT INTO option_choice (option_id, choice_id) VALUES ('4285dd4d-8381-423b-8700-37e491ae1336', '27fb38a2-7502-4b48-921e-167acd44ccae');
INSERT INTO choice (id, questionnaire_id, interviewee_id) VALUES ('9882c423-a54c-4ada-b1ab-daf5e1db50c5', '08310229-5370-44f1-8071-5c56f92e3dc5', 'a723946c-02ff-4da1-8500-525452b99954');
INSERT INTO option_choice (option_id, choice_id) VALUES ('996311da-bd48-491d-b381-d19b001465c4', '9882c423-a54c-4ada-b1ab-daf5e1db50c5');
INSERT INTO principal (username, password) VALUES ('interviewee171', 'qwerty');
INSERT INTO interviewee (id, username, age, gender, country, marital_status) VALUES ('cb9b2429-9b4a-41f9-afc0-29c691f52859', 'interviewee171', 46, 'male', 'JO', 'divorced');
INSERT INTO choice (id, questionnaire_id, interviewee_id) VALUES ('590e55e4-6261-43eb-846f-f3bd7fd42bf0', 'aaacf497-4ae4-46e0-aa2e-27377271bafc', 'cb9b2429-9b4a-41f9-afc0-29c691f52859');
INSERT INTO option_choice (option_id, choice_id) VALUES ('d4aa64ba-49fd-4d00-9175-a646c1d6d559', '590e55e4-6261-43eb-846f-f3bd7fd42bf0');
INSERT INTO principal (username, password) VALUES ('interviewee172', 'qwerty');
INSERT INTO interviewee (id, username, age, gender, country, marital_status) VALUES ('df5c04d5-d63e-4a05-bb1d-4e340f1d79f7', 'interviewee172', 37, 'male', 'NI', 'divorced');
INSERT INTO choice (id, questionnaire_id, interviewee_id) VALUES ('c58fffd1-012a-47f4-bee3-4313c4f3df95', '81a3f075-1324-4e67-90a5-493fe3324435', 'df5c04d5-d63e-4a05-bb1d-4e340f1d79f7');
INSERT INTO option_choice (option_id, choice_id) VALUES ('ab9020e3-a12b-46eb-97f0-79dcfaab7356', 'c58fffd1-012a-47f4-bee3-4313c4f3df95');
INSERT INTO option_choice (option_id, choice_id) VALUES ('c0afeee2-6628-4404-bc41-32bc0a1505c5', 'c58fffd1-012a-47f4-bee3-4313c4f3df95');
INSERT INTO option_choice (option_id, choice_id) VALUES ('a0eef1f9-547a-4823-b7e0-bb52d6891f8f', 'c58fffd1-012a-47f4-bee3-4313c4f3df95');
INSERT INTO option_choice (option_id, choice_id) VALUES ('c5035143-d5d2-4934-8b99-4e66507a8603', 'c58fffd1-012a-47f4-bee3-4313c4f3df95');
INSERT INTO choice (id, questionnaire_id, interviewee_id) VALUES ('570ff4d3-36af-4ea1-821d-b0a4538832db', '4a4f7cbc-8533-42b3-923b-6b4309f53c64', 'df5c04d5-d63e-4a05-bb1d-4e340f1d79f7');
INSERT INTO option_choice (option_id, choice_id) VALUES ('4afeb111-4ddc-421c-ad31-de17e1e12b0c', '570ff4d3-36af-4ea1-821d-b0a4538832db');
INSERT INTO principal (username, password) VALUES ('interviewee173', 'qwerty');
INSERT INTO interviewee (id, username, age, gender, country, marital_status) VALUES ('d91bb4ae-bfc9-4505-b71b-ebfedf442d34', 'interviewee173', 53, 'female', 'NG', 'married');
INSERT INTO choice (id, questionnaire_id, interviewee_id) VALUES ('4c716969-054e-4aca-8fb8-5a082d940d12', '173a3ab0-8485-4aa4-8787-a2a4414f992e', 'd91bb4ae-bfc9-4505-b71b-ebfedf442d34');
INSERT INTO option_choice (option_id, choice_id) VALUES ('f9a527bc-3f55-40db-b05e-d549f1801594', '4c716969-054e-4aca-8fb8-5a082d940d12');
INSERT INTO option_choice (option_id, choice_id) VALUES ('3c8e0934-801c-4afd-98de-7aaf263889f6', '4c716969-054e-4aca-8fb8-5a082d940d12');
INSERT INTO option_choice (option_id, choice_id) VALUES ('ce62e0a7-1873-4aa1-a448-2fad3cc888ee', '4c716969-054e-4aca-8fb8-5a082d940d12');
INSERT INTO option_choice (option_id, choice_id) VALUES ('e03fcb10-1308-44a4-9ce2-e4eaf10452c1', '4c716969-054e-4aca-8fb8-5a082d940d12');
INSERT INTO option_choice (option_id, choice_id) VALUES ('a477d3c8-db0a-4572-a680-b96fd792dc75', '4c716969-054e-4aca-8fb8-5a082d940d12');
INSERT INTO choice (id, questionnaire_id, interviewee_id) VALUES ('b80be6f6-eeeb-47b0-a00b-148091b2d825', 'e4d0ba66-5e11-433c-8243-4d890cceaf69', 'd91bb4ae-bfc9-4505-b71b-ebfedf442d34');
INSERT INTO option_choice (option_id, choice_id) VALUES ('cb637eae-3b8f-4d17-81fb-9b271857e55c', 'b80be6f6-eeeb-47b0-a00b-148091b2d825');
INSERT INTO principal (username, password) VALUES ('interviewee174', 'qwerty');
INSERT INTO interviewee (id, username, age, gender, country, marital_status) VALUES ('859f1ebf-cd56-44c8-8544-704953487d1e', 'interviewee174', 34, 'male', 'UA', 'divorced');
INSERT INTO choice (id, questionnaire_id, interviewee_id) VALUES ('039bdb7e-9469-4208-ad11-16a3265a99a2', '8e156ed6-1a8b-4fe6-9a58-0f7cbdd6af32', '859f1ebf-cd56-44c8-8544-704953487d1e');
INSERT INTO option_choice (option_id, choice_id) VALUES ('8518e149-5509-4398-b925-19d41cf70cb2', '039bdb7e-9469-4208-ad11-16a3265a99a2');
INSERT INTO choice (id, questionnaire_id, interviewee_id) VALUES ('03508def-987b-4177-a32a-00d4915a55b0', '48b4658e-bc90-4bd2-97bb-92484114dfea', '859f1ebf-cd56-44c8-8544-704953487d1e');
INSERT INTO option_choice (option_id, choice_id) VALUES ('db310764-efc3-46ab-9d86-9914e34aa6cd', '03508def-987b-4177-a32a-00d4915a55b0');
INSERT INTO choice (id, questionnaire_id, interviewee_id) VALUES ('8e443fb7-5f2a-4a6b-b282-8e2fb0467ad2', '173a3ab0-8485-4aa4-8787-a2a4414f992e', '859f1ebf-cd56-44c8-8544-704953487d1e');
INSERT INTO option_choice (option_id, choice_id) VALUES ('3f698183-af22-44ca-80c1-eb668697e9ea', '8e443fb7-5f2a-4a6b-b282-8e2fb0467ad2');
INSERT INTO option_choice (option_id, choice_id) VALUES ('f9a527bc-3f55-40db-b05e-d549f1801594', '8e443fb7-5f2a-4a6b-b282-8e2fb0467ad2');
INSERT INTO option_choice (option_id, choice_id) VALUES ('ce62e0a7-1873-4aa1-a448-2fad3cc888ee', '8e443fb7-5f2a-4a6b-b282-8e2fb0467ad2');
INSERT INTO option_choice (option_id, choice_id) VALUES ('bf89350f-11e0-4471-a3a1-95481edf5acd', '8e443fb7-5f2a-4a6b-b282-8e2fb0467ad2');
INSERT INTO option_choice (option_id, choice_id) VALUES ('c453fc60-b896-4f66-8dbe-cc55bc42881e', '8e443fb7-5f2a-4a6b-b282-8e2fb0467ad2');
INSERT INTO option_choice (option_id, choice_id) VALUES ('e03fcb10-1308-44a4-9ce2-e4eaf10452c1', '8e443fb7-5f2a-4a6b-b282-8e2fb0467ad2');
INSERT INTO principal (username, password) VALUES ('interviewee175', 'qwerty');
INSERT INTO interviewee (id, username, age, gender, country, marital_status) VALUES ('7059a8f8-2e6d-43b9-be0f-d6601931783b', 'interviewee175', 35, 'female', 'CI', 'married');
INSERT INTO choice (id, questionnaire_id, interviewee_id) VALUES ('66605bf3-c625-4745-a915-6a5ed2e3e4f5', '858287c2-e494-424b-a03f-6b0a55c2fce3', '7059a8f8-2e6d-43b9-be0f-d6601931783b');
INSERT INTO option_choice (option_id, choice_id) VALUES ('a1e55f7c-aa45-466f-86bb-0d5e262ca0bc', '66605bf3-c625-4745-a915-6a5ed2e3e4f5');
INSERT INTO principal (username, password) VALUES ('interviewee176', 'qwerty');
INSERT INTO interviewee (id, username, age, gender, country, marital_status) VALUES ('4b296bc8-0c32-4100-b7ca-7908330d98d1', 'interviewee176', 14, 'male', 'BZ', 'married');
INSERT INTO choice (id, questionnaire_id, interviewee_id) VALUES ('b5833301-ff5a-4cac-8a0c-bb1e64bcb30c', '05e2761c-9435-4970-ad6d-245d7a696140', '4b296bc8-0c32-4100-b7ca-7908330d98d1');
INSERT INTO option_choice (option_id, choice_id) VALUES ('821d408d-9a3b-4716-a443-69cb45197037', 'b5833301-ff5a-4cac-8a0c-bb1e64bcb30c');
INSERT INTO option_choice (option_id, choice_id) VALUES ('26fa513d-ade2-4822-81ac-a6d8dc123679', 'b5833301-ff5a-4cac-8a0c-bb1e64bcb30c');
INSERT INTO choice (id, questionnaire_id, interviewee_id) VALUES ('7fe7906a-3cb2-48ed-bc78-1f12bc0219d3', '8e156ed6-1a8b-4fe6-9a58-0f7cbdd6af32', '4b296bc8-0c32-4100-b7ca-7908330d98d1');
INSERT INTO option_choice (option_id, choice_id) VALUES ('358a2bcc-fa9d-4ee1-915b-f4d44b5896ff', '7fe7906a-3cb2-48ed-bc78-1f12bc0219d3');
INSERT INTO principal (username, password) VALUES ('interviewee177', 'qwerty');
INSERT INTO interviewee (id, username, age, gender, country, marital_status) VALUES ('fa58900a-f9b5-4205-86aa-34f03fed8f50', 'interviewee177', 24, 'female', 'AO', 'was_not_married');
INSERT INTO choice (id, questionnaire_id, interviewee_id) VALUES ('d6caca74-260c-433e-a4e9-64783a6a9962', 'b5c886d7-e86f-4083-958a-cbd232db7a84', 'fa58900a-f9b5-4205-86aa-34f03fed8f50');
INSERT INTO option_choice (option_id, choice_id) VALUES ('9d7ea78f-0edc-43db-94d7-3d31213df760', 'd6caca74-260c-433e-a4e9-64783a6a9962');
INSERT INTO principal (username, password) VALUES ('interviewee178', 'qwerty');
INSERT INTO interviewee (id, username, age, gender, country, marital_status) VALUES ('60e2373d-77ad-4c5d-a407-a3d2f0326ed4', 'interviewee178', 19, 'female', 'PE', 'was_not_married');
INSERT INTO choice (id, questionnaire_id, interviewee_id) VALUES ('3dab108a-dd31-488f-b051-9e28f8af2c5e', '49c46fd6-2111-4ef5-8b91-9ee67132426d', '60e2373d-77ad-4c5d-a407-a3d2f0326ed4');
INSERT INTO option_choice (option_id, choice_id) VALUES ('82dcd7e2-d76d-47ad-b352-0b1d6482c730', '3dab108a-dd31-488f-b051-9e28f8af2c5e');
INSERT INTO choice (id, questionnaire_id, interviewee_id) VALUES ('d254e94a-448d-45d7-8c17-d56390877797', '81a3f075-1324-4e67-90a5-493fe3324435', '60e2373d-77ad-4c5d-a407-a3d2f0326ed4');
INSERT INTO option_choice (option_id, choice_id) VALUES ('c5035143-d5d2-4934-8b99-4e66507a8603', 'd254e94a-448d-45d7-8c17-d56390877797');
INSERT INTO option_choice (option_id, choice_id) VALUES ('ab9020e3-a12b-46eb-97f0-79dcfaab7356', 'd254e94a-448d-45d7-8c17-d56390877797');
INSERT INTO option_choice (option_id, choice_id) VALUES ('7b2bd172-1566-440a-81d8-f9b2fb43f8fc', 'd254e94a-448d-45d7-8c17-d56390877797');
INSERT INTO option_choice (option_id, choice_id) VALUES ('c0afeee2-6628-4404-bc41-32bc0a1505c5', 'd254e94a-448d-45d7-8c17-d56390877797');
INSERT INTO option_choice (option_id, choice_id) VALUES ('a1737a4b-bfa2-4208-a103-ca4bea3afaaf', 'd254e94a-448d-45d7-8c17-d56390877797');
INSERT INTO principal (username, password) VALUES ('interviewee179', 'qwerty');
INSERT INTO interviewee (id, username, age, gender, country, marital_status) VALUES ('e5b3c311-2b47-4d9f-971e-bb0c62870dda', 'interviewee179', 64, 'female', 'KE', 'was_not_married');
INSERT INTO choice (id, questionnaire_id, interviewee_id) VALUES ('e199706e-64d6-4390-996c-5f4ed56ab3cf', '81a3f075-1324-4e67-90a5-493fe3324435', 'e5b3c311-2b47-4d9f-971e-bb0c62870dda');
INSERT INTO option_choice (option_id, choice_id) VALUES ('7b2bd172-1566-440a-81d8-f9b2fb43f8fc', 'e199706e-64d6-4390-996c-5f4ed56ab3cf');
INSERT INTO principal (username, password) VALUES ('interviewee180', 'qwerty');
INSERT INTO interviewee (id, username, age, gender, country, marital_status) VALUES ('78f8d6b9-865f-4a50-973f-695dbdd4208b', 'interviewee180', 57, 'male', 'NP', 'was_not_married');
INSERT INTO choice (id, questionnaire_id, interviewee_id) VALUES ('feaa3aaf-a8a6-4008-97c0-cf027102595f', 'e20dbb22-091f-4137-8450-fdeaea74363f', '78f8d6b9-865f-4a50-973f-695dbdd4208b');
INSERT INTO option_choice (option_id, choice_id) VALUES ('742176a0-b7c8-400a-a370-5871099954a4', 'feaa3aaf-a8a6-4008-97c0-cf027102595f');
INSERT INTO option_choice (option_id, choice_id) VALUES ('946ecf06-2d9f-4fe5-b2b7-64c51a5fdf06', 'feaa3aaf-a8a6-4008-97c0-cf027102595f');
INSERT INTO option_choice (option_id, choice_id) VALUES ('b09da84d-7533-40da-b486-a820b6b7c110', 'feaa3aaf-a8a6-4008-97c0-cf027102595f');
INSERT INTO option_choice (option_id, choice_id) VALUES ('4bd78eb1-72bb-47fa-8b7c-4cc826f39edd', 'feaa3aaf-a8a6-4008-97c0-cf027102595f');
INSERT INTO option_choice (option_id, choice_id) VALUES ('a572f3cf-b3ba-491a-9687-6cee662749f1', 'feaa3aaf-a8a6-4008-97c0-cf027102595f');
INSERT INTO option_choice (option_id, choice_id) VALUES ('322bbc1b-4e8d-41ae-b4f2-3466891dc809', 'feaa3aaf-a8a6-4008-97c0-cf027102595f');
INSERT INTO choice (id, questionnaire_id, interviewee_id) VALUES ('f95e6168-d90d-47fb-b7cd-bfded62f62b0', '173a3ab0-8485-4aa4-8787-a2a4414f992e', '78f8d6b9-865f-4a50-973f-695dbdd4208b');
INSERT INTO option_choice (option_id, choice_id) VALUES ('e03fcb10-1308-44a4-9ce2-e4eaf10452c1', 'f95e6168-d90d-47fb-b7cd-bfded62f62b0');
INSERT INTO option_choice (option_id, choice_id) VALUES ('c453fc60-b896-4f66-8dbe-cc55bc42881e', 'f95e6168-d90d-47fb-b7cd-bfded62f62b0');
INSERT INTO principal (username, password) VALUES ('interviewee181', 'qwerty');
INSERT INTO interviewee (id, username, age, gender, country, marital_status) VALUES ('aedc0631-64f3-4efb-92ba-46e6fc300b4c', 'interviewee181', 69, 'female', 'KW', 'was_not_married');
INSERT INTO choice (id, questionnaire_id, interviewee_id) VALUES ('a0e9f5f0-94c3-4e68-9dfe-1d192a2b0278', '81a3f075-1324-4e67-90a5-493fe3324435', 'aedc0631-64f3-4efb-92ba-46e6fc300b4c');
INSERT INTO option_choice (option_id, choice_id) VALUES ('c5035143-d5d2-4934-8b99-4e66507a8603', 'a0e9f5f0-94c3-4e68-9dfe-1d192a2b0278');
INSERT INTO option_choice (option_id, choice_id) VALUES ('c0afeee2-6628-4404-bc41-32bc0a1505c5', 'a0e9f5f0-94c3-4e68-9dfe-1d192a2b0278');
INSERT INTO option_choice (option_id, choice_id) VALUES ('a1737a4b-bfa2-4208-a103-ca4bea3afaaf', 'a0e9f5f0-94c3-4e68-9dfe-1d192a2b0278');
INSERT INTO principal (username, password) VALUES ('interviewee182', 'qwerty');
INSERT INTO interviewee (id, username, age, gender, country, marital_status) VALUES ('1800cc62-ab42-45cb-ae28-073715f752de', 'interviewee182', 49, 'female', 'LU', 'married');
INSERT INTO choice (id, questionnaire_id, interviewee_id) VALUES ('cbbd1bb4-63dd-4e1f-8149-131eb55a479e', 'e4d0ba66-5e11-433c-8243-4d890cceaf69', '1800cc62-ab42-45cb-ae28-073715f752de');
INSERT INTO option_choice (option_id, choice_id) VALUES ('7cfec70e-33b3-4c68-9c38-38cf292cd0f9', 'cbbd1bb4-63dd-4e1f-8149-131eb55a479e');
INSERT INTO option_choice (option_id, choice_id) VALUES ('cb637eae-3b8f-4d17-81fb-9b271857e55c', 'cbbd1bb4-63dd-4e1f-8149-131eb55a479e');
INSERT INTO choice (id, questionnaire_id, interviewee_id) VALUES ('de0b2e40-27b9-405e-83e1-4dcd757dfd39', 'b6df4d49-3f70-4802-90cb-4ab89e24a427', '1800cc62-ab42-45cb-ae28-073715f752de');
INSERT INTO option_choice (option_id, choice_id) VALUES ('30116571-ddf9-48c0-86a4-98a75a2078ee', 'de0b2e40-27b9-405e-83e1-4dcd757dfd39');
INSERT INTO choice (id, questionnaire_id, interviewee_id) VALUES ('60aa11af-2815-47d3-95f2-316bfea7d6f7', '8e156ed6-1a8b-4fe6-9a58-0f7cbdd6af32', '1800cc62-ab42-45cb-ae28-073715f752de');
INSERT INTO option_choice (option_id, choice_id) VALUES ('f6bf8b45-f0b9-47e2-b46b-2edc8b8541ed', '60aa11af-2815-47d3-95f2-316bfea7d6f7');
INSERT INTO principal (username, password) VALUES ('interviewee183', 'qwerty');
INSERT INTO interviewee (id, username, age, gender, country, marital_status) VALUES ('2ff76908-4795-4828-9554-cbf547a78173', 'interviewee183', 22, 'female', 'BD', 'married');
INSERT INTO choice (id, questionnaire_id, interviewee_id) VALUES ('2003a78c-78cd-492c-9b3f-884f870ba111', '5b0a67f5-cbf2-4fde-b526-fd512ff68e24', '2ff76908-4795-4828-9554-cbf547a78173');
INSERT INTO option_choice (option_id, choice_id) VALUES ('9340e0ac-c863-4fcf-ac40-126be2d1bfa4', '2003a78c-78cd-492c-9b3f-884f870ba111');
INSERT INTO choice (id, questionnaire_id, interviewee_id) VALUES ('50ad1500-2df2-4481-95f7-19084a1d4c0a', '4a4f7cbc-8533-42b3-923b-6b4309f53c64', '2ff76908-4795-4828-9554-cbf547a78173');
INSERT INTO option_choice (option_id, choice_id) VALUES ('3f8cd95c-177b-469f-b652-784cadd37582', '50ad1500-2df2-4481-95f7-19084a1d4c0a');
INSERT INTO principal (username, password) VALUES ('interviewee184', 'qwerty');
INSERT INTO interviewee (id, username, age, gender, country, marital_status) VALUES ('073a1c61-e883-432c-a619-52d1ae289261', 'interviewee184', 69, 'female', 'VE', 'divorced');
INSERT INTO choice (id, questionnaire_id, interviewee_id) VALUES ('a51a7b57-fcb2-4f40-b1c5-9fb9e4141ec1', '5b0a67f5-cbf2-4fde-b526-fd512ff68e24', '073a1c61-e883-432c-a619-52d1ae289261');
INSERT INTO option_choice (option_id, choice_id) VALUES ('7dc1dfe8-a039-4c2a-a601-d1bc81a3e459', 'a51a7b57-fcb2-4f40-b1c5-9fb9e4141ec1');
INSERT INTO principal (username, password) VALUES ('interviewee185', 'qwerty');
INSERT INTO interviewee (id, username, age, gender, country, marital_status) VALUES ('bb0806ee-232c-4ab4-8ff6-8b7c32e7f6a6', 'interviewee185', 28, 'female', 'LT', 'married');
INSERT INTO choice (id, questionnaire_id, interviewee_id) VALUES ('4ceb07cb-623c-4119-8eda-10c2d47519cd', 'c6dd214b-43b7-401f-afe6-a5ab0d2d7767', 'bb0806ee-232c-4ab4-8ff6-8b7c32e7f6a6');
INSERT INTO option_choice (option_id, choice_id) VALUES ('069a6758-231c-4064-8e44-a0db84e86a21', '4ceb07cb-623c-4119-8eda-10c2d47519cd');
INSERT INTO option_choice (option_id, choice_id) VALUES ('c134384c-5eda-4957-9883-b965681b9fef', '4ceb07cb-623c-4119-8eda-10c2d47519cd');
INSERT INTO principal (username, password) VALUES ('interviewee186', 'qwerty');
INSERT INTO interviewee (id, username, age, gender, country, marital_status) VALUES ('3e9282df-c868-46b3-9bd7-958943e345a1', 'interviewee186', 16, 'female', 'TH', 'was_not_married');
INSERT INTO choice (id, questionnaire_id, interviewee_id) VALUES ('cda0ea84-7722-40f7-88ee-386ad4d9b5ed', '407203dd-9657-46e6-975f-3be5d664dd2a', '3e9282df-c868-46b3-9bd7-958943e345a1');
INSERT INTO option_choice (option_id, choice_id) VALUES ('13fd08f6-1546-4289-9b91-c20aea1b69e9', 'cda0ea84-7722-40f7-88ee-386ad4d9b5ed');
INSERT INTO principal (username, password) VALUES ('interviewee187', 'qwerty');
INSERT INTO interviewee (id, username, age, gender, country, marital_status) VALUES ('438012f4-9eea-4880-b7b0-a02aefa9340e', 'interviewee187', 68, 'male', 'SD', 'divorced');
INSERT INTO choice (id, questionnaire_id, interviewee_id) VALUES ('80c1ac94-1cb0-46b5-9513-6e3e9f9fa5f3', '49c46fd6-2111-4ef5-8b91-9ee67132426d', '438012f4-9eea-4880-b7b0-a02aefa9340e');
INSERT INTO option_choice (option_id, choice_id) VALUES ('82dcd7e2-d76d-47ad-b352-0b1d6482c730', '80c1ac94-1cb0-46b5-9513-6e3e9f9fa5f3');
INSERT INTO principal (username, password) VALUES ('interviewee188', 'qwerty');
INSERT INTO interviewee (id, username, age, gender, country, marital_status) VALUES ('ea41e375-b917-48b9-8752-abe84dca109c', 'interviewee188', 38, 'male', 'VI', 'married');
INSERT INTO choice (id, questionnaire_id, interviewee_id) VALUES ('47f0b619-cee3-488a-bf65-04ba11f08aa9', '49c46fd6-2111-4ef5-8b91-9ee67132426d', 'ea41e375-b917-48b9-8752-abe84dca109c');
INSERT INTO option_choice (option_id, choice_id) VALUES ('210da814-c19f-4c77-ba7b-e598584d62e4', '47f0b619-cee3-488a-bf65-04ba11f08aa9');
INSERT INTO principal (username, password) VALUES ('interviewee189', 'qwerty');
INSERT INTO interviewee (id, username, age, gender, country, marital_status) VALUES ('13ee0d2d-15c7-4ace-8d0f-d5980b02c71b', 'interviewee189', 21, 'female', 'LB', 'married');
INSERT INTO choice (id, questionnaire_id, interviewee_id) VALUES ('e3e63795-00fd-4b6d-82da-eb96b055bb55', '2519c51c-9863-4531-85ff-a7ddd5ea08b2', '13ee0d2d-15c7-4ace-8d0f-d5980b02c71b');
INSERT INTO option_choice (option_id, choice_id) VALUES ('a3b534e4-0e3d-437c-94bf-14e57f299a2c', 'e3e63795-00fd-4b6d-82da-eb96b055bb55');
INSERT INTO choice (id, questionnaire_id, interviewee_id) VALUES ('c9bec211-e0f3-49fc-921d-9b600f553708', 'e4d0ba66-5e11-433c-8243-4d890cceaf69', '13ee0d2d-15c7-4ace-8d0f-d5980b02c71b');
INSERT INTO option_choice (option_id, choice_id) VALUES ('cb637eae-3b8f-4d17-81fb-9b271857e55c', 'c9bec211-e0f3-49fc-921d-9b600f553708');
INSERT INTO choice (id, questionnaire_id, interviewee_id) VALUES ('b18039f8-67a4-4fec-bf25-6ea41319eebc', '05e2761c-9435-4970-ad6d-245d7a696140', '13ee0d2d-15c7-4ace-8d0f-d5980b02c71b');
INSERT INTO option_choice (option_id, choice_id) VALUES ('4431f860-831f-4fdf-9dbb-76fbdb1006a1', 'b18039f8-67a4-4fec-bf25-6ea41319eebc');
INSERT INTO option_choice (option_id, choice_id) VALUES ('26fa513d-ade2-4822-81ac-a6d8dc123679', 'b18039f8-67a4-4fec-bf25-6ea41319eebc');
INSERT INTO option_choice (option_id, choice_id) VALUES ('821d408d-9a3b-4716-a443-69cb45197037', 'b18039f8-67a4-4fec-bf25-6ea41319eebc');
INSERT INTO option_choice (option_id, choice_id) VALUES ('cd3191da-899e-4773-b914-291725c8c108', 'b18039f8-67a4-4fec-bf25-6ea41319eebc');
INSERT INTO principal (username, password) VALUES ('interviewee190', 'qwerty');
INSERT INTO interviewee (id, username, age, gender, country, marital_status) VALUES ('aab8e142-6f3c-410e-85eb-da61845037b1', 'interviewee190', 27, 'female', 'ZM', 'was_not_married');
INSERT INTO choice (id, questionnaire_id, interviewee_id) VALUES ('0ab4f656-ff67-4665-8f7a-9e529ad3641e', '5b0a67f5-cbf2-4fde-b526-fd512ff68e24', 'aab8e142-6f3c-410e-85eb-da61845037b1');
INSERT INTO option_choice (option_id, choice_id) VALUES ('7dc1dfe8-a039-4c2a-a601-d1bc81a3e459', '0ab4f656-ff67-4665-8f7a-9e529ad3641e');
INSERT INTO principal (username, password) VALUES ('interviewee191', 'qwerty');
INSERT INTO interviewee (id, username, age, gender, country, marital_status) VALUES ('211ab737-cc15-47fe-b4f4-ae4729197d9f', 'interviewee191', 52, 'female', 'GI', 'married');
INSERT INTO choice (id, questionnaire_id, interviewee_id) VALUES ('b5279cbe-febd-4946-a3a3-95a196e36c20', 'aaacf497-4ae4-46e0-aa2e-27377271bafc', '211ab737-cc15-47fe-b4f4-ae4729197d9f');
INSERT INTO option_choice (option_id, choice_id) VALUES ('de1098e4-e0b7-4df4-890a-1958a8d5d465', 'b5279cbe-febd-4946-a3a3-95a196e36c20');
INSERT INTO choice (id, questionnaire_id, interviewee_id) VALUES ('413599db-4f9d-4ba7-b256-1c0c649813b3', '407203dd-9657-46e6-975f-3be5d664dd2a', '211ab737-cc15-47fe-b4f4-ae4729197d9f');
INSERT INTO option_choice (option_id, choice_id) VALUES ('048db851-6d32-476c-9654-e8b6208eabda', '413599db-4f9d-4ba7-b256-1c0c649813b3');
INSERT INTO principal (username, password) VALUES ('interviewee192', 'qwerty');
INSERT INTO interviewee (id, username, age, gender, country, marital_status) VALUES ('110a5122-7276-41ca-ba74-d1c3e6173456', 'interviewee192', 57, 'male', 'PM', 'was_not_married');
INSERT INTO choice (id, questionnaire_id, interviewee_id) VALUES ('cc581af3-7ea9-4ee2-b6b1-1b4092766507', '4a4f7cbc-8533-42b3-923b-6b4309f53c64', '110a5122-7276-41ca-ba74-d1c3e6173456');
INSERT INTO option_choice (option_id, choice_id) VALUES ('c8061f97-fb14-4a37-89ad-0a564fb1704d', 'cc581af3-7ea9-4ee2-b6b1-1b4092766507');
INSERT INTO choice (id, questionnaire_id, interviewee_id) VALUES ('46fe331b-baa0-45d8-81d1-7e97a3a3c240', 'b5c886d7-e86f-4083-958a-cbd232db7a84', '110a5122-7276-41ca-ba74-d1c3e6173456');
INSERT INTO option_choice (option_id, choice_id) VALUES ('9d7ea78f-0edc-43db-94d7-3d31213df760', '46fe331b-baa0-45d8-81d1-7e97a3a3c240');
INSERT INTO choice (id, questionnaire_id, interviewee_id) VALUES ('a6eda9d7-cbdc-48f6-8ebc-3c8132fe90fe', '48b4658e-bc90-4bd2-97bb-92484114dfea', '110a5122-7276-41ca-ba74-d1c3e6173456');
INSERT INTO option_choice (option_id, choice_id) VALUES ('5a5b3a6f-7875-401c-8d0b-e9c8b854b985', 'a6eda9d7-cbdc-48f6-8ebc-3c8132fe90fe');
INSERT INTO principal (username, password) VALUES ('interviewee193', 'qwerty');
INSERT INTO interviewee (id, username, age, gender, country, marital_status) VALUES ('672b9db4-fc32-4e53-88d8-05aa70c4461d', 'interviewee193', 18, 'female', 'SR', 'was_not_married');
INSERT INTO choice (id, questionnaire_id, interviewee_id) VALUES ('4480e185-a241-4b1b-b485-fa6b6790ac00', '51436662-4eca-40ce-b552-b1c7486cf609', '672b9db4-fc32-4e53-88d8-05aa70c4461d');
INSERT INTO option_choice (option_id, choice_id) VALUES ('259215cc-47cc-4165-befd-cf997b4aaf7e', '4480e185-a241-4b1b-b485-fa6b6790ac00');
INSERT INTO choice (id, questionnaire_id, interviewee_id) VALUES ('b12209dd-14d6-4029-a0fb-683b0ecc94d1', 'aaacf497-4ae4-46e0-aa2e-27377271bafc', '672b9db4-fc32-4e53-88d8-05aa70c4461d');
INSERT INTO option_choice (option_id, choice_id) VALUES ('d4aa64ba-49fd-4d00-9175-a646c1d6d559', 'b12209dd-14d6-4029-a0fb-683b0ecc94d1');
INSERT INTO choice (id, questionnaire_id, interviewee_id) VALUES ('5b4c2491-f3c0-4a9a-ae8f-3378a0f6f2bf', 'e4d0ba66-5e11-433c-8243-4d890cceaf69', '672b9db4-fc32-4e53-88d8-05aa70c4461d');
INSERT INTO option_choice (option_id, choice_id) VALUES ('cb637eae-3b8f-4d17-81fb-9b271857e55c', '5b4c2491-f3c0-4a9a-ae8f-3378a0f6f2bf');
INSERT INTO option_choice (option_id, choice_id) VALUES ('7cfec70e-33b3-4c68-9c38-38cf292cd0f9', '5b4c2491-f3c0-4a9a-ae8f-3378a0f6f2bf');
INSERT INTO principal (username, password) VALUES ('interviewee194', 'qwerty');
INSERT INTO interviewee (id, username, age, gender, country, marital_status) VALUES ('41173ca9-ffbf-41f3-a6e9-53251382e1a5', 'interviewee194', 17, 'female', 'KR', 'married');
INSERT INTO choice (id, questionnaire_id, interviewee_id) VALUES ('ea8209db-1aee-471d-a2ea-03184244e8ac', '858287c2-e494-424b-a03f-6b0a55c2fce3', '41173ca9-ffbf-41f3-a6e9-53251382e1a5');
INSERT INTO option_choice (option_id, choice_id) VALUES ('f2fd1a72-0ca7-41a6-ad15-7bc21a02fe73', 'ea8209db-1aee-471d-a2ea-03184244e8ac');
INSERT INTO option_choice (option_id, choice_id) VALUES ('a7e89931-dbca-4a6f-bdbb-b42e57f2e7f2', 'ea8209db-1aee-471d-a2ea-03184244e8ac');
INSERT INTO choice (id, questionnaire_id, interviewee_id) VALUES ('d7de2a55-bfcf-44e8-b3e5-39368fe03001', '48b4658e-bc90-4bd2-97bb-92484114dfea', '41173ca9-ffbf-41f3-a6e9-53251382e1a5');
INSERT INTO option_choice (option_id, choice_id) VALUES ('5a5b3a6f-7875-401c-8d0b-e9c8b854b985', 'd7de2a55-bfcf-44e8-b3e5-39368fe03001');
INSERT INTO principal (username, password) VALUES ('interviewee195', 'qwerty');
INSERT INTO interviewee (id, username, age, gender, country, marital_status) VALUES ('9431542f-34be-45c2-ad00-1e70fd9fabc8', 'interviewee195', 69, 'female', 'AM', 'divorced');
INSERT INTO choice (id, questionnaire_id, interviewee_id) VALUES ('39bd2ff9-adf4-4a6a-9512-816cd0fdaa2d', '4a4f7cbc-8533-42b3-923b-6b4309f53c64', '9431542f-34be-45c2-ad00-1e70fd9fabc8');
INSERT INTO option_choice (option_id, choice_id) VALUES ('3372ec3f-fffa-472e-ac84-938ef71e30be', '39bd2ff9-adf4-4a6a-9512-816cd0fdaa2d');
INSERT INTO choice (id, questionnaire_id, interviewee_id) VALUES ('6abcabcf-6979-47c2-8ca2-cdcd0adce39c', '48b4658e-bc90-4bd2-97bb-92484114dfea', '9431542f-34be-45c2-ad00-1e70fd9fabc8');
INSERT INTO option_choice (option_id, choice_id) VALUES ('72884dca-8b91-4379-bf2e-f4dbfc8f13cd', '6abcabcf-6979-47c2-8ca2-cdcd0adce39c');
INSERT INTO choice (id, questionnaire_id, interviewee_id) VALUES ('fac8d461-0e1b-4ca8-b7d5-4570d98969f3', '81a3f075-1324-4e67-90a5-493fe3324435', '9431542f-34be-45c2-ad00-1e70fd9fabc8');
INSERT INTO option_choice (option_id, choice_id) VALUES ('7b2bd172-1566-440a-81d8-f9b2fb43f8fc', 'fac8d461-0e1b-4ca8-b7d5-4570d98969f3');
INSERT INTO option_choice (option_id, choice_id) VALUES ('a1737a4b-bfa2-4208-a103-ca4bea3afaaf', 'fac8d461-0e1b-4ca8-b7d5-4570d98969f3');
INSERT INTO option_choice (option_id, choice_id) VALUES ('ab9020e3-a12b-46eb-97f0-79dcfaab7356', 'fac8d461-0e1b-4ca8-b7d5-4570d98969f3');
INSERT INTO option_choice (option_id, choice_id) VALUES ('a0eef1f9-547a-4823-b7e0-bb52d6891f8f', 'fac8d461-0e1b-4ca8-b7d5-4570d98969f3');
INSERT INTO option_choice (option_id, choice_id) VALUES ('c5035143-d5d2-4934-8b99-4e66507a8603', 'fac8d461-0e1b-4ca8-b7d5-4570d98969f3');
INSERT INTO option_choice (option_id, choice_id) VALUES ('c0afeee2-6628-4404-bc41-32bc0a1505c5', 'fac8d461-0e1b-4ca8-b7d5-4570d98969f3');
INSERT INTO principal (username, password) VALUES ('interviewee196', 'qwerty');
INSERT INTO interviewee (id, username, age, gender, country, marital_status) VALUES ('ee57360f-6b84-4f32-af9d-2761024dae39', 'interviewee196', 45, 'female', 'GE', 'married');
INSERT INTO choice (id, questionnaire_id, interviewee_id) VALUES ('c9d2c1da-69a7-491f-a3b9-2b9c00193cac', 'b5c886d7-e86f-4083-958a-cbd232db7a84', 'ee57360f-6b84-4f32-af9d-2761024dae39');
INSERT INTO option_choice (option_id, choice_id) VALUES ('bbe6d273-ce07-449f-a3eb-96165f0d7b7d', 'c9d2c1da-69a7-491f-a3b9-2b9c00193cac');
INSERT INTO choice (id, questionnaire_id, interviewee_id) VALUES ('59082c2a-6573-4714-aa99-ac3ab3831426', 'e20dbb22-091f-4137-8450-fdeaea74363f', 'ee57360f-6b84-4f32-af9d-2761024dae39');
INSERT INTO option_choice (option_id, choice_id) VALUES ('a572f3cf-b3ba-491a-9687-6cee662749f1', '59082c2a-6573-4714-aa99-ac3ab3831426');
INSERT INTO option_choice (option_id, choice_id) VALUES ('946ecf06-2d9f-4fe5-b2b7-64c51a5fdf06', '59082c2a-6573-4714-aa99-ac3ab3831426');
INSERT INTO option_choice (option_id, choice_id) VALUES ('ff3c7a97-70db-4404-b85b-274707745879', '59082c2a-6573-4714-aa99-ac3ab3831426');
INSERT INTO option_choice (option_id, choice_id) VALUES ('49d1bc1f-0fd1-4dad-ab6d-b123ea13d33a', '59082c2a-6573-4714-aa99-ac3ab3831426');
INSERT INTO principal (username, password) VALUES ('interviewee197', 'qwerty');
INSERT INTO interviewee (id, username, age, gender, country, marital_status) VALUES ('02b10c4e-573c-424e-b962-be2de60f1192', 'interviewee197', 15, 'male', 'MH', 'was_not_married');
INSERT INTO choice (id, questionnaire_id, interviewee_id) VALUES ('eb62d83f-04c6-44b7-aab6-d59fe4fcd66c', '05e2761c-9435-4970-ad6d-245d7a696140', '02b10c4e-573c-424e-b962-be2de60f1192');
INSERT INTO option_choice (option_id, choice_id) VALUES ('26fa513d-ade2-4822-81ac-a6d8dc123679', 'eb62d83f-04c6-44b7-aab6-d59fe4fcd66c');
INSERT INTO choice (id, questionnaire_id, interviewee_id) VALUES ('abfa18f8-a2d6-40f8-b92b-15cd076b171e', '407203dd-9657-46e6-975f-3be5d664dd2a', '02b10c4e-573c-424e-b962-be2de60f1192');
INSERT INTO option_choice (option_id, choice_id) VALUES ('d37dcf04-38aa-46a3-914b-a881661a3989', 'abfa18f8-a2d6-40f8-b92b-15cd076b171e');
INSERT INTO choice (id, questionnaire_id, interviewee_id) VALUES ('7720e01e-3638-4dd8-94f6-cba11078e004', 'c6dd214b-43b7-401f-afe6-a5ab0d2d7767', '02b10c4e-573c-424e-b962-be2de60f1192');
INSERT INTO option_choice (option_id, choice_id) VALUES ('069a6758-231c-4064-8e44-a0db84e86a21', '7720e01e-3638-4dd8-94f6-cba11078e004');
INSERT INTO principal (username, password) VALUES ('interviewee198', 'qwerty');
INSERT INTO interviewee (id, username, age, gender, country, marital_status) VALUES ('98bf4a3d-08c1-4b19-8caa-cd50664aa189', 'interviewee198', 44, 'female', 'IE', 'was_not_married');
INSERT INTO choice (id, questionnaire_id, interviewee_id) VALUES ('5eef22b1-b0b8-447d-9358-bb959462a0c5', '858287c2-e494-424b-a03f-6b0a55c2fce3', '98bf4a3d-08c1-4b19-8caa-cd50664aa189');
INSERT INTO option_choice (option_id, choice_id) VALUES ('f2fd1a72-0ca7-41a6-ad15-7bc21a02fe73', '5eef22b1-b0b8-447d-9358-bb959462a0c5');
INSERT INTO option_choice (option_id, choice_id) VALUES ('59c8e6e3-5895-4f0b-ae9e-3bb455a5f6b2', '5eef22b1-b0b8-447d-9358-bb959462a0c5');
INSERT INTO option_choice (option_id, choice_id) VALUES ('a1e55f7c-aa45-466f-86bb-0d5e262ca0bc', '5eef22b1-b0b8-447d-9358-bb959462a0c5');
INSERT INTO choice (id, questionnaire_id, interviewee_id) VALUES ('cc4d9dd8-50e7-4eb5-8120-f3673d6424a4', '407203dd-9657-46e6-975f-3be5d664dd2a', '98bf4a3d-08c1-4b19-8caa-cd50664aa189');
INSERT INTO option_choice (option_id, choice_id) VALUES ('ec3a75fb-52ee-48b8-a136-1c4ef02978e8', 'cc4d9dd8-50e7-4eb5-8120-f3673d6424a4');
INSERT INTO principal (username, password) VALUES ('interviewee199', 'qwerty');
INSERT INTO interviewee (id, username, age, gender, country, marital_status) VALUES ('4bad960d-0b5e-4143-a678-68164aa64ec5', 'interviewee199', 50, 'male', 'ST', 'married');
INSERT INTO choice (id, questionnaire_id, interviewee_id) VALUES ('0e102ec4-4ce7-4e49-95f9-716a701e7b35', '407203dd-9657-46e6-975f-3be5d664dd2a', '4bad960d-0b5e-4143-a678-68164aa64ec5');
INSERT INTO option_choice (option_id, choice_id) VALUES ('ec3a75fb-52ee-48b8-a136-1c4ef02978e8', '0e102ec4-4ce7-4e49-95f9-716a701e7b35');
INSERT INTO choice (id, questionnaire_id, interviewee_id) VALUES ('2b167f8a-6ab5-4894-a00b-283d5452aa62', '51436662-4eca-40ce-b552-b1c7486cf609', '4bad960d-0b5e-4143-a678-68164aa64ec5');
INSERT INTO option_choice (option_id, choice_id) VALUES ('259215cc-47cc-4165-befd-cf997b4aaf7e', '2b167f8a-6ab5-4894-a00b-283d5452aa62');
INSERT INTO principal (username, password) VALUES ('interviewee200', 'qwerty');
INSERT INTO interviewee (id, username, age, gender, country, marital_status) VALUES ('b189c6a7-e1f4-4ec1-ab24-0cb696146254', 'interviewee200', 60, 'female', 'DZ', 'divorced');
INSERT INTO choice (id, questionnaire_id, interviewee_id) VALUES ('67bbe913-9f8d-43b7-a69a-9acc2445e74f', '2519c51c-9863-4531-85ff-a7ddd5ea08b2', 'b189c6a7-e1f4-4ec1-ab24-0cb696146254');
INSERT INTO option_choice (option_id, choice_id) VALUES ('8c388d58-c24e-468d-9d56-271abc2ab89d', '67bbe913-9f8d-43b7-a69a-9acc2445e74f');
INSERT INTO principal (username, password) VALUES ('interviewee201', 'qwerty');
INSERT INTO interviewee (id, username, age, gender, country, marital_status) VALUES ('3ab67844-979d-4312-a162-2ed5d116dc27', 'interviewee201', 16, 'male', 'SX', 'divorced');
INSERT INTO choice (id, questionnaire_id, interviewee_id) VALUES ('ca8a01f6-049d-46cc-aadb-b0b6d2a7f2ad', 'e4d0ba66-5e11-433c-8243-4d890cceaf69', '3ab67844-979d-4312-a162-2ed5d116dc27');
INSERT INTO option_choice (option_id, choice_id) VALUES ('cb637eae-3b8f-4d17-81fb-9b271857e55c', 'ca8a01f6-049d-46cc-aadb-b0b6d2a7f2ad');
INSERT INTO option_choice (option_id, choice_id) VALUES ('7cfec70e-33b3-4c68-9c38-38cf292cd0f9', 'ca8a01f6-049d-46cc-aadb-b0b6d2a7f2ad');
INSERT INTO principal (username, password) VALUES ('interviewee202', 'qwerty');
INSERT INTO interviewee (id, username, age, gender, country, marital_status) VALUES ('efab302b-8807-4cda-8022-b7b29cd7d8eb', 'interviewee202', 31, 'male', 'ES', 'was_not_married');
INSERT INTO choice (id, questionnaire_id, interviewee_id) VALUES ('d4459902-e957-4f25-9e1a-86008041ed59', '48b4658e-bc90-4bd2-97bb-92484114dfea', 'efab302b-8807-4cda-8022-b7b29cd7d8eb');
INSERT INTO option_choice (option_id, choice_id) VALUES ('db310764-efc3-46ab-9d86-9914e34aa6cd', 'd4459902-e957-4f25-9e1a-86008041ed59');
INSERT INTO principal (username, password) VALUES ('interviewee203', 'qwerty');
INSERT INTO interviewee (id, username, age, gender, country, marital_status) VALUES ('0653e1b1-fbaa-4ff1-8135-7874e817b321', 'interviewee203', 65, 'male', 'ID', 'was_not_married');
INSERT INTO choice (id, questionnaire_id, interviewee_id) VALUES ('67dff118-022b-4211-89b8-bfc78b0ebe73', '81a3f075-1324-4e67-90a5-493fe3324435', '0653e1b1-fbaa-4ff1-8135-7874e817b321');
INSERT INTO option_choice (option_id, choice_id) VALUES ('c5035143-d5d2-4934-8b99-4e66507a8603', '67dff118-022b-4211-89b8-bfc78b0ebe73');
INSERT INTO option_choice (option_id, choice_id) VALUES ('a1737a4b-bfa2-4208-a103-ca4bea3afaaf', '67dff118-022b-4211-89b8-bfc78b0ebe73');
INSERT INTO option_choice (option_id, choice_id) VALUES ('c0afeee2-6628-4404-bc41-32bc0a1505c5', '67dff118-022b-4211-89b8-bfc78b0ebe73');
INSERT INTO option_choice (option_id, choice_id) VALUES ('ab9020e3-a12b-46eb-97f0-79dcfaab7356', '67dff118-022b-4211-89b8-bfc78b0ebe73');
INSERT INTO choice (id, questionnaire_id, interviewee_id) VALUES ('ca214e3f-0b2f-4762-9b60-f62c5463c817', 'e4d0ba66-5e11-433c-8243-4d890cceaf69', '0653e1b1-fbaa-4ff1-8135-7874e817b321');
INSERT INTO option_choice (option_id, choice_id) VALUES ('7cfec70e-33b3-4c68-9c38-38cf292cd0f9', 'ca214e3f-0b2f-4762-9b60-f62c5463c817');
INSERT INTO principal (username, password) VALUES ('interviewee204', 'qwerty');
INSERT INTO interviewee (id, username, age, gender, country, marital_status) VALUES ('702144cb-1d1f-4531-b372-a8e3d0469d80', 'interviewee204', 47, 'male', 'HN', 'divorced');
INSERT INTO choice (id, questionnaire_id, interviewee_id) VALUES ('aa341c20-1f78-45c6-a8dd-f6bf1252f8de', '5b0a67f5-cbf2-4fde-b526-fd512ff68e24', '702144cb-1d1f-4531-b372-a8e3d0469d80');
INSERT INTO option_choice (option_id, choice_id) VALUES ('a8cdd5b8-35f3-4a35-a54f-11129d88f64d', 'aa341c20-1f78-45c6-a8dd-f6bf1252f8de');
INSERT INTO choice (id, questionnaire_id, interviewee_id) VALUES ('dc4efc10-41a6-460e-90e5-9f0197fafe58', 'aaacf497-4ae4-46e0-aa2e-27377271bafc', '702144cb-1d1f-4531-b372-a8e3d0469d80');
INSERT INTO option_choice (option_id, choice_id) VALUES ('d4aa64ba-49fd-4d00-9175-a646c1d6d559', 'dc4efc10-41a6-460e-90e5-9f0197fafe58');
INSERT INTO principal (username, password) VALUES ('interviewee205', 'qwerty');
INSERT INTO interviewee (id, username, age, gender, country, marital_status) VALUES ('d145e35a-15a3-488e-8863-a485c69e70d4', 'interviewee205', 41, 'female', 'BZ', 'was_not_married');
INSERT INTO choice (id, questionnaire_id, interviewee_id) VALUES ('3a2908d6-7665-4f08-b317-11d91f3a8263', 'e4d0ba66-5e11-433c-8243-4d890cceaf69', 'd145e35a-15a3-488e-8863-a485c69e70d4');
INSERT INTO option_choice (option_id, choice_id) VALUES ('cb637eae-3b8f-4d17-81fb-9b271857e55c', '3a2908d6-7665-4f08-b317-11d91f3a8263');
INSERT INTO principal (username, password) VALUES ('interviewee206', 'qwerty');
INSERT INTO interviewee (id, username, age, gender, country, marital_status) VALUES ('030a1d73-03c6-4a2e-9c3e-039e08c996c9', 'interviewee206', 47, 'female', 'AE', 'was_not_married');
INSERT INTO choice (id, questionnaire_id, interviewee_id) VALUES ('2351c4d1-d3cc-41c8-b997-7397d07e1e2e', '5b0a67f5-cbf2-4fde-b526-fd512ff68e24', '030a1d73-03c6-4a2e-9c3e-039e08c996c9');
INSERT INTO option_choice (option_id, choice_id) VALUES ('97aa1845-210d-4e42-8c05-737698b0c66c', '2351c4d1-d3cc-41c8-b997-7397d07e1e2e');
INSERT INTO choice (id, questionnaire_id, interviewee_id) VALUES ('5efabdf7-2146-43e4-80fc-de7c4f7ce195', '08310229-5370-44f1-8071-5c56f92e3dc5', '030a1d73-03c6-4a2e-9c3e-039e08c996c9');
INSERT INTO option_choice (option_id, choice_id) VALUES ('38336259-fa95-40f4-865c-eff171ebbb80', '5efabdf7-2146-43e4-80fc-de7c4f7ce195');
INSERT INTO principal (username, password) VALUES ('interviewee207', 'qwerty');
INSERT INTO interviewee (id, username, age, gender, country, marital_status) VALUES ('9706a812-6f75-4bb4-945f-e27e42650d2c', 'interviewee207', 17, 'female', 'AZ', 'was_not_married');
INSERT INTO choice (id, questionnaire_id, interviewee_id) VALUES ('7e0872bb-b576-48e3-8c53-3da45b73ea4b', 'b6df4d49-3f70-4802-90cb-4ab89e24a427', '9706a812-6f75-4bb4-945f-e27e42650d2c');
INSERT INTO option_choice (option_id, choice_id) VALUES ('39bf15ab-8f6e-4634-a483-d31c949b3332', '7e0872bb-b576-48e3-8c53-3da45b73ea4b');
INSERT INTO choice (id, questionnaire_id, interviewee_id) VALUES ('98169a54-afac-4915-b15f-083e81a782e5', 'e20dbb22-091f-4137-8450-fdeaea74363f', '9706a812-6f75-4bb4-945f-e27e42650d2c');
INSERT INTO option_choice (option_id, choice_id) VALUES ('742176a0-b7c8-400a-a370-5871099954a4', '98169a54-afac-4915-b15f-083e81a782e5');
INSERT INTO option_choice (option_id, choice_id) VALUES ('4bd78eb1-72bb-47fa-8b7c-4cc826f39edd', '98169a54-afac-4915-b15f-083e81a782e5');
INSERT INTO option_choice (option_id, choice_id) VALUES ('946ecf06-2d9f-4fe5-b2b7-64c51a5fdf06', '98169a54-afac-4915-b15f-083e81a782e5');
INSERT INTO option_choice (option_id, choice_id) VALUES ('49d1bc1f-0fd1-4dad-ab6d-b123ea13d33a', '98169a54-afac-4915-b15f-083e81a782e5');
INSERT INTO option_choice (option_id, choice_id) VALUES ('b09da84d-7533-40da-b486-a820b6b7c110', '98169a54-afac-4915-b15f-083e81a782e5');
INSERT INTO option_choice (option_id, choice_id) VALUES ('ff3c7a97-70db-4404-b85b-274707745879', '98169a54-afac-4915-b15f-083e81a782e5');
INSERT INTO option_choice (option_id, choice_id) VALUES ('a572f3cf-b3ba-491a-9687-6cee662749f1', '98169a54-afac-4915-b15f-083e81a782e5');
INSERT INTO option_choice (option_id, choice_id) VALUES ('322bbc1b-4e8d-41ae-b4f2-3466891dc809', '98169a54-afac-4915-b15f-083e81a782e5');
INSERT INTO choice (id, questionnaire_id, interviewee_id) VALUES ('5fbc6273-b57e-4d8b-986a-cb1cbe7c6cbe', 'c6dd214b-43b7-401f-afe6-a5ab0d2d7767', '9706a812-6f75-4bb4-945f-e27e42650d2c');
INSERT INTO option_choice (option_id, choice_id) VALUES ('c134384c-5eda-4957-9883-b965681b9fef', '5fbc6273-b57e-4d8b-986a-cb1cbe7c6cbe');
INSERT INTO option_choice (option_id, choice_id) VALUES ('069a6758-231c-4064-8e44-a0db84e86a21', '5fbc6273-b57e-4d8b-986a-cb1cbe7c6cbe');
INSERT INTO option_choice (option_id, choice_id) VALUES ('17ceef0b-83da-42ec-a82c-9090a9be74af', '5fbc6273-b57e-4d8b-986a-cb1cbe7c6cbe');
INSERT INTO principal (username, password) VALUES ('interviewee208', 'qwerty');
INSERT INTO interviewee (id, username, age, gender, country, marital_status) VALUES ('d2a1ee0d-dca4-409c-864e-9b0d89b03c8e', 'interviewee208', 27, 'male', 'QA', 'divorced');
INSERT INTO choice (id, questionnaire_id, interviewee_id) VALUES ('04915772-5024-43ab-91e2-ccbe3131b188', '51436662-4eca-40ce-b552-b1c7486cf609', 'd2a1ee0d-dca4-409c-864e-9b0d89b03c8e');
INSERT INTO option_choice (option_id, choice_id) VALUES ('e4c4b240-61c9-4253-a93b-9a7768fbfe3f', '04915772-5024-43ab-91e2-ccbe3131b188');
INSERT INTO principal (username, password) VALUES ('interviewee209', 'qwerty');
INSERT INTO interviewee (id, username, age, gender, country, marital_status) VALUES ('4a9c6fd3-ba7e-420f-bdb4-4acccc7023e4', 'interviewee209', 49, 'male', 'TV', 'was_not_married');
INSERT INTO choice (id, questionnaire_id, interviewee_id) VALUES ('b25d0623-2721-44d6-b045-0bf4c7a2e485', '81a3f075-1324-4e67-90a5-493fe3324435', '4a9c6fd3-ba7e-420f-bdb4-4acccc7023e4');
INSERT INTO option_choice (option_id, choice_id) VALUES ('a0eef1f9-547a-4823-b7e0-bb52d6891f8f', 'b25d0623-2721-44d6-b045-0bf4c7a2e485');
INSERT INTO option_choice (option_id, choice_id) VALUES ('c0afeee2-6628-4404-bc41-32bc0a1505c5', 'b25d0623-2721-44d6-b045-0bf4c7a2e485');
INSERT INTO option_choice (option_id, choice_id) VALUES ('c5035143-d5d2-4934-8b99-4e66507a8603', 'b25d0623-2721-44d6-b045-0bf4c7a2e485');
INSERT INTO option_choice (option_id, choice_id) VALUES ('7b2bd172-1566-440a-81d8-f9b2fb43f8fc', 'b25d0623-2721-44d6-b045-0bf4c7a2e485');
INSERT INTO principal (username, password) VALUES ('interviewee210', 'qwerty');
INSERT INTO interviewee (id, username, age, gender, country, marital_status) VALUES ('f3cdd69a-c421-4ebb-baec-3ce59d58aa20', 'interviewee210', 38, 'female', 'AR', 'divorced');
INSERT INTO choice (id, questionnaire_id, interviewee_id) VALUES ('1baf2058-bc26-42bc-9467-c503ac60780a', '08310229-5370-44f1-8071-5c56f92e3dc5', 'f3cdd69a-c421-4ebb-baec-3ce59d58aa20');
INSERT INTO option_choice (option_id, choice_id) VALUES ('38336259-fa95-40f4-865c-eff171ebbb80', '1baf2058-bc26-42bc-9467-c503ac60780a');
INSERT INTO choice (id, questionnaire_id, interviewee_id) VALUES ('2db29a4f-d7cf-416d-a39c-ede28d9eb831', 'e4d0ba66-5e11-433c-8243-4d890cceaf69', 'f3cdd69a-c421-4ebb-baec-3ce59d58aa20');
INSERT INTO option_choice (option_id, choice_id) VALUES ('cb637eae-3b8f-4d17-81fb-9b271857e55c', '2db29a4f-d7cf-416d-a39c-ede28d9eb831');
INSERT INTO option_choice (option_id, choice_id) VALUES ('7cfec70e-33b3-4c68-9c38-38cf292cd0f9', '2db29a4f-d7cf-416d-a39c-ede28d9eb831');
INSERT INTO principal (username, password) VALUES ('interviewee211', 'qwerty');
INSERT INTO interviewee (id, username, age, gender, country, marital_status) VALUES ('54cd6ec6-3051-4ca3-b8b8-24a9f8a28312', 'interviewee211', 44, 'male', 'AX', 'divorced');
INSERT INTO choice (id, questionnaire_id, interviewee_id) VALUES ('4d6a474c-a4ed-4ab3-b946-4784a9ba28f8', '747d0763-c99f-47ce-809b-b378d489a158', '54cd6ec6-3051-4ca3-b8b8-24a9f8a28312');
INSERT INTO option_choice (option_id, choice_id) VALUES ('2095cf98-27de-4722-93f9-2c09ae6b4ed1', '4d6a474c-a4ed-4ab3-b946-4784a9ba28f8');
INSERT INTO option_choice (option_id, choice_id) VALUES ('65c86d12-f533-40f5-8dd6-10903d890b10', '4d6a474c-a4ed-4ab3-b946-4784a9ba28f8');
INSERT INTO choice (id, questionnaire_id, interviewee_id) VALUES ('b5e795b2-cac3-41ac-93bf-d8b69229885b', '49c46fd6-2111-4ef5-8b91-9ee67132426d', '54cd6ec6-3051-4ca3-b8b8-24a9f8a28312');
INSERT INTO option_choice (option_id, choice_id) VALUES ('9324aa44-2cdd-4334-9eee-ab97e62258df', 'b5e795b2-cac3-41ac-93bf-d8b69229885b');
INSERT INTO principal (username, password) VALUES ('interviewee212', 'qwerty');
INSERT INTO interviewee (id, username, age, gender, country, marital_status) VALUES ('fbfc9e8c-9770-4068-b2d7-009f3109bbd7', 'interviewee212', 51, 'female', 'CG', 'married');
INSERT INTO choice (id, questionnaire_id, interviewee_id) VALUES ('17e86e3f-5163-49b6-b9d1-8d7461cd392b', '81a3f075-1324-4e67-90a5-493fe3324435', 'fbfc9e8c-9770-4068-b2d7-009f3109bbd7');
INSERT INTO option_choice (option_id, choice_id) VALUES ('ab9020e3-a12b-46eb-97f0-79dcfaab7356', '17e86e3f-5163-49b6-b9d1-8d7461cd392b');
INSERT INTO principal (username, password) VALUES ('interviewee213', 'qwerty');
INSERT INTO interviewee (id, username, age, gender, country, marital_status) VALUES ('dd05cecb-b0fe-4a7e-9ee9-6cfca831381c', 'interviewee213', 28, 'male', 'DK', 'married');
INSERT INTO choice (id, questionnaire_id, interviewee_id) VALUES ('f7fb073a-e676-4d89-9761-b2143b74ebd4', 'c6dd214b-43b7-401f-afe6-a5ab0d2d7767', 'dd05cecb-b0fe-4a7e-9ee9-6cfca831381c');
INSERT INTO option_choice (option_id, choice_id) VALUES ('17ceef0b-83da-42ec-a82c-9090a9be74af', 'f7fb073a-e676-4d89-9761-b2143b74ebd4');
INSERT INTO option_choice (option_id, choice_id) VALUES ('c134384c-5eda-4957-9883-b965681b9fef', 'f7fb073a-e676-4d89-9761-b2143b74ebd4');
INSERT INTO choice (id, questionnaire_id, interviewee_id) VALUES ('b6b13089-5780-46da-8b4b-7e12a7fef92f', '407203dd-9657-46e6-975f-3be5d664dd2a', 'dd05cecb-b0fe-4a7e-9ee9-6cfca831381c');
INSERT INTO option_choice (option_id, choice_id) VALUES ('13fd08f6-1546-4289-9b91-c20aea1b69e9', 'b6b13089-5780-46da-8b4b-7e12a7fef92f');
INSERT INTO principal (username, password) VALUES ('interviewee214', 'qwerty');
INSERT INTO interviewee (id, username, age, gender, country, marital_status) VALUES ('4d8e557c-42b6-4bb7-8298-25877c8d6f41', 'interviewee214', 52, 'female', 'LU', 'was_not_married');
INSERT INTO choice (id, questionnaire_id, interviewee_id) VALUES ('3613edc7-ae89-4b24-94b4-f4f054e6ceae', '407203dd-9657-46e6-975f-3be5d664dd2a', '4d8e557c-42b6-4bb7-8298-25877c8d6f41');
INSERT INTO option_choice (option_id, choice_id) VALUES ('3c882d4f-dfe1-416d-adc7-e8b41816b82e', '3613edc7-ae89-4b24-94b4-f4f054e6ceae');
INSERT INTO principal (username, password) VALUES ('interviewee215', 'qwerty');
INSERT INTO interviewee (id, username, age, gender, country, marital_status) VALUES ('4c186fbd-fda7-47c0-9ee4-6c9c15a93978', 'interviewee215', 34, 'male', 'GW', 'married');
INSERT INTO choice (id, questionnaire_id, interviewee_id) VALUES ('94db9437-8fd0-41c4-89fd-76d2a5d39898', '747d0763-c99f-47ce-809b-b378d489a158', '4c186fbd-fda7-47c0-9ee4-6c9c15a93978');
INSERT INTO option_choice (option_id, choice_id) VALUES ('2095cf98-27de-4722-93f9-2c09ae6b4ed1', '94db9437-8fd0-41c4-89fd-76d2a5d39898');
INSERT INTO principal (username, password) VALUES ('interviewee216', 'qwerty');
INSERT INTO interviewee (id, username, age, gender, country, marital_status) VALUES ('c2e8a460-267c-4d03-aa88-403339dedf90', 'interviewee216', 61, 'female', 'TZ', 'married');
INSERT INTO choice (id, questionnaire_id, interviewee_id) VALUES ('20d896b0-2888-43fd-b11b-2e4f18613ccd', '51436662-4eca-40ce-b552-b1c7486cf609', 'c2e8a460-267c-4d03-aa88-403339dedf90');
INSERT INTO option_choice (option_id, choice_id) VALUES ('e4c4b240-61c9-4253-a93b-9a7768fbfe3f', '20d896b0-2888-43fd-b11b-2e4f18613ccd');
INSERT INTO choice (id, questionnaire_id, interviewee_id) VALUES ('a277635a-34ed-4ad4-83ea-576f6aa30ac4', '858287c2-e494-424b-a03f-6b0a55c2fce3', 'c2e8a460-267c-4d03-aa88-403339dedf90');
INSERT INTO option_choice (option_id, choice_id) VALUES ('59c8e6e3-5895-4f0b-ae9e-3bb455a5f6b2', 'a277635a-34ed-4ad4-83ea-576f6aa30ac4');
INSERT INTO option_choice (option_id, choice_id) VALUES ('a7e89931-dbca-4a6f-bdbb-b42e57f2e7f2', 'a277635a-34ed-4ad4-83ea-576f6aa30ac4');
INSERT INTO option_choice (option_id, choice_id) VALUES ('f2fd1a72-0ca7-41a6-ad15-7bc21a02fe73', 'a277635a-34ed-4ad4-83ea-576f6aa30ac4');
INSERT INTO option_choice (option_id, choice_id) VALUES ('a1e55f7c-aa45-466f-86bb-0d5e262ca0bc', 'a277635a-34ed-4ad4-83ea-576f6aa30ac4');
INSERT INTO choice (id, questionnaire_id, interviewee_id) VALUES ('347a42a6-b6f8-4689-bd5a-8bdb4a71e273', '173a3ab0-8485-4aa4-8787-a2a4414f992e', 'c2e8a460-267c-4d03-aa88-403339dedf90');
INSERT INTO option_choice (option_id, choice_id) VALUES ('3c8e0934-801c-4afd-98de-7aaf263889f6', '347a42a6-b6f8-4689-bd5a-8bdb4a71e273');
INSERT INTO option_choice (option_id, choice_id) VALUES ('e03fcb10-1308-44a4-9ce2-e4eaf10452c1', '347a42a6-b6f8-4689-bd5a-8bdb4a71e273');
INSERT INTO option_choice (option_id, choice_id) VALUES ('bf89350f-11e0-4471-a3a1-95481edf5acd', '347a42a6-b6f8-4689-bd5a-8bdb4a71e273');
INSERT INTO option_choice (option_id, choice_id) VALUES ('a477d3c8-db0a-4572-a680-b96fd792dc75', '347a42a6-b6f8-4689-bd5a-8bdb4a71e273');
INSERT INTO option_choice (option_id, choice_id) VALUES ('ce62e0a7-1873-4aa1-a448-2fad3cc888ee', '347a42a6-b6f8-4689-bd5a-8bdb4a71e273');
INSERT INTO option_choice (option_id, choice_id) VALUES ('c453fc60-b896-4f66-8dbe-cc55bc42881e', '347a42a6-b6f8-4689-bd5a-8bdb4a71e273');
INSERT INTO option_choice (option_id, choice_id) VALUES ('3f698183-af22-44ca-80c1-eb668697e9ea', '347a42a6-b6f8-4689-bd5a-8bdb4a71e273');
INSERT INTO principal (username, password) VALUES ('interviewee217', 'qwerty');
INSERT INTO interviewee (id, username, age, gender, country, marital_status) VALUES ('dda0b965-55da-47b6-a73e-46c56216f43e', 'interviewee217', 43, 'female', 'NZ', 'divorced');
INSERT INTO choice (id, questionnaire_id, interviewee_id) VALUES ('8e87b153-93e7-49a2-8832-52a9ef28ddfc', '4a4f7cbc-8533-42b3-923b-6b4309f53c64', 'dda0b965-55da-47b6-a73e-46c56216f43e');
INSERT INTO option_choice (option_id, choice_id) VALUES ('c8061f97-fb14-4a37-89ad-0a564fb1704d', '8e87b153-93e7-49a2-8832-52a9ef28ddfc');
INSERT INTO principal (username, password) VALUES ('interviewee218', 'qwerty');
INSERT INTO interviewee (id, username, age, gender, country, marital_status) VALUES ('087a0e23-ba86-4ab4-90e8-12fca4db7b2f', 'interviewee218', 57, 'female', 'GE', 'was_not_married');
INSERT INTO choice (id, questionnaire_id, interviewee_id) VALUES ('48ad4403-ae55-4411-8fa9-15bd2dae1624', '2519c51c-9863-4531-85ff-a7ddd5ea08b2', '087a0e23-ba86-4ab4-90e8-12fca4db7b2f');
INSERT INTO option_choice (option_id, choice_id) VALUES ('dffcbd6b-b37a-4468-8c01-26ae752e283e', '48ad4403-ae55-4411-8fa9-15bd2dae1624');
INSERT INTO choice (id, questionnaire_id, interviewee_id) VALUES ('9845f7af-f5a6-4a13-ba47-bbc8e54c7447', '5b0a67f5-cbf2-4fde-b526-fd512ff68e24', '087a0e23-ba86-4ab4-90e8-12fca4db7b2f');
INSERT INTO option_choice (option_id, choice_id) VALUES ('771f0011-824c-4e77-8245-8f61e026b171', '9845f7af-f5a6-4a13-ba47-bbc8e54c7447');
INSERT INTO choice (id, questionnaire_id, interviewee_id) VALUES ('06d7968b-8186-4df7-a78d-9e8f76d2ce00', '51436662-4eca-40ce-b552-b1c7486cf609', '087a0e23-ba86-4ab4-90e8-12fca4db7b2f');
INSERT INTO option_choice (option_id, choice_id) VALUES ('e4c4b240-61c9-4253-a93b-9a7768fbfe3f', '06d7968b-8186-4df7-a78d-9e8f76d2ce00');
INSERT INTO principal (username, password) VALUES ('interviewee219', 'qwerty');
INSERT INTO interviewee (id, username, age, gender, country, marital_status) VALUES ('e9f40776-4bcd-4397-970c-69c9519c37f5', 'interviewee219', 40, 'male', 'MR', 'married');
INSERT INTO choice (id, questionnaire_id, interviewee_id) VALUES ('7557d506-87a7-4e30-a5f1-11fe5d0f4944', '8e156ed6-1a8b-4fe6-9a58-0f7cbdd6af32', 'e9f40776-4bcd-4397-970c-69c9519c37f5');
INSERT INTO option_choice (option_id, choice_id) VALUES ('8fdd8f9f-7c9b-45e0-9ac8-45e46fe68791', '7557d506-87a7-4e30-a5f1-11fe5d0f4944');
INSERT INTO principal (username, password) VALUES ('interviewee220', 'qwerty');
INSERT INTO interviewee (id, username, age, gender, country, marital_status) VALUES ('a075ffce-e3c6-4fa8-9541-1851c7d06403', 'interviewee220', 58, 'female', 'UY', 'was_not_married');
INSERT INTO choice (id, questionnaire_id, interviewee_id) VALUES ('7824d787-4920-4990-97a4-416a25f40a0a', '08310229-5370-44f1-8071-5c56f92e3dc5', 'a075ffce-e3c6-4fa8-9541-1851c7d06403');
INSERT INTO option_choice (option_id, choice_id) VALUES ('996311da-bd48-491d-b381-d19b001465c4', '7824d787-4920-4990-97a4-416a25f40a0a');
INSERT INTO choice (id, questionnaire_id, interviewee_id) VALUES ('02e613df-7bb2-43ef-84a9-e701429474e0', 'b6df4d49-3f70-4802-90cb-4ab89e24a427', 'a075ffce-e3c6-4fa8-9541-1851c7d06403');
INSERT INTO option_choice (option_id, choice_id) VALUES ('97729629-c47a-4614-a618-d90dee3f5476', '02e613df-7bb2-43ef-84a9-e701429474e0');
INSERT INTO principal (username, password) VALUES ('interviewee221', 'qwerty');
INSERT INTO interviewee (id, username, age, gender, country, marital_status) VALUES ('9dc4c6fd-92ec-462e-ab4f-147a2930ece7', 'interviewee221', 26, 'female', 'NI', 'married');
INSERT INTO choice (id, questionnaire_id, interviewee_id) VALUES ('98b23a15-1f21-4df9-9422-e3fc655ae894', 'e20dbb22-091f-4137-8450-fdeaea74363f', '9dc4c6fd-92ec-462e-ab4f-147a2930ece7');
INSERT INTO option_choice (option_id, choice_id) VALUES ('ff3c7a97-70db-4404-b85b-274707745879', '98b23a15-1f21-4df9-9422-e3fc655ae894');
INSERT INTO option_choice (option_id, choice_id) VALUES ('946ecf06-2d9f-4fe5-b2b7-64c51a5fdf06', '98b23a15-1f21-4df9-9422-e3fc655ae894');
INSERT INTO option_choice (option_id, choice_id) VALUES ('322bbc1b-4e8d-41ae-b4f2-3466891dc809', '98b23a15-1f21-4df9-9422-e3fc655ae894');
INSERT INTO option_choice (option_id, choice_id) VALUES ('a572f3cf-b3ba-491a-9687-6cee662749f1', '98b23a15-1f21-4df9-9422-e3fc655ae894');
INSERT INTO option_choice (option_id, choice_id) VALUES ('742176a0-b7c8-400a-a370-5871099954a4', '98b23a15-1f21-4df9-9422-e3fc655ae894');
INSERT INTO principal (username, password) VALUES ('interviewee222', 'qwerty');
INSERT INTO interviewee (id, username, age, gender, country, marital_status) VALUES ('c32e9314-1134-452c-99bd-adef99f936cf', 'interviewee222', 51, 'male', 'PL', 'married');
INSERT INTO choice (id, questionnaire_id, interviewee_id) VALUES ('bb25a86d-6f25-4c9d-b74e-f2bcca5e8342', '858287c2-e494-424b-a03f-6b0a55c2fce3', 'c32e9314-1134-452c-99bd-adef99f936cf');
INSERT INTO option_choice (option_id, choice_id) VALUES ('f2fd1a72-0ca7-41a6-ad15-7bc21a02fe73', 'bb25a86d-6f25-4c9d-b74e-f2bcca5e8342');
INSERT INTO principal (username, password) VALUES ('interviewee223', 'qwerty');
INSERT INTO interviewee (id, username, age, gender, country, marital_status) VALUES ('f036b181-46da-455d-8221-c22b3eb64ebf', 'interviewee223', 37, 'male', 'PR', 'was_not_married');
INSERT INTO choice (id, questionnaire_id, interviewee_id) VALUES ('a39bc32a-1602-4ee4-ac82-18dd911e366e', '5b0a67f5-cbf2-4fde-b526-fd512ff68e24', 'f036b181-46da-455d-8221-c22b3eb64ebf');
INSERT INTO option_choice (option_id, choice_id) VALUES ('771f0011-824c-4e77-8245-8f61e026b171', 'a39bc32a-1602-4ee4-ac82-18dd911e366e');
INSERT INTO choice (id, questionnaire_id, interviewee_id) VALUES ('e85dfeb6-df39-4b2a-a275-c70355678c8e', 'b6df4d49-3f70-4802-90cb-4ab89e24a427', 'f036b181-46da-455d-8221-c22b3eb64ebf');
INSERT INTO option_choice (option_id, choice_id) VALUES ('372d528a-d173-4ec8-bba6-b6d6ccea7303', 'e85dfeb6-df39-4b2a-a275-c70355678c8e');
INSERT INTO principal (username, password) VALUES ('interviewee224', 'qwerty');
INSERT INTO interviewee (id, username, age, gender, country, marital_status) VALUES ('83c63cb4-fc6c-4b09-a379-94c23b708ed6', 'interviewee224', 25, 'male', 'KN', 'was_not_married');
INSERT INTO choice (id, questionnaire_id, interviewee_id) VALUES ('6042fce8-e2bb-4a22-acf8-36dbd57fede7', 'aaacf497-4ae4-46e0-aa2e-27377271bafc', '83c63cb4-fc6c-4b09-a379-94c23b708ed6');
INSERT INTO option_choice (option_id, choice_id) VALUES ('070ce52d-21fd-4380-9c02-d25647a035a6', '6042fce8-e2bb-4a22-acf8-36dbd57fede7');
INSERT INTO principal (username, password) VALUES ('interviewee225', 'qwerty');
INSERT INTO interviewee (id, username, age, gender, country, marital_status) VALUES ('8caabc09-dffe-4394-bb9a-e73e66b8fee7', 'interviewee225', 22, 'female', 'KY', 'divorced');
INSERT INTO choice (id, questionnaire_id, interviewee_id) VALUES ('5d15b2dc-05cf-4d13-b4d0-18415f3e22dd', 'b5c886d7-e86f-4083-958a-cbd232db7a84', '8caabc09-dffe-4394-bb9a-e73e66b8fee7');
INSERT INTO option_choice (option_id, choice_id) VALUES ('e9ae0eb7-ed92-45ff-8ec1-bb688c3f1bfe', '5d15b2dc-05cf-4d13-b4d0-18415f3e22dd');
INSERT INTO principal (username, password) VALUES ('interviewee226', 'qwerty');
INSERT INTO interviewee (id, username, age, gender, country, marital_status) VALUES ('95c2487a-ed3d-4bb6-9aae-0a5a3ae13ed2', 'interviewee226', 56, 'male', 'MO', 'married');
INSERT INTO choice (id, questionnaire_id, interviewee_id) VALUES ('0aad52bc-8298-4a9e-bb43-70e56123f9dd', 'b6df4d49-3f70-4802-90cb-4ab89e24a427', '95c2487a-ed3d-4bb6-9aae-0a5a3ae13ed2');
INSERT INTO option_choice (option_id, choice_id) VALUES ('77609489-aa8b-4a3f-960d-ae51ced640c1', '0aad52bc-8298-4a9e-bb43-70e56123f9dd');
INSERT INTO choice (id, questionnaire_id, interviewee_id) VALUES ('b3b30a36-7831-49d0-869a-3098725502bd', 'aaacf497-4ae4-46e0-aa2e-27377271bafc', '95c2487a-ed3d-4bb6-9aae-0a5a3ae13ed2');
INSERT INTO option_choice (option_id, choice_id) VALUES ('d4aa64ba-49fd-4d00-9175-a646c1d6d559', 'b3b30a36-7831-49d0-869a-3098725502bd');
INSERT INTO choice (id, questionnaire_id, interviewee_id) VALUES ('e59ce34b-f7f3-4292-b946-0e9b3d28f7f9', '5b0a67f5-cbf2-4fde-b526-fd512ff68e24', '95c2487a-ed3d-4bb6-9aae-0a5a3ae13ed2');
INSERT INTO option_choice (option_id, choice_id) VALUES ('771f0011-824c-4e77-8245-8f61e026b171', 'e59ce34b-f7f3-4292-b946-0e9b3d28f7f9');
INSERT INTO principal (username, password) VALUES ('interviewee227', 'qwerty');
INSERT INTO interviewee (id, username, age, gender, country, marital_status) VALUES ('03b591bd-7f26-4c03-a0e9-eed2b5bd63be', 'interviewee227', 68, 'male', 'SJ', 'married');
INSERT INTO choice (id, questionnaire_id, interviewee_id) VALUES ('4a28c8ff-6c52-4dda-bd67-2be0a8d04051', 'aaacf497-4ae4-46e0-aa2e-27377271bafc', '03b591bd-7f26-4c03-a0e9-eed2b5bd63be');
INSERT INTO option_choice (option_id, choice_id) VALUES ('de1098e4-e0b7-4df4-890a-1958a8d5d465', '4a28c8ff-6c52-4dda-bd67-2be0a8d04051');
INSERT INTO principal (username, password) VALUES ('interviewee228', 'qwerty');
INSERT INTO interviewee (id, username, age, gender, country, marital_status) VALUES ('f85132c6-d5a0-4eb0-8f42-6311a1995fd6', 'interviewee228', 25, 'female', 'AU', 'divorced');
INSERT INTO choice (id, questionnaire_id, interviewee_id) VALUES ('7a6cff62-ffa7-4130-b218-56a3f8815eda', 'aaacf497-4ae4-46e0-aa2e-27377271bafc', 'f85132c6-d5a0-4eb0-8f42-6311a1995fd6');
INSERT INTO option_choice (option_id, choice_id) VALUES ('de1098e4-e0b7-4df4-890a-1958a8d5d465', '7a6cff62-ffa7-4130-b218-56a3f8815eda');
INSERT INTO choice (id, questionnaire_id, interviewee_id) VALUES ('ee7e9f8f-db4a-4ab8-b053-86d5b24178c3', '407203dd-9657-46e6-975f-3be5d664dd2a', 'f85132c6-d5a0-4eb0-8f42-6311a1995fd6');
INSERT INTO option_choice (option_id, choice_id) VALUES ('ba4c9312-3e73-4c11-bce9-7ba2e084dd49', 'ee7e9f8f-db4a-4ab8-b053-86d5b24178c3');
INSERT INTO choice (id, questionnaire_id, interviewee_id) VALUES ('19196f33-7053-4d61-899a-fbeda909f954', '858287c2-e494-424b-a03f-6b0a55c2fce3', 'f85132c6-d5a0-4eb0-8f42-6311a1995fd6');
INSERT INTO option_choice (option_id, choice_id) VALUES ('59c8e6e3-5895-4f0b-ae9e-3bb455a5f6b2', '19196f33-7053-4d61-899a-fbeda909f954');
INSERT INTO option_choice (option_id, choice_id) VALUES ('a7e89931-dbca-4a6f-bdbb-b42e57f2e7f2', '19196f33-7053-4d61-899a-fbeda909f954');
INSERT INTO principal (username, password) VALUES ('interviewee229', 'qwerty');
INSERT INTO interviewee (id, username, age, gender, country, marital_status) VALUES ('f1668122-8b2e-4a8a-8c3d-fea76bee5c66', 'interviewee229', 19, 'male', 'SV', 'was_not_married');
INSERT INTO choice (id, questionnaire_id, interviewee_id) VALUES ('57db103b-f90c-4f55-b3d1-2341f5fabec5', '747d0763-c99f-47ce-809b-b378d489a158', 'f1668122-8b2e-4a8a-8c3d-fea76bee5c66');
INSERT INTO option_choice (option_id, choice_id) VALUES ('7cc0569f-f362-4ed1-9343-6ffd1369e812', '57db103b-f90c-4f55-b3d1-2341f5fabec5');
INSERT INTO option_choice (option_id, choice_id) VALUES ('2095cf98-27de-4722-93f9-2c09ae6b4ed1', '57db103b-f90c-4f55-b3d1-2341f5fabec5');
INSERT INTO option_choice (option_id, choice_id) VALUES ('65c86d12-f533-40f5-8dd6-10903d890b10', '57db103b-f90c-4f55-b3d1-2341f5fabec5');
INSERT INTO principal (username, password) VALUES ('interviewee230', 'qwerty');
INSERT INTO interviewee (id, username, age, gender, country, marital_status) VALUES ('a7100440-2afc-4c7e-bc02-5c30d5cb44ee', 'interviewee230', 36, 'male', 'LA', 'divorced');
INSERT INTO choice (id, questionnaire_id, interviewee_id) VALUES ('6489aefc-9ce3-4b60-8e7c-04ad1f2b39f8', '08310229-5370-44f1-8071-5c56f92e3dc5', 'a7100440-2afc-4c7e-bc02-5c30d5cb44ee');
INSERT INTO option_choice (option_id, choice_id) VALUES ('996311da-bd48-491d-b381-d19b001465c4', '6489aefc-9ce3-4b60-8e7c-04ad1f2b39f8');
INSERT INTO choice (id, questionnaire_id, interviewee_id) VALUES ('232f2f5c-f506-4120-a5c9-4a357f399d5d', 'b6df4d49-3f70-4802-90cb-4ab89e24a427', 'a7100440-2afc-4c7e-bc02-5c30d5cb44ee');
INSERT INTO option_choice (option_id, choice_id) VALUES ('03756c76-738d-45a3-8b02-6f36d78f3dfb', '232f2f5c-f506-4120-a5c9-4a357f399d5d');
INSERT INTO principal (username, password) VALUES ('interviewee231', 'qwerty');
INSERT INTO interviewee (id, username, age, gender, country, marital_status) VALUES ('39fc9f42-70c9-4144-abb9-d1477695b126', 'interviewee231', 44, 'male', 'MM', 'was_not_married');
INSERT INTO choice (id, questionnaire_id, interviewee_id) VALUES ('633d7895-441f-4f10-80e3-9eccf4429344', '5b0a67f5-cbf2-4fde-b526-fd512ff68e24', '39fc9f42-70c9-4144-abb9-d1477695b126');
INSERT INTO option_choice (option_id, choice_id) VALUES ('7dc1dfe8-a039-4c2a-a601-d1bc81a3e459', '633d7895-441f-4f10-80e3-9eccf4429344');
INSERT INTO choice (id, questionnaire_id, interviewee_id) VALUES ('567cb289-7c7b-4f54-8fb1-4c65c148bf8d', '4a4f7cbc-8533-42b3-923b-6b4309f53c64', '39fc9f42-70c9-4144-abb9-d1477695b126');
INSERT INTO option_choice (option_id, choice_id) VALUES ('9626a1a6-7214-4944-83a6-f582098c61a8', '567cb289-7c7b-4f54-8fb1-4c65c148bf8d');
INSERT INTO principal (username, password) VALUES ('interviewee232', 'qwerty');
INSERT INTO interviewee (id, username, age, gender, country, marital_status) VALUES ('51955ff2-0888-47f1-87e3-ea66930eca03', 'interviewee232', 64, 'male', 'MS', 'was_not_married');
INSERT INTO choice (id, questionnaire_id, interviewee_id) VALUES ('50bae672-4d18-42dd-aafe-55bade6d3248', '2519c51c-9863-4531-85ff-a7ddd5ea08b2', '51955ff2-0888-47f1-87e3-ea66930eca03');
INSERT INTO option_choice (option_id, choice_id) VALUES ('e532cc1b-83fa-4902-9bd1-0868c31241bb', '50bae672-4d18-42dd-aafe-55bade6d3248');
INSERT INTO choice (id, questionnaire_id, interviewee_id) VALUES ('8cc25f7b-cec4-4af2-9d0a-fbcc0f85c262', 'b5c886d7-e86f-4083-958a-cbd232db7a84', '51955ff2-0888-47f1-87e3-ea66930eca03');
INSERT INTO option_choice (option_id, choice_id) VALUES ('b3fef8ac-34c1-4143-a4bd-73c39cbbac53', '8cc25f7b-cec4-4af2-9d0a-fbcc0f85c262');
INSERT INTO principal (username, password) VALUES ('interviewee233', 'qwerty');
INSERT INTO interviewee (id, username, age, gender, country, marital_status) VALUES ('1be61b4b-c0f0-4c48-9da6-2e47d90b5771', 'interviewee233', 17, 'female', 'CG', 'divorced');
INSERT INTO choice (id, questionnaire_id, interviewee_id) VALUES ('40d8630f-96aa-4604-978c-27510efe3f19', '5b0a67f5-cbf2-4fde-b526-fd512ff68e24', '1be61b4b-c0f0-4c48-9da6-2e47d90b5771');
INSERT INTO option_choice (option_id, choice_id) VALUES ('7dc1dfe8-a039-4c2a-a601-d1bc81a3e459', '40d8630f-96aa-4604-978c-27510efe3f19');
INSERT INTO choice (id, questionnaire_id, interviewee_id) VALUES ('6445ef91-15bb-4615-b748-70ce23d255f1', 'b5c886d7-e86f-4083-958a-cbd232db7a84', '1be61b4b-c0f0-4c48-9da6-2e47d90b5771');
INSERT INTO option_choice (option_id, choice_id) VALUES ('c7575671-3918-48d7-bc48-356ad1dd79e9', '6445ef91-15bb-4615-b748-70ce23d255f1');
INSERT INTO choice (id, questionnaire_id, interviewee_id) VALUES ('5c18552a-35d5-4543-82bf-52e92228dfe4', '173a3ab0-8485-4aa4-8787-a2a4414f992e', '1be61b4b-c0f0-4c48-9da6-2e47d90b5771');
INSERT INTO option_choice (option_id, choice_id) VALUES ('c453fc60-b896-4f66-8dbe-cc55bc42881e', '5c18552a-35d5-4543-82bf-52e92228dfe4');
INSERT INTO option_choice (option_id, choice_id) VALUES ('a477d3c8-db0a-4572-a680-b96fd792dc75', '5c18552a-35d5-4543-82bf-52e92228dfe4');
INSERT INTO option_choice (option_id, choice_id) VALUES ('ce62e0a7-1873-4aa1-a448-2fad3cc888ee', '5c18552a-35d5-4543-82bf-52e92228dfe4');
INSERT INTO option_choice (option_id, choice_id) VALUES ('f9a527bc-3f55-40db-b05e-d549f1801594', '5c18552a-35d5-4543-82bf-52e92228dfe4');
INSERT INTO principal (username, password) VALUES ('interviewee234', 'qwerty');
INSERT INTO interviewee (id, username, age, gender, country, marital_status) VALUES ('d7f0c519-f570-4b5b-912c-9eb656aa1c66', 'interviewee234', 54, 'male', 'SL', 'married');
INSERT INTO choice (id, questionnaire_id, interviewee_id) VALUES ('0a5e9e80-b5fe-4016-90b2-52399cb71645', '48b4658e-bc90-4bd2-97bb-92484114dfea', 'd7f0c519-f570-4b5b-912c-9eb656aa1c66');
INSERT INTO option_choice (option_id, choice_id) VALUES ('db310764-efc3-46ab-9d86-9914e34aa6cd', '0a5e9e80-b5fe-4016-90b2-52399cb71645');
INSERT INTO choice (id, questionnaire_id, interviewee_id) VALUES ('b0506e0b-acf4-4478-9342-173123dc3146', 'aaacf497-4ae4-46e0-aa2e-27377271bafc', 'd7f0c519-f570-4b5b-912c-9eb656aa1c66');
INSERT INTO option_choice (option_id, choice_id) VALUES ('d4aa64ba-49fd-4d00-9175-a646c1d6d559', 'b0506e0b-acf4-4478-9342-173123dc3146');
INSERT INTO choice (id, questionnaire_id, interviewee_id) VALUES ('e6405256-e37e-40fa-91e2-2feabd375cac', '49c46fd6-2111-4ef5-8b91-9ee67132426d', 'd7f0c519-f570-4b5b-912c-9eb656aa1c66');
INSERT INTO option_choice (option_id, choice_id) VALUES ('82dcd7e2-d76d-47ad-b352-0b1d6482c730', 'e6405256-e37e-40fa-91e2-2feabd375cac');
INSERT INTO principal (username, password) VALUES ('interviewee235', 'qwerty');
INSERT INTO interviewee (id, username, age, gender, country, marital_status) VALUES ('01c6454b-f640-4609-a02c-854562119e22', 'interviewee235', 34, 'female', 'SD', 'divorced');
INSERT INTO choice (id, questionnaire_id, interviewee_id) VALUES ('f5cf636b-0773-42ba-bad4-f2b9cda422e2', '4a4f7cbc-8533-42b3-923b-6b4309f53c64', '01c6454b-f640-4609-a02c-854562119e22');
INSERT INTO option_choice (option_id, choice_id) VALUES ('9626a1a6-7214-4944-83a6-f582098c61a8', 'f5cf636b-0773-42ba-bad4-f2b9cda422e2');
INSERT INTO choice (id, questionnaire_id, interviewee_id) VALUES ('31a33c3a-3399-4805-ba8f-84e7189dd8b4', '407203dd-9657-46e6-975f-3be5d664dd2a', '01c6454b-f640-4609-a02c-854562119e22');
INSERT INTO option_choice (option_id, choice_id) VALUES ('ba4c9312-3e73-4c11-bce9-7ba2e084dd49', '31a33c3a-3399-4805-ba8f-84e7189dd8b4');
INSERT INTO choice (id, questionnaire_id, interviewee_id) VALUES ('3e78ff73-f352-4b97-b3cd-dbcdc0bd0d1e', 'e20dbb22-091f-4137-8450-fdeaea74363f', '01c6454b-f640-4609-a02c-854562119e22');
INSERT INTO option_choice (option_id, choice_id) VALUES ('49d1bc1f-0fd1-4dad-ab6d-b123ea13d33a', '3e78ff73-f352-4b97-b3cd-dbcdc0bd0d1e');
INSERT INTO option_choice (option_id, choice_id) VALUES ('946ecf06-2d9f-4fe5-b2b7-64c51a5fdf06', '3e78ff73-f352-4b97-b3cd-dbcdc0bd0d1e');
INSERT INTO option_choice (option_id, choice_id) VALUES ('a572f3cf-b3ba-491a-9687-6cee662749f1', '3e78ff73-f352-4b97-b3cd-dbcdc0bd0d1e');
INSERT INTO principal (username, password) VALUES ('interviewee236', 'qwerty');
INSERT INTO interviewee (id, username, age, gender, country, marital_status) VALUES ('53412e05-3418-4505-811e-5bf309a5b3c9', 'interviewee236', 67, 'female', 'RE', 'divorced');
INSERT INTO choice (id, questionnaire_id, interviewee_id) VALUES ('a7aa806b-da24-4267-b947-f51282aec7df', '2519c51c-9863-4531-85ff-a7ddd5ea08b2', '53412e05-3418-4505-811e-5bf309a5b3c9');
INSERT INTO option_choice (option_id, choice_id) VALUES ('dffcbd6b-b37a-4468-8c01-26ae752e283e', 'a7aa806b-da24-4267-b947-f51282aec7df');
INSERT INTO principal (username, password) VALUES ('interviewee237', 'qwerty');
INSERT INTO interviewee (id, username, age, gender, country, marital_status) VALUES ('064ab266-24f1-41f8-afd6-86a0dfa05c86', 'interviewee237', 70, 'female', 'SX', 'was_not_married');
INSERT INTO choice (id, questionnaire_id, interviewee_id) VALUES ('ea6efa5a-8fd2-4344-8162-df231d696982', '858287c2-e494-424b-a03f-6b0a55c2fce3', '064ab266-24f1-41f8-afd6-86a0dfa05c86');
INSERT INTO option_choice (option_id, choice_id) VALUES ('59c8e6e3-5895-4f0b-ae9e-3bb455a5f6b2', 'ea6efa5a-8fd2-4344-8162-df231d696982');
INSERT INTO option_choice (option_id, choice_id) VALUES ('a7e89931-dbca-4a6f-bdbb-b42e57f2e7f2', 'ea6efa5a-8fd2-4344-8162-df231d696982');
INSERT INTO option_choice (option_id, choice_id) VALUES ('a1e55f7c-aa45-466f-86bb-0d5e262ca0bc', 'ea6efa5a-8fd2-4344-8162-df231d696982');
INSERT INTO option_choice (option_id, choice_id) VALUES ('f2fd1a72-0ca7-41a6-ad15-7bc21a02fe73', 'ea6efa5a-8fd2-4344-8162-df231d696982');
INSERT INTO choice (id, questionnaire_id, interviewee_id) VALUES ('0d1cf3ae-42a5-4f83-ac4c-16ad52e7b022', 'b5c886d7-e86f-4083-958a-cbd232db7a84', '064ab266-24f1-41f8-afd6-86a0dfa05c86');
INSERT INTO option_choice (option_id, choice_id) VALUES ('bbe6d273-ce07-449f-a3eb-96165f0d7b7d', '0d1cf3ae-42a5-4f83-ac4c-16ad52e7b022');
INSERT INTO principal (username, password) VALUES ('interviewee238', 'qwerty');
INSERT INTO interviewee (id, username, age, gender, country, marital_status) VALUES ('9d0a2c28-1ec3-4b06-8149-6f1ffd2639f4', 'interviewee238', 25, 'male', 'TR', 'married');
INSERT INTO choice (id, questionnaire_id, interviewee_id) VALUES ('aae466fe-0d7a-47be-a494-96465952f389', '48b4658e-bc90-4bd2-97bb-92484114dfea', '9d0a2c28-1ec3-4b06-8149-6f1ffd2639f4');
INSERT INTO option_choice (option_id, choice_id) VALUES ('72884dca-8b91-4379-bf2e-f4dbfc8f13cd', 'aae466fe-0d7a-47be-a494-96465952f389');
INSERT INTO choice (id, questionnaire_id, interviewee_id) VALUES ('19252ba6-ef39-4587-8a42-9a077a0cfa14', 'c6dd214b-43b7-401f-afe6-a5ab0d2d7767', '9d0a2c28-1ec3-4b06-8149-6f1ffd2639f4');
INSERT INTO option_choice (option_id, choice_id) VALUES ('9d2a2dd1-7979-48a6-a0b7-3de8fdea75b6', '19252ba6-ef39-4587-8a42-9a077a0cfa14');
INSERT INTO option_choice (option_id, choice_id) VALUES ('17ceef0b-83da-42ec-a82c-9090a9be74af', '19252ba6-ef39-4587-8a42-9a077a0cfa14');
INSERT INTO option_choice (option_id, choice_id) VALUES ('069a6758-231c-4064-8e44-a0db84e86a21', '19252ba6-ef39-4587-8a42-9a077a0cfa14');
INSERT INTO option_choice (option_id, choice_id) VALUES ('c134384c-5eda-4957-9883-b965681b9fef', '19252ba6-ef39-4587-8a42-9a077a0cfa14');
INSERT INTO choice (id, questionnaire_id, interviewee_id) VALUES ('a719c9f4-485e-48af-9b4a-1880d4ca4a59', '08310229-5370-44f1-8071-5c56f92e3dc5', '9d0a2c28-1ec3-4b06-8149-6f1ffd2639f4');
INSERT INTO option_choice (option_id, choice_id) VALUES ('fc94d716-ca6a-45f3-8cbb-afd6a3ea72a3', 'a719c9f4-485e-48af-9b4a-1880d4ca4a59');
INSERT INTO principal (username, password) VALUES ('interviewee239', 'qwerty');
INSERT INTO interviewee (id, username, age, gender, country, marital_status) VALUES ('69659d7a-ea43-4ac1-8b0f-a6173be4c008', 'interviewee239', 31, 'male', 'ER', 'was_not_married');
INSERT INTO choice (id, questionnaire_id, interviewee_id) VALUES ('d63e9041-4a0b-469a-b7d8-8661ff15f7d3', '49c46fd6-2111-4ef5-8b91-9ee67132426d', '69659d7a-ea43-4ac1-8b0f-a6173be4c008');
INSERT INTO option_choice (option_id, choice_id) VALUES ('9324aa44-2cdd-4334-9eee-ab97e62258df', 'd63e9041-4a0b-469a-b7d8-8661ff15f7d3');
INSERT INTO principal (username, password) VALUES ('interviewee240', 'qwerty');
INSERT INTO interviewee (id, username, age, gender, country, marital_status) VALUES ('79328327-49a4-43f7-b360-f9e2b68b7f8f', 'interviewee240', 49, 'female', 'KY', 'married');
INSERT INTO choice (id, questionnaire_id, interviewee_id) VALUES ('a09b5962-ac41-4b63-b8ff-5006ac409d75', 'aaacf497-4ae4-46e0-aa2e-27377271bafc', '79328327-49a4-43f7-b360-f9e2b68b7f8f');
INSERT INTO option_choice (option_id, choice_id) VALUES ('d4aa64ba-49fd-4d00-9175-a646c1d6d559', 'a09b5962-ac41-4b63-b8ff-5006ac409d75');
INSERT INTO choice (id, questionnaire_id, interviewee_id) VALUES ('a9d6d8fe-9235-4dd6-87d1-2861fbc95613', '2519c51c-9863-4531-85ff-a7ddd5ea08b2', '79328327-49a4-43f7-b360-f9e2b68b7f8f');
INSERT INTO option_choice (option_id, choice_id) VALUES ('b2ff87be-cdaa-4b83-bb9c-9946660ea8b8', 'a9d6d8fe-9235-4dd6-87d1-2861fbc95613');
INSERT INTO choice (id, questionnaire_id, interviewee_id) VALUES ('7b3a4646-baa1-48ab-b7ff-4449a8843911', '81a3f075-1324-4e67-90a5-493fe3324435', '79328327-49a4-43f7-b360-f9e2b68b7f8f');
INSERT INTO option_choice (option_id, choice_id) VALUES ('c0afeee2-6628-4404-bc41-32bc0a1505c5', '7b3a4646-baa1-48ab-b7ff-4449a8843911');
INSERT INTO option_choice (option_id, choice_id) VALUES ('c5035143-d5d2-4934-8b99-4e66507a8603', '7b3a4646-baa1-48ab-b7ff-4449a8843911');
INSERT INTO option_choice (option_id, choice_id) VALUES ('a1737a4b-bfa2-4208-a103-ca4bea3afaaf', '7b3a4646-baa1-48ab-b7ff-4449a8843911');
INSERT INTO option_choice (option_id, choice_id) VALUES ('ab9020e3-a12b-46eb-97f0-79dcfaab7356', '7b3a4646-baa1-48ab-b7ff-4449a8843911');
INSERT INTO principal (username, password) VALUES ('interviewee241', 'qwerty');
INSERT INTO interviewee (id, username, age, gender, country, marital_status) VALUES ('53392bc5-5f74-47e4-bdcd-f5242ac7558b', 'interviewee241', 23, 'female', 'BG', 'divorced');
INSERT INTO choice (id, questionnaire_id, interviewee_id) VALUES ('435fed94-c58e-4251-bd84-26d1ea5dc130', '2519c51c-9863-4531-85ff-a7ddd5ea08b2', '53392bc5-5f74-47e4-bdcd-f5242ac7558b');
INSERT INTO option_choice (option_id, choice_id) VALUES ('a3b534e4-0e3d-437c-94bf-14e57f299a2c', '435fed94-c58e-4251-bd84-26d1ea5dc130');
INSERT INTO choice (id, questionnaire_id, interviewee_id) VALUES ('a6586ab3-3f40-4c86-8e0b-5628b847c187', '858287c2-e494-424b-a03f-6b0a55c2fce3', '53392bc5-5f74-47e4-bdcd-f5242ac7558b');
INSERT INTO option_choice (option_id, choice_id) VALUES ('a7e89931-dbca-4a6f-bdbb-b42e57f2e7f2', 'a6586ab3-3f40-4c86-8e0b-5628b847c187');
INSERT INTO option_choice (option_id, choice_id) VALUES ('a1e55f7c-aa45-466f-86bb-0d5e262ca0bc', 'a6586ab3-3f40-4c86-8e0b-5628b847c187');
INSERT INTO option_choice (option_id, choice_id) VALUES ('f2fd1a72-0ca7-41a6-ad15-7bc21a02fe73', 'a6586ab3-3f40-4c86-8e0b-5628b847c187');
INSERT INTO principal (username, password) VALUES ('interviewee242', 'qwerty');
INSERT INTO interviewee (id, username, age, gender, country, marital_status) VALUES ('844facd1-1512-4436-9f08-7cb6760a5d10', 'interviewee242', 61, 'female', 'GW', 'divorced');
INSERT INTO choice (id, questionnaire_id, interviewee_id) VALUES ('a34f35cf-c497-44f1-a574-44602f22dd14', '5b0a67f5-cbf2-4fde-b526-fd512ff68e24', '844facd1-1512-4436-9f08-7cb6760a5d10');
INSERT INTO option_choice (option_id, choice_id) VALUES ('771f0011-824c-4e77-8245-8f61e026b171', 'a34f35cf-c497-44f1-a574-44602f22dd14');
INSERT INTO choice (id, questionnaire_id, interviewee_id) VALUES ('a963cf63-6b6c-4f27-8d50-f76dc0b73093', '48b4658e-bc90-4bd2-97bb-92484114dfea', '844facd1-1512-4436-9f08-7cb6760a5d10');
INSERT INTO option_choice (option_id, choice_id) VALUES ('5a5b3a6f-7875-401c-8d0b-e9c8b854b985', 'a963cf63-6b6c-4f27-8d50-f76dc0b73093');
INSERT INTO principal (username, password) VALUES ('interviewee243', 'qwerty');
INSERT INTO interviewee (id, username, age, gender, country, marital_status) VALUES ('ef42fddb-7d58-4263-a00d-6eec34428b9a', 'interviewee243', 26, 'female', 'GD', 'married');
INSERT INTO choice (id, questionnaire_id, interviewee_id) VALUES ('2e41b13a-234e-493c-a559-bd41c62f7971', 'aaacf497-4ae4-46e0-aa2e-27377271bafc', 'ef42fddb-7d58-4263-a00d-6eec34428b9a');
INSERT INTO option_choice (option_id, choice_id) VALUES ('070ce52d-21fd-4380-9c02-d25647a035a6', '2e41b13a-234e-493c-a559-bd41c62f7971');
INSERT INTO choice (id, questionnaire_id, interviewee_id) VALUES ('d0cb7315-55d5-45b9-a333-ee99da2dcf7c', '747d0763-c99f-47ce-809b-b378d489a158', 'ef42fddb-7d58-4263-a00d-6eec34428b9a');
INSERT INTO option_choice (option_id, choice_id) VALUES ('2095cf98-27de-4722-93f9-2c09ae6b4ed1', 'd0cb7315-55d5-45b9-a333-ee99da2dcf7c');
INSERT INTO option_choice (option_id, choice_id) VALUES ('7cc0569f-f362-4ed1-9343-6ffd1369e812', 'd0cb7315-55d5-45b9-a333-ee99da2dcf7c');
INSERT INTO choice (id, questionnaire_id, interviewee_id) VALUES ('510fd677-5bc5-4110-ad18-8c3918beaa46', '8e156ed6-1a8b-4fe6-9a58-0f7cbdd6af32', 'ef42fddb-7d58-4263-a00d-6eec34428b9a');
INSERT INTO option_choice (option_id, choice_id) VALUES ('38f39cdf-6292-4c51-8660-f27ad61185bf', '510fd677-5bc5-4110-ad18-8c3918beaa46');
INSERT INTO principal (username, password) VALUES ('interviewee244', 'qwerty');
INSERT INTO interviewee (id, username, age, gender, country, marital_status) VALUES ('f026d093-c4cc-4132-88dd-820d77bfb00b', 'interviewee244', 16, 'female', 'MT', 'was_not_married');
INSERT INTO choice (id, questionnaire_id, interviewee_id) VALUES ('b4fbe7cd-a47d-47c2-8201-543b7bbf32dc', '51436662-4eca-40ce-b552-b1c7486cf609', 'f026d093-c4cc-4132-88dd-820d77bfb00b');
INSERT INTO option_choice (option_id, choice_id) VALUES ('259215cc-47cc-4165-befd-cf997b4aaf7e', 'b4fbe7cd-a47d-47c2-8201-543b7bbf32dc');
INSERT INTO principal (username, password) VALUES ('interviewee245', 'qwerty');
INSERT INTO interviewee (id, username, age, gender, country, marital_status) VALUES ('27c4ae2a-6bee-46d1-ade7-18151c06dbab', 'interviewee245', 55, 'male', 'AW', 'married');
INSERT INTO choice (id, questionnaire_id, interviewee_id) VALUES ('d3defc81-d224-4880-8bb7-c6192245e4e1', '4a4f7cbc-8533-42b3-923b-6b4309f53c64', '27c4ae2a-6bee-46d1-ade7-18151c06dbab');
INSERT INTO option_choice (option_id, choice_id) VALUES ('4afeb111-4ddc-421c-ad31-de17e1e12b0c', 'd3defc81-d224-4880-8bb7-c6192245e4e1');
INSERT INTO choice (id, questionnaire_id, interviewee_id) VALUES ('fa8af96c-adde-457b-9297-9f25d0398cd2', '05e2761c-9435-4970-ad6d-245d7a696140', '27c4ae2a-6bee-46d1-ade7-18151c06dbab');
INSERT INTO option_choice (option_id, choice_id) VALUES ('821d408d-9a3b-4716-a443-69cb45197037', 'fa8af96c-adde-457b-9297-9f25d0398cd2');
INSERT INTO option_choice (option_id, choice_id) VALUES ('4431f860-831f-4fdf-9dbb-76fbdb1006a1', 'fa8af96c-adde-457b-9297-9f25d0398cd2');
INSERT INTO option_choice (option_id, choice_id) VALUES ('cd3191da-899e-4773-b914-291725c8c108', 'fa8af96c-adde-457b-9297-9f25d0398cd2');
INSERT INTO option_choice (option_id, choice_id) VALUES ('26fa513d-ade2-4822-81ac-a6d8dc123679', 'fa8af96c-adde-457b-9297-9f25d0398cd2');
INSERT INTO option_choice (option_id, choice_id) VALUES ('ee58bf05-12ff-45e4-b7e9-d37a70181de4', 'fa8af96c-adde-457b-9297-9f25d0398cd2');
INSERT INTO principal (username, password) VALUES ('interviewee246', 'qwerty');
INSERT INTO interviewee (id, username, age, gender, country, marital_status) VALUES ('d807e987-dcc8-4213-9960-5c7b7a9d70e1', 'interviewee246', 51, 'female', 'RW', 'married');
INSERT INTO choice (id, questionnaire_id, interviewee_id) VALUES ('46b107a0-ab15-4e6c-a86a-43f56ef1e5e5', '747d0763-c99f-47ce-809b-b378d489a158', 'd807e987-dcc8-4213-9960-5c7b7a9d70e1');
INSERT INTO option_choice (option_id, choice_id) VALUES ('2095cf98-27de-4722-93f9-2c09ae6b4ed1', '46b107a0-ab15-4e6c-a86a-43f56ef1e5e5');
INSERT INTO choice (id, questionnaire_id, interviewee_id) VALUES ('a07c57bc-dbb1-4599-b24b-5a9517ccda38', '48b4658e-bc90-4bd2-97bb-92484114dfea', 'd807e987-dcc8-4213-9960-5c7b7a9d70e1');
INSERT INTO option_choice (option_id, choice_id) VALUES ('db310764-efc3-46ab-9d86-9914e34aa6cd', 'a07c57bc-dbb1-4599-b24b-5a9517ccda38');
INSERT INTO principal (username, password) VALUES ('interviewee247', 'qwerty');
INSERT INTO interviewee (id, username, age, gender, country, marital_status) VALUES ('21c7d8e1-a0f9-442d-a9ac-440476e4f0a8', 'interviewee247', 55, 'female', 'LY', 'divorced');
INSERT INTO choice (id, questionnaire_id, interviewee_id) VALUES ('dce6c8f3-2876-4ad5-9a72-3496b96e35e0', 'b6df4d49-3f70-4802-90cb-4ab89e24a427', '21c7d8e1-a0f9-442d-a9ac-440476e4f0a8');
INSERT INTO option_choice (option_id, choice_id) VALUES ('30116571-ddf9-48c0-86a4-98a75a2078ee', 'dce6c8f3-2876-4ad5-9a72-3496b96e35e0');
INSERT INTO choice (id, questionnaire_id, interviewee_id) VALUES ('8f4b5350-1b47-42d0-8bed-e5702338931c', '407203dd-9657-46e6-975f-3be5d664dd2a', '21c7d8e1-a0f9-442d-a9ac-440476e4f0a8');
INSERT INTO option_choice (option_id, choice_id) VALUES ('4285dd4d-8381-423b-8700-37e491ae1336', '8f4b5350-1b47-42d0-8bed-e5702338931c');
INSERT INTO principal (username, password) VALUES ('interviewee248', 'qwerty');
INSERT INTO interviewee (id, username, age, gender, country, marital_status) VALUES ('589b018b-9e35-48d1-a46d-d995f82b11a7', 'interviewee248', 61, 'female', 'CK', 'was_not_married');
INSERT INTO choice (id, questionnaire_id, interviewee_id) VALUES ('57c13257-85e7-439a-ae1e-6e8aae70e848', '747d0763-c99f-47ce-809b-b378d489a158', '589b018b-9e35-48d1-a46d-d995f82b11a7');
INSERT INTO option_choice (option_id, choice_id) VALUES ('7cc0569f-f362-4ed1-9343-6ffd1369e812', '57c13257-85e7-439a-ae1e-6e8aae70e848');
INSERT INTO option_choice (option_id, choice_id) VALUES ('65c86d12-f533-40f5-8dd6-10903d890b10', '57c13257-85e7-439a-ae1e-6e8aae70e848');
INSERT INTO option_choice (option_id, choice_id) VALUES ('2095cf98-27de-4722-93f9-2c09ae6b4ed1', '57c13257-85e7-439a-ae1e-6e8aae70e848');
INSERT INTO principal (username, password) VALUES ('interviewee249', 'qwerty');
INSERT INTO interviewee (id, username, age, gender, country, marital_status) VALUES ('195991db-f829-44c1-aa38-751698263c7c', 'interviewee249', 17, 'female', 'IM', 'was_not_married');
INSERT INTO choice (id, questionnaire_id, interviewee_id) VALUES ('9095c057-f9ad-4f43-b97b-ad78ce07daca', 'c6dd214b-43b7-401f-afe6-a5ab0d2d7767', '195991db-f829-44c1-aa38-751698263c7c');
INSERT INTO option_choice (option_id, choice_id) VALUES ('c134384c-5eda-4957-9883-b965681b9fef', '9095c057-f9ad-4f43-b97b-ad78ce07daca');
INSERT INTO option_choice (option_id, choice_id) VALUES ('17ceef0b-83da-42ec-a82c-9090a9be74af', '9095c057-f9ad-4f43-b97b-ad78ce07daca');
INSERT INTO choice (id, questionnaire_id, interviewee_id) VALUES ('0f6ec356-94e5-4680-b211-8f2a21023ba1', 'b5c886d7-e86f-4083-958a-cbd232db7a84', '195991db-f829-44c1-aa38-751698263c7c');
INSERT INTO option_choice (option_id, choice_id) VALUES ('a446338d-133a-407b-9bd1-520fe1043ec3', '0f6ec356-94e5-4680-b211-8f2a21023ba1');
INSERT INTO principal (username, password) VALUES ('interviewee250', 'qwerty');
INSERT INTO interviewee (id, username, age, gender, country, marital_status) VALUES ('824445e6-7dfe-48a4-aa09-839e5acec468', 'interviewee250', 61, 'male', 'UM', 'was_not_married');
INSERT INTO choice (id, questionnaire_id, interviewee_id) VALUES ('9078146e-f1d3-4f4b-86ce-07f058195a19', 'aaacf497-4ae4-46e0-aa2e-27377271bafc', '824445e6-7dfe-48a4-aa09-839e5acec468');
INSERT INTO option_choice (option_id, choice_id) VALUES ('4d7025a3-7520-4447-9769-c495cb62415e', '9078146e-f1d3-4f4b-86ce-07f058195a19');
INSERT INTO choice (id, questionnaire_id, interviewee_id) VALUES ('0f5b645d-c01e-4569-892a-67fd0ec98e6d', '858287c2-e494-424b-a03f-6b0a55c2fce3', '824445e6-7dfe-48a4-aa09-839e5acec468');
INSERT INTO option_choice (option_id, choice_id) VALUES ('a1e55f7c-aa45-466f-86bb-0d5e262ca0bc', '0f5b645d-c01e-4569-892a-67fd0ec98e6d');
INSERT INTO option_choice (option_id, choice_id) VALUES ('59c8e6e3-5895-4f0b-ae9e-3bb455a5f6b2', '0f5b645d-c01e-4569-892a-67fd0ec98e6d');
INSERT INTO option_choice (option_id, choice_id) VALUES ('a7e89931-dbca-4a6f-bdbb-b42e57f2e7f2', '0f5b645d-c01e-4569-892a-67fd0ec98e6d');
INSERT INTO option_choice (option_id, choice_id) VALUES ('f2fd1a72-0ca7-41a6-ad15-7bc21a02fe73', '0f5b645d-c01e-4569-892a-67fd0ec98e6d');
INSERT INTO principal (username, password) VALUES ('interviewee251', 'qwerty');
INSERT INTO interviewee (id, username, age, gender, country, marital_status) VALUES ('0a0d008d-8f04-41c4-a493-850105afe813', 'interviewee251', 45, 'female', 'OM', 'divorced');
INSERT INTO choice (id, questionnaire_id, interviewee_id) VALUES ('8d81af88-acbd-4626-93ed-c6f8030f032e', 'e4d0ba66-5e11-433c-8243-4d890cceaf69', '0a0d008d-8f04-41c4-a493-850105afe813');
INSERT INTO option_choice (option_id, choice_id) VALUES ('7cfec70e-33b3-4c68-9c38-38cf292cd0f9', '8d81af88-acbd-4626-93ed-c6f8030f032e');
INSERT INTO principal (username, password) VALUES ('interviewee252', 'qwerty');
INSERT INTO interviewee (id, username, age, gender, country, marital_status) VALUES ('ba9b778b-5232-430b-9283-90d449895293', 'interviewee252', 45, 'male', 'MV', 'married');
INSERT INTO choice (id, questionnaire_id, interviewee_id) VALUES ('7b017724-6a38-4a0a-8178-1f921874805f', '48b4658e-bc90-4bd2-97bb-92484114dfea', 'ba9b778b-5232-430b-9283-90d449895293');
INSERT INTO option_choice (option_id, choice_id) VALUES ('5a5b3a6f-7875-401c-8d0b-e9c8b854b985', '7b017724-6a38-4a0a-8178-1f921874805f');
INSERT INTO choice (id, questionnaire_id, interviewee_id) VALUES ('0a487c17-b775-42b4-93b7-25176e84e249', '5b0a67f5-cbf2-4fde-b526-fd512ff68e24', 'ba9b778b-5232-430b-9283-90d449895293');
INSERT INTO option_choice (option_id, choice_id) VALUES ('a8cdd5b8-35f3-4a35-a54f-11129d88f64d', '0a487c17-b775-42b4-93b7-25176e84e249');
INSERT INTO choice (id, questionnaire_id, interviewee_id) VALUES ('8a05109c-5d88-438a-877e-15495137be73', '747d0763-c99f-47ce-809b-b378d489a158', 'ba9b778b-5232-430b-9283-90d449895293');
INSERT INTO option_choice (option_id, choice_id) VALUES ('2095cf98-27de-4722-93f9-2c09ae6b4ed1', '8a05109c-5d88-438a-877e-15495137be73');
INSERT INTO principal (username, password) VALUES ('interviewee253', 'qwerty');
INSERT INTO interviewee (id, username, age, gender, country, marital_status) VALUES ('24133f50-4fdb-467f-8ae5-555e72e045b5', 'interviewee253', 16, 'female', 'KH', 'divorced');
INSERT INTO choice (id, questionnaire_id, interviewee_id) VALUES ('a5210ec4-ac39-4b63-84eb-d650f6f5f0db', '4a4f7cbc-8533-42b3-923b-6b4309f53c64', '24133f50-4fdb-467f-8ae5-555e72e045b5');
INSERT INTO option_choice (option_id, choice_id) VALUES ('655a67a1-3c81-4e22-99c2-2b849fa8c564', 'a5210ec4-ac39-4b63-84eb-d650f6f5f0db');
INSERT INTO principal (username, password) VALUES ('interviewee254', 'qwerty');
INSERT INTO interviewee (id, username, age, gender, country, marital_status) VALUES ('57dc5c6a-7e02-4d89-85db-831a8b6507b2', 'interviewee254', 53, 'female', 'WF', 'divorced');
INSERT INTO choice (id, questionnaire_id, interviewee_id) VALUES ('680cd2e5-f20e-4f9f-bcaa-2cb1579f9386', 'aaacf497-4ae4-46e0-aa2e-27377271bafc', '57dc5c6a-7e02-4d89-85db-831a8b6507b2');
INSERT INTO option_choice (option_id, choice_id) VALUES ('de1098e4-e0b7-4df4-890a-1958a8d5d465', '680cd2e5-f20e-4f9f-bcaa-2cb1579f9386');
INSERT INTO principal (username, password) VALUES ('interviewee255', 'qwerty');
INSERT INTO interviewee (id, username, age, gender, country, marital_status) VALUES ('f9c683ba-9e07-4519-b9f9-a4265888b878', 'interviewee255', 55, 'male', 'MG', 'was_not_married');
INSERT INTO choice (id, questionnaire_id, interviewee_id) VALUES ('f1cbde6c-529f-4593-81f7-f97bb9225c86', '407203dd-9657-46e6-975f-3be5d664dd2a', 'f9c683ba-9e07-4519-b9f9-a4265888b878');
INSERT INTO option_choice (option_id, choice_id) VALUES ('13fd08f6-1546-4289-9b91-c20aea1b69e9', 'f1cbde6c-529f-4593-81f7-f97bb9225c86');
INSERT INTO choice (id, questionnaire_id, interviewee_id) VALUES ('0d1eee48-f8d3-4faf-b6a5-aa1dd71741d4', '81a3f075-1324-4e67-90a5-493fe3324435', 'f9c683ba-9e07-4519-b9f9-a4265888b878');
INSERT INTO option_choice (option_id, choice_id) VALUES ('c5035143-d5d2-4934-8b99-4e66507a8603', '0d1eee48-f8d3-4faf-b6a5-aa1dd71741d4');
INSERT INTO option_choice (option_id, choice_id) VALUES ('c0afeee2-6628-4404-bc41-32bc0a1505c5', '0d1eee48-f8d3-4faf-b6a5-aa1dd71741d4');
INSERT INTO choice (id, questionnaire_id, interviewee_id) VALUES ('10e6241f-b546-4102-bb16-835ca1ad01cd', '05e2761c-9435-4970-ad6d-245d7a696140', 'f9c683ba-9e07-4519-b9f9-a4265888b878');
INSERT INTO option_choice (option_id, choice_id) VALUES ('26fa513d-ade2-4822-81ac-a6d8dc123679', '10e6241f-b546-4102-bb16-835ca1ad01cd');
INSERT INTO principal (username, password) VALUES ('interviewee256', 'qwerty');
INSERT INTO interviewee (id, username, age, gender, country, marital_status) VALUES ('c233f161-e1c7-4fa7-846a-d009cb7c209f', 'interviewee256', 67, 'male', 'IS', 'was_not_married');
INSERT INTO choice (id, questionnaire_id, interviewee_id) VALUES ('19c37f6f-3887-479b-9007-78035cfc44ea', '05e2761c-9435-4970-ad6d-245d7a696140', 'c233f161-e1c7-4fa7-846a-d009cb7c209f');
INSERT INTO option_choice (option_id, choice_id) VALUES ('cd3191da-899e-4773-b914-291725c8c108', '19c37f6f-3887-479b-9007-78035cfc44ea');
INSERT INTO option_choice (option_id, choice_id) VALUES ('26fa513d-ade2-4822-81ac-a6d8dc123679', '19c37f6f-3887-479b-9007-78035cfc44ea');
INSERT INTO option_choice (option_id, choice_id) VALUES ('4431f860-831f-4fdf-9dbb-76fbdb1006a1', '19c37f6f-3887-479b-9007-78035cfc44ea');
INSERT INTO option_choice (option_id, choice_id) VALUES ('821d408d-9a3b-4716-a443-69cb45197037', '19c37f6f-3887-479b-9007-78035cfc44ea');
INSERT INTO choice (id, questionnaire_id, interviewee_id) VALUES ('ed7a8af9-f1b1-46c5-9c8d-8a8ee612fa51', '858287c2-e494-424b-a03f-6b0a55c2fce3', 'c233f161-e1c7-4fa7-846a-d009cb7c209f');
INSERT INTO option_choice (option_id, choice_id) VALUES ('59c8e6e3-5895-4f0b-ae9e-3bb455a5f6b2', 'ed7a8af9-f1b1-46c5-9c8d-8a8ee612fa51');
INSERT INTO principal (username, password) VALUES ('interviewee257', 'qwerty');
INSERT INTO interviewee (id, username, age, gender, country, marital_status) VALUES ('335c7aa4-5e9c-4efa-8510-1a34cb7e85d9', 'interviewee257', 58, 'male', 'FO', 'was_not_married');
INSERT INTO choice (id, questionnaire_id, interviewee_id) VALUES ('42dcdadc-a27f-438f-9201-1775d04b1383', '5b0a67f5-cbf2-4fde-b526-fd512ff68e24', '335c7aa4-5e9c-4efa-8510-1a34cb7e85d9');
INSERT INTO option_choice (option_id, choice_id) VALUES ('9340e0ac-c863-4fcf-ac40-126be2d1bfa4', '42dcdadc-a27f-438f-9201-1775d04b1383');
INSERT INTO principal (username, password) VALUES ('interviewee258', 'qwerty');
INSERT INTO interviewee (id, username, age, gender, country, marital_status) VALUES ('38d2cae9-8db0-416e-8787-ccb3001cbc17', 'interviewee258', 39, 'male', 'RS', 'married');
INSERT INTO choice (id, questionnaire_id, interviewee_id) VALUES ('332efc94-ec27-4b04-bce1-1fc66a30cc1f', '858287c2-e494-424b-a03f-6b0a55c2fce3', '38d2cae9-8db0-416e-8787-ccb3001cbc17');
INSERT INTO option_choice (option_id, choice_id) VALUES ('59c8e6e3-5895-4f0b-ae9e-3bb455a5f6b2', '332efc94-ec27-4b04-bce1-1fc66a30cc1f');
INSERT INTO choice (id, questionnaire_id, interviewee_id) VALUES ('410ffc39-094d-47e9-a149-f3dbfec3186b', '49c46fd6-2111-4ef5-8b91-9ee67132426d', '38d2cae9-8db0-416e-8787-ccb3001cbc17');
INSERT INTO option_choice (option_id, choice_id) VALUES ('210da814-c19f-4c77-ba7b-e598584d62e4', '410ffc39-094d-47e9-a149-f3dbfec3186b');
INSERT INTO choice (id, questionnaire_id, interviewee_id) VALUES ('c5f61f55-149e-409e-9971-38e6eddc2d15', '4a4f7cbc-8533-42b3-923b-6b4309f53c64', '38d2cae9-8db0-416e-8787-ccb3001cbc17');
INSERT INTO option_choice (option_id, choice_id) VALUES ('655a67a1-3c81-4e22-99c2-2b849fa8c564', 'c5f61f55-149e-409e-9971-38e6eddc2d15');
INSERT INTO principal (username, password) VALUES ('interviewee259', 'qwerty');
INSERT INTO interviewee (id, username, age, gender, country, marital_status) VALUES ('68e03568-ae7c-46ae-84a6-57b649df54db', 'interviewee259', 49, 'female', 'FM', 'married');
INSERT INTO choice (id, questionnaire_id, interviewee_id) VALUES ('b93b61e7-a6d7-4d24-8f31-1976757b453c', '49c46fd6-2111-4ef5-8b91-9ee67132426d', '68e03568-ae7c-46ae-84a6-57b649df54db');
INSERT INTO option_choice (option_id, choice_id) VALUES ('9324aa44-2cdd-4334-9eee-ab97e62258df', 'b93b61e7-a6d7-4d24-8f31-1976757b453c');
INSERT INTO principal (username, password) VALUES ('interviewee260', 'qwerty');
INSERT INTO interviewee (id, username, age, gender, country, marital_status) VALUES ('dfaf1a01-8c06-4d0f-b269-de065da32e8e', 'interviewee260', 69, 'female', 'MG', 'was_not_married');
INSERT INTO choice (id, questionnaire_id, interviewee_id) VALUES ('180f8e34-2344-48e5-a6ef-de88b6d15798', 'aaacf497-4ae4-46e0-aa2e-27377271bafc', 'dfaf1a01-8c06-4d0f-b269-de065da32e8e');
INSERT INTO option_choice (option_id, choice_id) VALUES ('d4aa64ba-49fd-4d00-9175-a646c1d6d559', '180f8e34-2344-48e5-a6ef-de88b6d15798');
INSERT INTO principal (username, password) VALUES ('interviewee261', 'qwerty');
INSERT INTO interviewee (id, username, age, gender, country, marital_status) VALUES ('1cb1b832-e12c-4e6f-97b7-b9ffa4b3bd15', 'interviewee261', 48, 'female', 'GT', 'divorced');
INSERT INTO choice (id, questionnaire_id, interviewee_id) VALUES ('e579ff36-6556-4d07-9d54-2d23a3a28850', 'c6dd214b-43b7-401f-afe6-a5ab0d2d7767', '1cb1b832-e12c-4e6f-97b7-b9ffa4b3bd15');
INSERT INTO option_choice (option_id, choice_id) VALUES ('c134384c-5eda-4957-9883-b965681b9fef', 'e579ff36-6556-4d07-9d54-2d23a3a28850');
INSERT INTO option_choice (option_id, choice_id) VALUES ('069a6758-231c-4064-8e44-a0db84e86a21', 'e579ff36-6556-4d07-9d54-2d23a3a28850');
INSERT INTO choice (id, questionnaire_id, interviewee_id) VALUES ('6895411a-e27e-449c-ae1d-da8deae0ad8c', '08310229-5370-44f1-8071-5c56f92e3dc5', '1cb1b832-e12c-4e6f-97b7-b9ffa4b3bd15');
INSERT INTO option_choice (option_id, choice_id) VALUES ('996311da-bd48-491d-b381-d19b001465c4', '6895411a-e27e-449c-ae1d-da8deae0ad8c');
INSERT INTO principal (username, password) VALUES ('interviewee262', 'qwerty');
INSERT INTO interviewee (id, username, age, gender, country, marital_status) VALUES ('59bd3516-7595-499c-9455-70e9f0841e6b', 'interviewee262', 33, 'female', 'FM', 'divorced');
INSERT INTO choice (id, questionnaire_id, interviewee_id) VALUES ('781918dc-fd4f-4b3b-b168-a8bcaa6776b1', 'e20dbb22-091f-4137-8450-fdeaea74363f', '59bd3516-7595-499c-9455-70e9f0841e6b');
INSERT INTO option_choice (option_id, choice_id) VALUES ('49d1bc1f-0fd1-4dad-ab6d-b123ea13d33a', '781918dc-fd4f-4b3b-b168-a8bcaa6776b1');
INSERT INTO choice (id, questionnaire_id, interviewee_id) VALUES ('953718ef-40e3-4cdb-9947-e093e85e9943', '51436662-4eca-40ce-b552-b1c7486cf609', '59bd3516-7595-499c-9455-70e9f0841e6b');
INSERT INTO option_choice (option_id, choice_id) VALUES ('e4c4b240-61c9-4253-a93b-9a7768fbfe3f', '953718ef-40e3-4cdb-9947-e093e85e9943');
INSERT INTO choice (id, questionnaire_id, interviewee_id) VALUES ('4dcae9bc-d578-4649-9ba0-76bb43e7ba45', 'b6df4d49-3f70-4802-90cb-4ab89e24a427', '59bd3516-7595-499c-9455-70e9f0841e6b');
INSERT INTO option_choice (option_id, choice_id) VALUES ('97729629-c47a-4614-a618-d90dee3f5476', '4dcae9bc-d578-4649-9ba0-76bb43e7ba45');
INSERT INTO principal (username, password) VALUES ('interviewee263', 'qwerty');
INSERT INTO interviewee (id, username, age, gender, country, marital_status) VALUES ('0a7d875c-8e4a-42a1-a5ee-c2d0181273ea', 'interviewee263', 34, 'male', 'ID', 'was_not_married');
INSERT INTO choice (id, questionnaire_id, interviewee_id) VALUES ('e6d85742-e26b-468b-bebb-83519e1ceb84', 'b5c886d7-e86f-4083-958a-cbd232db7a84', '0a7d875c-8e4a-42a1-a5ee-c2d0181273ea');
INSERT INTO option_choice (option_id, choice_id) VALUES ('a446338d-133a-407b-9bd1-520fe1043ec3', 'e6d85742-e26b-468b-bebb-83519e1ceb84');
INSERT INTO choice (id, questionnaire_id, interviewee_id) VALUES ('3d619753-0dfa-4788-ba9b-58b3ac866051', '08310229-5370-44f1-8071-5c56f92e3dc5', '0a7d875c-8e4a-42a1-a5ee-c2d0181273ea');
INSERT INTO option_choice (option_id, choice_id) VALUES ('38336259-fa95-40f4-865c-eff171ebbb80', '3d619753-0dfa-4788-ba9b-58b3ac866051');
INSERT INTO principal (username, password) VALUES ('interviewee264', 'qwerty');
INSERT INTO interviewee (id, username, age, gender, country, marital_status) VALUES ('538f5c5d-4f4b-41c9-bf4b-b6f283098f2c', 'interviewee264', 53, 'female', 'PR', 'divorced');
INSERT INTO choice (id, questionnaire_id, interviewee_id) VALUES ('616f5df8-a9a7-4cf9-8944-ad9ed6e390cf', 'c6dd214b-43b7-401f-afe6-a5ab0d2d7767', '538f5c5d-4f4b-41c9-bf4b-b6f283098f2c');
INSERT INTO option_choice (option_id, choice_id) VALUES ('c134384c-5eda-4957-9883-b965681b9fef', '616f5df8-a9a7-4cf9-8944-ad9ed6e390cf');
INSERT INTO option_choice (option_id, choice_id) VALUES ('9d2a2dd1-7979-48a6-a0b7-3de8fdea75b6', '616f5df8-a9a7-4cf9-8944-ad9ed6e390cf');
INSERT INTO choice (id, questionnaire_id, interviewee_id) VALUES ('4bc7f6b5-a478-4544-a232-15c48242de7e', 'e20dbb22-091f-4137-8450-fdeaea74363f', '538f5c5d-4f4b-41c9-bf4b-b6f283098f2c');
INSERT INTO option_choice (option_id, choice_id) VALUES ('a572f3cf-b3ba-491a-9687-6cee662749f1', '4bc7f6b5-a478-4544-a232-15c48242de7e');
INSERT INTO option_choice (option_id, choice_id) VALUES ('4bd78eb1-72bb-47fa-8b7c-4cc826f39edd', '4bc7f6b5-a478-4544-a232-15c48242de7e');
INSERT INTO option_choice (option_id, choice_id) VALUES ('946ecf06-2d9f-4fe5-b2b7-64c51a5fdf06', '4bc7f6b5-a478-4544-a232-15c48242de7e');
INSERT INTO option_choice (option_id, choice_id) VALUES ('ff3c7a97-70db-4404-b85b-274707745879', '4bc7f6b5-a478-4544-a232-15c48242de7e');
INSERT INTO option_choice (option_id, choice_id) VALUES ('49d1bc1f-0fd1-4dad-ab6d-b123ea13d33a', '4bc7f6b5-a478-4544-a232-15c48242de7e');
INSERT INTO option_choice (option_id, choice_id) VALUES ('b09da84d-7533-40da-b486-a820b6b7c110', '4bc7f6b5-a478-4544-a232-15c48242de7e');
INSERT INTO choice (id, questionnaire_id, interviewee_id) VALUES ('079ca743-efd9-4fce-936f-bddfb15c142f', '08310229-5370-44f1-8071-5c56f92e3dc5', '538f5c5d-4f4b-41c9-bf4b-b6f283098f2c');
INSERT INTO option_choice (option_id, choice_id) VALUES ('996311da-bd48-491d-b381-d19b001465c4', '079ca743-efd9-4fce-936f-bddfb15c142f');
INSERT INTO principal (username, password) VALUES ('interviewee265', 'qwerty');
INSERT INTO interviewee (id, username, age, gender, country, marital_status) VALUES ('f2a63b02-2323-4b52-8c5d-103465691bc5', 'interviewee265', 20, 'male', 'KY', 'was_not_married');
INSERT INTO choice (id, questionnaire_id, interviewee_id) VALUES ('af9875d0-3e54-4dd2-9194-7be459bab440', 'b6df4d49-3f70-4802-90cb-4ab89e24a427', 'f2a63b02-2323-4b52-8c5d-103465691bc5');
INSERT INTO option_choice (option_id, choice_id) VALUES ('6168252e-0547-486b-8613-2eec6678d5a2', 'af9875d0-3e54-4dd2-9194-7be459bab440');
INSERT INTO choice (id, questionnaire_id, interviewee_id) VALUES ('892f1c70-1f24-496a-978c-0e2d5e830b36', '747d0763-c99f-47ce-809b-b378d489a158', 'f2a63b02-2323-4b52-8c5d-103465691bc5');
INSERT INTO option_choice (option_id, choice_id) VALUES ('2095cf98-27de-4722-93f9-2c09ae6b4ed1', '892f1c70-1f24-496a-978c-0e2d5e830b36');
INSERT INTO principal (username, password) VALUES ('interviewee266', 'qwerty');
INSERT INTO interviewee (id, username, age, gender, country, marital_status) VALUES ('ce811dec-74f1-46c2-8b54-8b74f9f2b6f3', 'interviewee266', 16, 'male', 'GP', 'divorced');
INSERT INTO choice (id, questionnaire_id, interviewee_id) VALUES ('45d8ac0c-c69b-4744-963a-ecd95b5d0244', '5b0a67f5-cbf2-4fde-b526-fd512ff68e24', 'ce811dec-74f1-46c2-8b54-8b74f9f2b6f3');
INSERT INTO option_choice (option_id, choice_id) VALUES ('ce5bf814-daca-4ca0-825d-8408f4fe06ed', '45d8ac0c-c69b-4744-963a-ecd95b5d0244');
INSERT INTO choice (id, questionnaire_id, interviewee_id) VALUES ('d183de32-ecd2-43b2-8e6f-2927df7e1929', '747d0763-c99f-47ce-809b-b378d489a158', 'ce811dec-74f1-46c2-8b54-8b74f9f2b6f3');
INSERT INTO option_choice (option_id, choice_id) VALUES ('65c86d12-f533-40f5-8dd6-10903d890b10', 'd183de32-ecd2-43b2-8e6f-2927df7e1929');
INSERT INTO option_choice (option_id, choice_id) VALUES ('2095cf98-27de-4722-93f9-2c09ae6b4ed1', 'd183de32-ecd2-43b2-8e6f-2927df7e1929');
INSERT INTO choice (id, questionnaire_id, interviewee_id) VALUES ('9627a435-b517-4da3-8f99-f7884132def6', '49c46fd6-2111-4ef5-8b91-9ee67132426d', 'ce811dec-74f1-46c2-8b54-8b74f9f2b6f3');
INSERT INTO option_choice (option_id, choice_id) VALUES ('9324aa44-2cdd-4334-9eee-ab97e62258df', '9627a435-b517-4da3-8f99-f7884132def6');
INSERT INTO principal (username, password) VALUES ('interviewee267', 'qwerty');
INSERT INTO interviewee (id, username, age, gender, country, marital_status) VALUES ('2203a43f-d38a-465a-86b3-469cd209e8cf', 'interviewee267', 69, 'male', 'BN', 'married');
INSERT INTO choice (id, questionnaire_id, interviewee_id) VALUES ('b7560420-e007-483a-9ca0-1c3209ba939b', '48b4658e-bc90-4bd2-97bb-92484114dfea', '2203a43f-d38a-465a-86b3-469cd209e8cf');
INSERT INTO option_choice (option_id, choice_id) VALUES ('5a5b3a6f-7875-401c-8d0b-e9c8b854b985', 'b7560420-e007-483a-9ca0-1c3209ba939b');
INSERT INTO choice (id, questionnaire_id, interviewee_id) VALUES ('6350056a-30f5-45ba-a085-94374b1f77d2', '81a3f075-1324-4e67-90a5-493fe3324435', '2203a43f-d38a-465a-86b3-469cd209e8cf');
INSERT INTO option_choice (option_id, choice_id) VALUES ('7b2bd172-1566-440a-81d8-f9b2fb43f8fc', '6350056a-30f5-45ba-a085-94374b1f77d2');
INSERT INTO option_choice (option_id, choice_id) VALUES ('a0eef1f9-547a-4823-b7e0-bb52d6891f8f', '6350056a-30f5-45ba-a085-94374b1f77d2');
INSERT INTO option_choice (option_id, choice_id) VALUES ('c0afeee2-6628-4404-bc41-32bc0a1505c5', '6350056a-30f5-45ba-a085-94374b1f77d2');
INSERT INTO option_choice (option_id, choice_id) VALUES ('a1737a4b-bfa2-4208-a103-ca4bea3afaaf', '6350056a-30f5-45ba-a085-94374b1f77d2');
INSERT INTO option_choice (option_id, choice_id) VALUES ('ab9020e3-a12b-46eb-97f0-79dcfaab7356', '6350056a-30f5-45ba-a085-94374b1f77d2');
INSERT INTO principal (username, password) VALUES ('interviewee268', 'qwerty');
INSERT INTO interviewee (id, username, age, gender, country, marital_status) VALUES ('b8c1fdfb-1111-49d0-8498-b0761a8b0f0a', 'interviewee268', 40, 'female', 'DZ', 'divorced');
INSERT INTO choice (id, questionnaire_id, interviewee_id) VALUES ('cc808726-877d-441b-9f9c-edfd6b5954a9', '05e2761c-9435-4970-ad6d-245d7a696140', 'b8c1fdfb-1111-49d0-8498-b0761a8b0f0a');
INSERT INTO option_choice (option_id, choice_id) VALUES ('ee58bf05-12ff-45e4-b7e9-d37a70181de4', 'cc808726-877d-441b-9f9c-edfd6b5954a9');
INSERT INTO option_choice (option_id, choice_id) VALUES ('cd3191da-899e-4773-b914-291725c8c108', 'cc808726-877d-441b-9f9c-edfd6b5954a9');
INSERT INTO option_choice (option_id, choice_id) VALUES ('4431f860-831f-4fdf-9dbb-76fbdb1006a1', 'cc808726-877d-441b-9f9c-edfd6b5954a9');
INSERT INTO choice (id, questionnaire_id, interviewee_id) VALUES ('8f32a978-6204-4787-ae1b-1efcab025f90', '51436662-4eca-40ce-b552-b1c7486cf609', 'b8c1fdfb-1111-49d0-8498-b0761a8b0f0a');
INSERT INTO option_choice (option_id, choice_id) VALUES ('259215cc-47cc-4165-befd-cf997b4aaf7e', '8f32a978-6204-4787-ae1b-1efcab025f90');
INSERT INTO principal (username, password) VALUES ('interviewee269', 'qwerty');
INSERT INTO interviewee (id, username, age, gender, country, marital_status) VALUES ('c532dbc7-9d6a-44bc-89bc-b6fdf25d6644', 'interviewee269', 46, 'female', 'IL', 'was_not_married');
INSERT INTO choice (id, questionnaire_id, interviewee_id) VALUES ('cac54a06-42df-446a-8cc5-be35e6a4bb9b', 'b5c886d7-e86f-4083-958a-cbd232db7a84', 'c532dbc7-9d6a-44bc-89bc-b6fdf25d6644');
INSERT INTO option_choice (option_id, choice_id) VALUES ('9d7ea78f-0edc-43db-94d7-3d31213df760', 'cac54a06-42df-446a-8cc5-be35e6a4bb9b');
INSERT INTO choice (id, questionnaire_id, interviewee_id) VALUES ('758519e1-c6f4-467b-b80b-16bf5f5b5e2b', '407203dd-9657-46e6-975f-3be5d664dd2a', 'c532dbc7-9d6a-44bc-89bc-b6fdf25d6644');
INSERT INTO option_choice (option_id, choice_id) VALUES ('4285dd4d-8381-423b-8700-37e491ae1336', '758519e1-c6f4-467b-b80b-16bf5f5b5e2b');
INSERT INTO choice (id, questionnaire_id, interviewee_id) VALUES ('acf57f0c-4f96-4725-b904-04ec61fd1e92', '08310229-5370-44f1-8071-5c56f92e3dc5', 'c532dbc7-9d6a-44bc-89bc-b6fdf25d6644');
INSERT INTO option_choice (option_id, choice_id) VALUES ('7197ba86-c78b-43c4-bd28-4635a7094531', 'acf57f0c-4f96-4725-b904-04ec61fd1e92');
INSERT INTO principal (username, password) VALUES ('interviewee270', 'qwerty');
INSERT INTO interviewee (id, username, age, gender, country, marital_status) VALUES ('cf506773-f813-4543-b676-6703ba2221e3', 'interviewee270', 70, 'male', 'SB', 'married');
INSERT INTO choice (id, questionnaire_id, interviewee_id) VALUES ('fcf49ba9-71b4-4026-86b0-45d20c514c60', '747d0763-c99f-47ce-809b-b378d489a158', 'cf506773-f813-4543-b676-6703ba2221e3');
INSERT INTO option_choice (option_id, choice_id) VALUES ('7cc0569f-f362-4ed1-9343-6ffd1369e812', 'fcf49ba9-71b4-4026-86b0-45d20c514c60');
INSERT INTO option_choice (option_id, choice_id) VALUES ('2095cf98-27de-4722-93f9-2c09ae6b4ed1', 'fcf49ba9-71b4-4026-86b0-45d20c514c60');
INSERT INTO option_choice (option_id, choice_id) VALUES ('65c86d12-f533-40f5-8dd6-10903d890b10', 'fcf49ba9-71b4-4026-86b0-45d20c514c60');
INSERT INTO choice (id, questionnaire_id, interviewee_id) VALUES ('f5fcf3a8-c2b9-4109-9055-151fd75025ff', 'b6df4d49-3f70-4802-90cb-4ab89e24a427', 'cf506773-f813-4543-b676-6703ba2221e3');
INSERT INTO option_choice (option_id, choice_id) VALUES ('03756c76-738d-45a3-8b02-6f36d78f3dfb', 'f5fcf3a8-c2b9-4109-9055-151fd75025ff');
INSERT INTO choice (id, questionnaire_id, interviewee_id) VALUES ('e0f7df3f-d2ca-4a98-a05d-ed63c0d64607', '81a3f075-1324-4e67-90a5-493fe3324435', 'cf506773-f813-4543-b676-6703ba2221e3');
INSERT INTO option_choice (option_id, choice_id) VALUES ('a0eef1f9-547a-4823-b7e0-bb52d6891f8f', 'e0f7df3f-d2ca-4a98-a05d-ed63c0d64607');
INSERT INTO option_choice (option_id, choice_id) VALUES ('c5035143-d5d2-4934-8b99-4e66507a8603', 'e0f7df3f-d2ca-4a98-a05d-ed63c0d64607');
INSERT INTO option_choice (option_id, choice_id) VALUES ('c0afeee2-6628-4404-bc41-32bc0a1505c5', 'e0f7df3f-d2ca-4a98-a05d-ed63c0d64607');
INSERT INTO option_choice (option_id, choice_id) VALUES ('ab9020e3-a12b-46eb-97f0-79dcfaab7356', 'e0f7df3f-d2ca-4a98-a05d-ed63c0d64607');
INSERT INTO principal (username, password) VALUES ('interviewee271', 'qwerty');
INSERT INTO interviewee (id, username, age, gender, country, marital_status) VALUES ('c882b3f3-a68b-4ad5-920e-c45003928f70', 'interviewee271', 14, 'male', 'NI', 'divorced');
INSERT INTO choice (id, questionnaire_id, interviewee_id) VALUES ('ed06be8d-9fa5-458c-80e8-48fee393325e', 'e4d0ba66-5e11-433c-8243-4d890cceaf69', 'c882b3f3-a68b-4ad5-920e-c45003928f70');
INSERT INTO option_choice (option_id, choice_id) VALUES ('cb637eae-3b8f-4d17-81fb-9b271857e55c', 'ed06be8d-9fa5-458c-80e8-48fee393325e');
INSERT INTO option_choice (option_id, choice_id) VALUES ('7cfec70e-33b3-4c68-9c38-38cf292cd0f9', 'ed06be8d-9fa5-458c-80e8-48fee393325e');
INSERT INTO choice (id, questionnaire_id, interviewee_id) VALUES ('3c821b43-4467-43e2-91a0-7422b6cf2e18', '858287c2-e494-424b-a03f-6b0a55c2fce3', 'c882b3f3-a68b-4ad5-920e-c45003928f70');
INSERT INTO option_choice (option_id, choice_id) VALUES ('a1e55f7c-aa45-466f-86bb-0d5e262ca0bc', '3c821b43-4467-43e2-91a0-7422b6cf2e18');
INSERT INTO option_choice (option_id, choice_id) VALUES ('a7e89931-dbca-4a6f-bdbb-b42e57f2e7f2', '3c821b43-4467-43e2-91a0-7422b6cf2e18');
INSERT INTO option_choice (option_id, choice_id) VALUES ('59c8e6e3-5895-4f0b-ae9e-3bb455a5f6b2', '3c821b43-4467-43e2-91a0-7422b6cf2e18');
INSERT INTO choice (id, questionnaire_id, interviewee_id) VALUES ('5b161ea5-6472-47cf-bc3e-dfee1bd3e62e', '48b4658e-bc90-4bd2-97bb-92484114dfea', 'c882b3f3-a68b-4ad5-920e-c45003928f70');
INSERT INTO option_choice (option_id, choice_id) VALUES ('5a5b3a6f-7875-401c-8d0b-e9c8b854b985', '5b161ea5-6472-47cf-bc3e-dfee1bd3e62e');
INSERT INTO principal (username, password) VALUES ('interviewee272', 'qwerty');
INSERT INTO interviewee (id, username, age, gender, country, marital_status) VALUES ('0884d4f2-ea6e-44ad-9829-0f21e3917c65', 'interviewee272', 31, 'male', 'MM', 'divorced');
INSERT INTO choice (id, questionnaire_id, interviewee_id) VALUES ('38d52033-7281-4555-b78f-e457528a2688', '51436662-4eca-40ce-b552-b1c7486cf609', '0884d4f2-ea6e-44ad-9829-0f21e3917c65');
INSERT INTO option_choice (option_id, choice_id) VALUES ('e4c4b240-61c9-4253-a93b-9a7768fbfe3f', '38d52033-7281-4555-b78f-e457528a2688');
INSERT INTO choice (id, questionnaire_id, interviewee_id) VALUES ('7f536566-1079-4f93-80db-c42f5007a0fe', 'c6dd214b-43b7-401f-afe6-a5ab0d2d7767', '0884d4f2-ea6e-44ad-9829-0f21e3917c65');
INSERT INTO option_choice (option_id, choice_id) VALUES ('17ceef0b-83da-42ec-a82c-9090a9be74af', '7f536566-1079-4f93-80db-c42f5007a0fe');
INSERT INTO principal (username, password) VALUES ('interviewee273', 'qwerty');
INSERT INTO interviewee (id, username, age, gender, country, marital_status) VALUES ('0a867704-9cd4-4470-bf0f-6be2b0e713ae', 'interviewee273', 50, 'female', 'PY', 'divorced');
INSERT INTO choice (id, questionnaire_id, interviewee_id) VALUES ('d4e61748-3b02-461b-8e86-0795e628152e', 'e4d0ba66-5e11-433c-8243-4d890cceaf69', '0a867704-9cd4-4470-bf0f-6be2b0e713ae');
INSERT INTO option_choice (option_id, choice_id) VALUES ('cb637eae-3b8f-4d17-81fb-9b271857e55c', 'd4e61748-3b02-461b-8e86-0795e628152e');
INSERT INTO option_choice (option_id, choice_id) VALUES ('7cfec70e-33b3-4c68-9c38-38cf292cd0f9', 'd4e61748-3b02-461b-8e86-0795e628152e');
INSERT INTO principal (username, password) VALUES ('interviewee274', 'qwerty');
INSERT INTO interviewee (id, username, age, gender, country, marital_status) VALUES ('7b6308a4-8bf3-433d-b2e1-e8e913d875ae', 'interviewee274', 33, 'male', 'PW', 'was_not_married');
INSERT INTO choice (id, questionnaire_id, interviewee_id) VALUES ('d64f6757-699e-442a-9328-f8274319305e', '51436662-4eca-40ce-b552-b1c7486cf609', '7b6308a4-8bf3-433d-b2e1-e8e913d875ae');
INSERT INTO option_choice (option_id, choice_id) VALUES ('e4c4b240-61c9-4253-a93b-9a7768fbfe3f', 'd64f6757-699e-442a-9328-f8274319305e');
INSERT INTO choice (id, questionnaire_id, interviewee_id) VALUES ('5f3b54ac-ffcf-490a-9488-86f80f5aaa5c', '8e156ed6-1a8b-4fe6-9a58-0f7cbdd6af32', '7b6308a4-8bf3-433d-b2e1-e8e913d875ae');
INSERT INTO option_choice (option_id, choice_id) VALUES ('358a2bcc-fa9d-4ee1-915b-f4d44b5896ff', '5f3b54ac-ffcf-490a-9488-86f80f5aaa5c');
INSERT INTO choice (id, questionnaire_id, interviewee_id) VALUES ('f83d66d1-79d8-4c09-8b8b-efd40f48dd4c', 'aaacf497-4ae4-46e0-aa2e-27377271bafc', '7b6308a4-8bf3-433d-b2e1-e8e913d875ae');
INSERT INTO option_choice (option_id, choice_id) VALUES ('4d7025a3-7520-4447-9769-c495cb62415e', 'f83d66d1-79d8-4c09-8b8b-efd40f48dd4c');
INSERT INTO principal (username, password) VALUES ('interviewee275', 'qwerty');
INSERT INTO interviewee (id, username, age, gender, country, marital_status) VALUES ('990ea158-c631-4d58-a1c5-e3e91f0b241d', 'interviewee275', 67, 'male', 'PG', 'married');
INSERT INTO choice (id, questionnaire_id, interviewee_id) VALUES ('da780f40-ddbb-4da0-8f15-d0b622e5f4d1', '407203dd-9657-46e6-975f-3be5d664dd2a', '990ea158-c631-4d58-a1c5-e3e91f0b241d');
INSERT INTO option_choice (option_id, choice_id) VALUES ('ba4c9312-3e73-4c11-bce9-7ba2e084dd49', 'da780f40-ddbb-4da0-8f15-d0b622e5f4d1');
INSERT INTO choice (id, questionnaire_id, interviewee_id) VALUES ('911bfac8-def2-4e65-afa3-eeb2912480ac', '173a3ab0-8485-4aa4-8787-a2a4414f992e', '990ea158-c631-4d58-a1c5-e3e91f0b241d');
INSERT INTO option_choice (option_id, choice_id) VALUES ('ce62e0a7-1873-4aa1-a448-2fad3cc888ee', '911bfac8-def2-4e65-afa3-eeb2912480ac');
INSERT INTO option_choice (option_id, choice_id) VALUES ('a477d3c8-db0a-4572-a680-b96fd792dc75', '911bfac8-def2-4e65-afa3-eeb2912480ac');
INSERT INTO option_choice (option_id, choice_id) VALUES ('bf89350f-11e0-4471-a3a1-95481edf5acd', '911bfac8-def2-4e65-afa3-eeb2912480ac');
INSERT INTO option_choice (option_id, choice_id) VALUES ('f9a527bc-3f55-40db-b05e-d549f1801594', '911bfac8-def2-4e65-afa3-eeb2912480ac');
INSERT INTO option_choice (option_id, choice_id) VALUES ('3f698183-af22-44ca-80c1-eb668697e9ea', '911bfac8-def2-4e65-afa3-eeb2912480ac');
INSERT INTO choice (id, questionnaire_id, interviewee_id) VALUES ('ec8c2f2a-1705-48fb-b1f9-df6cf71d9418', '51436662-4eca-40ce-b552-b1c7486cf609', '990ea158-c631-4d58-a1c5-e3e91f0b241d');
INSERT INTO option_choice (option_id, choice_id) VALUES ('e4c4b240-61c9-4253-a93b-9a7768fbfe3f', 'ec8c2f2a-1705-48fb-b1f9-df6cf71d9418');
INSERT INTO principal (username, password) VALUES ('interviewee276', 'qwerty');
INSERT INTO interviewee (id, username, age, gender, country, marital_status) VALUES ('3ac8bf1a-7698-4040-9c3c-31b7f190a56f', 'interviewee276', 54, 'female', 'BS', 'was_not_married');
INSERT INTO choice (id, questionnaire_id, interviewee_id) VALUES ('a43483ef-a1ff-4169-8108-8214ce686eba', 'e4d0ba66-5e11-433c-8243-4d890cceaf69', '3ac8bf1a-7698-4040-9c3c-31b7f190a56f');
INSERT INTO option_choice (option_id, choice_id) VALUES ('cb637eae-3b8f-4d17-81fb-9b271857e55c', 'a43483ef-a1ff-4169-8108-8214ce686eba');
INSERT INTO option_choice (option_id, choice_id) VALUES ('7cfec70e-33b3-4c68-9c38-38cf292cd0f9', 'a43483ef-a1ff-4169-8108-8214ce686eba');
INSERT INTO choice (id, questionnaire_id, interviewee_id) VALUES ('ae931819-7fb2-462a-a098-2a4668527e1a', '08310229-5370-44f1-8071-5c56f92e3dc5', '3ac8bf1a-7698-4040-9c3c-31b7f190a56f');
INSERT INTO option_choice (option_id, choice_id) VALUES ('7197ba86-c78b-43c4-bd28-4635a7094531', 'ae931819-7fb2-462a-a098-2a4668527e1a');
INSERT INTO principal (username, password) VALUES ('interviewee277', 'qwerty');
INSERT INTO interviewee (id, username, age, gender, country, marital_status) VALUES ('f7edf615-aca3-4d22-ba34-d2c030b2e3ec', 'interviewee277', 30, 'male', 'ID', 'divorced');
INSERT INTO choice (id, questionnaire_id, interviewee_id) VALUES ('c4e206b7-13ae-4f85-9150-6704a58ddb0e', '49c46fd6-2111-4ef5-8b91-9ee67132426d', 'f7edf615-aca3-4d22-ba34-d2c030b2e3ec');
INSERT INTO option_choice (option_id, choice_id) VALUES ('9324aa44-2cdd-4334-9eee-ab97e62258df', 'c4e206b7-13ae-4f85-9150-6704a58ddb0e');
INSERT INTO choice (id, questionnaire_id, interviewee_id) VALUES ('357863e9-2ca3-44be-9734-b9b2e0beb1ba', '05e2761c-9435-4970-ad6d-245d7a696140', 'f7edf615-aca3-4d22-ba34-d2c030b2e3ec');
INSERT INTO option_choice (option_id, choice_id) VALUES ('ee58bf05-12ff-45e4-b7e9-d37a70181de4', '357863e9-2ca3-44be-9734-b9b2e0beb1ba');
INSERT INTO choice (id, questionnaire_id, interviewee_id) VALUES ('355621ee-c130-431a-8cd0-2aae52ae47b1', '08310229-5370-44f1-8071-5c56f92e3dc5', 'f7edf615-aca3-4d22-ba34-d2c030b2e3ec');
INSERT INTO option_choice (option_id, choice_id) VALUES ('7197ba86-c78b-43c4-bd28-4635a7094531', '355621ee-c130-431a-8cd0-2aae52ae47b1');
INSERT INTO principal (username, password) VALUES ('interviewee278', 'qwerty');
INSERT INTO interviewee (id, username, age, gender, country, marital_status) VALUES ('34305aff-2887-483b-9002-a5b91c6d4f7e', 'interviewee278', 37, 'female', 'CH', 'married');
INSERT INTO choice (id, questionnaire_id, interviewee_id) VALUES ('0bdf7dd0-f8b4-4375-a65d-03ec8e4b4c63', '173a3ab0-8485-4aa4-8787-a2a4414f992e', '34305aff-2887-483b-9002-a5b91c6d4f7e');
INSERT INTO option_choice (option_id, choice_id) VALUES ('ce62e0a7-1873-4aa1-a448-2fad3cc888ee', '0bdf7dd0-f8b4-4375-a65d-03ec8e4b4c63');
INSERT INTO option_choice (option_id, choice_id) VALUES ('3f698183-af22-44ca-80c1-eb668697e9ea', '0bdf7dd0-f8b4-4375-a65d-03ec8e4b4c63');
INSERT INTO principal (username, password) VALUES ('interviewee279', 'qwerty');
INSERT INTO interviewee (id, username, age, gender, country, marital_status) VALUES ('9e5a4050-29bc-4f21-a738-821927d17615', 'interviewee279', 34, 'female', 'EH', 'married');
INSERT INTO choice (id, questionnaire_id, interviewee_id) VALUES ('9abac7e9-596c-4686-af02-6c6f5fcc1f5c', 'b5c886d7-e86f-4083-958a-cbd232db7a84', '9e5a4050-29bc-4f21-a738-821927d17615');
INSERT INTO option_choice (option_id, choice_id) VALUES ('bbe6d273-ce07-449f-a3eb-96165f0d7b7d', '9abac7e9-596c-4686-af02-6c6f5fcc1f5c');
INSERT INTO principal (username, password) VALUES ('interviewee280', 'qwerty');
INSERT INTO interviewee (id, username, age, gender, country, marital_status) VALUES ('d580a757-ed0f-44fb-89f5-7333ab75d264', 'interviewee280', 18, 'female', 'WS', 'married');
INSERT INTO choice (id, questionnaire_id, interviewee_id) VALUES ('7c19a53d-4c55-413e-b998-7d94cef6a47b', '173a3ab0-8485-4aa4-8787-a2a4414f992e', 'd580a757-ed0f-44fb-89f5-7333ab75d264');
INSERT INTO option_choice (option_id, choice_id) VALUES ('c453fc60-b896-4f66-8dbe-cc55bc42881e', '7c19a53d-4c55-413e-b998-7d94cef6a47b');
INSERT INTO option_choice (option_id, choice_id) VALUES ('e03fcb10-1308-44a4-9ce2-e4eaf10452c1', '7c19a53d-4c55-413e-b998-7d94cef6a47b');
INSERT INTO option_choice (option_id, choice_id) VALUES ('bf89350f-11e0-4471-a3a1-95481edf5acd', '7c19a53d-4c55-413e-b998-7d94cef6a47b');
INSERT INTO option_choice (option_id, choice_id) VALUES ('3f698183-af22-44ca-80c1-eb668697e9ea', '7c19a53d-4c55-413e-b998-7d94cef6a47b');
INSERT INTO option_choice (option_id, choice_id) VALUES ('3c8e0934-801c-4afd-98de-7aaf263889f6', '7c19a53d-4c55-413e-b998-7d94cef6a47b');
INSERT INTO option_choice (option_id, choice_id) VALUES ('ce62e0a7-1873-4aa1-a448-2fad3cc888ee', '7c19a53d-4c55-413e-b998-7d94cef6a47b');
INSERT INTO choice (id, questionnaire_id, interviewee_id) VALUES ('c358873a-615c-4f79-8a39-18eeaef973ff', '49c46fd6-2111-4ef5-8b91-9ee67132426d', 'd580a757-ed0f-44fb-89f5-7333ab75d264');
INSERT INTO option_choice (option_id, choice_id) VALUES ('9324aa44-2cdd-4334-9eee-ab97e62258df', 'c358873a-615c-4f79-8a39-18eeaef973ff');
INSERT INTO principal (username, password) VALUES ('interviewee281', 'qwerty');
INSERT INTO interviewee (id, username, age, gender, country, marital_status) VALUES ('472b69e3-2a31-4b16-86f5-16085eea9150', 'interviewee281', 23, 'female', 'MD', 'married');
INSERT INTO choice (id, questionnaire_id, interviewee_id) VALUES ('5ce5439d-74bd-4ca3-a1f6-22090e5398d1', '173a3ab0-8485-4aa4-8787-a2a4414f992e', '472b69e3-2a31-4b16-86f5-16085eea9150');
INSERT INTO option_choice (option_id, choice_id) VALUES ('c453fc60-b896-4f66-8dbe-cc55bc42881e', '5ce5439d-74bd-4ca3-a1f6-22090e5398d1');
INSERT INTO option_choice (option_id, choice_id) VALUES ('bf89350f-11e0-4471-a3a1-95481edf5acd', '5ce5439d-74bd-4ca3-a1f6-22090e5398d1');
INSERT INTO option_choice (option_id, choice_id) VALUES ('3c8e0934-801c-4afd-98de-7aaf263889f6', '5ce5439d-74bd-4ca3-a1f6-22090e5398d1');
INSERT INTO option_choice (option_id, choice_id) VALUES ('a477d3c8-db0a-4572-a680-b96fd792dc75', '5ce5439d-74bd-4ca3-a1f6-22090e5398d1');
INSERT INTO option_choice (option_id, choice_id) VALUES ('ce62e0a7-1873-4aa1-a448-2fad3cc888ee', '5ce5439d-74bd-4ca3-a1f6-22090e5398d1');
INSERT INTO option_choice (option_id, choice_id) VALUES ('f9a527bc-3f55-40db-b05e-d549f1801594', '5ce5439d-74bd-4ca3-a1f6-22090e5398d1');
INSERT INTO option_choice (option_id, choice_id) VALUES ('e03fcb10-1308-44a4-9ce2-e4eaf10452c1', '5ce5439d-74bd-4ca3-a1f6-22090e5398d1');
INSERT INTO option_choice (option_id, choice_id) VALUES ('3f698183-af22-44ca-80c1-eb668697e9ea', '5ce5439d-74bd-4ca3-a1f6-22090e5398d1');
INSERT INTO choice (id, questionnaire_id, interviewee_id) VALUES ('9d51572e-c96d-4875-a17d-2a8a0a20bb82', '05e2761c-9435-4970-ad6d-245d7a696140', '472b69e3-2a31-4b16-86f5-16085eea9150');
INSERT INTO option_choice (option_id, choice_id) VALUES ('821d408d-9a3b-4716-a443-69cb45197037', '9d51572e-c96d-4875-a17d-2a8a0a20bb82');
INSERT INTO option_choice (option_id, choice_id) VALUES ('ee58bf05-12ff-45e4-b7e9-d37a70181de4', '9d51572e-c96d-4875-a17d-2a8a0a20bb82');
INSERT INTO option_choice (option_id, choice_id) VALUES ('cd3191da-899e-4773-b914-291725c8c108', '9d51572e-c96d-4875-a17d-2a8a0a20bb82');
INSERT INTO option_choice (option_id, choice_id) VALUES ('26fa513d-ade2-4822-81ac-a6d8dc123679', '9d51572e-c96d-4875-a17d-2a8a0a20bb82');
INSERT INTO principal (username, password) VALUES ('interviewee282', 'qwerty');
INSERT INTO interviewee (id, username, age, gender, country, marital_status) VALUES ('95df6fe4-4c98-412f-bf68-51f85fd2b446', 'interviewee282', 68, 'male', 'GE', 'was_not_married');
INSERT INTO choice (id, questionnaire_id, interviewee_id) VALUES ('b5724ae4-cf35-4062-9863-8e7aa26b3980', 'aaacf497-4ae4-46e0-aa2e-27377271bafc', '95df6fe4-4c98-412f-bf68-51f85fd2b446');
INSERT INTO option_choice (option_id, choice_id) VALUES ('4d7025a3-7520-4447-9769-c495cb62415e', 'b5724ae4-cf35-4062-9863-8e7aa26b3980');
INSERT INTO choice (id, questionnaire_id, interviewee_id) VALUES ('f794efd8-7b59-43c1-9d23-d65398c223e6', '2519c51c-9863-4531-85ff-a7ddd5ea08b2', '95df6fe4-4c98-412f-bf68-51f85fd2b446');
INSERT INTO option_choice (option_id, choice_id) VALUES ('dffcbd6b-b37a-4468-8c01-26ae752e283e', 'f794efd8-7b59-43c1-9d23-d65398c223e6');
INSERT INTO principal (username, password) VALUES ('interviewee283', 'qwerty');
INSERT INTO interviewee (id, username, age, gender, country, marital_status) VALUES ('667c3dfa-0d7f-49b5-9af8-c826bb96f7b7', 'interviewee283', 25, 'female', 'VU', 'was_not_married');
INSERT INTO choice (id, questionnaire_id, interviewee_id) VALUES ('346041ef-6397-4e5e-b962-a5d908310d64', '49c46fd6-2111-4ef5-8b91-9ee67132426d', '667c3dfa-0d7f-49b5-9af8-c826bb96f7b7');
INSERT INTO option_choice (option_id, choice_id) VALUES ('0e4a5f7a-a4f3-45f1-8f7c-34efd574414b', '346041ef-6397-4e5e-b962-a5d908310d64');
INSERT INTO principal (username, password) VALUES ('interviewee284', 'qwerty');
INSERT INTO interviewee (id, username, age, gender, country, marital_status) VALUES ('4114e70c-2ac0-4d51-b88f-74f1f15a6a26', 'interviewee284', 31, 'female', 'TC', 'married');
INSERT INTO choice (id, questionnaire_id, interviewee_id) VALUES ('3c8035d1-6711-4612-82ae-a5d15eb6474e', '2519c51c-9863-4531-85ff-a7ddd5ea08b2', '4114e70c-2ac0-4d51-b88f-74f1f15a6a26');
INSERT INTO option_choice (option_id, choice_id) VALUES ('e532cc1b-83fa-4902-9bd1-0868c31241bb', '3c8035d1-6711-4612-82ae-a5d15eb6474e');
INSERT INTO choice (id, questionnaire_id, interviewee_id) VALUES ('d9252be8-5618-4df3-8046-8871d59c973c', 'c6dd214b-43b7-401f-afe6-a5ab0d2d7767', '4114e70c-2ac0-4d51-b88f-74f1f15a6a26');
INSERT INTO option_choice (option_id, choice_id) VALUES ('9d2a2dd1-7979-48a6-a0b7-3de8fdea75b6', 'd9252be8-5618-4df3-8046-8871d59c973c');
INSERT INTO option_choice (option_id, choice_id) VALUES ('17ceef0b-83da-42ec-a82c-9090a9be74af', 'd9252be8-5618-4df3-8046-8871d59c973c');
INSERT INTO choice (id, questionnaire_id, interviewee_id) VALUES ('135f0c83-389a-460f-8f04-1fbf361f40a7', '81a3f075-1324-4e67-90a5-493fe3324435', '4114e70c-2ac0-4d51-b88f-74f1f15a6a26');
INSERT INTO option_choice (option_id, choice_id) VALUES ('a1737a4b-bfa2-4208-a103-ca4bea3afaaf', '135f0c83-389a-460f-8f04-1fbf361f40a7');
INSERT INTO option_choice (option_id, choice_id) VALUES ('ab9020e3-a12b-46eb-97f0-79dcfaab7356', '135f0c83-389a-460f-8f04-1fbf361f40a7');
INSERT INTO option_choice (option_id, choice_id) VALUES ('7b2bd172-1566-440a-81d8-f9b2fb43f8fc', '135f0c83-389a-460f-8f04-1fbf361f40a7');
INSERT INTO option_choice (option_id, choice_id) VALUES ('c5035143-d5d2-4934-8b99-4e66507a8603', '135f0c83-389a-460f-8f04-1fbf361f40a7');
INSERT INTO option_choice (option_id, choice_id) VALUES ('c0afeee2-6628-4404-bc41-32bc0a1505c5', '135f0c83-389a-460f-8f04-1fbf361f40a7');
INSERT INTO principal (username, password) VALUES ('interviewee285', 'qwerty');
INSERT INTO interviewee (id, username, age, gender, country, marital_status) VALUES ('65226803-9865-48df-9574-7b43b4602734', 'interviewee285', 53, 'female', 'MM', 'was_not_married');
INSERT INTO choice (id, questionnaire_id, interviewee_id) VALUES ('51f76a3e-fb8b-4d49-93fe-b1770adb0da3', '2519c51c-9863-4531-85ff-a7ddd5ea08b2', '65226803-9865-48df-9574-7b43b4602734');
INSERT INTO option_choice (option_id, choice_id) VALUES ('8c388d58-c24e-468d-9d56-271abc2ab89d', '51f76a3e-fb8b-4d49-93fe-b1770adb0da3');
INSERT INTO principal (username, password) VALUES ('interviewee286', 'qwerty');
INSERT INTO interviewee (id, username, age, gender, country, marital_status) VALUES ('d5418055-4b73-4740-ad63-1d4441108684', 'interviewee286', 30, 'male', 'KY', 'married');
INSERT INTO choice (id, questionnaire_id, interviewee_id) VALUES ('6b7929cc-5ad5-4151-8fa0-49e7ec2b82b8', '173a3ab0-8485-4aa4-8787-a2a4414f992e', 'd5418055-4b73-4740-ad63-1d4441108684');
INSERT INTO option_choice (option_id, choice_id) VALUES ('3f698183-af22-44ca-80c1-eb668697e9ea', '6b7929cc-5ad5-4151-8fa0-49e7ec2b82b8');
INSERT INTO option_choice (option_id, choice_id) VALUES ('c453fc60-b896-4f66-8dbe-cc55bc42881e', '6b7929cc-5ad5-4151-8fa0-49e7ec2b82b8');
INSERT INTO option_choice (option_id, choice_id) VALUES ('f9a527bc-3f55-40db-b05e-d549f1801594', '6b7929cc-5ad5-4151-8fa0-49e7ec2b82b8');
INSERT INTO option_choice (option_id, choice_id) VALUES ('ce62e0a7-1873-4aa1-a448-2fad3cc888ee', '6b7929cc-5ad5-4151-8fa0-49e7ec2b82b8');
INSERT INTO option_choice (option_id, choice_id) VALUES ('e03fcb10-1308-44a4-9ce2-e4eaf10452c1', '6b7929cc-5ad5-4151-8fa0-49e7ec2b82b8');
INSERT INTO option_choice (option_id, choice_id) VALUES ('3c8e0934-801c-4afd-98de-7aaf263889f6', '6b7929cc-5ad5-4151-8fa0-49e7ec2b82b8');
INSERT INTO option_choice (option_id, choice_id) VALUES ('a477d3c8-db0a-4572-a680-b96fd792dc75', '6b7929cc-5ad5-4151-8fa0-49e7ec2b82b8');
INSERT INTO option_choice (option_id, choice_id) VALUES ('bf89350f-11e0-4471-a3a1-95481edf5acd', '6b7929cc-5ad5-4151-8fa0-49e7ec2b82b8');
INSERT INTO principal (username, password) VALUES ('interviewee287', 'qwerty');
INSERT INTO interviewee (id, username, age, gender, country, marital_status) VALUES ('a200db44-6430-46b1-866e-bf3feafc7050', 'interviewee287', 21, 'female', 'MK', 'was_not_married');
INSERT INTO choice (id, questionnaire_id, interviewee_id) VALUES ('3794ea20-fd1a-4ab5-92a4-65c477e30ba9', 'e20dbb22-091f-4137-8450-fdeaea74363f', 'a200db44-6430-46b1-866e-bf3feafc7050');
INSERT INTO option_choice (option_id, choice_id) VALUES ('742176a0-b7c8-400a-a370-5871099954a4', '3794ea20-fd1a-4ab5-92a4-65c477e30ba9');
INSERT INTO option_choice (option_id, choice_id) VALUES ('b09da84d-7533-40da-b486-a820b6b7c110', '3794ea20-fd1a-4ab5-92a4-65c477e30ba9');
INSERT INTO option_choice (option_id, choice_id) VALUES ('a572f3cf-b3ba-491a-9687-6cee662749f1', '3794ea20-fd1a-4ab5-92a4-65c477e30ba9');
INSERT INTO choice (id, questionnaire_id, interviewee_id) VALUES ('0ebc8b2e-b956-43bd-b6d7-126e43fdc966', 'e4d0ba66-5e11-433c-8243-4d890cceaf69', 'a200db44-6430-46b1-866e-bf3feafc7050');
INSERT INTO option_choice (option_id, choice_id) VALUES ('7cfec70e-33b3-4c68-9c38-38cf292cd0f9', '0ebc8b2e-b956-43bd-b6d7-126e43fdc966');
INSERT INTO option_choice (option_id, choice_id) VALUES ('cb637eae-3b8f-4d17-81fb-9b271857e55c', '0ebc8b2e-b956-43bd-b6d7-126e43fdc966');
INSERT INTO choice (id, questionnaire_id, interviewee_id) VALUES ('0b56382c-cf18-40c3-ae71-b383a6583ee5', 'b5c886d7-e86f-4083-958a-cbd232db7a84', 'a200db44-6430-46b1-866e-bf3feafc7050');
INSERT INTO option_choice (option_id, choice_id) VALUES ('a446338d-133a-407b-9bd1-520fe1043ec3', '0b56382c-cf18-40c3-ae71-b383a6583ee5');
INSERT INTO principal (username, password) VALUES ('interviewee288', 'qwerty');
INSERT INTO interviewee (id, username, age, gender, country, marital_status) VALUES ('7480ee48-b53a-4be6-b9c6-c8fedc2e51bd', 'interviewee288', 32, 'male', 'HK', 'was_not_married');
INSERT INTO choice (id, questionnaire_id, interviewee_id) VALUES ('af761a8d-378a-43d5-a258-89807f3360ce', '48b4658e-bc90-4bd2-97bb-92484114dfea', '7480ee48-b53a-4be6-b9c6-c8fedc2e51bd');
INSERT INTO option_choice (option_id, choice_id) VALUES ('5a5b3a6f-7875-401c-8d0b-e9c8b854b985', 'af761a8d-378a-43d5-a258-89807f3360ce');
INSERT INTO choice (id, questionnaire_id, interviewee_id) VALUES ('5166f87f-21cf-421a-93a0-3a6689b25bee', 'e20dbb22-091f-4137-8450-fdeaea74363f', '7480ee48-b53a-4be6-b9c6-c8fedc2e51bd');
INSERT INTO option_choice (option_id, choice_id) VALUES ('b09da84d-7533-40da-b486-a820b6b7c110', '5166f87f-21cf-421a-93a0-3a6689b25bee');
INSERT INTO option_choice (option_id, choice_id) VALUES ('49d1bc1f-0fd1-4dad-ab6d-b123ea13d33a', '5166f87f-21cf-421a-93a0-3a6689b25bee');
INSERT INTO option_choice (option_id, choice_id) VALUES ('ff3c7a97-70db-4404-b85b-274707745879', '5166f87f-21cf-421a-93a0-3a6689b25bee');
INSERT INTO choice (id, questionnaire_id, interviewee_id) VALUES ('161d07ba-57ac-4504-a56d-8734ed87d103', '858287c2-e494-424b-a03f-6b0a55c2fce3', '7480ee48-b53a-4be6-b9c6-c8fedc2e51bd');
INSERT INTO option_choice (option_id, choice_id) VALUES ('f2fd1a72-0ca7-41a6-ad15-7bc21a02fe73', '161d07ba-57ac-4504-a56d-8734ed87d103');
INSERT INTO option_choice (option_id, choice_id) VALUES ('a7e89931-dbca-4a6f-bdbb-b42e57f2e7f2', '161d07ba-57ac-4504-a56d-8734ed87d103');
INSERT INTO option_choice (option_id, choice_id) VALUES ('a1e55f7c-aa45-466f-86bb-0d5e262ca0bc', '161d07ba-57ac-4504-a56d-8734ed87d103');
INSERT INTO option_choice (option_id, choice_id) VALUES ('59c8e6e3-5895-4f0b-ae9e-3bb455a5f6b2', '161d07ba-57ac-4504-a56d-8734ed87d103');
INSERT INTO principal (username, password) VALUES ('interviewee289', 'qwerty');
INSERT INTO interviewee (id, username, age, gender, country, marital_status) VALUES ('1fcb6d99-fb5b-4602-82aa-531ec1b0549a', 'interviewee289', 29, 'female', 'SY', 'divorced');
INSERT INTO choice (id, questionnaire_id, interviewee_id) VALUES ('9dbd3a48-26ea-4cd6-ad61-e85071b6ea47', '48b4658e-bc90-4bd2-97bb-92484114dfea', '1fcb6d99-fb5b-4602-82aa-531ec1b0549a');
INSERT INTO option_choice (option_id, choice_id) VALUES ('72884dca-8b91-4379-bf2e-f4dbfc8f13cd', '9dbd3a48-26ea-4cd6-ad61-e85071b6ea47');
INSERT INTO choice (id, questionnaire_id, interviewee_id) VALUES ('81019cae-7704-42d2-b1b3-706133227949', '2519c51c-9863-4531-85ff-a7ddd5ea08b2', '1fcb6d99-fb5b-4602-82aa-531ec1b0549a');
INSERT INTO option_choice (option_id, choice_id) VALUES ('dffcbd6b-b37a-4468-8c01-26ae752e283e', '81019cae-7704-42d2-b1b3-706133227949');
INSERT INTO choice (id, questionnaire_id, interviewee_id) VALUES ('24921cbb-9d30-4ab6-bb20-c826e78c5b36', 'b5c886d7-e86f-4083-958a-cbd232db7a84', '1fcb6d99-fb5b-4602-82aa-531ec1b0549a');
INSERT INTO option_choice (option_id, choice_id) VALUES ('c7575671-3918-48d7-bc48-356ad1dd79e9', '24921cbb-9d30-4ab6-bb20-c826e78c5b36');
INSERT INTO principal (username, password) VALUES ('interviewee290', 'qwerty');
INSERT INTO interviewee (id, username, age, gender, country, marital_status) VALUES ('2f7c0d91-8d97-4edb-9192-c4edb15470a4', 'interviewee290', 40, 'female', 'HR', 'was_not_married');
INSERT INTO choice (id, questionnaire_id, interviewee_id) VALUES ('5c779284-db60-4cbb-9052-1a47112b7871', 'e20dbb22-091f-4137-8450-fdeaea74363f', '2f7c0d91-8d97-4edb-9192-c4edb15470a4');
INSERT INTO option_choice (option_id, choice_id) VALUES ('ff3c7a97-70db-4404-b85b-274707745879', '5c779284-db60-4cbb-9052-1a47112b7871');
INSERT INTO choice (id, questionnaire_id, interviewee_id) VALUES ('efab5137-5f93-4a21-ba5a-2951e1ad3c8e', 'c6dd214b-43b7-401f-afe6-a5ab0d2d7767', '2f7c0d91-8d97-4edb-9192-c4edb15470a4');
INSERT INTO option_choice (option_id, choice_id) VALUES ('9d2a2dd1-7979-48a6-a0b7-3de8fdea75b6', 'efab5137-5f93-4a21-ba5a-2951e1ad3c8e');
INSERT INTO option_choice (option_id, choice_id) VALUES ('17ceef0b-83da-42ec-a82c-9090a9be74af', 'efab5137-5f93-4a21-ba5a-2951e1ad3c8e');
INSERT INTO option_choice (option_id, choice_id) VALUES ('c134384c-5eda-4957-9883-b965681b9fef', 'efab5137-5f93-4a21-ba5a-2951e1ad3c8e');
INSERT INTO option_choice (option_id, choice_id) VALUES ('069a6758-231c-4064-8e44-a0db84e86a21', 'efab5137-5f93-4a21-ba5a-2951e1ad3c8e');
INSERT INTO choice (id, questionnaire_id, interviewee_id) VALUES ('263f4923-c657-46d1-8408-007566477a84', '2519c51c-9863-4531-85ff-a7ddd5ea08b2', '2f7c0d91-8d97-4edb-9192-c4edb15470a4');
INSERT INTO option_choice (option_id, choice_id) VALUES ('e532cc1b-83fa-4902-9bd1-0868c31241bb', '263f4923-c657-46d1-8408-007566477a84');
INSERT INTO principal (username, password) VALUES ('interviewee291', 'qwerty');
INSERT INTO interviewee (id, username, age, gender, country, marital_status) VALUES ('f864b03c-a81c-4774-9a32-c6c4efe2e4da', 'interviewee291', 55, 'female', 'TW', 'divorced');
INSERT INTO choice (id, questionnaire_id, interviewee_id) VALUES ('28a2fd22-87ab-405d-bc47-9b42e7d3dc71', '4a4f7cbc-8533-42b3-923b-6b4309f53c64', 'f864b03c-a81c-4774-9a32-c6c4efe2e4da');
INSERT INTO option_choice (option_id, choice_id) VALUES ('3372ec3f-fffa-472e-ac84-938ef71e30be', '28a2fd22-87ab-405d-bc47-9b42e7d3dc71');
INSERT INTO principal (username, password) VALUES ('interviewee292', 'qwerty');
INSERT INTO interviewee (id, username, age, gender, country, marital_status) VALUES ('00afa12d-11f5-4d00-a48e-4c840ca8cae2', 'interviewee292', 45, 'male', 'GM', 'married');
INSERT INTO choice (id, questionnaire_id, interviewee_id) VALUES ('01f2aa18-7d17-4f4d-bdb1-7ce7313fbb94', '173a3ab0-8485-4aa4-8787-a2a4414f992e', '00afa12d-11f5-4d00-a48e-4c840ca8cae2');
INSERT INTO option_choice (option_id, choice_id) VALUES ('3f698183-af22-44ca-80c1-eb668697e9ea', '01f2aa18-7d17-4f4d-bdb1-7ce7313fbb94');
INSERT INTO choice (id, questionnaire_id, interviewee_id) VALUES ('389c8020-f92e-4a5b-b4f1-d74b62162a62', '407203dd-9657-46e6-975f-3be5d664dd2a', '00afa12d-11f5-4d00-a48e-4c840ca8cae2');
INSERT INTO option_choice (option_id, choice_id) VALUES ('13fd08f6-1546-4289-9b91-c20aea1b69e9', '389c8020-f92e-4a5b-b4f1-d74b62162a62');
INSERT INTO principal (username, password) VALUES ('interviewee293', 'qwerty');
INSERT INTO interviewee (id, username, age, gender, country, marital_status) VALUES ('3c6eec1c-0442-41b5-8990-b5bf3bd5a58c', 'interviewee293', 14, 'female', 'IO', 'married');
INSERT INTO choice (id, questionnaire_id, interviewee_id) VALUES ('e6ce0339-5ab5-4998-b2e8-451476a5236e', '81a3f075-1324-4e67-90a5-493fe3324435', '3c6eec1c-0442-41b5-8990-b5bf3bd5a58c');
INSERT INTO option_choice (option_id, choice_id) VALUES ('ab9020e3-a12b-46eb-97f0-79dcfaab7356', 'e6ce0339-5ab5-4998-b2e8-451476a5236e');
INSERT INTO option_choice (option_id, choice_id) VALUES ('a0eef1f9-547a-4823-b7e0-bb52d6891f8f', 'e6ce0339-5ab5-4998-b2e8-451476a5236e');
INSERT INTO option_choice (option_id, choice_id) VALUES ('7b2bd172-1566-440a-81d8-f9b2fb43f8fc', 'e6ce0339-5ab5-4998-b2e8-451476a5236e');
INSERT INTO option_choice (option_id, choice_id) VALUES ('c0afeee2-6628-4404-bc41-32bc0a1505c5', 'e6ce0339-5ab5-4998-b2e8-451476a5236e');
INSERT INTO option_choice (option_id, choice_id) VALUES ('c5035143-d5d2-4934-8b99-4e66507a8603', 'e6ce0339-5ab5-4998-b2e8-451476a5236e');
INSERT INTO option_choice (option_id, choice_id) VALUES ('a1737a4b-bfa2-4208-a103-ca4bea3afaaf', 'e6ce0339-5ab5-4998-b2e8-451476a5236e');
INSERT INTO choice (id, questionnaire_id, interviewee_id) VALUES ('54747350-e47e-46bf-a981-9927a843dfb8', '51436662-4eca-40ce-b552-b1c7486cf609', '3c6eec1c-0442-41b5-8990-b5bf3bd5a58c');
INSERT INTO option_choice (option_id, choice_id) VALUES ('e4c4b240-61c9-4253-a93b-9a7768fbfe3f', '54747350-e47e-46bf-a981-9927a843dfb8');
INSERT INTO principal (username, password) VALUES ('interviewee294', 'qwerty');
INSERT INTO interviewee (id, username, age, gender, country, marital_status) VALUES ('26f40447-422e-41bd-9a05-2df238c4d349', 'interviewee294', 44, 'female', 'LA', 'married');
INSERT INTO choice (id, questionnaire_id, interviewee_id) VALUES ('b338c192-f1c7-48b1-a2d2-00f35bb413b6', '49c46fd6-2111-4ef5-8b91-9ee67132426d', '26f40447-422e-41bd-9a05-2df238c4d349');
INSERT INTO option_choice (option_id, choice_id) VALUES ('0e4a5f7a-a4f3-45f1-8f7c-34efd574414b', 'b338c192-f1c7-48b1-a2d2-00f35bb413b6');
INSERT INTO choice (id, questionnaire_id, interviewee_id) VALUES ('d6faf806-9df5-4035-81ba-7d2ee875945a', '05e2761c-9435-4970-ad6d-245d7a696140', '26f40447-422e-41bd-9a05-2df238c4d349');
INSERT INTO option_choice (option_id, choice_id) VALUES ('821d408d-9a3b-4716-a443-69cb45197037', 'd6faf806-9df5-4035-81ba-7d2ee875945a');
INSERT INTO option_choice (option_id, choice_id) VALUES ('26fa513d-ade2-4822-81ac-a6d8dc123679', 'd6faf806-9df5-4035-81ba-7d2ee875945a');
INSERT INTO option_choice (option_id, choice_id) VALUES ('ee58bf05-12ff-45e4-b7e9-d37a70181de4', 'd6faf806-9df5-4035-81ba-7d2ee875945a');
INSERT INTO choice (id, questionnaire_id, interviewee_id) VALUES ('5bb7e574-d504-4369-8a4f-81b5504cd599', '858287c2-e494-424b-a03f-6b0a55c2fce3', '26f40447-422e-41bd-9a05-2df238c4d349');
INSERT INTO option_choice (option_id, choice_id) VALUES ('a7e89931-dbca-4a6f-bdbb-b42e57f2e7f2', '5bb7e574-d504-4369-8a4f-81b5504cd599');
INSERT INTO option_choice (option_id, choice_id) VALUES ('f2fd1a72-0ca7-41a6-ad15-7bc21a02fe73', '5bb7e574-d504-4369-8a4f-81b5504cd599');
INSERT INTO option_choice (option_id, choice_id) VALUES ('a1e55f7c-aa45-466f-86bb-0d5e262ca0bc', '5bb7e574-d504-4369-8a4f-81b5504cd599');
INSERT INTO principal (username, password) VALUES ('interviewee295', 'qwerty');
INSERT INTO interviewee (id, username, age, gender, country, marital_status) VALUES ('1c308e18-37c9-4748-9abc-5f3e50d282a9', 'interviewee295', 30, 'female', 'SG', 'married');
INSERT INTO choice (id, questionnaire_id, interviewee_id) VALUES ('d8969c40-cc29-4da7-962b-233e3ea76d80', '81a3f075-1324-4e67-90a5-493fe3324435', '1c308e18-37c9-4748-9abc-5f3e50d282a9');
INSERT INTO option_choice (option_id, choice_id) VALUES ('c0afeee2-6628-4404-bc41-32bc0a1505c5', 'd8969c40-cc29-4da7-962b-233e3ea76d80');
INSERT INTO option_choice (option_id, choice_id) VALUES ('ab9020e3-a12b-46eb-97f0-79dcfaab7356', 'd8969c40-cc29-4da7-962b-233e3ea76d80');
INSERT INTO option_choice (option_id, choice_id) VALUES ('a1737a4b-bfa2-4208-a103-ca4bea3afaaf', 'd8969c40-cc29-4da7-962b-233e3ea76d80');
INSERT INTO choice (id, questionnaire_id, interviewee_id) VALUES ('253b85f3-dfce-4980-b4d3-e40c4a2151ad', 'b5c886d7-e86f-4083-958a-cbd232db7a84', '1c308e18-37c9-4748-9abc-5f3e50d282a9');
INSERT INTO option_choice (option_id, choice_id) VALUES ('c7575671-3918-48d7-bc48-356ad1dd79e9', '253b85f3-dfce-4980-b4d3-e40c4a2151ad');
INSERT INTO principal (username, password) VALUES ('interviewee296', 'qwerty');
INSERT INTO interviewee (id, username, age, gender, country, marital_status) VALUES ('20674b3d-0821-45ea-86cf-a1b1c7b56e29', 'interviewee296', 59, 'female', 'MW', 'divorced');
INSERT INTO choice (id, questionnaire_id, interviewee_id) VALUES ('e57d0f83-833d-4482-bb21-609e9f5f4002', 'b5c886d7-e86f-4083-958a-cbd232db7a84', '20674b3d-0821-45ea-86cf-a1b1c7b56e29');
INSERT INTO option_choice (option_id, choice_id) VALUES ('b3fef8ac-34c1-4143-a4bd-73c39cbbac53', 'e57d0f83-833d-4482-bb21-609e9f5f4002');
INSERT INTO choice (id, questionnaire_id, interviewee_id) VALUES ('41536681-e5bc-4226-9c7b-192225d11355', '49c46fd6-2111-4ef5-8b91-9ee67132426d', '20674b3d-0821-45ea-86cf-a1b1c7b56e29');
INSERT INTO option_choice (option_id, choice_id) VALUES ('9324aa44-2cdd-4334-9eee-ab97e62258df', '41536681-e5bc-4226-9c7b-192225d11355');
INSERT INTO choice (id, questionnaire_id, interviewee_id) VALUES ('166604ce-382c-40b0-b153-fae602a63f71', 'b6df4d49-3f70-4802-90cb-4ab89e24a427', '20674b3d-0821-45ea-86cf-a1b1c7b56e29');
INSERT INTO option_choice (option_id, choice_id) VALUES ('03756c76-738d-45a3-8b02-6f36d78f3dfb', '166604ce-382c-40b0-b153-fae602a63f71');
INSERT INTO principal (username, password) VALUES ('interviewee297', 'qwerty');
INSERT INTO interviewee (id, username, age, gender, country, marital_status) VALUES ('89f516f6-468f-4b8b-ac74-949ba7fc4b52', 'interviewee297', 19, 'female', 'SC', 'divorced');
INSERT INTO choice (id, questionnaire_id, interviewee_id) VALUES ('ae7ac921-d52c-4418-bb38-48cdbacc3ff7', '4a4f7cbc-8533-42b3-923b-6b4309f53c64', '89f516f6-468f-4b8b-ac74-949ba7fc4b52');
INSERT INTO option_choice (option_id, choice_id) VALUES ('3372ec3f-fffa-472e-ac84-938ef71e30be', 'ae7ac921-d52c-4418-bb38-48cdbacc3ff7');
INSERT INTO principal (username, password) VALUES ('interviewee298', 'qwerty');
INSERT INTO interviewee (id, username, age, gender, country, marital_status) VALUES ('8be7f611-4933-41c0-b689-96fc495349b8', 'interviewee298', 21, 'female', 'GS', 'was_not_married');
INSERT INTO choice (id, questionnaire_id, interviewee_id) VALUES ('512ea8ce-7549-40cd-b2c2-bf78c864edd9', 'b5c886d7-e86f-4083-958a-cbd232db7a84', '8be7f611-4933-41c0-b689-96fc495349b8');
INSERT INTO option_choice (option_id, choice_id) VALUES ('bbe6d273-ce07-449f-a3eb-96165f0d7b7d', '512ea8ce-7549-40cd-b2c2-bf78c864edd9');
INSERT INTO choice (id, questionnaire_id, interviewee_id) VALUES ('f8c65a4d-9810-4db2-8154-fa3377c70fb1', '08310229-5370-44f1-8071-5c56f92e3dc5', '8be7f611-4933-41c0-b689-96fc495349b8');
INSERT INTO option_choice (option_id, choice_id) VALUES ('996311da-bd48-491d-b381-d19b001465c4', 'f8c65a4d-9810-4db2-8154-fa3377c70fb1');
INSERT INTO choice (id, questionnaire_id, interviewee_id) VALUES ('bd4287eb-d813-4068-8e19-a8bad2693193', '858287c2-e494-424b-a03f-6b0a55c2fce3', '8be7f611-4933-41c0-b689-96fc495349b8');
INSERT INTO option_choice (option_id, choice_id) VALUES ('a1e55f7c-aa45-466f-86bb-0d5e262ca0bc', 'bd4287eb-d813-4068-8e19-a8bad2693193');
INSERT INTO option_choice (option_id, choice_id) VALUES ('a7e89931-dbca-4a6f-bdbb-b42e57f2e7f2', 'bd4287eb-d813-4068-8e19-a8bad2693193');
INSERT INTO option_choice (option_id, choice_id) VALUES ('59c8e6e3-5895-4f0b-ae9e-3bb455a5f6b2', 'bd4287eb-d813-4068-8e19-a8bad2693193');
INSERT INTO principal (username, password) VALUES ('interviewee299', 'qwerty');
INSERT INTO interviewee (id, username, age, gender, country, marital_status) VALUES ('1553d2fb-e73b-4f08-8f38-3b95c5f72093', 'interviewee299', 44, 'male', 'CL', 'married');
INSERT INTO choice (id, questionnaire_id, interviewee_id) VALUES ('ae92868d-5218-4124-9d9c-c0c0a9b07267', 'c6dd214b-43b7-401f-afe6-a5ab0d2d7767', '1553d2fb-e73b-4f08-8f38-3b95c5f72093');
INSERT INTO option_choice (option_id, choice_id) VALUES ('069a6758-231c-4064-8e44-a0db84e86a21', 'ae92868d-5218-4124-9d9c-c0c0a9b07267');
INSERT INTO option_choice (option_id, choice_id) VALUES ('17ceef0b-83da-42ec-a82c-9090a9be74af', 'ae92868d-5218-4124-9d9c-c0c0a9b07267');
INSERT INTO option_choice (option_id, choice_id) VALUES ('c134384c-5eda-4957-9883-b965681b9fef', 'ae92868d-5218-4124-9d9c-c0c0a9b07267');
INSERT INTO option_choice (option_id, choice_id) VALUES ('9d2a2dd1-7979-48a6-a0b7-3de8fdea75b6', 'ae92868d-5218-4124-9d9c-c0c0a9b07267');
INSERT INTO choice (id, questionnaire_id, interviewee_id) VALUES ('75aa177b-ebbf-4460-9597-d416413b45e8', 'e4d0ba66-5e11-433c-8243-4d890cceaf69', '1553d2fb-e73b-4f08-8f38-3b95c5f72093');
INSERT INTO option_choice (option_id, choice_id) VALUES ('7cfec70e-33b3-4c68-9c38-38cf292cd0f9', '75aa177b-ebbf-4460-9597-d416413b45e8');
INSERT INTO option_choice (option_id, choice_id) VALUES ('cb637eae-3b8f-4d17-81fb-9b271857e55c', '75aa177b-ebbf-4460-9597-d416413b45e8');
INSERT INTO choice (id, questionnaire_id, interviewee_id) VALUES ('c192baf0-7403-47ce-ad9d-45a99a8453bf', '05e2761c-9435-4970-ad6d-245d7a696140', '1553d2fb-e73b-4f08-8f38-3b95c5f72093');
INSERT INTO option_choice (option_id, choice_id) VALUES ('821d408d-9a3b-4716-a443-69cb45197037', 'c192baf0-7403-47ce-ad9d-45a99a8453bf');
INSERT INTO option_choice (option_id, choice_id) VALUES ('ee58bf05-12ff-45e4-b7e9-d37a70181de4', 'c192baf0-7403-47ce-ad9d-45a99a8453bf');
INSERT INTO option_choice (option_id, choice_id) VALUES ('4431f860-831f-4fdf-9dbb-76fbdb1006a1', 'c192baf0-7403-47ce-ad9d-45a99a8453bf');
INSERT INTO principal (username, password) VALUES ('interviewee300', 'qwerty');
INSERT INTO interviewee (id, username, age, gender, country, marital_status) VALUES ('2d8a3c50-9939-4d34-aed9-acc4c6f4d8fc', 'interviewee300', 56, 'female', 'ES', 'was_not_married');
INSERT INTO choice (id, questionnaire_id, interviewee_id) VALUES ('10b6db9c-c81e-4886-9f3f-0d04a698ee75', '48b4658e-bc90-4bd2-97bb-92484114dfea', '2d8a3c50-9939-4d34-aed9-acc4c6f4d8fc');
INSERT INTO option_choice (option_id, choice_id) VALUES ('5a5b3a6f-7875-401c-8d0b-e9c8b854b985', '10b6db9c-c81e-4886-9f3f-0d04a698ee75');
INSERT INTO principal (username, password) VALUES ('interviewee301', 'qwerty');
INSERT INTO interviewee (id, username, age, gender, country, marital_status) VALUES ('145c6899-0d49-4377-8740-c3fbeb344d75', 'interviewee301', 64, 'male', 'KM', 'divorced');
INSERT INTO choice (id, questionnaire_id, interviewee_id) VALUES ('02c49ddc-f586-4468-ae1e-98f235153808', '4a4f7cbc-8533-42b3-923b-6b4309f53c64', '145c6899-0d49-4377-8740-c3fbeb344d75');
INSERT INTO option_choice (option_id, choice_id) VALUES ('655a67a1-3c81-4e22-99c2-2b849fa8c564', '02c49ddc-f586-4468-ae1e-98f235153808');
INSERT INTO choice (id, questionnaire_id, interviewee_id) VALUES ('97723a69-6890-445e-a3e0-32e6b4f4c21c', '5b0a67f5-cbf2-4fde-b526-fd512ff68e24', '145c6899-0d49-4377-8740-c3fbeb344d75');
INSERT INTO option_choice (option_id, choice_id) VALUES ('9340e0ac-c863-4fcf-ac40-126be2d1bfa4', '97723a69-6890-445e-a3e0-32e6b4f4c21c');
INSERT INTO principal (username, password) VALUES ('interviewee302', 'qwerty');
INSERT INTO interviewee (id, username, age, gender, country, marital_status) VALUES ('cfd5b067-faf0-4a24-b680-9f73a3e8b79f', 'interviewee302', 30, 'female', 'AX', 'married');
INSERT INTO choice (id, questionnaire_id, interviewee_id) VALUES ('1a63e8ba-9b33-477a-a0ce-b095c5a8a43c', 'c6dd214b-43b7-401f-afe6-a5ab0d2d7767', 'cfd5b067-faf0-4a24-b680-9f73a3e8b79f');
INSERT INTO option_choice (option_id, choice_id) VALUES ('9d2a2dd1-7979-48a6-a0b7-3de8fdea75b6', '1a63e8ba-9b33-477a-a0ce-b095c5a8a43c');
INSERT INTO option_choice (option_id, choice_id) VALUES ('17ceef0b-83da-42ec-a82c-9090a9be74af', '1a63e8ba-9b33-477a-a0ce-b095c5a8a43c');
INSERT INTO option_choice (option_id, choice_id) VALUES ('069a6758-231c-4064-8e44-a0db84e86a21', '1a63e8ba-9b33-477a-a0ce-b095c5a8a43c');
INSERT INTO choice (id, questionnaire_id, interviewee_id) VALUES ('73fa9051-792d-49f3-98cf-6529c48bdada', '2519c51c-9863-4531-85ff-a7ddd5ea08b2', 'cfd5b067-faf0-4a24-b680-9f73a3e8b79f');
INSERT INTO option_choice (option_id, choice_id) VALUES ('a3b534e4-0e3d-437c-94bf-14e57f299a2c', '73fa9051-792d-49f3-98cf-6529c48bdada');
INSERT INTO principal (username, password) VALUES ('interviewee303', 'qwerty');
INSERT INTO interviewee (id, username, age, gender, country, marital_status) VALUES ('0f56065a-b540-45bc-9338-fa95346a5596', 'interviewee303', 35, 'male', 'TF', 'was_not_married');
INSERT INTO choice (id, questionnaire_id, interviewee_id) VALUES ('cc41fe78-8856-4dd7-b7ac-6a71ce1b69fb', 'b5c886d7-e86f-4083-958a-cbd232db7a84', '0f56065a-b540-45bc-9338-fa95346a5596');
INSERT INTO option_choice (option_id, choice_id) VALUES ('e9ae0eb7-ed92-45ff-8ec1-bb688c3f1bfe', 'cc41fe78-8856-4dd7-b7ac-6a71ce1b69fb');
INSERT INTO choice (id, questionnaire_id, interviewee_id) VALUES ('c9586857-b7cd-47c0-ab90-7d1dbd2105f6', '81a3f075-1324-4e67-90a5-493fe3324435', '0f56065a-b540-45bc-9338-fa95346a5596');
INSERT INTO option_choice (option_id, choice_id) VALUES ('c5035143-d5d2-4934-8b99-4e66507a8603', 'c9586857-b7cd-47c0-ab90-7d1dbd2105f6');
INSERT INTO option_choice (option_id, choice_id) VALUES ('a1737a4b-bfa2-4208-a103-ca4bea3afaaf', 'c9586857-b7cd-47c0-ab90-7d1dbd2105f6');
INSERT INTO option_choice (option_id, choice_id) VALUES ('7b2bd172-1566-440a-81d8-f9b2fb43f8fc', 'c9586857-b7cd-47c0-ab90-7d1dbd2105f6');
INSERT INTO principal (username, password) VALUES ('interviewee304', 'qwerty');
INSERT INTO interviewee (id, username, age, gender, country, marital_status) VALUES ('af1dfffa-9061-4f93-8cec-af01c352bfda', 'interviewee304', 14, 'male', 'PA', 'divorced');
INSERT INTO choice (id, questionnaire_id, interviewee_id) VALUES ('eca6c708-0f77-4931-b96f-8fc3814985ca', '08310229-5370-44f1-8071-5c56f92e3dc5', 'af1dfffa-9061-4f93-8cec-af01c352bfda');
INSERT INTO option_choice (option_id, choice_id) VALUES ('38336259-fa95-40f4-865c-eff171ebbb80', 'eca6c708-0f77-4931-b96f-8fc3814985ca');
INSERT INTO principal (username, password) VALUES ('interviewee305', 'qwerty');
INSERT INTO interviewee (id, username, age, gender, country, marital_status) VALUES ('0eb77e35-b96a-4b4e-be08-f5f5c7e92ff3', 'interviewee305', 15, 'female', 'YT', 'was_not_married');
INSERT INTO choice (id, questionnaire_id, interviewee_id) VALUES ('1dc3747b-c7c5-4776-b048-b8c4c820dd99', 'b5c886d7-e86f-4083-958a-cbd232db7a84', '0eb77e35-b96a-4b4e-be08-f5f5c7e92ff3');
INSERT INTO option_choice (option_id, choice_id) VALUES ('e9ae0eb7-ed92-45ff-8ec1-bb688c3f1bfe', '1dc3747b-c7c5-4776-b048-b8c4c820dd99');
INSERT INTO choice (id, questionnaire_id, interviewee_id) VALUES ('30780c75-b4ba-4c3b-a881-acd8bf0d1942', '51436662-4eca-40ce-b552-b1c7486cf609', '0eb77e35-b96a-4b4e-be08-f5f5c7e92ff3');
INSERT INTO option_choice (option_id, choice_id) VALUES ('259215cc-47cc-4165-befd-cf997b4aaf7e', '30780c75-b4ba-4c3b-a881-acd8bf0d1942');
INSERT INTO choice (id, questionnaire_id, interviewee_id) VALUES ('0253d8b7-3417-474b-99cc-3e96c8f6c8f1', '49c46fd6-2111-4ef5-8b91-9ee67132426d', '0eb77e35-b96a-4b4e-be08-f5f5c7e92ff3');
INSERT INTO option_choice (option_id, choice_id) VALUES ('9324aa44-2cdd-4334-9eee-ab97e62258df', '0253d8b7-3417-474b-99cc-3e96c8f6c8f1');
INSERT INTO principal (username, password) VALUES ('interviewee306', 'qwerty');
INSERT INTO interviewee (id, username, age, gender, country, marital_status) VALUES ('8df6ed10-d464-4b48-86e1-a3fd82643c24', 'interviewee306', 51, 'female', 'AX', 'divorced');
INSERT INTO choice (id, questionnaire_id, interviewee_id) VALUES ('a2b1a827-8c04-4a7b-90cc-ce9e4bb5a04a', 'c6dd214b-43b7-401f-afe6-a5ab0d2d7767', '8df6ed10-d464-4b48-86e1-a3fd82643c24');
INSERT INTO option_choice (option_id, choice_id) VALUES ('069a6758-231c-4064-8e44-a0db84e86a21', 'a2b1a827-8c04-4a7b-90cc-ce9e4bb5a04a');
INSERT INTO option_choice (option_id, choice_id) VALUES ('17ceef0b-83da-42ec-a82c-9090a9be74af', 'a2b1a827-8c04-4a7b-90cc-ce9e4bb5a04a');
INSERT INTO option_choice (option_id, choice_id) VALUES ('9d2a2dd1-7979-48a6-a0b7-3de8fdea75b6', 'a2b1a827-8c04-4a7b-90cc-ce9e4bb5a04a');
INSERT INTO principal (username, password) VALUES ('interviewee307', 'qwerty');
INSERT INTO interviewee (id, username, age, gender, country, marital_status) VALUES ('0d080f83-4955-4415-b367-4a8feac4bf55', 'interviewee307', 40, 'female', 'PN', 'was_not_married');
INSERT INTO choice (id, questionnaire_id, interviewee_id) VALUES ('187dfaa7-c4c2-4d03-b26a-0b024369754b', '51436662-4eca-40ce-b552-b1c7486cf609', '0d080f83-4955-4415-b367-4a8feac4bf55');
INSERT INTO option_choice (option_id, choice_id) VALUES ('259215cc-47cc-4165-befd-cf997b4aaf7e', '187dfaa7-c4c2-4d03-b26a-0b024369754b');
INSERT INTO principal (username, password) VALUES ('interviewee308', 'qwerty');
INSERT INTO interviewee (id, username, age, gender, country, marital_status) VALUES ('04101acf-1725-43f9-91c9-31049ec0cb49', 'interviewee308', 25, 'male', 'BA', 'married');
INSERT INTO choice (id, questionnaire_id, interviewee_id) VALUES ('cb80a6ea-801c-43d8-b18b-f045d2b57b9a', 'b6df4d49-3f70-4802-90cb-4ab89e24a427', '04101acf-1725-43f9-91c9-31049ec0cb49');
INSERT INTO option_choice (option_id, choice_id) VALUES ('e6e95e42-0740-4517-bc42-3de8cd9b1be2', 'cb80a6ea-801c-43d8-b18b-f045d2b57b9a');
INSERT INTO principal (username, password) VALUES ('interviewee309', 'qwerty');
INSERT INTO interviewee (id, username, age, gender, country, marital_status) VALUES ('a893a24c-276b-482e-a146-d88ff3fe6d0e', 'interviewee309', 37, 'male', 'TH', 'divorced');
INSERT INTO choice (id, questionnaire_id, interviewee_id) VALUES ('98a2a85a-070d-4ab8-a9b6-fb4aed1fdb29', '8e156ed6-1a8b-4fe6-9a58-0f7cbdd6af32', 'a893a24c-276b-482e-a146-d88ff3fe6d0e');
INSERT INTO option_choice (option_id, choice_id) VALUES ('33a991d7-269a-4418-b89c-82e5467a34ad', '98a2a85a-070d-4ab8-a9b6-fb4aed1fdb29');
INSERT INTO principal (username, password) VALUES ('interviewee310', 'qwerty');
INSERT INTO interviewee (id, username, age, gender, country, marital_status) VALUES ('b06957a0-9cd1-4428-87bf-82c4f4a6e5dd', 'interviewee310', 21, 'female', 'CH', 'was_not_married');
INSERT INTO choice (id, questionnaire_id, interviewee_id) VALUES ('4a20e815-3406-4e8a-b3f1-4eb4a0adf3e8', 'e20dbb22-091f-4137-8450-fdeaea74363f', 'b06957a0-9cd1-4428-87bf-82c4f4a6e5dd');
INSERT INTO option_choice (option_id, choice_id) VALUES ('4bd78eb1-72bb-47fa-8b7c-4cc826f39edd', '4a20e815-3406-4e8a-b3f1-4eb4a0adf3e8');
INSERT INTO option_choice (option_id, choice_id) VALUES ('a572f3cf-b3ba-491a-9687-6cee662749f1', '4a20e815-3406-4e8a-b3f1-4eb4a0adf3e8');
INSERT INTO option_choice (option_id, choice_id) VALUES ('49d1bc1f-0fd1-4dad-ab6d-b123ea13d33a', '4a20e815-3406-4e8a-b3f1-4eb4a0adf3e8');
INSERT INTO option_choice (option_id, choice_id) VALUES ('b09da84d-7533-40da-b486-a820b6b7c110', '4a20e815-3406-4e8a-b3f1-4eb4a0adf3e8');
INSERT INTO option_choice (option_id, choice_id) VALUES ('946ecf06-2d9f-4fe5-b2b7-64c51a5fdf06', '4a20e815-3406-4e8a-b3f1-4eb4a0adf3e8');
INSERT INTO option_choice (option_id, choice_id) VALUES ('ff3c7a97-70db-4404-b85b-274707745879', '4a20e815-3406-4e8a-b3f1-4eb4a0adf3e8');
INSERT INTO option_choice (option_id, choice_id) VALUES ('742176a0-b7c8-400a-a370-5871099954a4', '4a20e815-3406-4e8a-b3f1-4eb4a0adf3e8');
INSERT INTO choice (id, questionnaire_id, interviewee_id) VALUES ('8dca0e61-5917-4b27-a78f-900dad386916', '173a3ab0-8485-4aa4-8787-a2a4414f992e', 'b06957a0-9cd1-4428-87bf-82c4f4a6e5dd');
INSERT INTO option_choice (option_id, choice_id) VALUES ('bf89350f-11e0-4471-a3a1-95481edf5acd', '8dca0e61-5917-4b27-a78f-900dad386916');
INSERT INTO option_choice (option_id, choice_id) VALUES ('a477d3c8-db0a-4572-a680-b96fd792dc75', '8dca0e61-5917-4b27-a78f-900dad386916');
INSERT INTO option_choice (option_id, choice_id) VALUES ('f9a527bc-3f55-40db-b05e-d549f1801594', '8dca0e61-5917-4b27-a78f-900dad386916');
INSERT INTO option_choice (option_id, choice_id) VALUES ('3c8e0934-801c-4afd-98de-7aaf263889f6', '8dca0e61-5917-4b27-a78f-900dad386916');
INSERT INTO option_choice (option_id, choice_id) VALUES ('e03fcb10-1308-44a4-9ce2-e4eaf10452c1', '8dca0e61-5917-4b27-a78f-900dad386916');
INSERT INTO option_choice (option_id, choice_id) VALUES ('c453fc60-b896-4f66-8dbe-cc55bc42881e', '8dca0e61-5917-4b27-a78f-900dad386916');
INSERT INTO option_choice (option_id, choice_id) VALUES ('ce62e0a7-1873-4aa1-a448-2fad3cc888ee', '8dca0e61-5917-4b27-a78f-900dad386916');
INSERT INTO option_choice (option_id, choice_id) VALUES ('3f698183-af22-44ca-80c1-eb668697e9ea', '8dca0e61-5917-4b27-a78f-900dad386916');
INSERT INTO principal (username, password) VALUES ('interviewee311', 'qwerty');
INSERT INTO interviewee (id, username, age, gender, country, marital_status) VALUES ('0f5d5d99-bef9-4de9-878d-c954606f4385', 'interviewee311', 34, 'female', 'BO', 'married');
INSERT INTO choice (id, questionnaire_id, interviewee_id) VALUES ('a5dcd940-1ed4-46ee-9ff9-5d0c0da73eda', '407203dd-9657-46e6-975f-3be5d664dd2a', '0f5d5d99-bef9-4de9-878d-c954606f4385');
INSERT INTO option_choice (option_id, choice_id) VALUES ('ec3a75fb-52ee-48b8-a136-1c4ef02978e8', 'a5dcd940-1ed4-46ee-9ff9-5d0c0da73eda');
INSERT INTO choice (id, questionnaire_id, interviewee_id) VALUES ('8500231f-8b4a-4617-9629-9a4046da2b25', 'e20dbb22-091f-4137-8450-fdeaea74363f', '0f5d5d99-bef9-4de9-878d-c954606f4385');
INSERT INTO option_choice (option_id, choice_id) VALUES ('322bbc1b-4e8d-41ae-b4f2-3466891dc809', '8500231f-8b4a-4617-9629-9a4046da2b25');
INSERT INTO option_choice (option_id, choice_id) VALUES ('946ecf06-2d9f-4fe5-b2b7-64c51a5fdf06', '8500231f-8b4a-4617-9629-9a4046da2b25');
INSERT INTO choice (id, questionnaire_id, interviewee_id) VALUES ('4c3660dc-8dbe-41b9-afae-fe2f29319d5b', 'b5c886d7-e86f-4083-958a-cbd232db7a84', '0f5d5d99-bef9-4de9-878d-c954606f4385');
INSERT INTO option_choice (option_id, choice_id) VALUES ('bbe6d273-ce07-449f-a3eb-96165f0d7b7d', '4c3660dc-8dbe-41b9-afae-fe2f29319d5b');
INSERT INTO principal (username, password) VALUES ('interviewee312', 'qwerty');
INSERT INTO interviewee (id, username, age, gender, country, marital_status) VALUES ('5e153732-c670-4654-babd-b894173e2172', 'interviewee312', 26, 'female', 'BN', 'divorced');
INSERT INTO choice (id, questionnaire_id, interviewee_id) VALUES ('d9da916d-82ba-49ce-b6c8-fa56a9d9162f', 'b5c886d7-e86f-4083-958a-cbd232db7a84', '5e153732-c670-4654-babd-b894173e2172');
INSERT INTO option_choice (option_id, choice_id) VALUES ('9d7ea78f-0edc-43db-94d7-3d31213df760', 'd9da916d-82ba-49ce-b6c8-fa56a9d9162f');
INSERT INTO choice (id, questionnaire_id, interviewee_id) VALUES ('656aeb06-4f9d-4936-9418-7b2a11adfa01', '48b4658e-bc90-4bd2-97bb-92484114dfea', '5e153732-c670-4654-babd-b894173e2172');
INSERT INTO option_choice (option_id, choice_id) VALUES ('72884dca-8b91-4379-bf2e-f4dbfc8f13cd', '656aeb06-4f9d-4936-9418-7b2a11adfa01');
INSERT INTO choice (id, questionnaire_id, interviewee_id) VALUES ('d069efb9-0572-4e92-b781-947f73145b6e', 'aaacf497-4ae4-46e0-aa2e-27377271bafc', '5e153732-c670-4654-babd-b894173e2172');
INSERT INTO option_choice (option_id, choice_id) VALUES ('4d7025a3-7520-4447-9769-c495cb62415e', 'd069efb9-0572-4e92-b781-947f73145b6e');
INSERT INTO principal (username, password) VALUES ('interviewee313', 'qwerty');
INSERT INTO interviewee (id, username, age, gender, country, marital_status) VALUES ('38aebbd9-06aa-4644-954f-fbe959ade267', 'interviewee313', 63, 'female', 'MG', 'divorced');
INSERT INTO choice (id, questionnaire_id, interviewee_id) VALUES ('2cb8988f-78a4-486c-9f2d-edca2509f074', 'b6df4d49-3f70-4802-90cb-4ab89e24a427', '38aebbd9-06aa-4644-954f-fbe959ade267');
INSERT INTO option_choice (option_id, choice_id) VALUES ('372d528a-d173-4ec8-bba6-b6d6ccea7303', '2cb8988f-78a4-486c-9f2d-edca2509f074');
INSERT INTO choice (id, questionnaire_id, interviewee_id) VALUES ('d1d83f08-a5b3-4a75-a4c1-401c095d75f7', '747d0763-c99f-47ce-809b-b378d489a158', '38aebbd9-06aa-4644-954f-fbe959ade267');
INSERT INTO option_choice (option_id, choice_id) VALUES ('7cc0569f-f362-4ed1-9343-6ffd1369e812', 'd1d83f08-a5b3-4a75-a4c1-401c095d75f7');
INSERT INTO choice (id, questionnaire_id, interviewee_id) VALUES ('3f604aa6-af94-49f8-aed1-3f6f40f20ad7', '2519c51c-9863-4531-85ff-a7ddd5ea08b2', '38aebbd9-06aa-4644-954f-fbe959ade267');
INSERT INTO option_choice (option_id, choice_id) VALUES ('e532cc1b-83fa-4902-9bd1-0868c31241bb', '3f604aa6-af94-49f8-aed1-3f6f40f20ad7');
INSERT INTO principal (username, password) VALUES ('interviewee314', 'qwerty');
INSERT INTO interviewee (id, username, age, gender, country, marital_status) VALUES ('276b2941-18de-41c4-804e-80779a193421', 'interviewee314', 66, 'female', 'BS', 'married');
INSERT INTO choice (id, questionnaire_id, interviewee_id) VALUES ('fdc24f4e-5ed1-40f5-9de8-03c30ff08266', 'aaacf497-4ae4-46e0-aa2e-27377271bafc', '276b2941-18de-41c4-804e-80779a193421');
INSERT INTO option_choice (option_id, choice_id) VALUES ('de1098e4-e0b7-4df4-890a-1958a8d5d465', 'fdc24f4e-5ed1-40f5-9de8-03c30ff08266');
INSERT INTO choice (id, questionnaire_id, interviewee_id) VALUES ('78f1369a-96dc-48c4-947e-d86ba5fc9d00', 'b5c886d7-e86f-4083-958a-cbd232db7a84', '276b2941-18de-41c4-804e-80779a193421');
INSERT INTO option_choice (option_id, choice_id) VALUES ('9d7ea78f-0edc-43db-94d7-3d31213df760', '78f1369a-96dc-48c4-947e-d86ba5fc9d00');
INSERT INTO principal (username, password) VALUES ('interviewee315', 'qwerty');
INSERT INTO interviewee (id, username, age, gender, country, marital_status) VALUES ('f7100042-e80e-435c-a628-cdfcff4c67b3', 'interviewee315', 22, 'female', 'SD', 'was_not_married');
INSERT INTO choice (id, questionnaire_id, interviewee_id) VALUES ('dab1c48d-df86-4009-b80b-5dd7c6ae871b', '51436662-4eca-40ce-b552-b1c7486cf609', 'f7100042-e80e-435c-a628-cdfcff4c67b3');
INSERT INTO option_choice (option_id, choice_id) VALUES ('259215cc-47cc-4165-befd-cf997b4aaf7e', 'dab1c48d-df86-4009-b80b-5dd7c6ae871b');
INSERT INTO choice (id, questionnaire_id, interviewee_id) VALUES ('7a2c9ff0-5777-4964-85d7-98302207d3e4', '858287c2-e494-424b-a03f-6b0a55c2fce3', 'f7100042-e80e-435c-a628-cdfcff4c67b3');
INSERT INTO option_choice (option_id, choice_id) VALUES ('a7e89931-dbca-4a6f-bdbb-b42e57f2e7f2', '7a2c9ff0-5777-4964-85d7-98302207d3e4');
INSERT INTO option_choice (option_id, choice_id) VALUES ('f2fd1a72-0ca7-41a6-ad15-7bc21a02fe73', '7a2c9ff0-5777-4964-85d7-98302207d3e4');
INSERT INTO option_choice (option_id, choice_id) VALUES ('59c8e6e3-5895-4f0b-ae9e-3bb455a5f6b2', '7a2c9ff0-5777-4964-85d7-98302207d3e4');
INSERT INTO principal (username, password) VALUES ('interviewee316', 'qwerty');
INSERT INTO interviewee (id, username, age, gender, country, marital_status) VALUES ('e7091086-cbb8-40f1-80f2-54883c631423', 'interviewee316', 61, 'male', 'BR', 'divorced');
INSERT INTO choice (id, questionnaire_id, interviewee_id) VALUES ('9f76c660-804d-45c2-a817-c58587dcc28e', '8e156ed6-1a8b-4fe6-9a58-0f7cbdd6af32', 'e7091086-cbb8-40f1-80f2-54883c631423');
INSERT INTO option_choice (option_id, choice_id) VALUES ('33a991d7-269a-4418-b89c-82e5467a34ad', '9f76c660-804d-45c2-a817-c58587dcc28e');
INSERT INTO choice (id, questionnaire_id, interviewee_id) VALUES ('b05731e5-eceb-402d-af2a-165292dbbbf0', 'b6df4d49-3f70-4802-90cb-4ab89e24a427', 'e7091086-cbb8-40f1-80f2-54883c631423');
INSERT INTO option_choice (option_id, choice_id) VALUES ('6168252e-0547-486b-8613-2eec6678d5a2', 'b05731e5-eceb-402d-af2a-165292dbbbf0');
INSERT INTO choice (id, questionnaire_id, interviewee_id) VALUES ('57ab1681-aef9-4361-a826-095b6d1d6d52', '747d0763-c99f-47ce-809b-b378d489a158', 'e7091086-cbb8-40f1-80f2-54883c631423');
INSERT INTO option_choice (option_id, choice_id) VALUES ('65c86d12-f533-40f5-8dd6-10903d890b10', '57ab1681-aef9-4361-a826-095b6d1d6d52');
INSERT INTO principal (username, password) VALUES ('interviewee317', 'qwerty');
INSERT INTO interviewee (id, username, age, gender, country, marital_status) VALUES ('24934beb-e629-4422-8456-a3264ff9f7f8', 'interviewee317', 61, 'male', 'GD', 'was_not_married');
INSERT INTO choice (id, questionnaire_id, interviewee_id) VALUES ('040fba16-c3f7-4a2a-aea6-60d99ac64ce7', '2519c51c-9863-4531-85ff-a7ddd5ea08b2', '24934beb-e629-4422-8456-a3264ff9f7f8');
INSERT INTO option_choice (option_id, choice_id) VALUES ('b2ff87be-cdaa-4b83-bb9c-9946660ea8b8', '040fba16-c3f7-4a2a-aea6-60d99ac64ce7');
INSERT INTO choice (id, questionnaire_id, interviewee_id) VALUES ('7880db70-2d6a-4b13-997b-4d1680659380', '858287c2-e494-424b-a03f-6b0a55c2fce3', '24934beb-e629-4422-8456-a3264ff9f7f8');
INSERT INTO option_choice (option_id, choice_id) VALUES ('a1e55f7c-aa45-466f-86bb-0d5e262ca0bc', '7880db70-2d6a-4b13-997b-4d1680659380');
INSERT INTO option_choice (option_id, choice_id) VALUES ('f2fd1a72-0ca7-41a6-ad15-7bc21a02fe73', '7880db70-2d6a-4b13-997b-4d1680659380');
INSERT INTO option_choice (option_id, choice_id) VALUES ('59c8e6e3-5895-4f0b-ae9e-3bb455a5f6b2', '7880db70-2d6a-4b13-997b-4d1680659380');
INSERT INTO principal (username, password) VALUES ('interviewee318', 'qwerty');
INSERT INTO interviewee (id, username, age, gender, country, marital_status) VALUES ('01b66d7e-96f8-4c85-9d4e-107881256e85', 'interviewee318', 17, 'male', 'JM', 'married');
INSERT INTO choice (id, questionnaire_id, interviewee_id) VALUES ('9e602973-8d34-41d0-b53b-b3f1b32db29a', '48b4658e-bc90-4bd2-97bb-92484114dfea', '01b66d7e-96f8-4c85-9d4e-107881256e85');
INSERT INTO option_choice (option_id, choice_id) VALUES ('5a5b3a6f-7875-401c-8d0b-e9c8b854b985', '9e602973-8d34-41d0-b53b-b3f1b32db29a');
INSERT INTO choice (id, questionnaire_id, interviewee_id) VALUES ('bc268f4a-0ee2-4cf4-be6a-617e50d93575', 'c6dd214b-43b7-401f-afe6-a5ab0d2d7767', '01b66d7e-96f8-4c85-9d4e-107881256e85');
INSERT INTO option_choice (option_id, choice_id) VALUES ('c134384c-5eda-4957-9883-b965681b9fef', 'bc268f4a-0ee2-4cf4-be6a-617e50d93575');
INSERT INTO option_choice (option_id, choice_id) VALUES ('9d2a2dd1-7979-48a6-a0b7-3de8fdea75b6', 'bc268f4a-0ee2-4cf4-be6a-617e50d93575');
INSERT INTO option_choice (option_id, choice_id) VALUES ('17ceef0b-83da-42ec-a82c-9090a9be74af', 'bc268f4a-0ee2-4cf4-be6a-617e50d93575');
INSERT INTO option_choice (option_id, choice_id) VALUES ('069a6758-231c-4064-8e44-a0db84e86a21', 'bc268f4a-0ee2-4cf4-be6a-617e50d93575');
INSERT INTO principal (username, password) VALUES ('interviewee319', 'qwerty');
INSERT INTO interviewee (id, username, age, gender, country, marital_status) VALUES ('7f47e799-38e2-446d-b400-dc651d370713', 'interviewee319', 60, 'female', 'BT', 'married');
INSERT INTO choice (id, questionnaire_id, interviewee_id) VALUES ('29b38cff-4deb-4faf-848a-ab1a7af7125d', '2519c51c-9863-4531-85ff-a7ddd5ea08b2', '7f47e799-38e2-446d-b400-dc651d370713');
INSERT INTO option_choice (option_id, choice_id) VALUES ('dffcbd6b-b37a-4468-8c01-26ae752e283e', '29b38cff-4deb-4faf-848a-ab1a7af7125d');
INSERT INTO choice (id, questionnaire_id, interviewee_id) VALUES ('93919eef-70f7-45a3-b490-3923ecce2608', 'e4d0ba66-5e11-433c-8243-4d890cceaf69', '7f47e799-38e2-446d-b400-dc651d370713');
INSERT INTO option_choice (option_id, choice_id) VALUES ('cb637eae-3b8f-4d17-81fb-9b271857e55c', '93919eef-70f7-45a3-b490-3923ecce2608');
INSERT INTO choice (id, questionnaire_id, interviewee_id) VALUES ('3d17d26a-f0ba-4f9c-a0e3-069453bdf723', '5b0a67f5-cbf2-4fde-b526-fd512ff68e24', '7f47e799-38e2-446d-b400-dc651d370713');
INSERT INTO option_choice (option_id, choice_id) VALUES ('a8cdd5b8-35f3-4a35-a54f-11129d88f64d', '3d17d26a-f0ba-4f9c-a0e3-069453bdf723');
INSERT INTO principal (username, password) VALUES ('interviewee320', 'qwerty');
INSERT INTO interviewee (id, username, age, gender, country, marital_status) VALUES ('a4ec1fc1-5e35-4b35-92f1-fa3efad973c3', 'interviewee320', 22, 'male', 'VG', 'married');
INSERT INTO choice (id, questionnaire_id, interviewee_id) VALUES ('d8845385-47a0-4b7b-890d-4596eb769af7', 'c6dd214b-43b7-401f-afe6-a5ab0d2d7767', 'a4ec1fc1-5e35-4b35-92f1-fa3efad973c3');
INSERT INTO option_choice (option_id, choice_id) VALUES ('c134384c-5eda-4957-9883-b965681b9fef', 'd8845385-47a0-4b7b-890d-4596eb769af7');
INSERT INTO option_choice (option_id, choice_id) VALUES ('9d2a2dd1-7979-48a6-a0b7-3de8fdea75b6', 'd8845385-47a0-4b7b-890d-4596eb769af7');
INSERT INTO option_choice (option_id, choice_id) VALUES ('17ceef0b-83da-42ec-a82c-9090a9be74af', 'd8845385-47a0-4b7b-890d-4596eb769af7');
INSERT INTO principal (username, password) VALUES ('interviewee321', 'qwerty');
INSERT INTO interviewee (id, username, age, gender, country, marital_status) VALUES ('0b1820dd-3e6b-4fb1-813e-057c27e8e8e3', 'interviewee321', 64, 'male', 'AU', 'married');
INSERT INTO choice (id, questionnaire_id, interviewee_id) VALUES ('7a2a0550-ba4e-4e22-be51-bc52b848c428', 'b5c886d7-e86f-4083-958a-cbd232db7a84', '0b1820dd-3e6b-4fb1-813e-057c27e8e8e3');
INSERT INTO option_choice (option_id, choice_id) VALUES ('c7575671-3918-48d7-bc48-356ad1dd79e9', '7a2a0550-ba4e-4e22-be51-bc52b848c428');
INSERT INTO choice (id, questionnaire_id, interviewee_id) VALUES ('d3443af5-4bf7-4c17-94ba-cdc713732879', '48b4658e-bc90-4bd2-97bb-92484114dfea', '0b1820dd-3e6b-4fb1-813e-057c27e8e8e3');
INSERT INTO option_choice (option_id, choice_id) VALUES ('72884dca-8b91-4379-bf2e-f4dbfc8f13cd', 'd3443af5-4bf7-4c17-94ba-cdc713732879');
INSERT INTO principal (username, password) VALUES ('interviewee322', 'qwerty');
INSERT INTO interviewee (id, username, age, gender, country, marital_status) VALUES ('c8b53b8f-7fe3-43d9-9bcd-da1593d08461', 'interviewee322', 24, 'female', 'MF', 'divorced');
INSERT INTO choice (id, questionnaire_id, interviewee_id) VALUES ('398724f5-06a5-4220-8017-96cabf9d2cca', '8e156ed6-1a8b-4fe6-9a58-0f7cbdd6af32', 'c8b53b8f-7fe3-43d9-9bcd-da1593d08461');
INSERT INTO option_choice (option_id, choice_id) VALUES ('8fdd8f9f-7c9b-45e0-9ac8-45e46fe68791', '398724f5-06a5-4220-8017-96cabf9d2cca');
INSERT INTO choice (id, questionnaire_id, interviewee_id) VALUES ('8c2d2047-44aa-4c3f-adfa-b3cd1f0b4035', '48b4658e-bc90-4bd2-97bb-92484114dfea', 'c8b53b8f-7fe3-43d9-9bcd-da1593d08461');
INSERT INTO option_choice (option_id, choice_id) VALUES ('72884dca-8b91-4379-bf2e-f4dbfc8f13cd', '8c2d2047-44aa-4c3f-adfa-b3cd1f0b4035');
INSERT INTO choice (id, questionnaire_id, interviewee_id) VALUES ('8d7000f2-54d1-4def-8894-372c1ad63fae', 'c6dd214b-43b7-401f-afe6-a5ab0d2d7767', 'c8b53b8f-7fe3-43d9-9bcd-da1593d08461');
INSERT INTO option_choice (option_id, choice_id) VALUES ('069a6758-231c-4064-8e44-a0db84e86a21', '8d7000f2-54d1-4def-8894-372c1ad63fae');
INSERT INTO option_choice (option_id, choice_id) VALUES ('c134384c-5eda-4957-9883-b965681b9fef', '8d7000f2-54d1-4def-8894-372c1ad63fae');
INSERT INTO principal (username, password) VALUES ('interviewee323', 'qwerty');
INSERT INTO interviewee (id, username, age, gender, country, marital_status) VALUES ('34db1765-0f5c-4cda-a484-72e5805ed516', 'interviewee323', 56, 'female', 'BQ', 'was_not_married');
INSERT INTO choice (id, questionnaire_id, interviewee_id) VALUES ('ab7f2f32-3f42-4114-b4e8-086fc2b7acc5', '747d0763-c99f-47ce-809b-b378d489a158', '34db1765-0f5c-4cda-a484-72e5805ed516');
INSERT INTO option_choice (option_id, choice_id) VALUES ('2095cf98-27de-4722-93f9-2c09ae6b4ed1', 'ab7f2f32-3f42-4114-b4e8-086fc2b7acc5');
INSERT INTO option_choice (option_id, choice_id) VALUES ('7cc0569f-f362-4ed1-9343-6ffd1369e812', 'ab7f2f32-3f42-4114-b4e8-086fc2b7acc5');
INSERT INTO option_choice (option_id, choice_id) VALUES ('65c86d12-f533-40f5-8dd6-10903d890b10', 'ab7f2f32-3f42-4114-b4e8-086fc2b7acc5');
INSERT INTO choice (id, questionnaire_id, interviewee_id) VALUES ('960785b7-0b38-48e4-92f7-2f80fe972766', 'e4d0ba66-5e11-433c-8243-4d890cceaf69', '34db1765-0f5c-4cda-a484-72e5805ed516');
INSERT INTO option_choice (option_id, choice_id) VALUES ('cb637eae-3b8f-4d17-81fb-9b271857e55c', '960785b7-0b38-48e4-92f7-2f80fe972766');
INSERT INTO principal (username, password) VALUES ('interviewee324', 'qwerty');
INSERT INTO interviewee (id, username, age, gender, country, marital_status) VALUES ('792bd7aa-be62-4051-9851-34ea86196b07', 'interviewee324', 56, 'female', 'AW', 'was_not_married');
INSERT INTO choice (id, questionnaire_id, interviewee_id) VALUES ('9b546d4c-e8b6-4f30-a66c-8251c4fed7e1', '49c46fd6-2111-4ef5-8b91-9ee67132426d', '792bd7aa-be62-4051-9851-34ea86196b07');
INSERT INTO option_choice (option_id, choice_id) VALUES ('1edad7c9-bfa7-40be-bc47-62530b1df2c4', '9b546d4c-e8b6-4f30-a66c-8251c4fed7e1');
INSERT INTO choice (id, questionnaire_id, interviewee_id) VALUES ('817bb228-3371-4ca0-a38a-d11389f49f12', '2519c51c-9863-4531-85ff-a7ddd5ea08b2', '792bd7aa-be62-4051-9851-34ea86196b07');
INSERT INTO option_choice (option_id, choice_id) VALUES ('a3b534e4-0e3d-437c-94bf-14e57f299a2c', '817bb228-3371-4ca0-a38a-d11389f49f12');
INSERT INTO choice (id, questionnaire_id, interviewee_id) VALUES ('e7c6ccb3-4a12-48b6-bdaa-7bf16ec87cb0', 'c6dd214b-43b7-401f-afe6-a5ab0d2d7767', '792bd7aa-be62-4051-9851-34ea86196b07');
INSERT INTO option_choice (option_id, choice_id) VALUES ('c134384c-5eda-4957-9883-b965681b9fef', 'e7c6ccb3-4a12-48b6-bdaa-7bf16ec87cb0');
INSERT INTO principal (username, password) VALUES ('interviewee325', 'qwerty');
INSERT INTO interviewee (id, username, age, gender, country, marital_status) VALUES ('7d4366a6-5421-49de-a124-54a1fdc5a564', 'interviewee325', 14, 'male', 'ER', 'divorced');
INSERT INTO choice (id, questionnaire_id, interviewee_id) VALUES ('a694bbea-412f-4f0b-83d2-181cffff79f2', '747d0763-c99f-47ce-809b-b378d489a158', '7d4366a6-5421-49de-a124-54a1fdc5a564');
INSERT INTO option_choice (option_id, choice_id) VALUES ('7cc0569f-f362-4ed1-9343-6ffd1369e812', 'a694bbea-412f-4f0b-83d2-181cffff79f2');
INSERT INTO option_choice (option_id, choice_id) VALUES ('65c86d12-f533-40f5-8dd6-10903d890b10', 'a694bbea-412f-4f0b-83d2-181cffff79f2');
INSERT INTO option_choice (option_id, choice_id) VALUES ('2095cf98-27de-4722-93f9-2c09ae6b4ed1', 'a694bbea-412f-4f0b-83d2-181cffff79f2');
INSERT INTO principal (username, password) VALUES ('interviewee326', 'qwerty');
INSERT INTO interviewee (id, username, age, gender, country, marital_status) VALUES ('72c73192-1ebd-4136-b4e8-8acaa926a4e0', 'interviewee326', 58, 'female', 'PF', 'divorced');
INSERT INTO choice (id, questionnaire_id, interviewee_id) VALUES ('2b8fb44a-91a5-4024-909c-c5548b5c939f', 'aaacf497-4ae4-46e0-aa2e-27377271bafc', '72c73192-1ebd-4136-b4e8-8acaa926a4e0');
INSERT INTO option_choice (option_id, choice_id) VALUES ('de1098e4-e0b7-4df4-890a-1958a8d5d465', '2b8fb44a-91a5-4024-909c-c5548b5c939f');
INSERT INTO principal (username, password) VALUES ('interviewee327', 'qwerty');
INSERT INTO interviewee (id, username, age, gender, country, marital_status) VALUES ('0091414a-7b53-4fab-8e7f-35787e446093', 'interviewee327', 65, 'male', 'VN', 'was_not_married');
INSERT INTO choice (id, questionnaire_id, interviewee_id) VALUES ('c2e80cab-5792-437a-b8e5-25e5eccd5684', 'b6df4d49-3f70-4802-90cb-4ab89e24a427', '0091414a-7b53-4fab-8e7f-35787e446093');
INSERT INTO option_choice (option_id, choice_id) VALUES ('77609489-aa8b-4a3f-960d-ae51ced640c1', 'c2e80cab-5792-437a-b8e5-25e5eccd5684');
INSERT INTO choice (id, questionnaire_id, interviewee_id) VALUES ('78901eb6-7d43-4961-961c-6b4512a2a0b5', '49c46fd6-2111-4ef5-8b91-9ee67132426d', '0091414a-7b53-4fab-8e7f-35787e446093');
INSERT INTO option_choice (option_id, choice_id) VALUES ('1edad7c9-bfa7-40be-bc47-62530b1df2c4', '78901eb6-7d43-4961-961c-6b4512a2a0b5');
INSERT INTO principal (username, password) VALUES ('interviewee328', 'qwerty');
INSERT INTO interviewee (id, username, age, gender, country, marital_status) VALUES ('a13b8b97-2ac3-4dbb-93e1-4ed380a28928', 'interviewee328', 16, 'female', 'AW', 'married');
INSERT INTO choice (id, questionnaire_id, interviewee_id) VALUES ('a773948f-016b-45a7-94f9-81c2b9ece2c6', 'b5c886d7-e86f-4083-958a-cbd232db7a84', 'a13b8b97-2ac3-4dbb-93e1-4ed380a28928');
INSERT INTO option_choice (option_id, choice_id) VALUES ('bbe6d273-ce07-449f-a3eb-96165f0d7b7d', 'a773948f-016b-45a7-94f9-81c2b9ece2c6');
INSERT INTO choice (id, questionnaire_id, interviewee_id) VALUES ('409a69bd-403f-46ff-9786-cb365ce22862', '48b4658e-bc90-4bd2-97bb-92484114dfea', 'a13b8b97-2ac3-4dbb-93e1-4ed380a28928');
INSERT INTO option_choice (option_id, choice_id) VALUES ('db310764-efc3-46ab-9d86-9914e34aa6cd', '409a69bd-403f-46ff-9786-cb365ce22862');
INSERT INTO choice (id, questionnaire_id, interviewee_id) VALUES ('75c4e365-3153-4387-a08e-d2f4094553fc', 'e20dbb22-091f-4137-8450-fdeaea74363f', 'a13b8b97-2ac3-4dbb-93e1-4ed380a28928');
INSERT INTO option_choice (option_id, choice_id) VALUES ('946ecf06-2d9f-4fe5-b2b7-64c51a5fdf06', '75c4e365-3153-4387-a08e-d2f4094553fc');
INSERT INTO option_choice (option_id, choice_id) VALUES ('322bbc1b-4e8d-41ae-b4f2-3466891dc809', '75c4e365-3153-4387-a08e-d2f4094553fc');
INSERT INTO option_choice (option_id, choice_id) VALUES ('ff3c7a97-70db-4404-b85b-274707745879', '75c4e365-3153-4387-a08e-d2f4094553fc');
INSERT INTO option_choice (option_id, choice_id) VALUES ('4bd78eb1-72bb-47fa-8b7c-4cc826f39edd', '75c4e365-3153-4387-a08e-d2f4094553fc');
INSERT INTO principal (username, password) VALUES ('interviewee329', 'qwerty');
INSERT INTO interviewee (id, username, age, gender, country, marital_status) VALUES ('8233169d-1071-436a-aad5-40b6c4326d5a', 'interviewee329', 56, 'female', 'NO', 'was_not_married');
INSERT INTO choice (id, questionnaire_id, interviewee_id) VALUES ('52f3b0cc-7ab8-497b-90a9-197008a57b8c', '5b0a67f5-cbf2-4fde-b526-fd512ff68e24', '8233169d-1071-436a-aad5-40b6c4326d5a');
INSERT INTO option_choice (option_id, choice_id) VALUES ('ce5bf814-daca-4ca0-825d-8408f4fe06ed', '52f3b0cc-7ab8-497b-90a9-197008a57b8c');
INSERT INTO choice (id, questionnaire_id, interviewee_id) VALUES ('c086bbca-bf4b-4996-90f5-25a433c5989f', '48b4658e-bc90-4bd2-97bb-92484114dfea', '8233169d-1071-436a-aad5-40b6c4326d5a');
INSERT INTO option_choice (option_id, choice_id) VALUES ('5a5b3a6f-7875-401c-8d0b-e9c8b854b985', 'c086bbca-bf4b-4996-90f5-25a433c5989f');
INSERT INTO choice (id, questionnaire_id, interviewee_id) VALUES ('11bed7ba-8d4b-46c6-a596-778fa7d3dc60', '49c46fd6-2111-4ef5-8b91-9ee67132426d', '8233169d-1071-436a-aad5-40b6c4326d5a');
INSERT INTO option_choice (option_id, choice_id) VALUES ('210da814-c19f-4c77-ba7b-e598584d62e4', '11bed7ba-8d4b-46c6-a596-778fa7d3dc60');
INSERT INTO principal (username, password) VALUES ('interviewee330', 'qwerty');
INSERT INTO interviewee (id, username, age, gender, country, marital_status) VALUES ('5f6a9492-af0f-4811-90b6-60fc050224e3', 'interviewee330', 25, 'male', 'BT', 'was_not_married');
INSERT INTO choice (id, questionnaire_id, interviewee_id) VALUES ('9dd1b7b2-9d4c-4543-91e3-8252272c2ccc', '48b4658e-bc90-4bd2-97bb-92484114dfea', '5f6a9492-af0f-4811-90b6-60fc050224e3');
INSERT INTO option_choice (option_id, choice_id) VALUES ('72884dca-8b91-4379-bf2e-f4dbfc8f13cd', '9dd1b7b2-9d4c-4543-91e3-8252272c2ccc');
INSERT INTO principal (username, password) VALUES ('interviewee331', 'qwerty');
INSERT INTO interviewee (id, username, age, gender, country, marital_status) VALUES ('572ba6ed-3612-46b1-8c34-0ce033436eac', 'interviewee331', 34, 'female', 'MP', 'married');
INSERT INTO choice (id, questionnaire_id, interviewee_id) VALUES ('2f111b34-8e68-4990-89d1-99e129cf7422', 'aaacf497-4ae4-46e0-aa2e-27377271bafc', '572ba6ed-3612-46b1-8c34-0ce033436eac');
INSERT INTO option_choice (option_id, choice_id) VALUES ('de1098e4-e0b7-4df4-890a-1958a8d5d465', '2f111b34-8e68-4990-89d1-99e129cf7422');
INSERT INTO choice (id, questionnaire_id, interviewee_id) VALUES ('3cd2425d-f8f5-47d4-bb48-890ad680ce00', '51436662-4eca-40ce-b552-b1c7486cf609', '572ba6ed-3612-46b1-8c34-0ce033436eac');
INSERT INTO option_choice (option_id, choice_id) VALUES ('259215cc-47cc-4165-befd-cf997b4aaf7e', '3cd2425d-f8f5-47d4-bb48-890ad680ce00');
INSERT INTO principal (username, password) VALUES ('interviewee332', 'qwerty');
INSERT INTO interviewee (id, username, age, gender, country, marital_status) VALUES ('5a0d079e-47dd-40e8-8e07-c1681a4b5a42', 'interviewee332', 46, 'female', 'OM', 'divorced');
INSERT INTO choice (id, questionnaire_id, interviewee_id) VALUES ('49ce7abd-b81e-4c0b-8d24-2c20489a1232', '747d0763-c99f-47ce-809b-b378d489a158', '5a0d079e-47dd-40e8-8e07-c1681a4b5a42');
INSERT INTO option_choice (option_id, choice_id) VALUES ('7cc0569f-f362-4ed1-9343-6ffd1369e812', '49ce7abd-b81e-4c0b-8d24-2c20489a1232');
INSERT INTO option_choice (option_id, choice_id) VALUES ('65c86d12-f533-40f5-8dd6-10903d890b10', '49ce7abd-b81e-4c0b-8d24-2c20489a1232');
INSERT INTO choice (id, questionnaire_id, interviewee_id) VALUES ('669d9832-8f94-44a9-a606-90fb8951b5ad', 'e4d0ba66-5e11-433c-8243-4d890cceaf69', '5a0d079e-47dd-40e8-8e07-c1681a4b5a42');
INSERT INTO option_choice (option_id, choice_id) VALUES ('cb637eae-3b8f-4d17-81fb-9b271857e55c', '669d9832-8f94-44a9-a606-90fb8951b5ad');
INSERT INTO principal (username, password) VALUES ('interviewee333', 'qwerty');
INSERT INTO interviewee (id, username, age, gender, country, marital_status) VALUES ('2b453c18-1ed5-40e5-b42f-6ab7fcbba46a', 'interviewee333', 24, 'female', 'PH', 'married');
INSERT INTO choice (id, questionnaire_id, interviewee_id) VALUES ('40770f6b-e45a-42dc-86d3-b5d477ce9350', 'e4d0ba66-5e11-433c-8243-4d890cceaf69', '2b453c18-1ed5-40e5-b42f-6ab7fcbba46a');
INSERT INTO option_choice (option_id, choice_id) VALUES ('7cfec70e-33b3-4c68-9c38-38cf292cd0f9', '40770f6b-e45a-42dc-86d3-b5d477ce9350');
INSERT INTO option_choice (option_id, choice_id) VALUES ('cb637eae-3b8f-4d17-81fb-9b271857e55c', '40770f6b-e45a-42dc-86d3-b5d477ce9350');
INSERT INTO principal (username, password) VALUES ('interviewee334', 'qwerty');
INSERT INTO interviewee (id, username, age, gender, country, marital_status) VALUES ('e4e63d20-7292-4b6d-8fab-991e70488b2d', 'interviewee334', 32, 'male', 'NG', 'divorced');
INSERT INTO choice (id, questionnaire_id, interviewee_id) VALUES ('060d799b-61ff-4218-80d7-4e3b64b48391', '407203dd-9657-46e6-975f-3be5d664dd2a', 'e4e63d20-7292-4b6d-8fab-991e70488b2d');
INSERT INTO option_choice (option_id, choice_id) VALUES ('ec3a75fb-52ee-48b8-a136-1c4ef02978e8', '060d799b-61ff-4218-80d7-4e3b64b48391');
INSERT INTO choice (id, questionnaire_id, interviewee_id) VALUES ('3b28c16e-6378-431f-b23f-bf4d05e17713', '173a3ab0-8485-4aa4-8787-a2a4414f992e', 'e4e63d20-7292-4b6d-8fab-991e70488b2d');
INSERT INTO option_choice (option_id, choice_id) VALUES ('3f698183-af22-44ca-80c1-eb668697e9ea', '3b28c16e-6378-431f-b23f-bf4d05e17713');
INSERT INTO choice (id, questionnaire_id, interviewee_id) VALUES ('8c73f3df-0da6-43a7-9240-67370f9d0dc1', 'aaacf497-4ae4-46e0-aa2e-27377271bafc', 'e4e63d20-7292-4b6d-8fab-991e70488b2d');
INSERT INTO option_choice (option_id, choice_id) VALUES ('4d7025a3-7520-4447-9769-c495cb62415e', '8c73f3df-0da6-43a7-9240-67370f9d0dc1');
INSERT INTO principal (username, password) VALUES ('interviewee335', 'qwerty');
INSERT INTO interviewee (id, username, age, gender, country, marital_status) VALUES ('94d009ec-c77e-4123-95fa-980356a76b05', 'interviewee335', 55, 'male', 'EC', 'was_not_married');
INSERT INTO choice (id, questionnaire_id, interviewee_id) VALUES ('1f7949f2-0933-4ae9-85f4-939aaef1f6cc', '81a3f075-1324-4e67-90a5-493fe3324435', '94d009ec-c77e-4123-95fa-980356a76b05');
INSERT INTO option_choice (option_id, choice_id) VALUES ('a0eef1f9-547a-4823-b7e0-bb52d6891f8f', '1f7949f2-0933-4ae9-85f4-939aaef1f6cc');
INSERT INTO option_choice (option_id, choice_id) VALUES ('a1737a4b-bfa2-4208-a103-ca4bea3afaaf', '1f7949f2-0933-4ae9-85f4-939aaef1f6cc');
INSERT INTO option_choice (option_id, choice_id) VALUES ('c0afeee2-6628-4404-bc41-32bc0a1505c5', '1f7949f2-0933-4ae9-85f4-939aaef1f6cc');
INSERT INTO option_choice (option_id, choice_id) VALUES ('ab9020e3-a12b-46eb-97f0-79dcfaab7356', '1f7949f2-0933-4ae9-85f4-939aaef1f6cc');
INSERT INTO principal (username, password) VALUES ('interviewee336', 'qwerty');
INSERT INTO interviewee (id, username, age, gender, country, marital_status) VALUES ('f3367bea-6565-4c5f-9f55-a8146df60919', 'interviewee336', 55, 'female', 'EH', 'married');
INSERT INTO choice (id, questionnaire_id, interviewee_id) VALUES ('7bf0db1f-4b7a-4e04-b23e-7f2f692a38d0', 'e20dbb22-091f-4137-8450-fdeaea74363f', 'f3367bea-6565-4c5f-9f55-a8146df60919');
INSERT INTO option_choice (option_id, choice_id) VALUES ('322bbc1b-4e8d-41ae-b4f2-3466891dc809', '7bf0db1f-4b7a-4e04-b23e-7f2f692a38d0');
INSERT INTO option_choice (option_id, choice_id) VALUES ('ff3c7a97-70db-4404-b85b-274707745879', '7bf0db1f-4b7a-4e04-b23e-7f2f692a38d0');
INSERT INTO option_choice (option_id, choice_id) VALUES ('946ecf06-2d9f-4fe5-b2b7-64c51a5fdf06', '7bf0db1f-4b7a-4e04-b23e-7f2f692a38d0');
INSERT INTO principal (username, password) VALUES ('interviewee337', 'qwerty');
INSERT INTO interviewee (id, username, age, gender, country, marital_status) VALUES ('8dfebc0a-2881-43b3-bd82-e4cef2c8c803', 'interviewee337', 60, 'male', 'LY', 'married');
INSERT INTO choice (id, questionnaire_id, interviewee_id) VALUES ('44af2200-6322-418c-875d-904046632bbb', '2519c51c-9863-4531-85ff-a7ddd5ea08b2', '8dfebc0a-2881-43b3-bd82-e4cef2c8c803');
INSERT INTO option_choice (option_id, choice_id) VALUES ('e532cc1b-83fa-4902-9bd1-0868c31241bb', '44af2200-6322-418c-875d-904046632bbb');
INSERT INTO principal (username, password) VALUES ('interviewee338', 'qwerty');
INSERT INTO interviewee (id, username, age, gender, country, marital_status) VALUES ('b1713dea-3998-48a4-8082-13285da7a484', 'interviewee338', 46, 'male', 'ID', 'married');
INSERT INTO choice (id, questionnaire_id, interviewee_id) VALUES ('fa99c32c-2a71-4a00-9b20-d690aff59018', '49c46fd6-2111-4ef5-8b91-9ee67132426d', 'b1713dea-3998-48a4-8082-13285da7a484');
INSERT INTO option_choice (option_id, choice_id) VALUES ('1edad7c9-bfa7-40be-bc47-62530b1df2c4', 'fa99c32c-2a71-4a00-9b20-d690aff59018');
INSERT INTO principal (username, password) VALUES ('interviewee339', 'qwerty');
INSERT INTO interviewee (id, username, age, gender, country, marital_status) VALUES ('b144ca02-4435-4b77-9734-1c4211099818', 'interviewee339', 21, 'male', 'GF', 'was_not_married');
INSERT INTO choice (id, questionnaire_id, interviewee_id) VALUES ('85c6b07f-b235-46e1-bc3f-ce12f0fb1be1', '8e156ed6-1a8b-4fe6-9a58-0f7cbdd6af32', 'b144ca02-4435-4b77-9734-1c4211099818');
INSERT INTO option_choice (option_id, choice_id) VALUES ('0628ee4c-c0ee-4de7-be13-535fe01fb064', '85c6b07f-b235-46e1-bc3f-ce12f0fb1be1');
INSERT INTO principal (username, password) VALUES ('interviewee340', 'qwerty');
INSERT INTO interviewee (id, username, age, gender, country, marital_status) VALUES ('ddc5c3cf-a985-435e-941f-440d83aa496b', 'interviewee340', 31, 'female', 'GE', 'married');
INSERT INTO choice (id, questionnaire_id, interviewee_id) VALUES ('10ac6add-1062-41d5-a8e6-70c65721232b', 'c6dd214b-43b7-401f-afe6-a5ab0d2d7767', 'ddc5c3cf-a985-435e-941f-440d83aa496b');
INSERT INTO option_choice (option_id, choice_id) VALUES ('17ceef0b-83da-42ec-a82c-9090a9be74af', '10ac6add-1062-41d5-a8e6-70c65721232b');
INSERT INTO option_choice (option_id, choice_id) VALUES ('c134384c-5eda-4957-9883-b965681b9fef', '10ac6add-1062-41d5-a8e6-70c65721232b');
INSERT INTO option_choice (option_id, choice_id) VALUES ('069a6758-231c-4064-8e44-a0db84e86a21', '10ac6add-1062-41d5-a8e6-70c65721232b');
INSERT INTO option_choice (option_id, choice_id) VALUES ('9d2a2dd1-7979-48a6-a0b7-3de8fdea75b6', '10ac6add-1062-41d5-a8e6-70c65721232b');
INSERT INTO principal (username, password) VALUES ('interviewee341', 'qwerty');
INSERT INTO interviewee (id, username, age, gender, country, marital_status) VALUES ('70887f28-59fc-4ede-862d-a307ad350250', 'interviewee341', 31, 'female', 'GP', 'married');
INSERT INTO choice (id, questionnaire_id, interviewee_id) VALUES ('02db0af8-aa64-45f1-a0c8-a8a15b4c882a', '2519c51c-9863-4531-85ff-a7ddd5ea08b2', '70887f28-59fc-4ede-862d-a307ad350250');
INSERT INTO option_choice (option_id, choice_id) VALUES ('8c388d58-c24e-468d-9d56-271abc2ab89d', '02db0af8-aa64-45f1-a0c8-a8a15b4c882a');
INSERT INTO principal (username, password) VALUES ('interviewee342', 'qwerty');
INSERT INTO interviewee (id, username, age, gender, country, marital_status) VALUES ('61f0fc8c-049e-40fb-9f2b-b18d2de18fc4', 'interviewee342', 32, 'male', 'SM', 'was_not_married');
INSERT INTO choice (id, questionnaire_id, interviewee_id) VALUES ('b6701eb2-415a-41af-a0c8-88f14c3fcfa4', '2519c51c-9863-4531-85ff-a7ddd5ea08b2', '61f0fc8c-049e-40fb-9f2b-b18d2de18fc4');
INSERT INTO option_choice (option_id, choice_id) VALUES ('b2ff87be-cdaa-4b83-bb9c-9946660ea8b8', 'b6701eb2-415a-41af-a0c8-88f14c3fcfa4');
INSERT INTO choice (id, questionnaire_id, interviewee_id) VALUES ('442d7ff8-7e3e-48e2-bd8b-8206bc95503a', 'b6df4d49-3f70-4802-90cb-4ab89e24a427', '61f0fc8c-049e-40fb-9f2b-b18d2de18fc4');
INSERT INTO option_choice (option_id, choice_id) VALUES ('6168252e-0547-486b-8613-2eec6678d5a2', '442d7ff8-7e3e-48e2-bd8b-8206bc95503a');
INSERT INTO choice (id, questionnaire_id, interviewee_id) VALUES ('30c81232-c52b-452d-b6c9-61f705531587', '48b4658e-bc90-4bd2-97bb-92484114dfea', '61f0fc8c-049e-40fb-9f2b-b18d2de18fc4');
INSERT INTO option_choice (option_id, choice_id) VALUES ('db310764-efc3-46ab-9d86-9914e34aa6cd', '30c81232-c52b-452d-b6c9-61f705531587');
INSERT INTO principal (username, password) VALUES ('interviewee343', 'qwerty');
INSERT INTO interviewee (id, username, age, gender, country, marital_status) VALUES ('b44f7112-b265-4a64-bcb5-86ff2df8120b', 'interviewee343', 25, 'male', 'VN', 'married');
INSERT INTO choice (id, questionnaire_id, interviewee_id) VALUES ('e016f215-d872-4256-8ca6-bbce66884279', '407203dd-9657-46e6-975f-3be5d664dd2a', 'b44f7112-b265-4a64-bcb5-86ff2df8120b');
INSERT INTO option_choice (option_id, choice_id) VALUES ('ee1ee86e-3cfc-4173-b109-2a69851e8943', 'e016f215-d872-4256-8ca6-bbce66884279');
INSERT INTO principal (username, password) VALUES ('interviewee344', 'qwerty');
INSERT INTO interviewee (id, username, age, gender, country, marital_status) VALUES ('4d609d9d-ba14-45ad-90a1-cc8b03265edd', 'interviewee344', 62, 'female', 'ER', 'was_not_married');
INSERT INTO choice (id, questionnaire_id, interviewee_id) VALUES ('6f14a541-2f5e-48f9-a0fc-f384b55b5836', '08310229-5370-44f1-8071-5c56f92e3dc5', '4d609d9d-ba14-45ad-90a1-cc8b03265edd');
INSERT INTO option_choice (option_id, choice_id) VALUES ('7197ba86-c78b-43c4-bd28-4635a7094531', '6f14a541-2f5e-48f9-a0fc-f384b55b5836');
INSERT INTO choice (id, questionnaire_id, interviewee_id) VALUES ('2d2d44cb-8d9b-44c1-82a8-2a2384bf6538', '8e156ed6-1a8b-4fe6-9a58-0f7cbdd6af32', '4d609d9d-ba14-45ad-90a1-cc8b03265edd');
INSERT INTO option_choice (option_id, choice_id) VALUES ('38f39cdf-6292-4c51-8660-f27ad61185bf', '2d2d44cb-8d9b-44c1-82a8-2a2384bf6538');
INSERT INTO choice (id, questionnaire_id, interviewee_id) VALUES ('4302f8c6-71aa-424d-b2b0-8e1b34b9a32d', '51436662-4eca-40ce-b552-b1c7486cf609', '4d609d9d-ba14-45ad-90a1-cc8b03265edd');
INSERT INTO option_choice (option_id, choice_id) VALUES ('259215cc-47cc-4165-befd-cf997b4aaf7e', '4302f8c6-71aa-424d-b2b0-8e1b34b9a32d');
INSERT INTO principal (username, password) VALUES ('interviewee345', 'qwerty');
INSERT INTO interviewee (id, username, age, gender, country, marital_status) VALUES ('47876827-8bce-4ac7-bbe1-70a869455847', 'interviewee345', 69, 'male', 'RO', 'was_not_married');
INSERT INTO choice (id, questionnaire_id, interviewee_id) VALUES ('89e67467-bf1f-4476-9c6d-3954a3c48904', '05e2761c-9435-4970-ad6d-245d7a696140', '47876827-8bce-4ac7-bbe1-70a869455847');
INSERT INTO option_choice (option_id, choice_id) VALUES ('ee58bf05-12ff-45e4-b7e9-d37a70181de4', '89e67467-bf1f-4476-9c6d-3954a3c48904');
INSERT INTO option_choice (option_id, choice_id) VALUES ('821d408d-9a3b-4716-a443-69cb45197037', '89e67467-bf1f-4476-9c6d-3954a3c48904');
INSERT INTO option_choice (option_id, choice_id) VALUES ('4431f860-831f-4fdf-9dbb-76fbdb1006a1', '89e67467-bf1f-4476-9c6d-3954a3c48904');
INSERT INTO principal (username, password) VALUES ('interviewee346', 'qwerty');
INSERT INTO interviewee (id, username, age, gender, country, marital_status) VALUES ('cffa34bc-1cd1-42a7-888d-d7d6c5d57bd9', 'interviewee346', 62, 'male', 'MV', 'divorced');
INSERT INTO choice (id, questionnaire_id, interviewee_id) VALUES ('e4e625f0-f812-4c15-930a-6b5191aa3bab', '747d0763-c99f-47ce-809b-b378d489a158', 'cffa34bc-1cd1-42a7-888d-d7d6c5d57bd9');
INSERT INTO option_choice (option_id, choice_id) VALUES ('65c86d12-f533-40f5-8dd6-10903d890b10', 'e4e625f0-f812-4c15-930a-6b5191aa3bab');
INSERT INTO option_choice (option_id, choice_id) VALUES ('7cc0569f-f362-4ed1-9343-6ffd1369e812', 'e4e625f0-f812-4c15-930a-6b5191aa3bab');
INSERT INTO option_choice (option_id, choice_id) VALUES ('2095cf98-27de-4722-93f9-2c09ae6b4ed1', 'e4e625f0-f812-4c15-930a-6b5191aa3bab');
INSERT INTO choice (id, questionnaire_id, interviewee_id) VALUES ('f92484a1-4715-4cc9-b847-84d2299026a3', 'e20dbb22-091f-4137-8450-fdeaea74363f', 'cffa34bc-1cd1-42a7-888d-d7d6c5d57bd9');
INSERT INTO option_choice (option_id, choice_id) VALUES ('ff3c7a97-70db-4404-b85b-274707745879', 'f92484a1-4715-4cc9-b847-84d2299026a3');
INSERT INTO option_choice (option_id, choice_id) VALUES ('b09da84d-7533-40da-b486-a820b6b7c110', 'f92484a1-4715-4cc9-b847-84d2299026a3');
INSERT INTO option_choice (option_id, choice_id) VALUES ('742176a0-b7c8-400a-a370-5871099954a4', 'f92484a1-4715-4cc9-b847-84d2299026a3');
INSERT INTO option_choice (option_id, choice_id) VALUES ('49d1bc1f-0fd1-4dad-ab6d-b123ea13d33a', 'f92484a1-4715-4cc9-b847-84d2299026a3');
INSERT INTO option_choice (option_id, choice_id) VALUES ('946ecf06-2d9f-4fe5-b2b7-64c51a5fdf06', 'f92484a1-4715-4cc9-b847-84d2299026a3');
INSERT INTO choice (id, questionnaire_id, interviewee_id) VALUES ('120c0891-0fa2-46b1-8f6d-da6686240d4a', '51436662-4eca-40ce-b552-b1c7486cf609', 'cffa34bc-1cd1-42a7-888d-d7d6c5d57bd9');
INSERT INTO option_choice (option_id, choice_id) VALUES ('e4c4b240-61c9-4253-a93b-9a7768fbfe3f', '120c0891-0fa2-46b1-8f6d-da6686240d4a');
INSERT INTO principal (username, password) VALUES ('interviewee347', 'qwerty');
INSERT INTO interviewee (id, username, age, gender, country, marital_status) VALUES ('08674c84-1a62-4a31-9efc-60440cec2ef9', 'interviewee347', 26, 'female', 'RW', 'was_not_married');
INSERT INTO choice (id, questionnaire_id, interviewee_id) VALUES ('32ecc22f-5bc3-4997-8f24-ed34297508b9', 'aaacf497-4ae4-46e0-aa2e-27377271bafc', '08674c84-1a62-4a31-9efc-60440cec2ef9');
INSERT INTO option_choice (option_id, choice_id) VALUES ('4d7025a3-7520-4447-9769-c495cb62415e', '32ecc22f-5bc3-4997-8f24-ed34297508b9');
INSERT INTO choice (id, questionnaire_id, interviewee_id) VALUES ('3ab3e8dc-fa0c-4971-8056-14a544148452', 'b5c886d7-e86f-4083-958a-cbd232db7a84', '08674c84-1a62-4a31-9efc-60440cec2ef9');
INSERT INTO option_choice (option_id, choice_id) VALUES ('c7575671-3918-48d7-bc48-356ad1dd79e9', '3ab3e8dc-fa0c-4971-8056-14a544148452');
INSERT INTO choice (id, questionnaire_id, interviewee_id) VALUES ('500347b5-0683-4fb8-8b1a-8bacf32337cc', '48b4658e-bc90-4bd2-97bb-92484114dfea', '08674c84-1a62-4a31-9efc-60440cec2ef9');
INSERT INTO option_choice (option_id, choice_id) VALUES ('5a5b3a6f-7875-401c-8d0b-e9c8b854b985', '500347b5-0683-4fb8-8b1a-8bacf32337cc');
INSERT INTO principal (username, password) VALUES ('interviewee348', 'qwerty');
INSERT INTO interviewee (id, username, age, gender, country, marital_status) VALUES ('1b453c5e-cd25-44e8-b607-1521c7e56758', 'interviewee348', 55, 'female', 'AW', 'married');
INSERT INTO choice (id, questionnaire_id, interviewee_id) VALUES ('febccb52-bff6-4971-8bb5-e2da96905d32', '407203dd-9657-46e6-975f-3be5d664dd2a', '1b453c5e-cd25-44e8-b607-1521c7e56758');
INSERT INTO option_choice (option_id, choice_id) VALUES ('048db851-6d32-476c-9654-e8b6208eabda', 'febccb52-bff6-4971-8bb5-e2da96905d32');
INSERT INTO principal (username, password) VALUES ('interviewee349', 'qwerty');
INSERT INTO interviewee (id, username, age, gender, country, marital_status) VALUES ('690d2c4c-e739-414a-9d3f-95667c1ac3ba', 'interviewee349', 17, 'male', 'TN', 'married');
INSERT INTO choice (id, questionnaire_id, interviewee_id) VALUES ('df913cb4-b430-4e54-bb0c-f13a7f32736c', 'c6dd214b-43b7-401f-afe6-a5ab0d2d7767', '690d2c4c-e739-414a-9d3f-95667c1ac3ba');
INSERT INTO option_choice (option_id, choice_id) VALUES ('9d2a2dd1-7979-48a6-a0b7-3de8fdea75b6', 'df913cb4-b430-4e54-bb0c-f13a7f32736c');
INSERT INTO choice (id, questionnaire_id, interviewee_id) VALUES ('0c2d01e9-e4a3-45f2-9241-e368bafde380', 'e20dbb22-091f-4137-8450-fdeaea74363f', '690d2c4c-e739-414a-9d3f-95667c1ac3ba');
INSERT INTO option_choice (option_id, choice_id) VALUES ('946ecf06-2d9f-4fe5-b2b7-64c51a5fdf06', '0c2d01e9-e4a3-45f2-9241-e368bafde380');
INSERT INTO option_choice (option_id, choice_id) VALUES ('742176a0-b7c8-400a-a370-5871099954a4', '0c2d01e9-e4a3-45f2-9241-e368bafde380');
INSERT INTO option_choice (option_id, choice_id) VALUES ('49d1bc1f-0fd1-4dad-ab6d-b123ea13d33a', '0c2d01e9-e4a3-45f2-9241-e368bafde380');
INSERT INTO option_choice (option_id, choice_id) VALUES ('ff3c7a97-70db-4404-b85b-274707745879', '0c2d01e9-e4a3-45f2-9241-e368bafde380');
INSERT INTO option_choice (option_id, choice_id) VALUES ('4bd78eb1-72bb-47fa-8b7c-4cc826f39edd', '0c2d01e9-e4a3-45f2-9241-e368bafde380');
INSERT INTO option_choice (option_id, choice_id) VALUES ('322bbc1b-4e8d-41ae-b4f2-3466891dc809', '0c2d01e9-e4a3-45f2-9241-e368bafde380');
INSERT INTO choice (id, questionnaire_id, interviewee_id) VALUES ('8c02ca00-d4de-4d7a-9607-9e36e31406ad', 'b5c886d7-e86f-4083-958a-cbd232db7a84', '690d2c4c-e739-414a-9d3f-95667c1ac3ba');
INSERT INTO option_choice (option_id, choice_id) VALUES ('9d7ea78f-0edc-43db-94d7-3d31213df760', '8c02ca00-d4de-4d7a-9607-9e36e31406ad');
INSERT INTO principal (username, password) VALUES ('interviewee350', 'qwerty');
INSERT INTO interviewee (id, username, age, gender, country, marital_status) VALUES ('4b5be35d-4040-4725-90f0-8391575e1536', 'interviewee350', 37, 'female', 'FK', 'divorced');
INSERT INTO choice (id, questionnaire_id, interviewee_id) VALUES ('b00440b7-98c6-4cff-b61c-43bc1e845ac2', '4a4f7cbc-8533-42b3-923b-6b4309f53c64', '4b5be35d-4040-4725-90f0-8391575e1536');
INSERT INTO option_choice (option_id, choice_id) VALUES ('3372ec3f-fffa-472e-ac84-938ef71e30be', 'b00440b7-98c6-4cff-b61c-43bc1e845ac2');
INSERT INTO choice (id, questionnaire_id, interviewee_id) VALUES ('91c74009-325c-4365-a34c-551bc0a01a7f', 'aaacf497-4ae4-46e0-aa2e-27377271bafc', '4b5be35d-4040-4725-90f0-8391575e1536');
INSERT INTO option_choice (option_id, choice_id) VALUES ('d4aa64ba-49fd-4d00-9175-a646c1d6d559', '91c74009-325c-4365-a34c-551bc0a01a7f');
INSERT INTO principal (username, password) VALUES ('interviewee351', 'qwerty');
INSERT INTO interviewee (id, username, age, gender, country, marital_status) VALUES ('66d263c8-56b8-4aa0-a6bb-bcc94525a1f0', 'interviewee351', 26, 'female', 'MK', 'was_not_married');
INSERT INTO choice (id, questionnaire_id, interviewee_id) VALUES ('01b75b75-c592-43a7-a3e9-5c198d841f16', '51436662-4eca-40ce-b552-b1c7486cf609', '66d263c8-56b8-4aa0-a6bb-bcc94525a1f0');
INSERT INTO option_choice (option_id, choice_id) VALUES ('259215cc-47cc-4165-befd-cf997b4aaf7e', '01b75b75-c592-43a7-a3e9-5c198d841f16');
INSERT INTO choice (id, questionnaire_id, interviewee_id) VALUES ('6c500698-e57b-4f30-92c1-c74d6170b728', '858287c2-e494-424b-a03f-6b0a55c2fce3', '66d263c8-56b8-4aa0-a6bb-bcc94525a1f0');
INSERT INTO option_choice (option_id, choice_id) VALUES ('f2fd1a72-0ca7-41a6-ad15-7bc21a02fe73', '6c500698-e57b-4f30-92c1-c74d6170b728');
INSERT INTO choice (id, questionnaire_id, interviewee_id) VALUES ('35d273d4-b037-40b2-a564-200923ffe38f', '49c46fd6-2111-4ef5-8b91-9ee67132426d', '66d263c8-56b8-4aa0-a6bb-bcc94525a1f0');
INSERT INTO option_choice (option_id, choice_id) VALUES ('82dcd7e2-d76d-47ad-b352-0b1d6482c730', '35d273d4-b037-40b2-a564-200923ffe38f');
INSERT INTO principal (username, password) VALUES ('interviewee352', 'qwerty');
INSERT INTO interviewee (id, username, age, gender, country, marital_status) VALUES ('f3472f9f-f499-4c8c-b2d7-ebd16a06eba3', 'interviewee352', 18, 'male', 'MF', 'was_not_married');
INSERT INTO choice (id, questionnaire_id, interviewee_id) VALUES ('e59b35e3-8526-4e3a-9388-8b8ac6f77762', '173a3ab0-8485-4aa4-8787-a2a4414f992e', 'f3472f9f-f499-4c8c-b2d7-ebd16a06eba3');
INSERT INTO option_choice (option_id, choice_id) VALUES ('3c8e0934-801c-4afd-98de-7aaf263889f6', 'e59b35e3-8526-4e3a-9388-8b8ac6f77762');
INSERT INTO option_choice (option_id, choice_id) VALUES ('c453fc60-b896-4f66-8dbe-cc55bc42881e', 'e59b35e3-8526-4e3a-9388-8b8ac6f77762');
INSERT INTO option_choice (option_id, choice_id) VALUES ('e03fcb10-1308-44a4-9ce2-e4eaf10452c1', 'e59b35e3-8526-4e3a-9388-8b8ac6f77762');
INSERT INTO option_choice (option_id, choice_id) VALUES ('bf89350f-11e0-4471-a3a1-95481edf5acd', 'e59b35e3-8526-4e3a-9388-8b8ac6f77762');
INSERT INTO option_choice (option_id, choice_id) VALUES ('3f698183-af22-44ca-80c1-eb668697e9ea', 'e59b35e3-8526-4e3a-9388-8b8ac6f77762');
INSERT INTO option_choice (option_id, choice_id) VALUES ('f9a527bc-3f55-40db-b05e-d549f1801594', 'e59b35e3-8526-4e3a-9388-8b8ac6f77762');
INSERT INTO option_choice (option_id, choice_id) VALUES ('a477d3c8-db0a-4572-a680-b96fd792dc75', 'e59b35e3-8526-4e3a-9388-8b8ac6f77762');
INSERT INTO option_choice (option_id, choice_id) VALUES ('ce62e0a7-1873-4aa1-a448-2fad3cc888ee', 'e59b35e3-8526-4e3a-9388-8b8ac6f77762');
INSERT INTO principal (username, password) VALUES ('interviewee353', 'qwerty');
INSERT INTO interviewee (id, username, age, gender, country, marital_status) VALUES ('d33ce89f-0105-4e61-8b4e-9793571691c7', 'interviewee353', 68, 'male', 'NR', 'divorced');
INSERT INTO choice (id, questionnaire_id, interviewee_id) VALUES ('b85ce06a-ba72-46f1-82c3-8016b5a6750f', '407203dd-9657-46e6-975f-3be5d664dd2a', 'd33ce89f-0105-4e61-8b4e-9793571691c7');
INSERT INTO option_choice (option_id, choice_id) VALUES ('d37dcf04-38aa-46a3-914b-a881661a3989', 'b85ce06a-ba72-46f1-82c3-8016b5a6750f');
INSERT INTO choice (id, questionnaire_id, interviewee_id) VALUES ('0c1ac675-97e6-400d-8c09-74fc2309ea2d', '747d0763-c99f-47ce-809b-b378d489a158', 'd33ce89f-0105-4e61-8b4e-9793571691c7');
INSERT INTO option_choice (option_id, choice_id) VALUES ('2095cf98-27de-4722-93f9-2c09ae6b4ed1', '0c1ac675-97e6-400d-8c09-74fc2309ea2d');
INSERT INTO principal (username, password) VALUES ('interviewee354', 'qwerty');
INSERT INTO interviewee (id, username, age, gender, country, marital_status) VALUES ('7add93a5-3606-449d-9979-a4ab14883c34', 'interviewee354', 30, 'female', 'MF', 'was_not_married');
INSERT INTO choice (id, questionnaire_id, interviewee_id) VALUES ('fcbbfa2d-5276-4510-bcc1-d6eca7aaf2ae', 'e20dbb22-091f-4137-8450-fdeaea74363f', '7add93a5-3606-449d-9979-a4ab14883c34');
INSERT INTO option_choice (option_id, choice_id) VALUES ('a572f3cf-b3ba-491a-9687-6cee662749f1', 'fcbbfa2d-5276-4510-bcc1-d6eca7aaf2ae');
INSERT INTO choice (id, questionnaire_id, interviewee_id) VALUES ('7ec73152-1130-404b-aec0-db81ec18d0d1', 'c6dd214b-43b7-401f-afe6-a5ab0d2d7767', '7add93a5-3606-449d-9979-a4ab14883c34');
INSERT INTO option_choice (option_id, choice_id) VALUES ('9d2a2dd1-7979-48a6-a0b7-3de8fdea75b6', '7ec73152-1130-404b-aec0-db81ec18d0d1');
INSERT INTO choice (id, questionnaire_id, interviewee_id) VALUES ('3d5a9ed4-a9a6-40c7-bbca-50f322d9511f', 'e4d0ba66-5e11-433c-8243-4d890cceaf69', '7add93a5-3606-449d-9979-a4ab14883c34');
INSERT INTO option_choice (option_id, choice_id) VALUES ('7cfec70e-33b3-4c68-9c38-38cf292cd0f9', '3d5a9ed4-a9a6-40c7-bbca-50f322d9511f');
INSERT INTO principal (username, password) VALUES ('interviewee355', 'qwerty');
INSERT INTO interviewee (id, username, age, gender, country, marital_status) VALUES ('24937b56-f206-46d3-b35b-2202cad195c2', 'interviewee355', 18, 'female', 'SK', 'married');
INSERT INTO choice (id, questionnaire_id, interviewee_id) VALUES ('ed275f8b-9a97-483b-bb95-fa630750b2a9', '05e2761c-9435-4970-ad6d-245d7a696140', '24937b56-f206-46d3-b35b-2202cad195c2');
INSERT INTO option_choice (option_id, choice_id) VALUES ('4431f860-831f-4fdf-9dbb-76fbdb1006a1', 'ed275f8b-9a97-483b-bb95-fa630750b2a9');
INSERT INTO option_choice (option_id, choice_id) VALUES ('ee58bf05-12ff-45e4-b7e9-d37a70181de4', 'ed275f8b-9a97-483b-bb95-fa630750b2a9');
INSERT INTO option_choice (option_id, choice_id) VALUES ('cd3191da-899e-4773-b914-291725c8c108', 'ed275f8b-9a97-483b-bb95-fa630750b2a9');
INSERT INTO choice (id, questionnaire_id, interviewee_id) VALUES ('aa5c9901-c587-4350-919c-c34097eb3e64', '51436662-4eca-40ce-b552-b1c7486cf609', '24937b56-f206-46d3-b35b-2202cad195c2');
INSERT INTO option_choice (option_id, choice_id) VALUES ('259215cc-47cc-4165-befd-cf997b4aaf7e', 'aa5c9901-c587-4350-919c-c34097eb3e64');
INSERT INTO choice (id, questionnaire_id, interviewee_id) VALUES ('e56eeac3-d65d-4eb1-9bb8-0563834529df', '2519c51c-9863-4531-85ff-a7ddd5ea08b2', '24937b56-f206-46d3-b35b-2202cad195c2');
INSERT INTO option_choice (option_id, choice_id) VALUES ('a3b534e4-0e3d-437c-94bf-14e57f299a2c', 'e56eeac3-d65d-4eb1-9bb8-0563834529df');
INSERT INTO principal (username, password) VALUES ('interviewee356', 'qwerty');
INSERT INTO interviewee (id, username, age, gender, country, marital_status) VALUES ('a46bc27c-bfee-4c37-9865-379ab9d93348', 'interviewee356', 52, 'male', 'KW', 'was_not_married');
INSERT INTO choice (id, questionnaire_id, interviewee_id) VALUES ('0adc1edb-b903-4ba7-9b06-662e9c15ebf6', 'e4d0ba66-5e11-433c-8243-4d890cceaf69', 'a46bc27c-bfee-4c37-9865-379ab9d93348');
INSERT INTO option_choice (option_id, choice_id) VALUES ('7cfec70e-33b3-4c68-9c38-38cf292cd0f9', '0adc1edb-b903-4ba7-9b06-662e9c15ebf6');
INSERT INTO option_choice (option_id, choice_id) VALUES ('cb637eae-3b8f-4d17-81fb-9b271857e55c', '0adc1edb-b903-4ba7-9b06-662e9c15ebf6');
INSERT INTO principal (username, password) VALUES ('interviewee357', 'qwerty');
INSERT INTO interviewee (id, username, age, gender, country, marital_status) VALUES ('cb99e409-8a96-4f7d-a75a-ff491e31a1d2', 'interviewee357', 58, 'female', 'TG', 'married');
INSERT INTO choice (id, questionnaire_id, interviewee_id) VALUES ('55d46fd9-0fa3-42da-b55e-1e98716526f8', '48b4658e-bc90-4bd2-97bb-92484114dfea', 'cb99e409-8a96-4f7d-a75a-ff491e31a1d2');
INSERT INTO option_choice (option_id, choice_id) VALUES ('5a5b3a6f-7875-401c-8d0b-e9c8b854b985', '55d46fd9-0fa3-42da-b55e-1e98716526f8');
INSERT INTO principal (username, password) VALUES ('interviewee358', 'qwerty');
INSERT INTO interviewee (id, username, age, gender, country, marital_status) VALUES ('7ca117a0-3c5d-4665-b7f7-c9f30f0fb32b', 'interviewee358', 46, 'male', 'BO', 'divorced');
INSERT INTO choice (id, questionnaire_id, interviewee_id) VALUES ('dec629cd-1d22-486a-8114-0b896f67847b', 'aaacf497-4ae4-46e0-aa2e-27377271bafc', '7ca117a0-3c5d-4665-b7f7-c9f30f0fb32b');
INSERT INTO option_choice (option_id, choice_id) VALUES ('de1098e4-e0b7-4df4-890a-1958a8d5d465', 'dec629cd-1d22-486a-8114-0b896f67847b');
INSERT INTO principal (username, password) VALUES ('interviewee359', 'qwerty');
INSERT INTO interviewee (id, username, age, gender, country, marital_status) VALUES ('8bec7411-409d-4aec-98a5-4cd7d7e1272f', 'interviewee359', 15, 'male', 'SE', 'was_not_married');
INSERT INTO choice (id, questionnaire_id, interviewee_id) VALUES ('f522a3f5-4354-479a-ae22-cf62711b77f2', '173a3ab0-8485-4aa4-8787-a2a4414f992e', '8bec7411-409d-4aec-98a5-4cd7d7e1272f');
INSERT INTO option_choice (option_id, choice_id) VALUES ('ce62e0a7-1873-4aa1-a448-2fad3cc888ee', 'f522a3f5-4354-479a-ae22-cf62711b77f2');
INSERT INTO choice (id, questionnaire_id, interviewee_id) VALUES ('89d81f31-84b2-4b00-91bc-6b172f4c090a', '08310229-5370-44f1-8071-5c56f92e3dc5', '8bec7411-409d-4aec-98a5-4cd7d7e1272f');
INSERT INTO option_choice (option_id, choice_id) VALUES ('fc94d716-ca6a-45f3-8cbb-afd6a3ea72a3', '89d81f31-84b2-4b00-91bc-6b172f4c090a');
INSERT INTO principal (username, password) VALUES ('interviewee360', 'qwerty');
INSERT INTO interviewee (id, username, age, gender, country, marital_status) VALUES ('c43c6afe-941b-4e4c-a5ae-77749a01d2ad', 'interviewee360', 17, 'female', 'NU', 'divorced');
INSERT INTO choice (id, questionnaire_id, interviewee_id) VALUES ('82f3646f-e125-4363-94e5-a0b7fa65a027', '8e156ed6-1a8b-4fe6-9a58-0f7cbdd6af32', 'c43c6afe-941b-4e4c-a5ae-77749a01d2ad');
INSERT INTO option_choice (option_id, choice_id) VALUES ('33a991d7-269a-4418-b89c-82e5467a34ad', '82f3646f-e125-4363-94e5-a0b7fa65a027');
INSERT INTO choice (id, questionnaire_id, interviewee_id) VALUES ('7a4f725b-1630-41fb-a2f5-fcfdf101467c', '49c46fd6-2111-4ef5-8b91-9ee67132426d', 'c43c6afe-941b-4e4c-a5ae-77749a01d2ad');
INSERT INTO option_choice (option_id, choice_id) VALUES ('210da814-c19f-4c77-ba7b-e598584d62e4', '7a4f725b-1630-41fb-a2f5-fcfdf101467c');
INSERT INTO choice (id, questionnaire_id, interviewee_id) VALUES ('a34866b5-a527-41c9-8758-73c62e15657f', 'c6dd214b-43b7-401f-afe6-a5ab0d2d7767', 'c43c6afe-941b-4e4c-a5ae-77749a01d2ad');
INSERT INTO option_choice (option_id, choice_id) VALUES ('069a6758-231c-4064-8e44-a0db84e86a21', 'a34866b5-a527-41c9-8758-73c62e15657f');
INSERT INTO option_choice (option_id, choice_id) VALUES ('9d2a2dd1-7979-48a6-a0b7-3de8fdea75b6', 'a34866b5-a527-41c9-8758-73c62e15657f');
INSERT INTO option_choice (option_id, choice_id) VALUES ('c134384c-5eda-4957-9883-b965681b9fef', 'a34866b5-a527-41c9-8758-73c62e15657f');
INSERT INTO principal (username, password) VALUES ('interviewee361', 'qwerty');
INSERT INTO interviewee (id, username, age, gender, country, marital_status) VALUES ('c7100e5b-8cfc-4eeb-a966-868c6366a67d', 'interviewee361', 62, 'female', 'GY', 'divorced');
INSERT INTO choice (id, questionnaire_id, interviewee_id) VALUES ('1c261f1b-97f2-4316-bee4-228639b49995', '81a3f075-1324-4e67-90a5-493fe3324435', 'c7100e5b-8cfc-4eeb-a966-868c6366a67d');
INSERT INTO option_choice (option_id, choice_id) VALUES ('c5035143-d5d2-4934-8b99-4e66507a8603', '1c261f1b-97f2-4316-bee4-228639b49995');
INSERT INTO option_choice (option_id, choice_id) VALUES ('c0afeee2-6628-4404-bc41-32bc0a1505c5', '1c261f1b-97f2-4316-bee4-228639b49995');
INSERT INTO option_choice (option_id, choice_id) VALUES ('ab9020e3-a12b-46eb-97f0-79dcfaab7356', '1c261f1b-97f2-4316-bee4-228639b49995');
INSERT INTO option_choice (option_id, choice_id) VALUES ('a1737a4b-bfa2-4208-a103-ca4bea3afaaf', '1c261f1b-97f2-4316-bee4-228639b49995');
INSERT INTO option_choice (option_id, choice_id) VALUES ('a0eef1f9-547a-4823-b7e0-bb52d6891f8f', '1c261f1b-97f2-4316-bee4-228639b49995');
INSERT INTO choice (id, questionnaire_id, interviewee_id) VALUES ('febb07bf-84c2-4726-85c7-5a5d97f64aa3', '48b4658e-bc90-4bd2-97bb-92484114dfea', 'c7100e5b-8cfc-4eeb-a966-868c6366a67d');
INSERT INTO option_choice (option_id, choice_id) VALUES ('5a5b3a6f-7875-401c-8d0b-e9c8b854b985', 'febb07bf-84c2-4726-85c7-5a5d97f64aa3');
INSERT INTO choice (id, questionnaire_id, interviewee_id) VALUES ('fa0ac5a0-28c7-4064-b0e1-962c41801a81', 'e4d0ba66-5e11-433c-8243-4d890cceaf69', 'c7100e5b-8cfc-4eeb-a966-868c6366a67d');
INSERT INTO option_choice (option_id, choice_id) VALUES ('7cfec70e-33b3-4c68-9c38-38cf292cd0f9', 'fa0ac5a0-28c7-4064-b0e1-962c41801a81');
INSERT INTO principal (username, password) VALUES ('interviewee362', 'qwerty');
INSERT INTO interviewee (id, username, age, gender, country, marital_status) VALUES ('26732c5c-c1d3-4cb0-b8dc-3021c3186737', 'interviewee362', 65, 'male', 'IM', 'was_not_married');
INSERT INTO choice (id, questionnaire_id, interviewee_id) VALUES ('b7afe92c-8ab6-4641-b0c7-208ded06069c', '173a3ab0-8485-4aa4-8787-a2a4414f992e', '26732c5c-c1d3-4cb0-b8dc-3021c3186737');
INSERT INTO option_choice (option_id, choice_id) VALUES ('f9a527bc-3f55-40db-b05e-d549f1801594', 'b7afe92c-8ab6-4641-b0c7-208ded06069c');
INSERT INTO choice (id, questionnaire_id, interviewee_id) VALUES ('b939f355-598e-4e8a-8365-fec58d50f349', '747d0763-c99f-47ce-809b-b378d489a158', '26732c5c-c1d3-4cb0-b8dc-3021c3186737');
INSERT INTO option_choice (option_id, choice_id) VALUES ('7cc0569f-f362-4ed1-9343-6ffd1369e812', 'b939f355-598e-4e8a-8365-fec58d50f349');
INSERT INTO principal (username, password) VALUES ('interviewee363', 'qwerty');
INSERT INTO interviewee (id, username, age, gender, country, marital_status) VALUES ('34a14bae-697e-4a73-9d54-0ffc4e4e7135', 'interviewee363', 21, 'male', 'KY', 'married');
INSERT INTO choice (id, questionnaire_id, interviewee_id) VALUES ('4a6ae1df-6a29-4bfb-9a89-6a26128ffb37', '48b4658e-bc90-4bd2-97bb-92484114dfea', '34a14bae-697e-4a73-9d54-0ffc4e4e7135');
INSERT INTO option_choice (option_id, choice_id) VALUES ('72884dca-8b91-4379-bf2e-f4dbfc8f13cd', '4a6ae1df-6a29-4bfb-9a89-6a26128ffb37');
INSERT INTO principal (username, password) VALUES ('interviewee364', 'qwerty');
INSERT INTO interviewee (id, username, age, gender, country, marital_status) VALUES ('74ef07d9-32cc-4de9-b813-b3dc86fe71a4', 'interviewee364', 39, 'male', 'IN', 'was_not_married');
INSERT INTO choice (id, questionnaire_id, interviewee_id) VALUES ('0804edc9-e8c1-4123-90a5-7a13bcee0706', '81a3f075-1324-4e67-90a5-493fe3324435', '74ef07d9-32cc-4de9-b813-b3dc86fe71a4');
INSERT INTO option_choice (option_id, choice_id) VALUES ('7b2bd172-1566-440a-81d8-f9b2fb43f8fc', '0804edc9-e8c1-4123-90a5-7a13bcee0706');
INSERT INTO option_choice (option_id, choice_id) VALUES ('ab9020e3-a12b-46eb-97f0-79dcfaab7356', '0804edc9-e8c1-4123-90a5-7a13bcee0706');
INSERT INTO option_choice (option_id, choice_id) VALUES ('a0eef1f9-547a-4823-b7e0-bb52d6891f8f', '0804edc9-e8c1-4123-90a5-7a13bcee0706');
INSERT INTO option_choice (option_id, choice_id) VALUES ('a1737a4b-bfa2-4208-a103-ca4bea3afaaf', '0804edc9-e8c1-4123-90a5-7a13bcee0706');
INSERT INTO option_choice (option_id, choice_id) VALUES ('c0afeee2-6628-4404-bc41-32bc0a1505c5', '0804edc9-e8c1-4123-90a5-7a13bcee0706');
INSERT INTO principal (username, password) VALUES ('interviewee365', 'qwerty');
INSERT INTO interviewee (id, username, age, gender, country, marital_status) VALUES ('00decae5-83c5-4b4f-bdbc-645c84803961', 'interviewee365', 28, 'female', 'ZW', 'married');
INSERT INTO choice (id, questionnaire_id, interviewee_id) VALUES ('2d5e55cd-4df2-47db-8f59-1defba0c363d', '4a4f7cbc-8533-42b3-923b-6b4309f53c64', '00decae5-83c5-4b4f-bdbc-645c84803961');
INSERT INTO option_choice (option_id, choice_id) VALUES ('655a67a1-3c81-4e22-99c2-2b849fa8c564', '2d5e55cd-4df2-47db-8f59-1defba0c363d');
INSERT INTO principal (username, password) VALUES ('interviewee366', 'qwerty');
INSERT INTO interviewee (id, username, age, gender, country, marital_status) VALUES ('28043f24-2d15-45d3-b0f1-1141b79d1b47', 'interviewee366', 61, 'male', 'BE', 'divorced');
INSERT INTO choice (id, questionnaire_id, interviewee_id) VALUES ('70659353-d7dd-4b80-8040-aaaf49350818', '747d0763-c99f-47ce-809b-b378d489a158', '28043f24-2d15-45d3-b0f1-1141b79d1b47');
INSERT INTO option_choice (option_id, choice_id) VALUES ('7cc0569f-f362-4ed1-9343-6ffd1369e812', '70659353-d7dd-4b80-8040-aaaf49350818');
INSERT INTO option_choice (option_id, choice_id) VALUES ('2095cf98-27de-4722-93f9-2c09ae6b4ed1', '70659353-d7dd-4b80-8040-aaaf49350818');
INSERT INTO option_choice (option_id, choice_id) VALUES ('65c86d12-f533-40f5-8dd6-10903d890b10', '70659353-d7dd-4b80-8040-aaaf49350818');
INSERT INTO choice (id, questionnaire_id, interviewee_id) VALUES ('fefcea3c-6608-40a1-b00e-dfcc92a4f0e8', '4a4f7cbc-8533-42b3-923b-6b4309f53c64', '28043f24-2d15-45d3-b0f1-1141b79d1b47');
INSERT INTO option_choice (option_id, choice_id) VALUES ('3f8cd95c-177b-469f-b652-784cadd37582', 'fefcea3c-6608-40a1-b00e-dfcc92a4f0e8');
INSERT INTO choice (id, questionnaire_id, interviewee_id) VALUES ('5128598c-576f-4ad4-a906-b5ca18ca311a', '858287c2-e494-424b-a03f-6b0a55c2fce3', '28043f24-2d15-45d3-b0f1-1141b79d1b47');
INSERT INTO option_choice (option_id, choice_id) VALUES ('59c8e6e3-5895-4f0b-ae9e-3bb455a5f6b2', '5128598c-576f-4ad4-a906-b5ca18ca311a');
INSERT INTO option_choice (option_id, choice_id) VALUES ('f2fd1a72-0ca7-41a6-ad15-7bc21a02fe73', '5128598c-576f-4ad4-a906-b5ca18ca311a');
INSERT INTO option_choice (option_id, choice_id) VALUES ('a7e89931-dbca-4a6f-bdbb-b42e57f2e7f2', '5128598c-576f-4ad4-a906-b5ca18ca311a');
INSERT INTO option_choice (option_id, choice_id) VALUES ('a1e55f7c-aa45-466f-86bb-0d5e262ca0bc', '5128598c-576f-4ad4-a906-b5ca18ca311a');
INSERT INTO principal (username, password) VALUES ('interviewee367', 'qwerty');
INSERT INTO interviewee (id, username, age, gender, country, marital_status) VALUES ('12189490-7945-4f66-ad28-45f74382067b', 'interviewee367', 19, 'female', 'NF', 'was_not_married');
INSERT INTO choice (id, questionnaire_id, interviewee_id) VALUES ('d8afc1a8-16a4-41f5-8feb-47ecd9a67659', '81a3f075-1324-4e67-90a5-493fe3324435', '12189490-7945-4f66-ad28-45f74382067b');
INSERT INTO option_choice (option_id, choice_id) VALUES ('c5035143-d5d2-4934-8b99-4e66507a8603', 'd8afc1a8-16a4-41f5-8feb-47ecd9a67659');
INSERT INTO option_choice (option_id, choice_id) VALUES ('ab9020e3-a12b-46eb-97f0-79dcfaab7356', 'd8afc1a8-16a4-41f5-8feb-47ecd9a67659');
INSERT INTO option_choice (option_id, choice_id) VALUES ('a0eef1f9-547a-4823-b7e0-bb52d6891f8f', 'd8afc1a8-16a4-41f5-8feb-47ecd9a67659');
INSERT INTO choice (id, questionnaire_id, interviewee_id) VALUES ('0c0d1144-46cc-440e-8353-1d0a34b937d6', 'b5c886d7-e86f-4083-958a-cbd232db7a84', '12189490-7945-4f66-ad28-45f74382067b');
INSERT INTO option_choice (option_id, choice_id) VALUES ('b3fef8ac-34c1-4143-a4bd-73c39cbbac53', '0c0d1144-46cc-440e-8353-1d0a34b937d6');
INSERT INTO choice (id, questionnaire_id, interviewee_id) VALUES ('7b60ac48-09c5-4e17-ab2d-05c40dbc1d59', 'aaacf497-4ae4-46e0-aa2e-27377271bafc', '12189490-7945-4f66-ad28-45f74382067b');
INSERT INTO option_choice (option_id, choice_id) VALUES ('070ce52d-21fd-4380-9c02-d25647a035a6', '7b60ac48-09c5-4e17-ab2d-05c40dbc1d59');
INSERT INTO principal (username, password) VALUES ('interviewee368', 'qwerty');
INSERT INTO interviewee (id, username, age, gender, country, marital_status) VALUES ('9387623e-584e-4c33-bfc9-626714095335', 'interviewee368', 42, 'female', 'KE', 'was_not_married');
INSERT INTO choice (id, questionnaire_id, interviewee_id) VALUES ('f03ab262-4a8b-492d-890a-811d6485896c', 'e4d0ba66-5e11-433c-8243-4d890cceaf69', '9387623e-584e-4c33-bfc9-626714095335');
INSERT INTO option_choice (option_id, choice_id) VALUES ('cb637eae-3b8f-4d17-81fb-9b271857e55c', 'f03ab262-4a8b-492d-890a-811d6485896c');
INSERT INTO choice (id, questionnaire_id, interviewee_id) VALUES ('8ede1a51-a14b-48ab-901b-64df9c7317a7', '407203dd-9657-46e6-975f-3be5d664dd2a', '9387623e-584e-4c33-bfc9-626714095335');
INSERT INTO option_choice (option_id, choice_id) VALUES ('4285dd4d-8381-423b-8700-37e491ae1336', '8ede1a51-a14b-48ab-901b-64df9c7317a7');
INSERT INTO principal (username, password) VALUES ('interviewee369', 'qwerty');
INSERT INTO interviewee (id, username, age, gender, country, marital_status) VALUES ('f46eb653-4f8b-4f68-bb1b-899195ed5a2e', 'interviewee369', 51, 'female', 'UM', 'divorced');
INSERT INTO choice (id, questionnaire_id, interviewee_id) VALUES ('0f41257e-900c-4a33-a6a1-08af136c6334', '2519c51c-9863-4531-85ff-a7ddd5ea08b2', 'f46eb653-4f8b-4f68-bb1b-899195ed5a2e');
INSERT INTO option_choice (option_id, choice_id) VALUES ('dffcbd6b-b37a-4468-8c01-26ae752e283e', '0f41257e-900c-4a33-a6a1-08af136c6334');
INSERT INTO principal (username, password) VALUES ('interviewee370', 'qwerty');
INSERT INTO interviewee (id, username, age, gender, country, marital_status) VALUES ('7e5cbc6b-13ef-444c-bc3e-c3b38f52fc21', 'interviewee370', 69, 'female', 'IM', 'married');
INSERT INTO choice (id, questionnaire_id, interviewee_id) VALUES ('ef2c9322-7826-47f2-a1ff-bbf35d01da72', '407203dd-9657-46e6-975f-3be5d664dd2a', '7e5cbc6b-13ef-444c-bc3e-c3b38f52fc21');
INSERT INTO option_choice (option_id, choice_id) VALUES ('3c882d4f-dfe1-416d-adc7-e8b41816b82e', 'ef2c9322-7826-47f2-a1ff-bbf35d01da72');
INSERT INTO choice (id, questionnaire_id, interviewee_id) VALUES ('deb16a49-850d-4d91-8b97-49624bcb1007', '51436662-4eca-40ce-b552-b1c7486cf609', '7e5cbc6b-13ef-444c-bc3e-c3b38f52fc21');
INSERT INTO option_choice (option_id, choice_id) VALUES ('259215cc-47cc-4165-befd-cf997b4aaf7e', 'deb16a49-850d-4d91-8b97-49624bcb1007');
INSERT INTO choice (id, questionnaire_id, interviewee_id) VALUES ('3faf03c2-e45b-45fd-a64f-3210ad0a7062', '173a3ab0-8485-4aa4-8787-a2a4414f992e', '7e5cbc6b-13ef-444c-bc3e-c3b38f52fc21');
INSERT INTO option_choice (option_id, choice_id) VALUES ('3f698183-af22-44ca-80c1-eb668697e9ea', '3faf03c2-e45b-45fd-a64f-3210ad0a7062');
INSERT INTO option_choice (option_id, choice_id) VALUES ('f9a527bc-3f55-40db-b05e-d549f1801594', '3faf03c2-e45b-45fd-a64f-3210ad0a7062');
INSERT INTO option_choice (option_id, choice_id) VALUES ('a477d3c8-db0a-4572-a680-b96fd792dc75', '3faf03c2-e45b-45fd-a64f-3210ad0a7062');
INSERT INTO option_choice (option_id, choice_id) VALUES ('ce62e0a7-1873-4aa1-a448-2fad3cc888ee', '3faf03c2-e45b-45fd-a64f-3210ad0a7062');
INSERT INTO option_choice (option_id, choice_id) VALUES ('c453fc60-b896-4f66-8dbe-cc55bc42881e', '3faf03c2-e45b-45fd-a64f-3210ad0a7062');
INSERT INTO option_choice (option_id, choice_id) VALUES ('e03fcb10-1308-44a4-9ce2-e4eaf10452c1', '3faf03c2-e45b-45fd-a64f-3210ad0a7062');
INSERT INTO principal (username, password) VALUES ('interviewee371', 'qwerty');
INSERT INTO interviewee (id, username, age, gender, country, marital_status) VALUES ('3d42bb86-df23-47be-afac-ac7df5eb26f5', 'interviewee371', 67, 'male', 'VC', 'was_not_married');
INSERT INTO choice (id, questionnaire_id, interviewee_id) VALUES ('2de7b0d8-1429-42db-8c78-0e368ae34a8f', '48b4658e-bc90-4bd2-97bb-92484114dfea', '3d42bb86-df23-47be-afac-ac7df5eb26f5');
INSERT INTO option_choice (option_id, choice_id) VALUES ('5a5b3a6f-7875-401c-8d0b-e9c8b854b985', '2de7b0d8-1429-42db-8c78-0e368ae34a8f');
INSERT INTO principal (username, password) VALUES ('interviewee372', 'qwerty');
INSERT INTO interviewee (id, username, age, gender, country, marital_status) VALUES ('dc962469-1d04-4f10-80d6-b28934a3fd84', 'interviewee372', 69, 'male', 'CK', 'married');
INSERT INTO choice (id, questionnaire_id, interviewee_id) VALUES ('910099f9-fe12-4540-a179-b761c610e25e', 'b6df4d49-3f70-4802-90cb-4ab89e24a427', 'dc962469-1d04-4f10-80d6-b28934a3fd84');
INSERT INTO option_choice (option_id, choice_id) VALUES ('97729629-c47a-4614-a618-d90dee3f5476', '910099f9-fe12-4540-a179-b761c610e25e');
INSERT INTO principal (username, password) VALUES ('interviewee373', 'qwerty');
INSERT INTO interviewee (id, username, age, gender, country, marital_status) VALUES ('25d4c4d8-c9a0-49a5-9f11-5f5f58bcaadf', 'interviewee373', 66, 'female', 'NL', 'divorced');
INSERT INTO choice (id, questionnaire_id, interviewee_id) VALUES ('c67843ca-f87a-4d01-bf39-8feaeddaacaa', '747d0763-c99f-47ce-809b-b378d489a158', '25d4c4d8-c9a0-49a5-9f11-5f5f58bcaadf');
INSERT INTO option_choice (option_id, choice_id) VALUES ('65c86d12-f533-40f5-8dd6-10903d890b10', 'c67843ca-f87a-4d01-bf39-8feaeddaacaa');
INSERT INTO option_choice (option_id, choice_id) VALUES ('7cc0569f-f362-4ed1-9343-6ffd1369e812', 'c67843ca-f87a-4d01-bf39-8feaeddaacaa');
INSERT INTO principal (username, password) VALUES ('interviewee374', 'qwerty');
INSERT INTO interviewee (id, username, age, gender, country, marital_status) VALUES ('f7b4f190-5f94-4066-b679-7232f5a1e3da', 'interviewee374', 50, 'male', 'TF', 'divorced');
INSERT INTO choice (id, questionnaire_id, interviewee_id) VALUES ('fad675d8-8900-4772-852d-877385bec960', 'e4d0ba66-5e11-433c-8243-4d890cceaf69', 'f7b4f190-5f94-4066-b679-7232f5a1e3da');
INSERT INTO option_choice (option_id, choice_id) VALUES ('7cfec70e-33b3-4c68-9c38-38cf292cd0f9', 'fad675d8-8900-4772-852d-877385bec960');
INSERT INTO option_choice (option_id, choice_id) VALUES ('cb637eae-3b8f-4d17-81fb-9b271857e55c', 'fad675d8-8900-4772-852d-877385bec960');
INSERT INTO choice (id, questionnaire_id, interviewee_id) VALUES ('994de2f7-e44e-43ef-958f-94632a3c40d9', '747d0763-c99f-47ce-809b-b378d489a158', 'f7b4f190-5f94-4066-b679-7232f5a1e3da');
INSERT INTO option_choice (option_id, choice_id) VALUES ('7cc0569f-f362-4ed1-9343-6ffd1369e812', '994de2f7-e44e-43ef-958f-94632a3c40d9');
INSERT INTO choice (id, questionnaire_id, interviewee_id) VALUES ('6604bef1-3472-4325-b30b-b6ecebf1a208', '5b0a67f5-cbf2-4fde-b526-fd512ff68e24', 'f7b4f190-5f94-4066-b679-7232f5a1e3da');
INSERT INTO option_choice (option_id, choice_id) VALUES ('9340e0ac-c863-4fcf-ac40-126be2d1bfa4', '6604bef1-3472-4325-b30b-b6ecebf1a208');
INSERT INTO principal (username, password) VALUES ('interviewee375', 'qwerty');
INSERT INTO interviewee (id, username, age, gender, country, marital_status) VALUES ('bf60cdb4-c6dc-4535-9dfb-7bd341625710', 'interviewee375', 47, 'female', 'TJ', 'was_not_married');
INSERT INTO choice (id, questionnaire_id, interviewee_id) VALUES ('2951916e-88ef-44b5-81b2-8fe108137b26', '5b0a67f5-cbf2-4fde-b526-fd512ff68e24', 'bf60cdb4-c6dc-4535-9dfb-7bd341625710');
INSERT INTO option_choice (option_id, choice_id) VALUES ('97aa1845-210d-4e42-8c05-737698b0c66c', '2951916e-88ef-44b5-81b2-8fe108137b26');
INSERT INTO choice (id, questionnaire_id, interviewee_id) VALUES ('90bb6c32-5d79-4618-a274-dc9d89d02535', '51436662-4eca-40ce-b552-b1c7486cf609', 'bf60cdb4-c6dc-4535-9dfb-7bd341625710');
INSERT INTO option_choice (option_id, choice_id) VALUES ('259215cc-47cc-4165-befd-cf997b4aaf7e', '90bb6c32-5d79-4618-a274-dc9d89d02535');
INSERT INTO choice (id, questionnaire_id, interviewee_id) VALUES ('73edab63-f97d-4e26-b105-ff04082664c9', '48b4658e-bc90-4bd2-97bb-92484114dfea', 'bf60cdb4-c6dc-4535-9dfb-7bd341625710');
INSERT INTO option_choice (option_id, choice_id) VALUES ('5a5b3a6f-7875-401c-8d0b-e9c8b854b985', '73edab63-f97d-4e26-b105-ff04082664c9');
INSERT INTO principal (username, password) VALUES ('interviewee376', 'qwerty');
INSERT INTO interviewee (id, username, age, gender, country, marital_status) VALUES ('48cbc874-fe31-4ef8-9211-5013e8498128', 'interviewee376', 54, 'male', 'NE', 'divorced');
INSERT INTO choice (id, questionnaire_id, interviewee_id) VALUES ('3fe90479-b0ce-4d5e-9a69-56980216cd2b', '05e2761c-9435-4970-ad6d-245d7a696140', '48cbc874-fe31-4ef8-9211-5013e8498128');
INSERT INTO option_choice (option_id, choice_id) VALUES ('cd3191da-899e-4773-b914-291725c8c108', '3fe90479-b0ce-4d5e-9a69-56980216cd2b');
INSERT INTO option_choice (option_id, choice_id) VALUES ('821d408d-9a3b-4716-a443-69cb45197037', '3fe90479-b0ce-4d5e-9a69-56980216cd2b');
INSERT INTO option_choice (option_id, choice_id) VALUES ('ee58bf05-12ff-45e4-b7e9-d37a70181de4', '3fe90479-b0ce-4d5e-9a69-56980216cd2b');
INSERT INTO principal (username, password) VALUES ('interviewee377', 'qwerty');
INSERT INTO interviewee (id, username, age, gender, country, marital_status) VALUES ('bfe6814c-d5da-4230-b4d9-7e1e5e16c550', 'interviewee377', 39, 'male', 'SR', 'married');
INSERT INTO choice (id, questionnaire_id, interviewee_id) VALUES ('2f0119a6-52c1-45c3-80df-e27cdfe83141', '08310229-5370-44f1-8071-5c56f92e3dc5', 'bfe6814c-d5da-4230-b4d9-7e1e5e16c550');
INSERT INTO option_choice (option_id, choice_id) VALUES ('7197ba86-c78b-43c4-bd28-4635a7094531', '2f0119a6-52c1-45c3-80df-e27cdfe83141');
INSERT INTO choice (id, questionnaire_id, interviewee_id) VALUES ('544f1768-fb0e-48d2-9d2a-f221eba2e45b', 'aaacf497-4ae4-46e0-aa2e-27377271bafc', 'bfe6814c-d5da-4230-b4d9-7e1e5e16c550');
INSERT INTO option_choice (option_id, choice_id) VALUES ('4d7025a3-7520-4447-9769-c495cb62415e', '544f1768-fb0e-48d2-9d2a-f221eba2e45b');
INSERT INTO principal (username, password) VALUES ('interviewee378', 'qwerty');
INSERT INTO interviewee (id, username, age, gender, country, marital_status) VALUES ('b84b661d-ad04-4d08-b595-8bb19997d5a7', 'interviewee378', 51, 'male', 'MY', 'married');
INSERT INTO choice (id, questionnaire_id, interviewee_id) VALUES ('d0f5504c-f006-4510-95b9-d2b64250b3be', '2519c51c-9863-4531-85ff-a7ddd5ea08b2', 'b84b661d-ad04-4d08-b595-8bb19997d5a7');
INSERT INTO option_choice (option_id, choice_id) VALUES ('8c388d58-c24e-468d-9d56-271abc2ab89d', 'd0f5504c-f006-4510-95b9-d2b64250b3be');
INSERT INTO choice (id, questionnaire_id, interviewee_id) VALUES ('e2a3b79e-db0e-4767-9e16-91150f6531b9', '05e2761c-9435-4970-ad6d-245d7a696140', 'b84b661d-ad04-4d08-b595-8bb19997d5a7');
INSERT INTO option_choice (option_id, choice_id) VALUES ('26fa513d-ade2-4822-81ac-a6d8dc123679', 'e2a3b79e-db0e-4767-9e16-91150f6531b9');
INSERT INTO option_choice (option_id, choice_id) VALUES ('4431f860-831f-4fdf-9dbb-76fbdb1006a1', 'e2a3b79e-db0e-4767-9e16-91150f6531b9');
INSERT INTO option_choice (option_id, choice_id) VALUES ('cd3191da-899e-4773-b914-291725c8c108', 'e2a3b79e-db0e-4767-9e16-91150f6531b9');
INSERT INTO option_choice (option_id, choice_id) VALUES ('821d408d-9a3b-4716-a443-69cb45197037', 'e2a3b79e-db0e-4767-9e16-91150f6531b9');
INSERT INTO option_choice (option_id, choice_id) VALUES ('ee58bf05-12ff-45e4-b7e9-d37a70181de4', 'e2a3b79e-db0e-4767-9e16-91150f6531b9');
INSERT INTO principal (username, password) VALUES ('interviewee379', 'qwerty');
INSERT INTO interviewee (id, username, age, gender, country, marital_status) VALUES ('1850c7bb-c198-494b-a2c7-82275046938f', 'interviewee379', 34, 'female', 'EE', 'married');
INSERT INTO choice (id, questionnaire_id, interviewee_id) VALUES ('c09449f3-f5d2-4283-943a-bcb4495d4be5', 'b5c886d7-e86f-4083-958a-cbd232db7a84', '1850c7bb-c198-494b-a2c7-82275046938f');
INSERT INTO option_choice (option_id, choice_id) VALUES ('9d7ea78f-0edc-43db-94d7-3d31213df760', 'c09449f3-f5d2-4283-943a-bcb4495d4be5');
INSERT INTO choice (id, questionnaire_id, interviewee_id) VALUES ('d4bf08b1-62ae-4553-aafa-6a053c4116ed', '48b4658e-bc90-4bd2-97bb-92484114dfea', '1850c7bb-c198-494b-a2c7-82275046938f');
INSERT INTO option_choice (option_id, choice_id) VALUES ('5a5b3a6f-7875-401c-8d0b-e9c8b854b985', 'd4bf08b1-62ae-4553-aafa-6a053c4116ed');
INSERT INTO choice (id, questionnaire_id, interviewee_id) VALUES ('06807fc9-4b5a-45fa-9df1-c18f02dc762b', 'e20dbb22-091f-4137-8450-fdeaea74363f', '1850c7bb-c198-494b-a2c7-82275046938f');
INSERT INTO option_choice (option_id, choice_id) VALUES ('946ecf06-2d9f-4fe5-b2b7-64c51a5fdf06', '06807fc9-4b5a-45fa-9df1-c18f02dc762b');
INSERT INTO option_choice (option_id, choice_id) VALUES ('742176a0-b7c8-400a-a370-5871099954a4', '06807fc9-4b5a-45fa-9df1-c18f02dc762b');
INSERT INTO option_choice (option_id, choice_id) VALUES ('4bd78eb1-72bb-47fa-8b7c-4cc826f39edd', '06807fc9-4b5a-45fa-9df1-c18f02dc762b');
INSERT INTO option_choice (option_id, choice_id) VALUES ('a572f3cf-b3ba-491a-9687-6cee662749f1', '06807fc9-4b5a-45fa-9df1-c18f02dc762b');
INSERT INTO principal (username, password) VALUES ('interviewee380', 'qwerty');
INSERT INTO interviewee (id, username, age, gender, country, marital_status) VALUES ('c6ae134a-79e2-434b-8d5f-642158c20bfd', 'interviewee380', 46, 'male', 'TC', 'was_not_married');
INSERT INTO choice (id, questionnaire_id, interviewee_id) VALUES ('bd07445c-2670-459c-89b9-7ca752ec3368', 'b5c886d7-e86f-4083-958a-cbd232db7a84', 'c6ae134a-79e2-434b-8d5f-642158c20bfd');
INSERT INTO option_choice (option_id, choice_id) VALUES ('a446338d-133a-407b-9bd1-520fe1043ec3', 'bd07445c-2670-459c-89b9-7ca752ec3368');
INSERT INTO choice (id, questionnaire_id, interviewee_id) VALUES ('608569ec-01b2-4c19-b609-fef9fa4a1873', '8e156ed6-1a8b-4fe6-9a58-0f7cbdd6af32', 'c6ae134a-79e2-434b-8d5f-642158c20bfd');
INSERT INTO option_choice (option_id, choice_id) VALUES ('358a2bcc-fa9d-4ee1-915b-f4d44b5896ff', '608569ec-01b2-4c19-b609-fef9fa4a1873');
INSERT INTO principal (username, password) VALUES ('interviewee381', 'qwerty');
INSERT INTO interviewee (id, username, age, gender, country, marital_status) VALUES ('3a6d1f73-ab52-476d-a925-680964cd8df1', 'interviewee381', 55, 'female', 'MM', 'divorced');
INSERT INTO choice (id, questionnaire_id, interviewee_id) VALUES ('177ad358-d107-4040-88cd-1f36b987185d', 'b5c886d7-e86f-4083-958a-cbd232db7a84', '3a6d1f73-ab52-476d-a925-680964cd8df1');
INSERT INTO option_choice (option_id, choice_id) VALUES ('9d7ea78f-0edc-43db-94d7-3d31213df760', '177ad358-d107-4040-88cd-1f36b987185d');
INSERT INTO choice (id, questionnaire_id, interviewee_id) VALUES ('61c95fe7-28d9-42d6-8305-06e4482dc601', '51436662-4eca-40ce-b552-b1c7486cf609', '3a6d1f73-ab52-476d-a925-680964cd8df1');
INSERT INTO option_choice (option_id, choice_id) VALUES ('259215cc-47cc-4165-befd-cf997b4aaf7e', '61c95fe7-28d9-42d6-8305-06e4482dc601');
INSERT INTO principal (username, password) VALUES ('interviewee382', 'qwerty');
INSERT INTO interviewee (id, username, age, gender, country, marital_status) VALUES ('cb598c8c-7824-4213-ac0b-d59b1d34e6fd', 'interviewee382', 69, 'male', 'PS', 'married');
INSERT INTO choice (id, questionnaire_id, interviewee_id) VALUES ('a4b62fbe-2af1-4f8e-af2b-9ad03fcc246a', '48b4658e-bc90-4bd2-97bb-92484114dfea', 'cb598c8c-7824-4213-ac0b-d59b1d34e6fd');
INSERT INTO option_choice (option_id, choice_id) VALUES ('5a5b3a6f-7875-401c-8d0b-e9c8b854b985', 'a4b62fbe-2af1-4f8e-af2b-9ad03fcc246a');
INSERT INTO choice (id, questionnaire_id, interviewee_id) VALUES ('4cb04043-66f7-4366-b2e9-3453b01149c4', 'b6df4d49-3f70-4802-90cb-4ab89e24a427', 'cb598c8c-7824-4213-ac0b-d59b1d34e6fd');
INSERT INTO option_choice (option_id, choice_id) VALUES ('30116571-ddf9-48c0-86a4-98a75a2078ee', '4cb04043-66f7-4366-b2e9-3453b01149c4');
INSERT INTO choice (id, questionnaire_id, interviewee_id) VALUES ('5f315f11-4277-4948-86b2-6e135bffa041', 'e4d0ba66-5e11-433c-8243-4d890cceaf69', 'cb598c8c-7824-4213-ac0b-d59b1d34e6fd');
INSERT INTO option_choice (option_id, choice_id) VALUES ('7cfec70e-33b3-4c68-9c38-38cf292cd0f9', '5f315f11-4277-4948-86b2-6e135bffa041');
INSERT INTO option_choice (option_id, choice_id) VALUES ('cb637eae-3b8f-4d17-81fb-9b271857e55c', '5f315f11-4277-4948-86b2-6e135bffa041');
INSERT INTO principal (username, password) VALUES ('interviewee383', 'qwerty');
INSERT INTO interviewee (id, username, age, gender, country, marital_status) VALUES ('6d29cf8c-1da7-4a85-a025-33dbe33e5ed4', 'interviewee383', 51, 'female', 'BM', 'was_not_married');
INSERT INTO choice (id, questionnaire_id, interviewee_id) VALUES ('27b19616-bce5-4f8e-b2b8-0a6bc0416728', '51436662-4eca-40ce-b552-b1c7486cf609', '6d29cf8c-1da7-4a85-a025-33dbe33e5ed4');
INSERT INTO option_choice (option_id, choice_id) VALUES ('e4c4b240-61c9-4253-a93b-9a7768fbfe3f', '27b19616-bce5-4f8e-b2b8-0a6bc0416728');
INSERT INTO choice (id, questionnaire_id, interviewee_id) VALUES ('d52ca80d-dd38-4dbd-a072-0349ba925033', '08310229-5370-44f1-8071-5c56f92e3dc5', '6d29cf8c-1da7-4a85-a025-33dbe33e5ed4');
INSERT INTO option_choice (option_id, choice_id) VALUES ('996311da-bd48-491d-b381-d19b001465c4', 'd52ca80d-dd38-4dbd-a072-0349ba925033');
INSERT INTO choice (id, questionnaire_id, interviewee_id) VALUES ('435f6cc3-120f-4408-9b1f-cd830541945f', '747d0763-c99f-47ce-809b-b378d489a158', '6d29cf8c-1da7-4a85-a025-33dbe33e5ed4');
INSERT INTO option_choice (option_id, choice_id) VALUES ('7cc0569f-f362-4ed1-9343-6ffd1369e812', '435f6cc3-120f-4408-9b1f-cd830541945f');
INSERT INTO option_choice (option_id, choice_id) VALUES ('65c86d12-f533-40f5-8dd6-10903d890b10', '435f6cc3-120f-4408-9b1f-cd830541945f');
INSERT INTO option_choice (option_id, choice_id) VALUES ('2095cf98-27de-4722-93f9-2c09ae6b4ed1', '435f6cc3-120f-4408-9b1f-cd830541945f');
INSERT INTO principal (username, password) VALUES ('interviewee384', 'qwerty');
INSERT INTO interviewee (id, username, age, gender, country, marital_status) VALUES ('bfe96a31-1d6b-42ca-ab5e-27d8172c775b', 'interviewee384', 16, 'female', 'GG', 'was_not_married');
INSERT INTO choice (id, questionnaire_id, interviewee_id) VALUES ('dadabac1-b4f4-405a-8183-b6f11c5294b2', 'aaacf497-4ae4-46e0-aa2e-27377271bafc', 'bfe96a31-1d6b-42ca-ab5e-27d8172c775b');
INSERT INTO option_choice (option_id, choice_id) VALUES ('d4aa64ba-49fd-4d00-9175-a646c1d6d559', 'dadabac1-b4f4-405a-8183-b6f11c5294b2');
INSERT INTO principal (username, password) VALUES ('interviewee385', 'qwerty');
INSERT INTO interviewee (id, username, age, gender, country, marital_status) VALUES ('af8f1356-c9ae-4471-8ff0-3d883a752b3e', 'interviewee385', 66, 'female', 'TJ', 'was_not_married');
INSERT INTO choice (id, questionnaire_id, interviewee_id) VALUES ('e15f46b3-6692-4284-8902-7ceca0de4a3b', '8e156ed6-1a8b-4fe6-9a58-0f7cbdd6af32', 'af8f1356-c9ae-4471-8ff0-3d883a752b3e');
INSERT INTO option_choice (option_id, choice_id) VALUES ('38f39cdf-6292-4c51-8660-f27ad61185bf', 'e15f46b3-6692-4284-8902-7ceca0de4a3b');
INSERT INTO choice (id, questionnaire_id, interviewee_id) VALUES ('f7382928-17c1-4c0d-8e78-8c9f7aee40e6', 'e4d0ba66-5e11-433c-8243-4d890cceaf69', 'af8f1356-c9ae-4471-8ff0-3d883a752b3e');
INSERT INTO option_choice (option_id, choice_id) VALUES ('cb637eae-3b8f-4d17-81fb-9b271857e55c', 'f7382928-17c1-4c0d-8e78-8c9f7aee40e6');
INSERT INTO option_choice (option_id, choice_id) VALUES ('7cfec70e-33b3-4c68-9c38-38cf292cd0f9', 'f7382928-17c1-4c0d-8e78-8c9f7aee40e6');
INSERT INTO principal (username, password) VALUES ('interviewee386', 'qwerty');
INSERT INTO interviewee (id, username, age, gender, country, marital_status) VALUES ('debf6c6a-2ace-4421-8f25-e8d15e0089ea', 'interviewee386', 62, 'female', 'SV', 'married');
INSERT INTO choice (id, questionnaire_id, interviewee_id) VALUES ('d57d246f-209c-4dc8-85c7-4e0a633f63df', '858287c2-e494-424b-a03f-6b0a55c2fce3', 'debf6c6a-2ace-4421-8f25-e8d15e0089ea');
INSERT INTO option_choice (option_id, choice_id) VALUES ('a7e89931-dbca-4a6f-bdbb-b42e57f2e7f2', 'd57d246f-209c-4dc8-85c7-4e0a633f63df');
INSERT INTO option_choice (option_id, choice_id) VALUES ('f2fd1a72-0ca7-41a6-ad15-7bc21a02fe73', 'd57d246f-209c-4dc8-85c7-4e0a633f63df');
INSERT INTO option_choice (option_id, choice_id) VALUES ('59c8e6e3-5895-4f0b-ae9e-3bb455a5f6b2', 'd57d246f-209c-4dc8-85c7-4e0a633f63df');
INSERT INTO choice (id, questionnaire_id, interviewee_id) VALUES ('da1fac0a-9b7a-4c93-a676-776b72b78ee6', '8e156ed6-1a8b-4fe6-9a58-0f7cbdd6af32', 'debf6c6a-2ace-4421-8f25-e8d15e0089ea');
INSERT INTO option_choice (option_id, choice_id) VALUES ('f6bf8b45-f0b9-47e2-b46b-2edc8b8541ed', 'da1fac0a-9b7a-4c93-a676-776b72b78ee6');
INSERT INTO principal (username, password) VALUES ('interviewee387', 'qwerty');
INSERT INTO interviewee (id, username, age, gender, country, marital_status) VALUES ('ef19a98d-d7a0-422f-a9da-0b202ea99fbd', 'interviewee387', 47, 'male', 'AX', 'divorced');
INSERT INTO choice (id, questionnaire_id, interviewee_id) VALUES ('45e86d9d-09d1-49c5-87cf-40798431a096', '173a3ab0-8485-4aa4-8787-a2a4414f992e', 'ef19a98d-d7a0-422f-a9da-0b202ea99fbd');
INSERT INTO option_choice (option_id, choice_id) VALUES ('a477d3c8-db0a-4572-a680-b96fd792dc75', '45e86d9d-09d1-49c5-87cf-40798431a096');
INSERT INTO option_choice (option_id, choice_id) VALUES ('3f698183-af22-44ca-80c1-eb668697e9ea', '45e86d9d-09d1-49c5-87cf-40798431a096');
INSERT INTO option_choice (option_id, choice_id) VALUES ('bf89350f-11e0-4471-a3a1-95481edf5acd', '45e86d9d-09d1-49c5-87cf-40798431a096');
INSERT INTO option_choice (option_id, choice_id) VALUES ('3c8e0934-801c-4afd-98de-7aaf263889f6', '45e86d9d-09d1-49c5-87cf-40798431a096');
INSERT INTO option_choice (option_id, choice_id) VALUES ('c453fc60-b896-4f66-8dbe-cc55bc42881e', '45e86d9d-09d1-49c5-87cf-40798431a096');
INSERT INTO option_choice (option_id, choice_id) VALUES ('ce62e0a7-1873-4aa1-a448-2fad3cc888ee', '45e86d9d-09d1-49c5-87cf-40798431a096');
INSERT INTO option_choice (option_id, choice_id) VALUES ('f9a527bc-3f55-40db-b05e-d549f1801594', '45e86d9d-09d1-49c5-87cf-40798431a096');
INSERT INTO choice (id, questionnaire_id, interviewee_id) VALUES ('bb0ccd4d-b470-4328-be51-57f39fc17968', '2519c51c-9863-4531-85ff-a7ddd5ea08b2', 'ef19a98d-d7a0-422f-a9da-0b202ea99fbd');
INSERT INTO option_choice (option_id, choice_id) VALUES ('b2ff87be-cdaa-4b83-bb9c-9946660ea8b8', 'bb0ccd4d-b470-4328-be51-57f39fc17968');
INSERT INTO principal (username, password) VALUES ('interviewee388', 'qwerty');
INSERT INTO interviewee (id, username, age, gender, country, marital_status) VALUES ('ef6e1e7e-455f-40d3-8e1f-b2b0f751149a', 'interviewee388', 22, 'female', 'KI', 'married');
INSERT INTO choice (id, questionnaire_id, interviewee_id) VALUES ('1fd85d42-16fa-47de-8328-7fd6e38ecc91', '81a3f075-1324-4e67-90a5-493fe3324435', 'ef6e1e7e-455f-40d3-8e1f-b2b0f751149a');
INSERT INTO option_choice (option_id, choice_id) VALUES ('a0eef1f9-547a-4823-b7e0-bb52d6891f8f', '1fd85d42-16fa-47de-8328-7fd6e38ecc91');
INSERT INTO choice (id, questionnaire_id, interviewee_id) VALUES ('d32106ab-fe3c-4316-994c-695da6bdbcb5', 'e4d0ba66-5e11-433c-8243-4d890cceaf69', 'ef6e1e7e-455f-40d3-8e1f-b2b0f751149a');
INSERT INTO option_choice (option_id, choice_id) VALUES ('7cfec70e-33b3-4c68-9c38-38cf292cd0f9', 'd32106ab-fe3c-4316-994c-695da6bdbcb5');
INSERT INTO principal (username, password) VALUES ('interviewee389', 'qwerty');
INSERT INTO interviewee (id, username, age, gender, country, marital_status) VALUES ('b08cdf64-be87-4834-b7c7-625e36a43a77', 'interviewee389', 50, 'male', 'BZ', 'was_not_married');
INSERT INTO choice (id, questionnaire_id, interviewee_id) VALUES ('95c87ed7-b95d-4bb7-848b-2185e28cf182', '173a3ab0-8485-4aa4-8787-a2a4414f992e', 'b08cdf64-be87-4834-b7c7-625e36a43a77');
INSERT INTO option_choice (option_id, choice_id) VALUES ('3f698183-af22-44ca-80c1-eb668697e9ea', '95c87ed7-b95d-4bb7-848b-2185e28cf182');
INSERT INTO option_choice (option_id, choice_id) VALUES ('3c8e0934-801c-4afd-98de-7aaf263889f6', '95c87ed7-b95d-4bb7-848b-2185e28cf182');
INSERT INTO option_choice (option_id, choice_id) VALUES ('e03fcb10-1308-44a4-9ce2-e4eaf10452c1', '95c87ed7-b95d-4bb7-848b-2185e28cf182');
INSERT INTO option_choice (option_id, choice_id) VALUES ('ce62e0a7-1873-4aa1-a448-2fad3cc888ee', '95c87ed7-b95d-4bb7-848b-2185e28cf182');
INSERT INTO option_choice (option_id, choice_id) VALUES ('f9a527bc-3f55-40db-b05e-d549f1801594', '95c87ed7-b95d-4bb7-848b-2185e28cf182');
INSERT INTO option_choice (option_id, choice_id) VALUES ('bf89350f-11e0-4471-a3a1-95481edf5acd', '95c87ed7-b95d-4bb7-848b-2185e28cf182');
INSERT INTO principal (username, password) VALUES ('interviewee390', 'qwerty');
INSERT INTO interviewee (id, username, age, gender, country, marital_status) VALUES ('92d468c7-5985-411e-a8a6-48fec8a02d7e', 'interviewee390', 50, 'female', 'SG', 'was_not_married');
INSERT INTO choice (id, questionnaire_id, interviewee_id) VALUES ('95bb2ab7-1593-46fc-a42c-2a7cf2174a02', 'b6df4d49-3f70-4802-90cb-4ab89e24a427', '92d468c7-5985-411e-a8a6-48fec8a02d7e');
INSERT INTO option_choice (option_id, choice_id) VALUES ('97729629-c47a-4614-a618-d90dee3f5476', '95bb2ab7-1593-46fc-a42c-2a7cf2174a02');
INSERT INTO choice (id, questionnaire_id, interviewee_id) VALUES ('c90bd049-5bbd-4ac7-b0e8-06515f31b453', 'e4d0ba66-5e11-433c-8243-4d890cceaf69', '92d468c7-5985-411e-a8a6-48fec8a02d7e');
INSERT INTO option_choice (option_id, choice_id) VALUES ('cb637eae-3b8f-4d17-81fb-9b271857e55c', 'c90bd049-5bbd-4ac7-b0e8-06515f31b453');
INSERT INTO option_choice (option_id, choice_id) VALUES ('7cfec70e-33b3-4c68-9c38-38cf292cd0f9', 'c90bd049-5bbd-4ac7-b0e8-06515f31b453');
INSERT INTO choice (id, questionnaire_id, interviewee_id) VALUES ('8946d53b-8a1a-4680-8fc3-ca8f844201b4', '49c46fd6-2111-4ef5-8b91-9ee67132426d', '92d468c7-5985-411e-a8a6-48fec8a02d7e');
INSERT INTO option_choice (option_id, choice_id) VALUES ('1edad7c9-bfa7-40be-bc47-62530b1df2c4', '8946d53b-8a1a-4680-8fc3-ca8f844201b4');
INSERT INTO principal (username, password) VALUES ('interviewee391', 'qwerty');
INSERT INTO interviewee (id, username, age, gender, country, marital_status) VALUES ('e06211a4-a956-46df-9b37-dba0425f8151', 'interviewee391', 31, 'male', 'AX', 'divorced');
INSERT INTO choice (id, questionnaire_id, interviewee_id) VALUES ('0adcfb4f-41b8-40f6-8555-9804baf05c48', 'c6dd214b-43b7-401f-afe6-a5ab0d2d7767', 'e06211a4-a956-46df-9b37-dba0425f8151');
INSERT INTO option_choice (option_id, choice_id) VALUES ('069a6758-231c-4064-8e44-a0db84e86a21', '0adcfb4f-41b8-40f6-8555-9804baf05c48');
INSERT INTO option_choice (option_id, choice_id) VALUES ('17ceef0b-83da-42ec-a82c-9090a9be74af', '0adcfb4f-41b8-40f6-8555-9804baf05c48');
INSERT INTO choice (id, questionnaire_id, interviewee_id) VALUES ('a8d2c0a0-d521-4f2e-8605-87c4faacf3b1', 'aaacf497-4ae4-46e0-aa2e-27377271bafc', 'e06211a4-a956-46df-9b37-dba0425f8151');
INSERT INTO option_choice (option_id, choice_id) VALUES ('d4aa64ba-49fd-4d00-9175-a646c1d6d559', 'a8d2c0a0-d521-4f2e-8605-87c4faacf3b1');
INSERT INTO principal (username, password) VALUES ('interviewee392', 'qwerty');
INSERT INTO interviewee (id, username, age, gender, country, marital_status) VALUES ('af6c0c11-5ef5-4e49-8b66-faba65436713', 'interviewee392', 51, 'male', 'AS', 'divorced');
INSERT INTO choice (id, questionnaire_id, interviewee_id) VALUES ('21e15302-1574-4e14-bc01-196cfe4e5ab4', '81a3f075-1324-4e67-90a5-493fe3324435', 'af6c0c11-5ef5-4e49-8b66-faba65436713');
INSERT INTO option_choice (option_id, choice_id) VALUES ('c5035143-d5d2-4934-8b99-4e66507a8603', '21e15302-1574-4e14-bc01-196cfe4e5ab4');
INSERT INTO option_choice (option_id, choice_id) VALUES ('a0eef1f9-547a-4823-b7e0-bb52d6891f8f', '21e15302-1574-4e14-bc01-196cfe4e5ab4');
INSERT INTO option_choice (option_id, choice_id) VALUES ('a1737a4b-bfa2-4208-a103-ca4bea3afaaf', '21e15302-1574-4e14-bc01-196cfe4e5ab4');
INSERT INTO option_choice (option_id, choice_id) VALUES ('7b2bd172-1566-440a-81d8-f9b2fb43f8fc', '21e15302-1574-4e14-bc01-196cfe4e5ab4');
INSERT INTO option_choice (option_id, choice_id) VALUES ('c0afeee2-6628-4404-bc41-32bc0a1505c5', '21e15302-1574-4e14-bc01-196cfe4e5ab4');
INSERT INTO choice (id, questionnaire_id, interviewee_id) VALUES ('b823a642-d562-40c8-b8f3-a324208bc5cd', 'aaacf497-4ae4-46e0-aa2e-27377271bafc', 'af6c0c11-5ef5-4e49-8b66-faba65436713');
INSERT INTO option_choice (option_id, choice_id) VALUES ('070ce52d-21fd-4380-9c02-d25647a035a6', 'b823a642-d562-40c8-b8f3-a324208bc5cd');
INSERT INTO principal (username, password) VALUES ('interviewee393', 'qwerty');
INSERT INTO interviewee (id, username, age, gender, country, marital_status) VALUES ('b7b8bdea-b9f0-4a64-946a-0558130af3ae', 'interviewee393', 67, 'female', 'GY', 'married');
INSERT INTO choice (id, questionnaire_id, interviewee_id) VALUES ('6b915627-057e-4fec-bc62-c7d1c4a45444', '49c46fd6-2111-4ef5-8b91-9ee67132426d', 'b7b8bdea-b9f0-4a64-946a-0558130af3ae');
INSERT INTO option_choice (option_id, choice_id) VALUES ('9324aa44-2cdd-4334-9eee-ab97e62258df', '6b915627-057e-4fec-bc62-c7d1c4a45444');
INSERT INTO choice (id, questionnaire_id, interviewee_id) VALUES ('35dab582-b5df-4bb8-8494-6644ce6d1da0', '2519c51c-9863-4531-85ff-a7ddd5ea08b2', 'b7b8bdea-b9f0-4a64-946a-0558130af3ae');
INSERT INTO option_choice (option_id, choice_id) VALUES ('8c388d58-c24e-468d-9d56-271abc2ab89d', '35dab582-b5df-4bb8-8494-6644ce6d1da0');
INSERT INTO principal (username, password) VALUES ('interviewee394', 'qwerty');
INSERT INTO interviewee (id, username, age, gender, country, marital_status) VALUES ('ea2f2655-e82f-488e-8d48-29509f30188f', 'interviewee394', 66, 'male', 'CK', 'divorced');
INSERT INTO choice (id, questionnaire_id, interviewee_id) VALUES ('9de4492d-48c8-43d8-b6cc-0155d7700717', 'e4d0ba66-5e11-433c-8243-4d890cceaf69', 'ea2f2655-e82f-488e-8d48-29509f30188f');
INSERT INTO option_choice (option_id, choice_id) VALUES ('cb637eae-3b8f-4d17-81fb-9b271857e55c', '9de4492d-48c8-43d8-b6cc-0155d7700717');
INSERT INTO option_choice (option_id, choice_id) VALUES ('7cfec70e-33b3-4c68-9c38-38cf292cd0f9', '9de4492d-48c8-43d8-b6cc-0155d7700717');
INSERT INTO choice (id, questionnaire_id, interviewee_id) VALUES ('07918808-a904-4095-b805-9b8fe2dbc071', '173a3ab0-8485-4aa4-8787-a2a4414f992e', 'ea2f2655-e82f-488e-8d48-29509f30188f');
INSERT INTO option_choice (option_id, choice_id) VALUES ('ce62e0a7-1873-4aa1-a448-2fad3cc888ee', '07918808-a904-4095-b805-9b8fe2dbc071');
INSERT INTO option_choice (option_id, choice_id) VALUES ('f9a527bc-3f55-40db-b05e-d549f1801594', '07918808-a904-4095-b805-9b8fe2dbc071');
INSERT INTO option_choice (option_id, choice_id) VALUES ('3f698183-af22-44ca-80c1-eb668697e9ea', '07918808-a904-4095-b805-9b8fe2dbc071');
INSERT INTO choice (id, questionnaire_id, interviewee_id) VALUES ('1b43c6d0-8225-4254-a061-4724c1140ec2', '49c46fd6-2111-4ef5-8b91-9ee67132426d', 'ea2f2655-e82f-488e-8d48-29509f30188f');
INSERT INTO option_choice (option_id, choice_id) VALUES ('9324aa44-2cdd-4334-9eee-ab97e62258df', '1b43c6d0-8225-4254-a061-4724c1140ec2');
INSERT INTO principal (username, password) VALUES ('interviewee395', 'qwerty');
INSERT INTO interviewee (id, username, age, gender, country, marital_status) VALUES ('d7f34b00-8e34-4958-a287-d7cc9d8bb0ce', 'interviewee395', 36, 'male', 'AT', 'divorced');
INSERT INTO choice (id, questionnaire_id, interviewee_id) VALUES ('baf50247-17ba-400b-bd3a-df6b64aedc97', 'c6dd214b-43b7-401f-afe6-a5ab0d2d7767', 'd7f34b00-8e34-4958-a287-d7cc9d8bb0ce');
INSERT INTO option_choice (option_id, choice_id) VALUES ('9d2a2dd1-7979-48a6-a0b7-3de8fdea75b6', 'baf50247-17ba-400b-bd3a-df6b64aedc97');
INSERT INTO option_choice (option_id, choice_id) VALUES ('069a6758-231c-4064-8e44-a0db84e86a21', 'baf50247-17ba-400b-bd3a-df6b64aedc97');
INSERT INTO option_choice (option_id, choice_id) VALUES ('c134384c-5eda-4957-9883-b965681b9fef', 'baf50247-17ba-400b-bd3a-df6b64aedc97');
INSERT INTO option_choice (option_id, choice_id) VALUES ('17ceef0b-83da-42ec-a82c-9090a9be74af', 'baf50247-17ba-400b-bd3a-df6b64aedc97');
INSERT INTO choice (id, questionnaire_id, interviewee_id) VALUES ('4f73baa9-190f-4f5a-b79f-81d7281bea73', 'e4d0ba66-5e11-433c-8243-4d890cceaf69', 'd7f34b00-8e34-4958-a287-d7cc9d8bb0ce');
INSERT INTO option_choice (option_id, choice_id) VALUES ('7cfec70e-33b3-4c68-9c38-38cf292cd0f9', '4f73baa9-190f-4f5a-b79f-81d7281bea73');
INSERT INTO option_choice (option_id, choice_id) VALUES ('cb637eae-3b8f-4d17-81fb-9b271857e55c', '4f73baa9-190f-4f5a-b79f-81d7281bea73');
INSERT INTO principal (username, password) VALUES ('interviewee396', 'qwerty');
INSERT INTO interviewee (id, username, age, gender, country, marital_status) VALUES ('2e73e692-3638-433e-b7b1-3d520eb96048', 'interviewee396', 38, 'male', 'IS', 'divorced');
INSERT INTO choice (id, questionnaire_id, interviewee_id) VALUES ('34e09068-b951-4db0-a4ed-e6b503316c9a', '173a3ab0-8485-4aa4-8787-a2a4414f992e', '2e73e692-3638-433e-b7b1-3d520eb96048');
INSERT INTO option_choice (option_id, choice_id) VALUES ('bf89350f-11e0-4471-a3a1-95481edf5acd', '34e09068-b951-4db0-a4ed-e6b503316c9a');
INSERT INTO option_choice (option_id, choice_id) VALUES ('a477d3c8-db0a-4572-a680-b96fd792dc75', '34e09068-b951-4db0-a4ed-e6b503316c9a');
INSERT INTO option_choice (option_id, choice_id) VALUES ('c453fc60-b896-4f66-8dbe-cc55bc42881e', '34e09068-b951-4db0-a4ed-e6b503316c9a');
INSERT INTO option_choice (option_id, choice_id) VALUES ('3c8e0934-801c-4afd-98de-7aaf263889f6', '34e09068-b951-4db0-a4ed-e6b503316c9a');
INSERT INTO option_choice (option_id, choice_id) VALUES ('3f698183-af22-44ca-80c1-eb668697e9ea', '34e09068-b951-4db0-a4ed-e6b503316c9a');
INSERT INTO choice (id, questionnaire_id, interviewee_id) VALUES ('af626eef-62b2-410d-b2eb-af525e1a34ab', '4a4f7cbc-8533-42b3-923b-6b4309f53c64', '2e73e692-3638-433e-b7b1-3d520eb96048');
INSERT INTO option_choice (option_id, choice_id) VALUES ('655a67a1-3c81-4e22-99c2-2b849fa8c564', 'af626eef-62b2-410d-b2eb-af525e1a34ab');
INSERT INTO principal (username, password) VALUES ('interviewee397', 'qwerty');
INSERT INTO interviewee (id, username, age, gender, country, marital_status) VALUES ('9d3cdb8c-6eed-4c49-8c40-d699aa82c7cc', 'interviewee397', 42, 'male', 'FI', 'was_not_married');
INSERT INTO choice (id, questionnaire_id, interviewee_id) VALUES ('cc0ee85d-9589-4563-8f25-32b3526a97c1', 'c6dd214b-43b7-401f-afe6-a5ab0d2d7767', '9d3cdb8c-6eed-4c49-8c40-d699aa82c7cc');
INSERT INTO option_choice (option_id, choice_id) VALUES ('c134384c-5eda-4957-9883-b965681b9fef', 'cc0ee85d-9589-4563-8f25-32b3526a97c1');
INSERT INTO option_choice (option_id, choice_id) VALUES ('17ceef0b-83da-42ec-a82c-9090a9be74af', 'cc0ee85d-9589-4563-8f25-32b3526a97c1');
INSERT INTO principal (username, password) VALUES ('interviewee398', 'qwerty');
INSERT INTO interviewee (id, username, age, gender, country, marital_status) VALUES ('366573ac-f8f4-4282-a5b3-946816aaab6a', 'interviewee398', 37, 'female', 'PL', 'was_not_married');
INSERT INTO choice (id, questionnaire_id, interviewee_id) VALUES ('b15d6e9a-2db4-43fd-9522-90604626ebb2', '49c46fd6-2111-4ef5-8b91-9ee67132426d', '366573ac-f8f4-4282-a5b3-946816aaab6a');
INSERT INTO option_choice (option_id, choice_id) VALUES ('210da814-c19f-4c77-ba7b-e598584d62e4', 'b15d6e9a-2db4-43fd-9522-90604626ebb2');
INSERT INTO principal (username, password) VALUES ('interviewee399', 'qwerty');
INSERT INTO interviewee (id, username, age, gender, country, marital_status) VALUES ('029b8d53-dadc-4ba3-a6b3-5256cd0358d9', 'interviewee399', 15, 'male', 'UY', 'married');
INSERT INTO choice (id, questionnaire_id, interviewee_id) VALUES ('048ad11c-a14e-46c7-b4ca-6122ac0a57b9', '173a3ab0-8485-4aa4-8787-a2a4414f992e', '029b8d53-dadc-4ba3-a6b3-5256cd0358d9');
INSERT INTO option_choice (option_id, choice_id) VALUES ('c453fc60-b896-4f66-8dbe-cc55bc42881e', '048ad11c-a14e-46c7-b4ca-6122ac0a57b9');
INSERT INTO option_choice (option_id, choice_id) VALUES ('a477d3c8-db0a-4572-a680-b96fd792dc75', '048ad11c-a14e-46c7-b4ca-6122ac0a57b9');
INSERT INTO option_choice (option_id, choice_id) VALUES ('bf89350f-11e0-4471-a3a1-95481edf5acd', '048ad11c-a14e-46c7-b4ca-6122ac0a57b9');
INSERT INTO option_choice (option_id, choice_id) VALUES ('ce62e0a7-1873-4aa1-a448-2fad3cc888ee', '048ad11c-a14e-46c7-b4ca-6122ac0a57b9');
INSERT INTO option_choice (option_id, choice_id) VALUES ('3c8e0934-801c-4afd-98de-7aaf263889f6', '048ad11c-a14e-46c7-b4ca-6122ac0a57b9');
INSERT INTO option_choice (option_id, choice_id) VALUES ('e03fcb10-1308-44a4-9ce2-e4eaf10452c1', '048ad11c-a14e-46c7-b4ca-6122ac0a57b9');
INSERT INTO choice (id, questionnaire_id, interviewee_id) VALUES ('9b49ff78-1063-407b-94f7-1a0eab9cd2ec', 'e4d0ba66-5e11-433c-8243-4d890cceaf69', '029b8d53-dadc-4ba3-a6b3-5256cd0358d9');
INSERT INTO option_choice (option_id, choice_id) VALUES ('7cfec70e-33b3-4c68-9c38-38cf292cd0f9', '9b49ff78-1063-407b-94f7-1a0eab9cd2ec');
INSERT INTO option_choice (option_id, choice_id) VALUES ('cb637eae-3b8f-4d17-81fb-9b271857e55c', '9b49ff78-1063-407b-94f7-1a0eab9cd2ec');
INSERT INTO principal (username, password) VALUES ('interviewee400', 'qwerty');
INSERT INTO interviewee (id, username, age, gender, country, marital_status) VALUES ('86ccd2ec-ae07-4425-9d2e-b4ab41c14764', 'interviewee400', 51, 'female', 'RW', 'married');
INSERT INTO choice (id, questionnaire_id, interviewee_id) VALUES ('44d5f77e-1618-4ad4-824b-8a638c65e95d', 'c6dd214b-43b7-401f-afe6-a5ab0d2d7767', '86ccd2ec-ae07-4425-9d2e-b4ab41c14764');
INSERT INTO option_choice (option_id, choice_id) VALUES ('9d2a2dd1-7979-48a6-a0b7-3de8fdea75b6', '44d5f77e-1618-4ad4-824b-8a638c65e95d');
INSERT INTO choice (id, questionnaire_id, interviewee_id) VALUES ('684dd110-bd52-416e-970b-e55797e1d3be', 'e4d0ba66-5e11-433c-8243-4d890cceaf69', '86ccd2ec-ae07-4425-9d2e-b4ab41c14764');
INSERT INTO option_choice (option_id, choice_id) VALUES ('7cfec70e-33b3-4c68-9c38-38cf292cd0f9', '684dd110-bd52-416e-970b-e55797e1d3be');
INSERT INTO option_choice (option_id, choice_id) VALUES ('cb637eae-3b8f-4d17-81fb-9b271857e55c', '684dd110-bd52-416e-970b-e55797e1d3be');
INSERT INTO choice (id, questionnaire_id, interviewee_id) VALUES ('fce2092c-8876-429f-8d84-aef652e334c0', '81a3f075-1324-4e67-90a5-493fe3324435', '86ccd2ec-ae07-4425-9d2e-b4ab41c14764');
INSERT INTO option_choice (option_id, choice_id) VALUES ('c5035143-d5d2-4934-8b99-4e66507a8603', 'fce2092c-8876-429f-8d84-aef652e334c0');
INSERT INTO option_choice (option_id, choice_id) VALUES ('a0eef1f9-547a-4823-b7e0-bb52d6891f8f', 'fce2092c-8876-429f-8d84-aef652e334c0');
INSERT INTO option_choice (option_id, choice_id) VALUES ('c0afeee2-6628-4404-bc41-32bc0a1505c5', 'fce2092c-8876-429f-8d84-aef652e334c0');
INSERT INTO option_choice (option_id, choice_id) VALUES ('ab9020e3-a12b-46eb-97f0-79dcfaab7356', 'fce2092c-8876-429f-8d84-aef652e334c0');
INSERT INTO principal (username, password) VALUES ('interviewee401', 'qwerty');
INSERT INTO interviewee (id, username, age, gender, country, marital_status) VALUES ('4c9e983f-5e1b-49fa-a102-233b07f7421c', 'interviewee401', 60, 'male', 'IS', 'divorced');
INSERT INTO choice (id, questionnaire_id, interviewee_id) VALUES ('a8404d5d-088a-4b3c-99f5-7dad8eac36f4', '49c46fd6-2111-4ef5-8b91-9ee67132426d', '4c9e983f-5e1b-49fa-a102-233b07f7421c');
INSERT INTO option_choice (option_id, choice_id) VALUES ('1edad7c9-bfa7-40be-bc47-62530b1df2c4', 'a8404d5d-088a-4b3c-99f5-7dad8eac36f4');
INSERT INTO principal (username, password) VALUES ('interviewee402', 'qwerty');
INSERT INTO interviewee (id, username, age, gender, country, marital_status) VALUES ('4a94fa31-9c34-489a-a0d9-cf6f17ce20d7', 'interviewee402', 29, 'male', 'ET', 'married');
INSERT INTO choice (id, questionnaire_id, interviewee_id) VALUES ('fcf36e1f-66d1-47b0-9b5c-dac0006f7d96', 'c6dd214b-43b7-401f-afe6-a5ab0d2d7767', '4a94fa31-9c34-489a-a0d9-cf6f17ce20d7');
INSERT INTO option_choice (option_id, choice_id) VALUES ('c134384c-5eda-4957-9883-b965681b9fef', 'fcf36e1f-66d1-47b0-9b5c-dac0006f7d96');
INSERT INTO option_choice (option_id, choice_id) VALUES ('17ceef0b-83da-42ec-a82c-9090a9be74af', 'fcf36e1f-66d1-47b0-9b5c-dac0006f7d96');
INSERT INTO option_choice (option_id, choice_id) VALUES ('069a6758-231c-4064-8e44-a0db84e86a21', 'fcf36e1f-66d1-47b0-9b5c-dac0006f7d96');
INSERT INTO choice (id, questionnaire_id, interviewee_id) VALUES ('a067846e-f225-4c42-a996-22c717efab35', '48b4658e-bc90-4bd2-97bb-92484114dfea', '4a94fa31-9c34-489a-a0d9-cf6f17ce20d7');
INSERT INTO option_choice (option_id, choice_id) VALUES ('5a5b3a6f-7875-401c-8d0b-e9c8b854b985', 'a067846e-f225-4c42-a996-22c717efab35');
INSERT INTO choice (id, questionnaire_id, interviewee_id) VALUES ('56e292bc-1245-43d6-803e-cb7956950380', 'e4d0ba66-5e11-433c-8243-4d890cceaf69', '4a94fa31-9c34-489a-a0d9-cf6f17ce20d7');
INSERT INTO option_choice (option_id, choice_id) VALUES ('cb637eae-3b8f-4d17-81fb-9b271857e55c', '56e292bc-1245-43d6-803e-cb7956950380');
INSERT INTO principal (username, password) VALUES ('interviewee403', 'qwerty');
INSERT INTO interviewee (id, username, age, gender, country, marital_status) VALUES ('512f2b75-403a-4e91-b6f2-82cea5b5e711', 'interviewee403', 39, 'male', 'SX', 'married');
INSERT INTO choice (id, questionnaire_id, interviewee_id) VALUES ('aeece626-555e-4ca3-9dc7-8adb54bb2400', 'e20dbb22-091f-4137-8450-fdeaea74363f', '512f2b75-403a-4e91-b6f2-82cea5b5e711');
INSERT INTO option_choice (option_id, choice_id) VALUES ('49d1bc1f-0fd1-4dad-ab6d-b123ea13d33a', 'aeece626-555e-4ca3-9dc7-8adb54bb2400');
INSERT INTO option_choice (option_id, choice_id) VALUES ('946ecf06-2d9f-4fe5-b2b7-64c51a5fdf06', 'aeece626-555e-4ca3-9dc7-8adb54bb2400');
INSERT INTO option_choice (option_id, choice_id) VALUES ('322bbc1b-4e8d-41ae-b4f2-3466891dc809', 'aeece626-555e-4ca3-9dc7-8adb54bb2400');
INSERT INTO option_choice (option_id, choice_id) VALUES ('b09da84d-7533-40da-b486-a820b6b7c110', 'aeece626-555e-4ca3-9dc7-8adb54bb2400');
INSERT INTO option_choice (option_id, choice_id) VALUES ('ff3c7a97-70db-4404-b85b-274707745879', 'aeece626-555e-4ca3-9dc7-8adb54bb2400');
INSERT INTO option_choice (option_id, choice_id) VALUES ('4bd78eb1-72bb-47fa-8b7c-4cc826f39edd', 'aeece626-555e-4ca3-9dc7-8adb54bb2400');
INSERT INTO option_choice (option_id, choice_id) VALUES ('742176a0-b7c8-400a-a370-5871099954a4', 'aeece626-555e-4ca3-9dc7-8adb54bb2400');
INSERT INTO principal (username, password) VALUES ('interviewee404', 'qwerty');
INSERT INTO interviewee (id, username, age, gender, country, marital_status) VALUES ('94847335-83cd-400d-a510-26fc29a1d0e1', 'interviewee404', 49, 'female', 'PW', 'married');
INSERT INTO choice (id, questionnaire_id, interviewee_id) VALUES ('f8924168-f728-4169-9233-d371229fde0c', '2519c51c-9863-4531-85ff-a7ddd5ea08b2', '94847335-83cd-400d-a510-26fc29a1d0e1');
INSERT INTO option_choice (option_id, choice_id) VALUES ('dffcbd6b-b37a-4468-8c01-26ae752e283e', 'f8924168-f728-4169-9233-d371229fde0c');
INSERT INTO principal (username, password) VALUES ('interviewee405', 'qwerty');
INSERT INTO interviewee (id, username, age, gender, country, marital_status) VALUES ('3f6c55fc-5f31-4dcb-99f9-ee799c292b2b', 'interviewee405', 49, 'male', 'IS', 'was_not_married');
INSERT INTO choice (id, questionnaire_id, interviewee_id) VALUES ('19aef52e-c88a-448a-9ec5-6b86380add30', '51436662-4eca-40ce-b552-b1c7486cf609', '3f6c55fc-5f31-4dcb-99f9-ee799c292b2b');
INSERT INTO option_choice (option_id, choice_id) VALUES ('259215cc-47cc-4165-befd-cf997b4aaf7e', '19aef52e-c88a-448a-9ec5-6b86380add30');
INSERT INTO choice (id, questionnaire_id, interviewee_id) VALUES ('556b8994-5ebd-4ba6-9544-aa5e68c8ea61', '407203dd-9657-46e6-975f-3be5d664dd2a', '3f6c55fc-5f31-4dcb-99f9-ee799c292b2b');
INSERT INTO option_choice (option_id, choice_id) VALUES ('4285dd4d-8381-423b-8700-37e491ae1336', '556b8994-5ebd-4ba6-9544-aa5e68c8ea61');
INSERT INTO principal (username, password) VALUES ('interviewee406', 'qwerty');
INSERT INTO interviewee (id, username, age, gender, country, marital_status) VALUES ('a2583628-6361-493c-b77b-0e28ff4af2bb', 'interviewee406', 28, 'female', 'MM', 'married');
INSERT INTO choice (id, questionnaire_id, interviewee_id) VALUES ('efa5ae0a-42fd-49b4-9630-5ae62f64306a', '08310229-5370-44f1-8071-5c56f92e3dc5', 'a2583628-6361-493c-b77b-0e28ff4af2bb');
INSERT INTO option_choice (option_id, choice_id) VALUES ('7197ba86-c78b-43c4-bd28-4635a7094531', 'efa5ae0a-42fd-49b4-9630-5ae62f64306a');
INSERT INTO choice (id, questionnaire_id, interviewee_id) VALUES ('68cbee79-8836-46c6-b0c5-3285646e1c1b', 'aaacf497-4ae4-46e0-aa2e-27377271bafc', 'a2583628-6361-493c-b77b-0e28ff4af2bb');
INSERT INTO option_choice (option_id, choice_id) VALUES ('de1098e4-e0b7-4df4-890a-1958a8d5d465', '68cbee79-8836-46c6-b0c5-3285646e1c1b');
INSERT INTO principal (username, password) VALUES ('interviewee407', 'qwerty');
INSERT INTO interviewee (id, username, age, gender, country, marital_status) VALUES ('d8ec5d24-95f0-45f8-bc01-ff760cc34e30', 'interviewee407', 14, 'female', 'EC', 'divorced');
INSERT INTO choice (id, questionnaire_id, interviewee_id) VALUES ('dd4774cf-eb0c-4be3-af7c-e5e5b182c668', '407203dd-9657-46e6-975f-3be5d664dd2a', 'd8ec5d24-95f0-45f8-bc01-ff760cc34e30');
INSERT INTO option_choice (option_id, choice_id) VALUES ('ec3a75fb-52ee-48b8-a136-1c4ef02978e8', 'dd4774cf-eb0c-4be3-af7c-e5e5b182c668');
INSERT INTO principal (username, password) VALUES ('interviewee408', 'qwerty');
INSERT INTO interviewee (id, username, age, gender, country, marital_status) VALUES ('b278ce7c-ee81-469e-ab4d-9cf131dd7dc1', 'interviewee408', 47, 'female', 'FJ', 'was_not_married');
INSERT INTO choice (id, questionnaire_id, interviewee_id) VALUES ('19f10e9e-32b1-49ba-bb32-d237f734bdde', 'c6dd214b-43b7-401f-afe6-a5ab0d2d7767', 'b278ce7c-ee81-469e-ab4d-9cf131dd7dc1');
INSERT INTO option_choice (option_id, choice_id) VALUES ('069a6758-231c-4064-8e44-a0db84e86a21', '19f10e9e-32b1-49ba-bb32-d237f734bdde');
INSERT INTO option_choice (option_id, choice_id) VALUES ('17ceef0b-83da-42ec-a82c-9090a9be74af', '19f10e9e-32b1-49ba-bb32-d237f734bdde');
INSERT INTO choice (id, questionnaire_id, interviewee_id) VALUES ('9839bb96-bfed-480d-9e29-617e9a009804', '747d0763-c99f-47ce-809b-b378d489a158', 'b278ce7c-ee81-469e-ab4d-9cf131dd7dc1');
INSERT INTO option_choice (option_id, choice_id) VALUES ('2095cf98-27de-4722-93f9-2c09ae6b4ed1', '9839bb96-bfed-480d-9e29-617e9a009804');
INSERT INTO option_choice (option_id, choice_id) VALUES ('7cc0569f-f362-4ed1-9343-6ffd1369e812', '9839bb96-bfed-480d-9e29-617e9a009804');
INSERT INTO option_choice (option_id, choice_id) VALUES ('65c86d12-f533-40f5-8dd6-10903d890b10', '9839bb96-bfed-480d-9e29-617e9a009804');
INSERT INTO choice (id, questionnaire_id, interviewee_id) VALUES ('b0702ee7-6748-4fdf-b077-4017b708a206', '51436662-4eca-40ce-b552-b1c7486cf609', 'b278ce7c-ee81-469e-ab4d-9cf131dd7dc1');
INSERT INTO option_choice (option_id, choice_id) VALUES ('259215cc-47cc-4165-befd-cf997b4aaf7e', 'b0702ee7-6748-4fdf-b077-4017b708a206');
INSERT INTO principal (username, password) VALUES ('interviewee409', 'qwerty');
INSERT INTO interviewee (id, username, age, gender, country, marital_status) VALUES ('cbcebefa-5dfc-44d9-a060-99b6cc5e8594', 'interviewee409', 41, 'female', 'LV', 'married');
INSERT INTO choice (id, questionnaire_id, interviewee_id) VALUES ('fb8dd56b-36ff-4815-bdc8-36d1192a19f3', '08310229-5370-44f1-8071-5c56f92e3dc5', 'cbcebefa-5dfc-44d9-a060-99b6cc5e8594');
INSERT INTO option_choice (option_id, choice_id) VALUES ('996311da-bd48-491d-b381-d19b001465c4', 'fb8dd56b-36ff-4815-bdc8-36d1192a19f3');
INSERT INTO choice (id, questionnaire_id, interviewee_id) VALUES ('62d5c107-a540-4cf3-b50b-641c7232cd06', '8e156ed6-1a8b-4fe6-9a58-0f7cbdd6af32', 'cbcebefa-5dfc-44d9-a060-99b6cc5e8594');
INSERT INTO option_choice (option_id, choice_id) VALUES ('7fae89aa-9ca6-4957-9ced-40423f6209b1', '62d5c107-a540-4cf3-b50b-641c7232cd06');
INSERT INTO choice (id, questionnaire_id, interviewee_id) VALUES ('65d09448-44a3-4d5d-b52d-bda51d3b4003', '48b4658e-bc90-4bd2-97bb-92484114dfea', 'cbcebefa-5dfc-44d9-a060-99b6cc5e8594');
INSERT INTO option_choice (option_id, choice_id) VALUES ('5a5b3a6f-7875-401c-8d0b-e9c8b854b985', '65d09448-44a3-4d5d-b52d-bda51d3b4003');
INSERT INTO principal (username, password) VALUES ('interviewee410', 'qwerty');
INSERT INTO interviewee (id, username, age, gender, country, marital_status) VALUES ('6a9d9792-0bfe-4ccc-b518-821df4132c18', 'interviewee410', 49, 'male', 'TK', 'divorced');
INSERT INTO choice (id, questionnaire_id, interviewee_id) VALUES ('8f237d31-4b3c-43d6-8f4f-4907ccf812f7', '8e156ed6-1a8b-4fe6-9a58-0f7cbdd6af32', '6a9d9792-0bfe-4ccc-b518-821df4132c18');
INSERT INTO option_choice (option_id, choice_id) VALUES ('8fdd8f9f-7c9b-45e0-9ac8-45e46fe68791', '8f237d31-4b3c-43d6-8f4f-4907ccf812f7');
INSERT INTO choice (id, questionnaire_id, interviewee_id) VALUES ('bf02ef23-97d0-4a25-8675-ef111cbcc948', 'b6df4d49-3f70-4802-90cb-4ab89e24a427', '6a9d9792-0bfe-4ccc-b518-821df4132c18');
INSERT INTO option_choice (option_id, choice_id) VALUES ('39bf15ab-8f6e-4634-a483-d31c949b3332', 'bf02ef23-97d0-4a25-8675-ef111cbcc948');
INSERT INTO choice (id, questionnaire_id, interviewee_id) VALUES ('b250e417-f3fb-4267-b727-912a7d99aced', 'c6dd214b-43b7-401f-afe6-a5ab0d2d7767', '6a9d9792-0bfe-4ccc-b518-821df4132c18');
INSERT INTO option_choice (option_id, choice_id) VALUES ('069a6758-231c-4064-8e44-a0db84e86a21', 'b250e417-f3fb-4267-b727-912a7d99aced');
INSERT INTO option_choice (option_id, choice_id) VALUES ('c134384c-5eda-4957-9883-b965681b9fef', 'b250e417-f3fb-4267-b727-912a7d99aced');
INSERT INTO option_choice (option_id, choice_id) VALUES ('9d2a2dd1-7979-48a6-a0b7-3de8fdea75b6', 'b250e417-f3fb-4267-b727-912a7d99aced');
INSERT INTO option_choice (option_id, choice_id) VALUES ('17ceef0b-83da-42ec-a82c-9090a9be74af', 'b250e417-f3fb-4267-b727-912a7d99aced');
INSERT INTO principal (username, password) VALUES ('interviewee411', 'qwerty');
INSERT INTO interviewee (id, username, age, gender, country, marital_status) VALUES ('fb04c206-9b49-4d08-b16d-2f9f1670add9', 'interviewee411', 22, 'female', 'BR', 'was_not_married');
INSERT INTO choice (id, questionnaire_id, interviewee_id) VALUES ('96290aa0-cf77-420d-a6c9-fd03d6edadaf', '4a4f7cbc-8533-42b3-923b-6b4309f53c64', 'fb04c206-9b49-4d08-b16d-2f9f1670add9');
INSERT INTO option_choice (option_id, choice_id) VALUES ('c8061f97-fb14-4a37-89ad-0a564fb1704d', '96290aa0-cf77-420d-a6c9-fd03d6edadaf');
INSERT INTO choice (id, questionnaire_id, interviewee_id) VALUES ('32e44a8a-8a47-4de1-9ddb-ee544adff4ef', '48b4658e-bc90-4bd2-97bb-92484114dfea', 'fb04c206-9b49-4d08-b16d-2f9f1670add9');
INSERT INTO option_choice (option_id, choice_id) VALUES ('5a5b3a6f-7875-401c-8d0b-e9c8b854b985', '32e44a8a-8a47-4de1-9ddb-ee544adff4ef');
INSERT INTO choice (id, questionnaire_id, interviewee_id) VALUES ('38d93fe5-f3c3-4c36-b61c-29002825b83e', 'b5c886d7-e86f-4083-958a-cbd232db7a84', 'fb04c206-9b49-4d08-b16d-2f9f1670add9');
INSERT INTO option_choice (option_id, choice_id) VALUES ('9d7ea78f-0edc-43db-94d7-3d31213df760', '38d93fe5-f3c3-4c36-b61c-29002825b83e');
INSERT INTO principal (username, password) VALUES ('interviewee412', 'qwerty');
INSERT INTO interviewee (id, username, age, gender, country, marital_status) VALUES ('e7cf13af-8011-4225-864f-ea7bf1d18024', 'interviewee412', 70, 'female', 'MO', 'was_not_married');
INSERT INTO choice (id, questionnaire_id, interviewee_id) VALUES ('c2d1a35e-edb1-4c6d-9a32-8687cb22993b', '81a3f075-1324-4e67-90a5-493fe3324435', 'e7cf13af-8011-4225-864f-ea7bf1d18024');
INSERT INTO option_choice (option_id, choice_id) VALUES ('7b2bd172-1566-440a-81d8-f9b2fb43f8fc', 'c2d1a35e-edb1-4c6d-9a32-8687cb22993b');
INSERT INTO option_choice (option_id, choice_id) VALUES ('a0eef1f9-547a-4823-b7e0-bb52d6891f8f', 'c2d1a35e-edb1-4c6d-9a32-8687cb22993b');
INSERT INTO option_choice (option_id, choice_id) VALUES ('c0afeee2-6628-4404-bc41-32bc0a1505c5', 'c2d1a35e-edb1-4c6d-9a32-8687cb22993b');
INSERT INTO option_choice (option_id, choice_id) VALUES ('a1737a4b-bfa2-4208-a103-ca4bea3afaaf', 'c2d1a35e-edb1-4c6d-9a32-8687cb22993b');
INSERT INTO option_choice (option_id, choice_id) VALUES ('ab9020e3-a12b-46eb-97f0-79dcfaab7356', 'c2d1a35e-edb1-4c6d-9a32-8687cb22993b');
INSERT INTO option_choice (option_id, choice_id) VALUES ('c5035143-d5d2-4934-8b99-4e66507a8603', 'c2d1a35e-edb1-4c6d-9a32-8687cb22993b');
INSERT INTO choice (id, questionnaire_id, interviewee_id) VALUES ('e901623b-ab6e-48ac-87f7-25d4a9e99441', '858287c2-e494-424b-a03f-6b0a55c2fce3', 'e7cf13af-8011-4225-864f-ea7bf1d18024');
INSERT INTO option_choice (option_id, choice_id) VALUES ('f2fd1a72-0ca7-41a6-ad15-7bc21a02fe73', 'e901623b-ab6e-48ac-87f7-25d4a9e99441');
INSERT INTO option_choice (option_id, choice_id) VALUES ('59c8e6e3-5895-4f0b-ae9e-3bb455a5f6b2', 'e901623b-ab6e-48ac-87f7-25d4a9e99441');
INSERT INTO principal (username, password) VALUES ('interviewee413', 'qwerty');
INSERT INTO interviewee (id, username, age, gender, country, marital_status) VALUES ('bd410285-bc7e-449f-a40f-c28aef51927e', 'interviewee413', 38, 'male', 'BO', 'divorced');
INSERT INTO choice (id, questionnaire_id, interviewee_id) VALUES ('24ee668e-7580-4a2c-bcbd-40c5449cdc1b', '5b0a67f5-cbf2-4fde-b526-fd512ff68e24', 'bd410285-bc7e-449f-a40f-c28aef51927e');
INSERT INTO option_choice (option_id, choice_id) VALUES ('7dc1dfe8-a039-4c2a-a601-d1bc81a3e459', '24ee668e-7580-4a2c-bcbd-40c5449cdc1b');
INSERT INTO choice (id, questionnaire_id, interviewee_id) VALUES ('4777a619-0085-46f0-bd58-d23744ace2c0', '05e2761c-9435-4970-ad6d-245d7a696140', 'bd410285-bc7e-449f-a40f-c28aef51927e');
INSERT INTO option_choice (option_id, choice_id) VALUES ('ee58bf05-12ff-45e4-b7e9-d37a70181de4', '4777a619-0085-46f0-bd58-d23744ace2c0');
INSERT INTO option_choice (option_id, choice_id) VALUES ('821d408d-9a3b-4716-a443-69cb45197037', '4777a619-0085-46f0-bd58-d23744ace2c0');
INSERT INTO option_choice (option_id, choice_id) VALUES ('26fa513d-ade2-4822-81ac-a6d8dc123679', '4777a619-0085-46f0-bd58-d23744ace2c0');
INSERT INTO option_choice (option_id, choice_id) VALUES ('cd3191da-899e-4773-b914-291725c8c108', '4777a619-0085-46f0-bd58-d23744ace2c0');
INSERT INTO principal (username, password) VALUES ('interviewee414', 'qwerty');
INSERT INTO interviewee (id, username, age, gender, country, marital_status) VALUES ('20aa09b7-8c97-4043-b52d-5b8fbf704f07', 'interviewee414', 17, 'female', 'HT', 'married');
INSERT INTO choice (id, questionnaire_id, interviewee_id) VALUES ('abb10fcd-436f-43f9-b435-30712caaa274', 'b5c886d7-e86f-4083-958a-cbd232db7a84', '20aa09b7-8c97-4043-b52d-5b8fbf704f07');
INSERT INTO option_choice (option_id, choice_id) VALUES ('e9ae0eb7-ed92-45ff-8ec1-bb688c3f1bfe', 'abb10fcd-436f-43f9-b435-30712caaa274');
INSERT INTO choice (id, questionnaire_id, interviewee_id) VALUES ('d807c16d-da08-4fd7-a17c-0ba891e59e98', '407203dd-9657-46e6-975f-3be5d664dd2a', '20aa09b7-8c97-4043-b52d-5b8fbf704f07');
INSERT INTO option_choice (option_id, choice_id) VALUES ('4285dd4d-8381-423b-8700-37e491ae1336', 'd807c16d-da08-4fd7-a17c-0ba891e59e98');
INSERT INTO choice (id, questionnaire_id, interviewee_id) VALUES ('dbc2b1d1-2b06-461a-90d8-545feeda8c45', '48b4658e-bc90-4bd2-97bb-92484114dfea', '20aa09b7-8c97-4043-b52d-5b8fbf704f07');
INSERT INTO option_choice (option_id, choice_id) VALUES ('db310764-efc3-46ab-9d86-9914e34aa6cd', 'dbc2b1d1-2b06-461a-90d8-545feeda8c45');
INSERT INTO principal (username, password) VALUES ('interviewee415', 'qwerty');
INSERT INTO interviewee (id, username, age, gender, country, marital_status) VALUES ('d1e39e7a-53e7-41fb-ae91-1a62320c5e99', 'interviewee415', 37, 'female', 'PK', 'divorced');
INSERT INTO choice (id, questionnaire_id, interviewee_id) VALUES ('f7cbcf6a-349b-4e48-8fe5-3d4b0cdc3a1d', '747d0763-c99f-47ce-809b-b378d489a158', 'd1e39e7a-53e7-41fb-ae91-1a62320c5e99');
INSERT INTO option_choice (option_id, choice_id) VALUES ('2095cf98-27de-4722-93f9-2c09ae6b4ed1', 'f7cbcf6a-349b-4e48-8fe5-3d4b0cdc3a1d');
INSERT INTO option_choice (option_id, choice_id) VALUES ('7cc0569f-f362-4ed1-9343-6ffd1369e812', 'f7cbcf6a-349b-4e48-8fe5-3d4b0cdc3a1d');
INSERT INTO principal (username, password) VALUES ('interviewee416', 'qwerty');
INSERT INTO interviewee (id, username, age, gender, country, marital_status) VALUES ('508e350b-f93f-4808-9cb8-b22bc0a880ca', 'interviewee416', 22, 'female', 'RU', 'married');
INSERT INTO choice (id, questionnaire_id, interviewee_id) VALUES ('1f3bd18b-3fc2-4b30-9ac5-bb80db00326b', '407203dd-9657-46e6-975f-3be5d664dd2a', '508e350b-f93f-4808-9cb8-b22bc0a880ca');
INSERT INTO option_choice (option_id, choice_id) VALUES ('ee1ee86e-3cfc-4173-b109-2a69851e8943', '1f3bd18b-3fc2-4b30-9ac5-bb80db00326b');
INSERT INTO choice (id, questionnaire_id, interviewee_id) VALUES ('6fd25f82-1c33-45ef-9a86-d104a4bccdb4', 'e4d0ba66-5e11-433c-8243-4d890cceaf69', '508e350b-f93f-4808-9cb8-b22bc0a880ca');
INSERT INTO option_choice (option_id, choice_id) VALUES ('cb637eae-3b8f-4d17-81fb-9b271857e55c', '6fd25f82-1c33-45ef-9a86-d104a4bccdb4');
INSERT INTO choice (id, questionnaire_id, interviewee_id) VALUES ('d5ac9fd2-a548-4b9a-b024-864d302c89b2', 'b5c886d7-e86f-4083-958a-cbd232db7a84', '508e350b-f93f-4808-9cb8-b22bc0a880ca');
INSERT INTO option_choice (option_id, choice_id) VALUES ('c7575671-3918-48d7-bc48-356ad1dd79e9', 'd5ac9fd2-a548-4b9a-b024-864d302c89b2');
INSERT INTO principal (username, password) VALUES ('interviewee417', 'qwerty');
INSERT INTO interviewee (id, username, age, gender, country, marital_status) VALUES ('d9b64a70-f242-4e0b-9b5a-753b9a32cbac', 'interviewee417', 19, 'male', 'UA', 'divorced');
INSERT INTO choice (id, questionnaire_id, interviewee_id) VALUES ('5f68f8fb-32f2-4442-9f5e-166d51f0e7da', '05e2761c-9435-4970-ad6d-245d7a696140', 'd9b64a70-f242-4e0b-9b5a-753b9a32cbac');
INSERT INTO option_choice (option_id, choice_id) VALUES ('821d408d-9a3b-4716-a443-69cb45197037', '5f68f8fb-32f2-4442-9f5e-166d51f0e7da');
INSERT INTO option_choice (option_id, choice_id) VALUES ('cd3191da-899e-4773-b914-291725c8c108', '5f68f8fb-32f2-4442-9f5e-166d51f0e7da');
INSERT INTO option_choice (option_id, choice_id) VALUES ('ee58bf05-12ff-45e4-b7e9-d37a70181de4', '5f68f8fb-32f2-4442-9f5e-166d51f0e7da');
INSERT INTO principal (username, password) VALUES ('interviewee418', 'qwerty');
INSERT INTO interviewee (id, username, age, gender, country, marital_status) VALUES ('840a6284-f940-4cde-8420-3e951f3e1b09', 'interviewee418', 41, 'male', 'UZ', 'divorced');
INSERT INTO choice (id, questionnaire_id, interviewee_id) VALUES ('2a7d7b5a-ad5e-47a0-967b-78cc0272b5a5', '49c46fd6-2111-4ef5-8b91-9ee67132426d', '840a6284-f940-4cde-8420-3e951f3e1b09');
INSERT INTO option_choice (option_id, choice_id) VALUES ('9324aa44-2cdd-4334-9eee-ab97e62258df', '2a7d7b5a-ad5e-47a0-967b-78cc0272b5a5');
INSERT INTO choice (id, questionnaire_id, interviewee_id) VALUES ('e901edb4-994a-4661-a605-bd8674ec2a9c', '8e156ed6-1a8b-4fe6-9a58-0f7cbdd6af32', '840a6284-f940-4cde-8420-3e951f3e1b09');
INSERT INTO option_choice (option_id, choice_id) VALUES ('f6bf8b45-f0b9-47e2-b46b-2edc8b8541ed', 'e901edb4-994a-4661-a605-bd8674ec2a9c');
INSERT INTO principal (username, password) VALUES ('interviewee419', 'qwerty');
INSERT INTO interviewee (id, username, age, gender, country, marital_status) VALUES ('c695312b-e24d-43e3-9436-c2434678ba64', 'interviewee419', 25, 'female', 'GS', 'married');
INSERT INTO choice (id, questionnaire_id, interviewee_id) VALUES ('ed05fdf6-1156-4351-9e73-fda91b47ecef', 'b5c886d7-e86f-4083-958a-cbd232db7a84', 'c695312b-e24d-43e3-9436-c2434678ba64');
INSERT INTO option_choice (option_id, choice_id) VALUES ('a446338d-133a-407b-9bd1-520fe1043ec3', 'ed05fdf6-1156-4351-9e73-fda91b47ecef');
INSERT INTO principal (username, password) VALUES ('interviewee420', 'qwerty');
INSERT INTO interviewee (id, username, age, gender, country, marital_status) VALUES ('7dc6acd4-b782-4c6e-aef7-af29cc742423', 'interviewee420', 17, 'male', 'OM', 'was_not_married');
INSERT INTO choice (id, questionnaire_id, interviewee_id) VALUES ('9797a60f-0a60-4ca6-925f-bc04dc0c7654', 'e4d0ba66-5e11-433c-8243-4d890cceaf69', '7dc6acd4-b782-4c6e-aef7-af29cc742423');
INSERT INTO option_choice (option_id, choice_id) VALUES ('cb637eae-3b8f-4d17-81fb-9b271857e55c', '9797a60f-0a60-4ca6-925f-bc04dc0c7654');
INSERT INTO choice (id, questionnaire_id, interviewee_id) VALUES ('874c56b4-8f37-4dae-8d75-c708de59c263', '173a3ab0-8485-4aa4-8787-a2a4414f992e', '7dc6acd4-b782-4c6e-aef7-af29cc742423');
INSERT INTO option_choice (option_id, choice_id) VALUES ('a477d3c8-db0a-4572-a680-b96fd792dc75', '874c56b4-8f37-4dae-8d75-c708de59c263');
INSERT INTO option_choice (option_id, choice_id) VALUES ('3f698183-af22-44ca-80c1-eb668697e9ea', '874c56b4-8f37-4dae-8d75-c708de59c263');
INSERT INTO principal (username, password) VALUES ('interviewee421', 'qwerty');
INSERT INTO interviewee (id, username, age, gender, country, marital_status) VALUES ('45064c94-50e8-4dbd-b72d-eca81fb2ccc4', 'interviewee421', 54, 'male', 'VA', 'was_not_married');
INSERT INTO choice (id, questionnaire_id, interviewee_id) VALUES ('8418df75-be83-43a8-b0f5-64b05f37d970', 'e4d0ba66-5e11-433c-8243-4d890cceaf69', '45064c94-50e8-4dbd-b72d-eca81fb2ccc4');
INSERT INTO option_choice (option_id, choice_id) VALUES ('7cfec70e-33b3-4c68-9c38-38cf292cd0f9', '8418df75-be83-43a8-b0f5-64b05f37d970');
INSERT INTO option_choice (option_id, choice_id) VALUES ('cb637eae-3b8f-4d17-81fb-9b271857e55c', '8418df75-be83-43a8-b0f5-64b05f37d970');
INSERT INTO choice (id, questionnaire_id, interviewee_id) VALUES ('f9478103-90cb-45a7-a08c-7f8734324938', '858287c2-e494-424b-a03f-6b0a55c2fce3', '45064c94-50e8-4dbd-b72d-eca81fb2ccc4');
INSERT INTO option_choice (option_id, choice_id) VALUES ('f2fd1a72-0ca7-41a6-ad15-7bc21a02fe73', 'f9478103-90cb-45a7-a08c-7f8734324938');
INSERT INTO option_choice (option_id, choice_id) VALUES ('a1e55f7c-aa45-466f-86bb-0d5e262ca0bc', 'f9478103-90cb-45a7-a08c-7f8734324938');
INSERT INTO option_choice (option_id, choice_id) VALUES ('a7e89931-dbca-4a6f-bdbb-b42e57f2e7f2', 'f9478103-90cb-45a7-a08c-7f8734324938');
INSERT INTO principal (username, password) VALUES ('interviewee422', 'qwerty');
INSERT INTO interviewee (id, username, age, gender, country, marital_status) VALUES ('6a55c312-9928-4749-aafc-dd48533daa96', 'interviewee422', 27, 'female', 'RW', 'divorced');
INSERT INTO choice (id, questionnaire_id, interviewee_id) VALUES ('57ffb300-4695-4790-b142-35819c032fb8', '08310229-5370-44f1-8071-5c56f92e3dc5', '6a55c312-9928-4749-aafc-dd48533daa96');
INSERT INTO option_choice (option_id, choice_id) VALUES ('996311da-bd48-491d-b381-d19b001465c4', '57ffb300-4695-4790-b142-35819c032fb8');
INSERT INTO choice (id, questionnaire_id, interviewee_id) VALUES ('a4109432-5db1-45b7-bc03-dd66510844f3', '407203dd-9657-46e6-975f-3be5d664dd2a', '6a55c312-9928-4749-aafc-dd48533daa96');
INSERT INTO option_choice (option_id, choice_id) VALUES ('ee1ee86e-3cfc-4173-b109-2a69851e8943', 'a4109432-5db1-45b7-bc03-dd66510844f3');
INSERT INTO principal (username, password) VALUES ('interviewee423', 'qwerty');
INSERT INTO interviewee (id, username, age, gender, country, marital_status) VALUES ('e2e9df15-e58d-48ab-baa9-b5d6dea3a7e3', 'interviewee423', 51, 'female', 'SI', 'married');
INSERT INTO choice (id, questionnaire_id, interviewee_id) VALUES ('5b6e7458-9631-4e3d-b02a-68be4b93964b', '407203dd-9657-46e6-975f-3be5d664dd2a', 'e2e9df15-e58d-48ab-baa9-b5d6dea3a7e3');
INSERT INTO option_choice (option_id, choice_id) VALUES ('13fd08f6-1546-4289-9b91-c20aea1b69e9', '5b6e7458-9631-4e3d-b02a-68be4b93964b');
INSERT INTO choice (id, questionnaire_id, interviewee_id) VALUES ('4fc35f62-9e74-43a7-be61-4a3144234872', '747d0763-c99f-47ce-809b-b378d489a158', 'e2e9df15-e58d-48ab-baa9-b5d6dea3a7e3');
INSERT INTO option_choice (option_id, choice_id) VALUES ('7cc0569f-f362-4ed1-9343-6ffd1369e812', '4fc35f62-9e74-43a7-be61-4a3144234872');
INSERT INTO principal (username, password) VALUES ('interviewee424', 'qwerty');
INSERT INTO interviewee (id, username, age, gender, country, marital_status) VALUES ('0c769363-f7c8-4e42-b01a-fae9f773bd2a', 'interviewee424', 16, 'male', 'DK', 'was_not_married');
INSERT INTO choice (id, questionnaire_id, interviewee_id) VALUES ('8cab0177-ce78-4276-a7a7-68b0bd705173', 'b5c886d7-e86f-4083-958a-cbd232db7a84', '0c769363-f7c8-4e42-b01a-fae9f773bd2a');
INSERT INTO option_choice (option_id, choice_id) VALUES ('e9ae0eb7-ed92-45ff-8ec1-bb688c3f1bfe', '8cab0177-ce78-4276-a7a7-68b0bd705173');
INSERT INTO principal (username, password) VALUES ('interviewee425', 'qwerty');
INSERT INTO interviewee (id, username, age, gender, country, marital_status) VALUES ('92d677c8-799b-483e-a7cd-3966c48c5601', 'interviewee425', 18, 'female', 'IQ', 'was_not_married');
INSERT INTO choice (id, questionnaire_id, interviewee_id) VALUES ('89358ed8-f773-4bff-b30f-2afa3fc68aea', 'b5c886d7-e86f-4083-958a-cbd232db7a84', '92d677c8-799b-483e-a7cd-3966c48c5601');
INSERT INTO option_choice (option_id, choice_id) VALUES ('a446338d-133a-407b-9bd1-520fe1043ec3', '89358ed8-f773-4bff-b30f-2afa3fc68aea');
INSERT INTO choice (id, questionnaire_id, interviewee_id) VALUES ('69dacef3-ec14-4bbf-a8b0-3d608884b271', 'b6df4d49-3f70-4802-90cb-4ab89e24a427', '92d677c8-799b-483e-a7cd-3966c48c5601');
INSERT INTO option_choice (option_id, choice_id) VALUES ('77609489-aa8b-4a3f-960d-ae51ced640c1', '69dacef3-ec14-4bbf-a8b0-3d608884b271');
INSERT INTO principal (username, password) VALUES ('interviewee426', 'qwerty');
INSERT INTO interviewee (id, username, age, gender, country, marital_status) VALUES ('a8dde35a-7b46-45c0-963a-2ddf73899d27', 'interviewee426', 30, 'male', 'MS', 'was_not_married');
INSERT INTO choice (id, questionnaire_id, interviewee_id) VALUES ('3a4ea03a-6d2d-4256-8e54-6ea689a71c08', 'b6df4d49-3f70-4802-90cb-4ab89e24a427', 'a8dde35a-7b46-45c0-963a-2ddf73899d27');
INSERT INTO option_choice (option_id, choice_id) VALUES ('30116571-ddf9-48c0-86a4-98a75a2078ee', '3a4ea03a-6d2d-4256-8e54-6ea689a71c08');
INSERT INTO principal (username, password) VALUES ('interviewee427', 'qwerty');
INSERT INTO interviewee (id, username, age, gender, country, marital_status) VALUES ('c9f1a17e-66c2-40da-bcc6-e364aa0cc96e', 'interviewee427', 18, 'male', 'UA', 'married');
INSERT INTO choice (id, questionnaire_id, interviewee_id) VALUES ('bdf940e7-67b6-46a8-8935-6ed681583c84', '5b0a67f5-cbf2-4fde-b526-fd512ff68e24', 'c9f1a17e-66c2-40da-bcc6-e364aa0cc96e');
INSERT INTO option_choice (option_id, choice_id) VALUES ('97aa1845-210d-4e42-8c05-737698b0c66c', 'bdf940e7-67b6-46a8-8935-6ed681583c84');
INSERT INTO principal (username, password) VALUES ('interviewee428', 'qwerty');
INSERT INTO interviewee (id, username, age, gender, country, marital_status) VALUES ('161db7d6-51d1-4374-a614-cf7223e3df31', 'interviewee428', 32, 'female', 'LY', 'divorced');
INSERT INTO choice (id, questionnaire_id, interviewee_id) VALUES ('423d1ec5-17fc-4be4-8530-57ba38ca1548', '4a4f7cbc-8533-42b3-923b-6b4309f53c64', '161db7d6-51d1-4374-a614-cf7223e3df31');
INSERT INTO option_choice (option_id, choice_id) VALUES ('9626a1a6-7214-4944-83a6-f582098c61a8', '423d1ec5-17fc-4be4-8530-57ba38ca1548');
INSERT INTO choice (id, questionnaire_id, interviewee_id) VALUES ('70506c19-fac2-43ab-ab3b-2e8f75336063', '51436662-4eca-40ce-b552-b1c7486cf609', '161db7d6-51d1-4374-a614-cf7223e3df31');
INSERT INTO option_choice (option_id, choice_id) VALUES ('e4c4b240-61c9-4253-a93b-9a7768fbfe3f', '70506c19-fac2-43ab-ab3b-2e8f75336063');
INSERT INTO choice (id, questionnaire_id, interviewee_id) VALUES ('6314f3bf-11cc-426b-a394-9470e17f23d4', '8e156ed6-1a8b-4fe6-9a58-0f7cbdd6af32', '161db7d6-51d1-4374-a614-cf7223e3df31');
INSERT INTO option_choice (option_id, choice_id) VALUES ('f6bf8b45-f0b9-47e2-b46b-2edc8b8541ed', '6314f3bf-11cc-426b-a394-9470e17f23d4');
INSERT INTO principal (username, password) VALUES ('interviewee429', 'qwerty');
INSERT INTO interviewee (id, username, age, gender, country, marital_status) VALUES ('9b6d4c5d-171c-4b9a-8ad0-1f71efda1167', 'interviewee429', 40, 'female', 'MP', 'was_not_married');
INSERT INTO choice (id, questionnaire_id, interviewee_id) VALUES ('749fbaa9-8755-4169-bdf1-d0a85487dafc', '51436662-4eca-40ce-b552-b1c7486cf609', '9b6d4c5d-171c-4b9a-8ad0-1f71efda1167');
INSERT INTO option_choice (option_id, choice_id) VALUES ('e4c4b240-61c9-4253-a93b-9a7768fbfe3f', '749fbaa9-8755-4169-bdf1-d0a85487dafc');
INSERT INTO principal (username, password) VALUES ('interviewee430', 'qwerty');
INSERT INTO interviewee (id, username, age, gender, country, marital_status) VALUES ('8cf7adbf-bdd4-406f-9d4b-4e5fb1549c60', 'interviewee430', 31, 'female', 'NZ', 'was_not_married');
INSERT INTO choice (id, questionnaire_id, interviewee_id) VALUES ('cdc2f510-4b98-432e-ae28-6b5d220d9bb0', '858287c2-e494-424b-a03f-6b0a55c2fce3', '8cf7adbf-bdd4-406f-9d4b-4e5fb1549c60');
INSERT INTO option_choice (option_id, choice_id) VALUES ('a1e55f7c-aa45-466f-86bb-0d5e262ca0bc', 'cdc2f510-4b98-432e-ae28-6b5d220d9bb0');
INSERT INTO option_choice (option_id, choice_id) VALUES ('a7e89931-dbca-4a6f-bdbb-b42e57f2e7f2', 'cdc2f510-4b98-432e-ae28-6b5d220d9bb0');
INSERT INTO choice (id, questionnaire_id, interviewee_id) VALUES ('9b81c007-274d-4de4-8490-d37df4af5a31', '173a3ab0-8485-4aa4-8787-a2a4414f992e', '8cf7adbf-bdd4-406f-9d4b-4e5fb1549c60');
INSERT INTO option_choice (option_id, choice_id) VALUES ('ce62e0a7-1873-4aa1-a448-2fad3cc888ee', '9b81c007-274d-4de4-8490-d37df4af5a31');
INSERT INTO option_choice (option_id, choice_id) VALUES ('a477d3c8-db0a-4572-a680-b96fd792dc75', '9b81c007-274d-4de4-8490-d37df4af5a31');
INSERT INTO option_choice (option_id, choice_id) VALUES ('f9a527bc-3f55-40db-b05e-d549f1801594', '9b81c007-274d-4de4-8490-d37df4af5a31');
INSERT INTO option_choice (option_id, choice_id) VALUES ('3c8e0934-801c-4afd-98de-7aaf263889f6', '9b81c007-274d-4de4-8490-d37df4af5a31');
INSERT INTO option_choice (option_id, choice_id) VALUES ('e03fcb10-1308-44a4-9ce2-e4eaf10452c1', '9b81c007-274d-4de4-8490-d37df4af5a31');
INSERT INTO option_choice (option_id, choice_id) VALUES ('3f698183-af22-44ca-80c1-eb668697e9ea', '9b81c007-274d-4de4-8490-d37df4af5a31');
INSERT INTO option_choice (option_id, choice_id) VALUES ('c453fc60-b896-4f66-8dbe-cc55bc42881e', '9b81c007-274d-4de4-8490-d37df4af5a31');
INSERT INTO principal (username, password) VALUES ('interviewee431', 'qwerty');
INSERT INTO interviewee (id, username, age, gender, country, marital_status) VALUES ('eb5f6db5-16da-40b0-a580-73c75dd92f01', 'interviewee431', 37, 'male', 'CY', 'divorced');
INSERT INTO choice (id, questionnaire_id, interviewee_id) VALUES ('88238aae-050f-48b9-b7af-eac6ea7ffbb6', '747d0763-c99f-47ce-809b-b378d489a158', 'eb5f6db5-16da-40b0-a580-73c75dd92f01');
INSERT INTO option_choice (option_id, choice_id) VALUES ('7cc0569f-f362-4ed1-9343-6ffd1369e812', '88238aae-050f-48b9-b7af-eac6ea7ffbb6');
INSERT INTO option_choice (option_id, choice_id) VALUES ('2095cf98-27de-4722-93f9-2c09ae6b4ed1', '88238aae-050f-48b9-b7af-eac6ea7ffbb6');
INSERT INTO option_choice (option_id, choice_id) VALUES ('65c86d12-f533-40f5-8dd6-10903d890b10', '88238aae-050f-48b9-b7af-eac6ea7ffbb6');
INSERT INTO choice (id, questionnaire_id, interviewee_id) VALUES ('8316233d-1084-4675-9ab3-d7d16b0abd70', '5b0a67f5-cbf2-4fde-b526-fd512ff68e24', 'eb5f6db5-16da-40b0-a580-73c75dd92f01');
INSERT INTO option_choice (option_id, choice_id) VALUES ('9340e0ac-c863-4fcf-ac40-126be2d1bfa4', '8316233d-1084-4675-9ab3-d7d16b0abd70');
INSERT INTO principal (username, password) VALUES ('interviewee432', 'qwerty');
INSERT INTO interviewee (id, username, age, gender, country, marital_status) VALUES ('e34ed827-a185-4305-969c-d1d5e86af5d1', 'interviewee432', 23, 'male', 'LY', 'was_not_married');
INSERT INTO choice (id, questionnaire_id, interviewee_id) VALUES ('7f87e74f-d20b-40c6-9342-209330bc9bd3', '5b0a67f5-cbf2-4fde-b526-fd512ff68e24', 'e34ed827-a185-4305-969c-d1d5e86af5d1');
INSERT INTO option_choice (option_id, choice_id) VALUES ('97aa1845-210d-4e42-8c05-737698b0c66c', '7f87e74f-d20b-40c6-9342-209330bc9bd3');
INSERT INTO principal (username, password) VALUES ('interviewee433', 'qwerty');
INSERT INTO interviewee (id, username, age, gender, country, marital_status) VALUES ('8f55761d-2b8b-455e-b8a0-0f17581a445e', 'interviewee433', 26, 'male', 'TM', 'married');
INSERT INTO choice (id, questionnaire_id, interviewee_id) VALUES ('a1cf949c-c3d7-45ee-abd4-a1c50f9045be', 'e20dbb22-091f-4137-8450-fdeaea74363f', '8f55761d-2b8b-455e-b8a0-0f17581a445e');
INSERT INTO option_choice (option_id, choice_id) VALUES ('742176a0-b7c8-400a-a370-5871099954a4', 'a1cf949c-c3d7-45ee-abd4-a1c50f9045be');
INSERT INTO option_choice (option_id, choice_id) VALUES ('4bd78eb1-72bb-47fa-8b7c-4cc826f39edd', 'a1cf949c-c3d7-45ee-abd4-a1c50f9045be');
INSERT INTO option_choice (option_id, choice_id) VALUES ('ff3c7a97-70db-4404-b85b-274707745879', 'a1cf949c-c3d7-45ee-abd4-a1c50f9045be');
INSERT INTO option_choice (option_id, choice_id) VALUES ('a572f3cf-b3ba-491a-9687-6cee662749f1', 'a1cf949c-c3d7-45ee-abd4-a1c50f9045be');
INSERT INTO option_choice (option_id, choice_id) VALUES ('49d1bc1f-0fd1-4dad-ab6d-b123ea13d33a', 'a1cf949c-c3d7-45ee-abd4-a1c50f9045be');
INSERT INTO choice (id, questionnaire_id, interviewee_id) VALUES ('e1f68b0f-db92-431a-9dcf-a741b3871b57', '08310229-5370-44f1-8071-5c56f92e3dc5', '8f55761d-2b8b-455e-b8a0-0f17581a445e');
INSERT INTO option_choice (option_id, choice_id) VALUES ('7197ba86-c78b-43c4-bd28-4635a7094531', 'e1f68b0f-db92-431a-9dcf-a741b3871b57');
INSERT INTO principal (username, password) VALUES ('interviewee434', 'qwerty');
INSERT INTO interviewee (id, username, age, gender, country, marital_status) VALUES ('eb7dec57-97a0-4ba1-9be9-01f49f4027ff', 'interviewee434', 58, 'female', 'KH', 'married');
INSERT INTO choice (id, questionnaire_id, interviewee_id) VALUES ('8eecbd50-2029-43b1-ac8e-abaa6a7d3413', '48b4658e-bc90-4bd2-97bb-92484114dfea', 'eb7dec57-97a0-4ba1-9be9-01f49f4027ff');
INSERT INTO option_choice (option_id, choice_id) VALUES ('db310764-efc3-46ab-9d86-9914e34aa6cd', '8eecbd50-2029-43b1-ac8e-abaa6a7d3413');
INSERT INTO choice (id, questionnaire_id, interviewee_id) VALUES ('91d84c26-1834-4bed-b308-23baf01c1944', '4a4f7cbc-8533-42b3-923b-6b4309f53c64', 'eb7dec57-97a0-4ba1-9be9-01f49f4027ff');
INSERT INTO option_choice (option_id, choice_id) VALUES ('9626a1a6-7214-4944-83a6-f582098c61a8', '91d84c26-1834-4bed-b308-23baf01c1944');
INSERT INTO choice (id, questionnaire_id, interviewee_id) VALUES ('baace37d-f4ec-45a2-8bcc-72c6adccb9eb', '173a3ab0-8485-4aa4-8787-a2a4414f992e', 'eb7dec57-97a0-4ba1-9be9-01f49f4027ff');
INSERT INTO option_choice (option_id, choice_id) VALUES ('3f698183-af22-44ca-80c1-eb668697e9ea', 'baace37d-f4ec-45a2-8bcc-72c6adccb9eb');
INSERT INTO option_choice (option_id, choice_id) VALUES ('f9a527bc-3f55-40db-b05e-d549f1801594', 'baace37d-f4ec-45a2-8bcc-72c6adccb9eb');
INSERT INTO option_choice (option_id, choice_id) VALUES ('e03fcb10-1308-44a4-9ce2-e4eaf10452c1', 'baace37d-f4ec-45a2-8bcc-72c6adccb9eb');
INSERT INTO option_choice (option_id, choice_id) VALUES ('a477d3c8-db0a-4572-a680-b96fd792dc75', 'baace37d-f4ec-45a2-8bcc-72c6adccb9eb');
INSERT INTO option_choice (option_id, choice_id) VALUES ('ce62e0a7-1873-4aa1-a448-2fad3cc888ee', 'baace37d-f4ec-45a2-8bcc-72c6adccb9eb');
INSERT INTO principal (username, password) VALUES ('interviewee435', 'qwerty');
INSERT INTO interviewee (id, username, age, gender, country, marital_status) VALUES ('8993f96c-ef82-4f1a-9a85-066146754cfc', 'interviewee435', 35, 'female', 'NU', 'was_not_married');
INSERT INTO choice (id, questionnaire_id, interviewee_id) VALUES ('505c585e-1a72-4f81-a3a9-95fed4a87882', '747d0763-c99f-47ce-809b-b378d489a158', '8993f96c-ef82-4f1a-9a85-066146754cfc');
INSERT INTO option_choice (option_id, choice_id) VALUES ('2095cf98-27de-4722-93f9-2c09ae6b4ed1', '505c585e-1a72-4f81-a3a9-95fed4a87882');
INSERT INTO option_choice (option_id, choice_id) VALUES ('7cc0569f-f362-4ed1-9343-6ffd1369e812', '505c585e-1a72-4f81-a3a9-95fed4a87882');
INSERT INTO option_choice (option_id, choice_id) VALUES ('65c86d12-f533-40f5-8dd6-10903d890b10', '505c585e-1a72-4f81-a3a9-95fed4a87882');
INSERT INTO choice (id, questionnaire_id, interviewee_id) VALUES ('096b6c03-1164-4443-ac65-dde74513a968', 'aaacf497-4ae4-46e0-aa2e-27377271bafc', '8993f96c-ef82-4f1a-9a85-066146754cfc');
INSERT INTO option_choice (option_id, choice_id) VALUES ('d4aa64ba-49fd-4d00-9175-a646c1d6d559', '096b6c03-1164-4443-ac65-dde74513a968');
INSERT INTO principal (username, password) VALUES ('interviewee436', 'qwerty');
INSERT INTO interviewee (id, username, age, gender, country, marital_status) VALUES ('207436d1-8898-4824-a428-b9edf20ae529', 'interviewee436', 32, 'male', 'DK', 'married');
INSERT INTO choice (id, questionnaire_id, interviewee_id) VALUES ('46013e7b-a738-4830-9a02-fe9d51847a33', '51436662-4eca-40ce-b552-b1c7486cf609', '207436d1-8898-4824-a428-b9edf20ae529');
INSERT INTO option_choice (option_id, choice_id) VALUES ('259215cc-47cc-4165-befd-cf997b4aaf7e', '46013e7b-a738-4830-9a02-fe9d51847a33');
INSERT INTO choice (id, questionnaire_id, interviewee_id) VALUES ('2a0f6db4-ad6d-4ea8-8606-ec99cfb4ad33', '858287c2-e494-424b-a03f-6b0a55c2fce3', '207436d1-8898-4824-a428-b9edf20ae529');
INSERT INTO option_choice (option_id, choice_id) VALUES ('59c8e6e3-5895-4f0b-ae9e-3bb455a5f6b2', '2a0f6db4-ad6d-4ea8-8606-ec99cfb4ad33');
INSERT INTO option_choice (option_id, choice_id) VALUES ('f2fd1a72-0ca7-41a6-ad15-7bc21a02fe73', '2a0f6db4-ad6d-4ea8-8606-ec99cfb4ad33');
INSERT INTO option_choice (option_id, choice_id) VALUES ('a7e89931-dbca-4a6f-bdbb-b42e57f2e7f2', '2a0f6db4-ad6d-4ea8-8606-ec99cfb4ad33');
INSERT INTO option_choice (option_id, choice_id) VALUES ('a1e55f7c-aa45-466f-86bb-0d5e262ca0bc', '2a0f6db4-ad6d-4ea8-8606-ec99cfb4ad33');
INSERT INTO principal (username, password) VALUES ('interviewee437', 'qwerty');
INSERT INTO interviewee (id, username, age, gender, country, marital_status) VALUES ('9aa14412-c867-47f9-850d-b1eb285e04a3', 'interviewee437', 50, 'male', 'IL', 'married');
INSERT INTO choice (id, questionnaire_id, interviewee_id) VALUES ('6fe20aaa-47a6-4911-99b9-e3068b692a61', 'c6dd214b-43b7-401f-afe6-a5ab0d2d7767', '9aa14412-c867-47f9-850d-b1eb285e04a3');
INSERT INTO option_choice (option_id, choice_id) VALUES ('c134384c-5eda-4957-9883-b965681b9fef', '6fe20aaa-47a6-4911-99b9-e3068b692a61');
INSERT INTO option_choice (option_id, choice_id) VALUES ('069a6758-231c-4064-8e44-a0db84e86a21', '6fe20aaa-47a6-4911-99b9-e3068b692a61');
INSERT INTO option_choice (option_id, choice_id) VALUES ('9d2a2dd1-7979-48a6-a0b7-3de8fdea75b6', '6fe20aaa-47a6-4911-99b9-e3068b692a61');
INSERT INTO choice (id, questionnaire_id, interviewee_id) VALUES ('e7b907a6-e2d1-46f0-a0c7-ae7f9effdd9e', '05e2761c-9435-4970-ad6d-245d7a696140', '9aa14412-c867-47f9-850d-b1eb285e04a3');
INSERT INTO option_choice (option_id, choice_id) VALUES ('821d408d-9a3b-4716-a443-69cb45197037', 'e7b907a6-e2d1-46f0-a0c7-ae7f9effdd9e');
INSERT INTO option_choice (option_id, choice_id) VALUES ('ee58bf05-12ff-45e4-b7e9-d37a70181de4', 'e7b907a6-e2d1-46f0-a0c7-ae7f9effdd9e');
INSERT INTO principal (username, password) VALUES ('interviewee438', 'qwerty');
INSERT INTO interviewee (id, username, age, gender, country, marital_status) VALUES ('301a3cdf-9c02-4ff9-8dde-058aba145b46', 'interviewee438', 23, 'female', 'BR', 'divorced');
INSERT INTO choice (id, questionnaire_id, interviewee_id) VALUES ('bf07bbbe-586a-4b3a-9296-cfac1358d9b2', '407203dd-9657-46e6-975f-3be5d664dd2a', '301a3cdf-9c02-4ff9-8dde-058aba145b46');
INSERT INTO option_choice (option_id, choice_id) VALUES ('d37dcf04-38aa-46a3-914b-a881661a3989', 'bf07bbbe-586a-4b3a-9296-cfac1358d9b2');
INSERT INTO principal (username, password) VALUES ('interviewee439', 'qwerty');
INSERT INTO interviewee (id, username, age, gender, country, marital_status) VALUES ('5eb42e68-a4e1-44b5-b6c7-b84a8302278c', 'interviewee439', 20, 'female', 'CK', 'divorced');
INSERT INTO choice (id, questionnaire_id, interviewee_id) VALUES ('272a0589-f120-4ae9-af3d-9421d7ef45a1', '747d0763-c99f-47ce-809b-b378d489a158', '5eb42e68-a4e1-44b5-b6c7-b84a8302278c');
INSERT INTO option_choice (option_id, choice_id) VALUES ('7cc0569f-f362-4ed1-9343-6ffd1369e812', '272a0589-f120-4ae9-af3d-9421d7ef45a1');
INSERT INTO option_choice (option_id, choice_id) VALUES ('2095cf98-27de-4722-93f9-2c09ae6b4ed1', '272a0589-f120-4ae9-af3d-9421d7ef45a1');
INSERT INTO option_choice (option_id, choice_id) VALUES ('65c86d12-f533-40f5-8dd6-10903d890b10', '272a0589-f120-4ae9-af3d-9421d7ef45a1');
INSERT INTO principal (username, password) VALUES ('interviewee440', 'qwerty');
INSERT INTO interviewee (id, username, age, gender, country, marital_status) VALUES ('d5f05e67-9509-44af-b928-02f57a38eaf8', 'interviewee440', 14, 'female', 'KP', 'married');
INSERT INTO choice (id, questionnaire_id, interviewee_id) VALUES ('d3ceed98-df94-4882-a59e-a0a6307a34af', 'b5c886d7-e86f-4083-958a-cbd232db7a84', 'd5f05e67-9509-44af-b928-02f57a38eaf8');
INSERT INTO option_choice (option_id, choice_id) VALUES ('e9ae0eb7-ed92-45ff-8ec1-bb688c3f1bfe', 'd3ceed98-df94-4882-a59e-a0a6307a34af');
INSERT INTO principal (username, password) VALUES ('interviewee441', 'qwerty');
INSERT INTO interviewee (id, username, age, gender, country, marital_status) VALUES ('b3bbf409-a267-4dbc-99e7-8a3b9a64fef5', 'interviewee441', 18, 'male', 'TK', 'was_not_married');
INSERT INTO choice (id, questionnaire_id, interviewee_id) VALUES ('8a228427-bf9a-4001-9e31-ea60838eba78', '08310229-5370-44f1-8071-5c56f92e3dc5', 'b3bbf409-a267-4dbc-99e7-8a3b9a64fef5');
INSERT INTO option_choice (option_id, choice_id) VALUES ('38336259-fa95-40f4-865c-eff171ebbb80', '8a228427-bf9a-4001-9e31-ea60838eba78');
INSERT INTO choice (id, questionnaire_id, interviewee_id) VALUES ('05de8162-6b49-492e-9879-0e5419d7055d', 'b5c886d7-e86f-4083-958a-cbd232db7a84', 'b3bbf409-a267-4dbc-99e7-8a3b9a64fef5');
INSERT INTO option_choice (option_id, choice_id) VALUES ('b3fef8ac-34c1-4143-a4bd-73c39cbbac53', '05de8162-6b49-492e-9879-0e5419d7055d');
INSERT INTO principal (username, password) VALUES ('interviewee442', 'qwerty');
INSERT INTO interviewee (id, username, age, gender, country, marital_status) VALUES ('da68f05b-fa6d-4b1f-b02a-3d0ef67c3a97', 'interviewee442', 44, 'male', 'NU', 'divorced');
INSERT INTO choice (id, questionnaire_id, interviewee_id) VALUES ('77385ebd-3b31-4d0a-a646-614c1e523218', '747d0763-c99f-47ce-809b-b378d489a158', 'da68f05b-fa6d-4b1f-b02a-3d0ef67c3a97');
INSERT INTO option_choice (option_id, choice_id) VALUES ('2095cf98-27de-4722-93f9-2c09ae6b4ed1', '77385ebd-3b31-4d0a-a646-614c1e523218');
INSERT INTO option_choice (option_id, choice_id) VALUES ('7cc0569f-f362-4ed1-9343-6ffd1369e812', '77385ebd-3b31-4d0a-a646-614c1e523218');
INSERT INTO option_choice (option_id, choice_id) VALUES ('65c86d12-f533-40f5-8dd6-10903d890b10', '77385ebd-3b31-4d0a-a646-614c1e523218');
INSERT INTO choice (id, questionnaire_id, interviewee_id) VALUES ('498f66e0-2613-4a3b-b5b0-c6cea4fea607', '858287c2-e494-424b-a03f-6b0a55c2fce3', 'da68f05b-fa6d-4b1f-b02a-3d0ef67c3a97');
INSERT INTO option_choice (option_id, choice_id) VALUES ('a7e89931-dbca-4a6f-bdbb-b42e57f2e7f2', '498f66e0-2613-4a3b-b5b0-c6cea4fea607');
INSERT INTO option_choice (option_id, choice_id) VALUES ('f2fd1a72-0ca7-41a6-ad15-7bc21a02fe73', '498f66e0-2613-4a3b-b5b0-c6cea4fea607');
INSERT INTO option_choice (option_id, choice_id) VALUES ('59c8e6e3-5895-4f0b-ae9e-3bb455a5f6b2', '498f66e0-2613-4a3b-b5b0-c6cea4fea607');
INSERT INTO option_choice (option_id, choice_id) VALUES ('a1e55f7c-aa45-466f-86bb-0d5e262ca0bc', '498f66e0-2613-4a3b-b5b0-c6cea4fea607');
INSERT INTO principal (username, password) VALUES ('interviewee443', 'qwerty');
INSERT INTO interviewee (id, username, age, gender, country, marital_status) VALUES ('0851f162-07ec-4f35-b45a-f7afe6e0082a', 'interviewee443', 69, 'female', 'SM', 'married');
INSERT INTO choice (id, questionnaire_id, interviewee_id) VALUES ('634fa5ae-5279-4acb-8571-41192c14f7d8', 'b6df4d49-3f70-4802-90cb-4ab89e24a427', '0851f162-07ec-4f35-b45a-f7afe6e0082a');
INSERT INTO option_choice (option_id, choice_id) VALUES ('39bf15ab-8f6e-4634-a483-d31c949b3332', '634fa5ae-5279-4acb-8571-41192c14f7d8');
INSERT INTO principal (username, password) VALUES ('interviewee444', 'qwerty');
INSERT INTO interviewee (id, username, age, gender, country, marital_status) VALUES ('131beb12-e8ac-47aa-be8d-b256fad2e0c9', 'interviewee444', 36, 'female', 'VU', 'married');
INSERT INTO choice (id, questionnaire_id, interviewee_id) VALUES ('4ad8a49a-7c1a-450e-bc3d-4f1efb22d68a', '4a4f7cbc-8533-42b3-923b-6b4309f53c64', '131beb12-e8ac-47aa-be8d-b256fad2e0c9');
INSERT INTO option_choice (option_id, choice_id) VALUES ('ad268fe3-764b-4fca-aaa2-296127f7c891', '4ad8a49a-7c1a-450e-bc3d-4f1efb22d68a');
INSERT INTO choice (id, questionnaire_id, interviewee_id) VALUES ('a9be83d0-7038-4181-9b44-c4eb011a910e', 'c6dd214b-43b7-401f-afe6-a5ab0d2d7767', '131beb12-e8ac-47aa-be8d-b256fad2e0c9');
INSERT INTO option_choice (option_id, choice_id) VALUES ('c134384c-5eda-4957-9883-b965681b9fef', 'a9be83d0-7038-4181-9b44-c4eb011a910e');
INSERT INTO option_choice (option_id, choice_id) VALUES ('17ceef0b-83da-42ec-a82c-9090a9be74af', 'a9be83d0-7038-4181-9b44-c4eb011a910e');
INSERT INTO option_choice (option_id, choice_id) VALUES ('069a6758-231c-4064-8e44-a0db84e86a21', 'a9be83d0-7038-4181-9b44-c4eb011a910e');
INSERT INTO option_choice (option_id, choice_id) VALUES ('9d2a2dd1-7979-48a6-a0b7-3de8fdea75b6', 'a9be83d0-7038-4181-9b44-c4eb011a910e');
INSERT INTO choice (id, questionnaire_id, interviewee_id) VALUES ('33c38674-8035-4025-b52f-4cb56790dfaf', 'b6df4d49-3f70-4802-90cb-4ab89e24a427', '131beb12-e8ac-47aa-be8d-b256fad2e0c9');
INSERT INTO option_choice (option_id, choice_id) VALUES ('30116571-ddf9-48c0-86a4-98a75a2078ee', '33c38674-8035-4025-b52f-4cb56790dfaf');
INSERT INTO principal (username, password) VALUES ('interviewee445', 'qwerty');
INSERT INTO interviewee (id, username, age, gender, country, marital_status) VALUES ('028154bf-9dc9-4536-8ffc-7074d3664508', 'interviewee445', 27, 'male', 'TW', 'was_not_married');
INSERT INTO choice (id, questionnaire_id, interviewee_id) VALUES ('00bfb0e0-d7f0-46d2-b8f9-e633a31ad446', '5b0a67f5-cbf2-4fde-b526-fd512ff68e24', '028154bf-9dc9-4536-8ffc-7074d3664508');
INSERT INTO option_choice (option_id, choice_id) VALUES ('ce5bf814-daca-4ca0-825d-8408f4fe06ed', '00bfb0e0-d7f0-46d2-b8f9-e633a31ad446');
INSERT INTO principal (username, password) VALUES ('interviewee446', 'qwerty');
INSERT INTO interviewee (id, username, age, gender, country, marital_status) VALUES ('6b451a4e-c5c6-4ba2-980a-6a5779b58e5c', 'interviewee446', 56, 'female', 'LV', 'was_not_married');
INSERT INTO choice (id, questionnaire_id, interviewee_id) VALUES ('49ef3d0e-6142-4ef2-a936-637bbcdf4e0d', 'b5c886d7-e86f-4083-958a-cbd232db7a84', '6b451a4e-c5c6-4ba2-980a-6a5779b58e5c');
INSERT INTO option_choice (option_id, choice_id) VALUES ('bbe6d273-ce07-449f-a3eb-96165f0d7b7d', '49ef3d0e-6142-4ef2-a936-637bbcdf4e0d');
INSERT INTO choice (id, questionnaire_id, interviewee_id) VALUES ('af3d3ddb-7889-468c-88f1-506c91948c6e', '08310229-5370-44f1-8071-5c56f92e3dc5', '6b451a4e-c5c6-4ba2-980a-6a5779b58e5c');
INSERT INTO option_choice (option_id, choice_id) VALUES ('fc94d716-ca6a-45f3-8cbb-afd6a3ea72a3', 'af3d3ddb-7889-468c-88f1-506c91948c6e');
INSERT INTO choice (id, questionnaire_id, interviewee_id) VALUES ('93cef172-134a-42e4-b539-ae13f2ff25c5', 'c6dd214b-43b7-401f-afe6-a5ab0d2d7767', '6b451a4e-c5c6-4ba2-980a-6a5779b58e5c');
INSERT INTO option_choice (option_id, choice_id) VALUES ('9d2a2dd1-7979-48a6-a0b7-3de8fdea75b6', '93cef172-134a-42e4-b539-ae13f2ff25c5');
INSERT INTO option_choice (option_id, choice_id) VALUES ('069a6758-231c-4064-8e44-a0db84e86a21', '93cef172-134a-42e4-b539-ae13f2ff25c5');
INSERT INTO principal (username, password) VALUES ('interviewee447', 'qwerty');
INSERT INTO interviewee (id, username, age, gender, country, marital_status) VALUES ('397ccd83-8d11-47fc-8fec-6c2dc0a9d532', 'interviewee447', 33, 'female', 'LY', 'married');
INSERT INTO choice (id, questionnaire_id, interviewee_id) VALUES ('2a598009-b488-415d-b84d-60c357019dca', '8e156ed6-1a8b-4fe6-9a58-0f7cbdd6af32', '397ccd83-8d11-47fc-8fec-6c2dc0a9d532');
INSERT INTO option_choice (option_id, choice_id) VALUES ('8fdd8f9f-7c9b-45e0-9ac8-45e46fe68791', '2a598009-b488-415d-b84d-60c357019dca');
INSERT INTO principal (username, password) VALUES ('interviewee448', 'qwerty');
INSERT INTO interviewee (id, username, age, gender, country, marital_status) VALUES ('cb9c23d5-c4fc-43c9-b326-cedbfa102b88', 'interviewee448', 30, 'female', 'VA', 'married');
INSERT INTO choice (id, questionnaire_id, interviewee_id) VALUES ('c5852dce-f102-47bd-a971-66e5ccacd044', 'e4d0ba66-5e11-433c-8243-4d890cceaf69', 'cb9c23d5-c4fc-43c9-b326-cedbfa102b88');
INSERT INTO option_choice (option_id, choice_id) VALUES ('cb637eae-3b8f-4d17-81fb-9b271857e55c', 'c5852dce-f102-47bd-a971-66e5ccacd044');
INSERT INTO choice (id, questionnaire_id, interviewee_id) VALUES ('434609a8-51dd-43f5-ac19-7e33cef3c3ff', 'c6dd214b-43b7-401f-afe6-a5ab0d2d7767', 'cb9c23d5-c4fc-43c9-b326-cedbfa102b88');
INSERT INTO option_choice (option_id, choice_id) VALUES ('c134384c-5eda-4957-9883-b965681b9fef', '434609a8-51dd-43f5-ac19-7e33cef3c3ff');
INSERT INTO option_choice (option_id, choice_id) VALUES ('069a6758-231c-4064-8e44-a0db84e86a21', '434609a8-51dd-43f5-ac19-7e33cef3c3ff');
INSERT INTO choice (id, questionnaire_id, interviewee_id) VALUES ('d64680ac-c8d9-4da1-ada2-f653daae443c', 'aaacf497-4ae4-46e0-aa2e-27377271bafc', 'cb9c23d5-c4fc-43c9-b326-cedbfa102b88');
INSERT INTO option_choice (option_id, choice_id) VALUES ('de1098e4-e0b7-4df4-890a-1958a8d5d465', 'd64680ac-c8d9-4da1-ada2-f653daae443c');
INSERT INTO principal (username, password) VALUES ('interviewee449', 'qwerty');
INSERT INTO interviewee (id, username, age, gender, country, marital_status) VALUES ('59af82a0-aed8-4a51-9731-a094eaf3b6fa', 'interviewee449', 15, 'female', 'GB', 'divorced');
INSERT INTO choice (id, questionnaire_id, interviewee_id) VALUES ('d50d2ede-bc45-47f9-a696-fa207167307a', 'b5c886d7-e86f-4083-958a-cbd232db7a84', '59af82a0-aed8-4a51-9731-a094eaf3b6fa');
INSERT INTO option_choice (option_id, choice_id) VALUES ('9d7ea78f-0edc-43db-94d7-3d31213df760', 'd50d2ede-bc45-47f9-a696-fa207167307a');
INSERT INTO choice (id, questionnaire_id, interviewee_id) VALUES ('4acfdd55-acae-45ca-b1ba-c56e9c3dc265', '51436662-4eca-40ce-b552-b1c7486cf609', '59af82a0-aed8-4a51-9731-a094eaf3b6fa');
INSERT INTO option_choice (option_id, choice_id) VALUES ('259215cc-47cc-4165-befd-cf997b4aaf7e', '4acfdd55-acae-45ca-b1ba-c56e9c3dc265');
INSERT INTO choice (id, questionnaire_id, interviewee_id) VALUES ('14073a83-22e3-4d56-92c7-d7ae68536ad5', '858287c2-e494-424b-a03f-6b0a55c2fce3', '59af82a0-aed8-4a51-9731-a094eaf3b6fa');
INSERT INTO option_choice (option_id, choice_id) VALUES ('a7e89931-dbca-4a6f-bdbb-b42e57f2e7f2', '14073a83-22e3-4d56-92c7-d7ae68536ad5');
INSERT INTO option_choice (option_id, choice_id) VALUES ('f2fd1a72-0ca7-41a6-ad15-7bc21a02fe73', '14073a83-22e3-4d56-92c7-d7ae68536ad5');
INSERT INTO principal (username, password) VALUES ('interviewee450', 'qwerty');
INSERT INTO interviewee (id, username, age, gender, country, marital_status) VALUES ('4f3a578b-0a1e-40d1-a660-6404489378a5', 'interviewee450', 21, 'male', 'MQ', 'was_not_married');
INSERT INTO choice (id, questionnaire_id, interviewee_id) VALUES ('458bef39-33e0-4161-847b-5b6c34adacb2', '48b4658e-bc90-4bd2-97bb-92484114dfea', '4f3a578b-0a1e-40d1-a660-6404489378a5');
INSERT INTO option_choice (option_id, choice_id) VALUES ('db310764-efc3-46ab-9d86-9914e34aa6cd', '458bef39-33e0-4161-847b-5b6c34adacb2');
INSERT INTO principal (username, password) VALUES ('interviewee451', 'qwerty');
INSERT INTO interviewee (id, username, age, gender, country, marital_status) VALUES ('05c68641-8a36-4054-bb00-ac5f68db3ff3', 'interviewee451', 56, 'female', 'RS', 'married');
INSERT INTO choice (id, questionnaire_id, interviewee_id) VALUES ('0f3606ab-c6b0-4e25-8ffa-823a36e2cd9f', '2519c51c-9863-4531-85ff-a7ddd5ea08b2', '05c68641-8a36-4054-bb00-ac5f68db3ff3');
INSERT INTO option_choice (option_id, choice_id) VALUES ('b2ff87be-cdaa-4b83-bb9c-9946660ea8b8', '0f3606ab-c6b0-4e25-8ffa-823a36e2cd9f');
INSERT INTO principal (username, password) VALUES ('interviewee452', 'qwerty');
INSERT INTO interviewee (id, username, age, gender, country, marital_status) VALUES ('87bb2944-c6cf-467d-ba98-35d8ec116411', 'interviewee452', 21, 'male', 'GE', 'married');
INSERT INTO choice (id, questionnaire_id, interviewee_id) VALUES ('4fd89a3a-e173-4a67-bed4-88f4b99e15cc', 'b6df4d49-3f70-4802-90cb-4ab89e24a427', '87bb2944-c6cf-467d-ba98-35d8ec116411');
INSERT INTO option_choice (option_id, choice_id) VALUES ('77609489-aa8b-4a3f-960d-ae51ced640c1', '4fd89a3a-e173-4a67-bed4-88f4b99e15cc');
INSERT INTO principal (username, password) VALUES ('interviewee453', 'qwerty');
INSERT INTO interviewee (id, username, age, gender, country, marital_status) VALUES ('6b4efc0e-600c-44d7-991b-24d83807b44a', 'interviewee453', 67, 'male', 'SJ', 'was_not_married');
INSERT INTO choice (id, questionnaire_id, interviewee_id) VALUES ('13c22501-d273-4f8f-8e39-333336e5cc36', 'aaacf497-4ae4-46e0-aa2e-27377271bafc', '6b4efc0e-600c-44d7-991b-24d83807b44a');
INSERT INTO option_choice (option_id, choice_id) VALUES ('de1098e4-e0b7-4df4-890a-1958a8d5d465', '13c22501-d273-4f8f-8e39-333336e5cc36');
INSERT INTO choice (id, questionnaire_id, interviewee_id) VALUES ('49791aa3-b2e8-44f2-b5a5-9934a50b38d2', '173a3ab0-8485-4aa4-8787-a2a4414f992e', '6b4efc0e-600c-44d7-991b-24d83807b44a');
INSERT INTO option_choice (option_id, choice_id) VALUES ('3c8e0934-801c-4afd-98de-7aaf263889f6', '49791aa3-b2e8-44f2-b5a5-9934a50b38d2');
INSERT INTO option_choice (option_id, choice_id) VALUES ('3f698183-af22-44ca-80c1-eb668697e9ea', '49791aa3-b2e8-44f2-b5a5-9934a50b38d2');
INSERT INTO option_choice (option_id, choice_id) VALUES ('f9a527bc-3f55-40db-b05e-d549f1801594', '49791aa3-b2e8-44f2-b5a5-9934a50b38d2');
INSERT INTO option_choice (option_id, choice_id) VALUES ('bf89350f-11e0-4471-a3a1-95481edf5acd', '49791aa3-b2e8-44f2-b5a5-9934a50b38d2');
INSERT INTO choice (id, questionnaire_id, interviewee_id) VALUES ('1d5f651d-7e63-4e30-ba8b-c6a4c9171a3f', '407203dd-9657-46e6-975f-3be5d664dd2a', '6b4efc0e-600c-44d7-991b-24d83807b44a');
INSERT INTO option_choice (option_id, choice_id) VALUES ('13fd08f6-1546-4289-9b91-c20aea1b69e9', '1d5f651d-7e63-4e30-ba8b-c6a4c9171a3f');
INSERT INTO principal (username, password) VALUES ('interviewee454', 'qwerty');
INSERT INTO interviewee (id, username, age, gender, country, marital_status) VALUES ('d5394597-de9d-40ce-9d0c-30e32029f832', 'interviewee454', 70, 'male', 'SV', 'was_not_married');
INSERT INTO choice (id, questionnaire_id, interviewee_id) VALUES ('b1d5d331-c5a5-4ad3-b0de-38ecde48a96d', '4a4f7cbc-8533-42b3-923b-6b4309f53c64', 'd5394597-de9d-40ce-9d0c-30e32029f832');
INSERT INTO option_choice (option_id, choice_id) VALUES ('c8061f97-fb14-4a37-89ad-0a564fb1704d', 'b1d5d331-c5a5-4ad3-b0de-38ecde48a96d');
INSERT INTO choice (id, questionnaire_id, interviewee_id) VALUES ('a9b22597-8d89-4d7d-93c2-a41d16a4ccdf', 'e20dbb22-091f-4137-8450-fdeaea74363f', 'd5394597-de9d-40ce-9d0c-30e32029f832');
INSERT INTO option_choice (option_id, choice_id) VALUES ('b09da84d-7533-40da-b486-a820b6b7c110', 'a9b22597-8d89-4d7d-93c2-a41d16a4ccdf');
INSERT INTO option_choice (option_id, choice_id) VALUES ('4bd78eb1-72bb-47fa-8b7c-4cc826f39edd', 'a9b22597-8d89-4d7d-93c2-a41d16a4ccdf');
INSERT INTO option_choice (option_id, choice_id) VALUES ('ff3c7a97-70db-4404-b85b-274707745879', 'a9b22597-8d89-4d7d-93c2-a41d16a4ccdf');
INSERT INTO option_choice (option_id, choice_id) VALUES ('946ecf06-2d9f-4fe5-b2b7-64c51a5fdf06', 'a9b22597-8d89-4d7d-93c2-a41d16a4ccdf');
INSERT INTO option_choice (option_id, choice_id) VALUES ('a572f3cf-b3ba-491a-9687-6cee662749f1', 'a9b22597-8d89-4d7d-93c2-a41d16a4ccdf');
INSERT INTO choice (id, questionnaire_id, interviewee_id) VALUES ('c62f88b6-1102-4002-b6e4-f63dcfc0da1a', '08310229-5370-44f1-8071-5c56f92e3dc5', 'd5394597-de9d-40ce-9d0c-30e32029f832');
INSERT INTO option_choice (option_id, choice_id) VALUES ('fc94d716-ca6a-45f3-8cbb-afd6a3ea72a3', 'c62f88b6-1102-4002-b6e4-f63dcfc0da1a');
INSERT INTO principal (username, password) VALUES ('interviewee455', 'qwerty');
INSERT INTO interviewee (id, username, age, gender, country, marital_status) VALUES ('93a97ee2-2d54-45cc-a990-693ab8de76dc', 'interviewee455', 22, 'female', 'CI', 'was_not_married');
INSERT INTO choice (id, questionnaire_id, interviewee_id) VALUES ('58c40eb0-f15c-4656-8b6e-a872f464ca0d', 'e20dbb22-091f-4137-8450-fdeaea74363f', '93a97ee2-2d54-45cc-a990-693ab8de76dc');
INSERT INTO option_choice (option_id, choice_id) VALUES ('ff3c7a97-70db-4404-b85b-274707745879', '58c40eb0-f15c-4656-8b6e-a872f464ca0d');
INSERT INTO option_choice (option_id, choice_id) VALUES ('946ecf06-2d9f-4fe5-b2b7-64c51a5fdf06', '58c40eb0-f15c-4656-8b6e-a872f464ca0d');
INSERT INTO option_choice (option_id, choice_id) VALUES ('49d1bc1f-0fd1-4dad-ab6d-b123ea13d33a', '58c40eb0-f15c-4656-8b6e-a872f464ca0d');
INSERT INTO option_choice (option_id, choice_id) VALUES ('b09da84d-7533-40da-b486-a820b6b7c110', '58c40eb0-f15c-4656-8b6e-a872f464ca0d');
INSERT INTO option_choice (option_id, choice_id) VALUES ('4bd78eb1-72bb-47fa-8b7c-4cc826f39edd', '58c40eb0-f15c-4656-8b6e-a872f464ca0d');
INSERT INTO option_choice (option_id, choice_id) VALUES ('322bbc1b-4e8d-41ae-b4f2-3466891dc809', '58c40eb0-f15c-4656-8b6e-a872f464ca0d');
INSERT INTO option_choice (option_id, choice_id) VALUES ('a572f3cf-b3ba-491a-9687-6cee662749f1', '58c40eb0-f15c-4656-8b6e-a872f464ca0d');
INSERT INTO option_choice (option_id, choice_id) VALUES ('742176a0-b7c8-400a-a370-5871099954a4', '58c40eb0-f15c-4656-8b6e-a872f464ca0d');
INSERT INTO choice (id, questionnaire_id, interviewee_id) VALUES ('7da3840b-6930-404e-8c07-33ee5e14e9a9', '49c46fd6-2111-4ef5-8b91-9ee67132426d', '93a97ee2-2d54-45cc-a990-693ab8de76dc');
INSERT INTO option_choice (option_id, choice_id) VALUES ('0e4a5f7a-a4f3-45f1-8f7c-34efd574414b', '7da3840b-6930-404e-8c07-33ee5e14e9a9');
INSERT INTO choice (id, questionnaire_id, interviewee_id) VALUES ('607ad691-8139-43c1-bf6c-b783e7914c48', '05e2761c-9435-4970-ad6d-245d7a696140', '93a97ee2-2d54-45cc-a990-693ab8de76dc');
INSERT INTO option_choice (option_id, choice_id) VALUES ('ee58bf05-12ff-45e4-b7e9-d37a70181de4', '607ad691-8139-43c1-bf6c-b783e7914c48');
INSERT INTO option_choice (option_id, choice_id) VALUES ('26fa513d-ade2-4822-81ac-a6d8dc123679', '607ad691-8139-43c1-bf6c-b783e7914c48');
INSERT INTO principal (username, password) VALUES ('interviewee456', 'qwerty');
INSERT INTO interviewee (id, username, age, gender, country, marital_status) VALUES ('ae43886f-a97f-425a-a5a9-c9e2f5d9217d', 'interviewee456', 31, 'female', 'FR', 'divorced');
INSERT INTO choice (id, questionnaire_id, interviewee_id) VALUES ('59d09e8d-05fc-4f75-8f0f-444f76047c45', 'e4d0ba66-5e11-433c-8243-4d890cceaf69', 'ae43886f-a97f-425a-a5a9-c9e2f5d9217d');
INSERT INTO option_choice (option_id, choice_id) VALUES ('cb637eae-3b8f-4d17-81fb-9b271857e55c', '59d09e8d-05fc-4f75-8f0f-444f76047c45');
INSERT INTO choice (id, questionnaire_id, interviewee_id) VALUES ('ece105a7-521c-4d75-ad6f-3ce0802c1281', 'aaacf497-4ae4-46e0-aa2e-27377271bafc', 'ae43886f-a97f-425a-a5a9-c9e2f5d9217d');
INSERT INTO option_choice (option_id, choice_id) VALUES ('de1098e4-e0b7-4df4-890a-1958a8d5d465', 'ece105a7-521c-4d75-ad6f-3ce0802c1281');
INSERT INTO principal (username, password) VALUES ('interviewee457', 'qwerty');
INSERT INTO interviewee (id, username, age, gender, country, marital_status) VALUES ('ba95fa99-fbb5-4d99-abdd-d727faa523af', 'interviewee457', 51, 'female', 'MF', 'married');
INSERT INTO choice (id, questionnaire_id, interviewee_id) VALUES ('50a6e4f0-1f99-4398-bacc-12327e335f36', '49c46fd6-2111-4ef5-8b91-9ee67132426d', 'ba95fa99-fbb5-4d99-abdd-d727faa523af');
INSERT INTO option_choice (option_id, choice_id) VALUES ('9324aa44-2cdd-4334-9eee-ab97e62258df', '50a6e4f0-1f99-4398-bacc-12327e335f36');
INSERT INTO choice (id, questionnaire_id, interviewee_id) VALUES ('4f72abeb-afe0-4616-96cf-47209a4f65a3', 'aaacf497-4ae4-46e0-aa2e-27377271bafc', 'ba95fa99-fbb5-4d99-abdd-d727faa523af');
INSERT INTO option_choice (option_id, choice_id) VALUES ('de1098e4-e0b7-4df4-890a-1958a8d5d465', '4f72abeb-afe0-4616-96cf-47209a4f65a3');
INSERT INTO choice (id, questionnaire_id, interviewee_id) VALUES ('a4ae83a9-5c5d-48c8-869f-366d8da08e4a', 'e20dbb22-091f-4137-8450-fdeaea74363f', 'ba95fa99-fbb5-4d99-abdd-d727faa523af');
INSERT INTO option_choice (option_id, choice_id) VALUES ('49d1bc1f-0fd1-4dad-ab6d-b123ea13d33a', 'a4ae83a9-5c5d-48c8-869f-366d8da08e4a');
INSERT INTO option_choice (option_id, choice_id) VALUES ('a572f3cf-b3ba-491a-9687-6cee662749f1', 'a4ae83a9-5c5d-48c8-869f-366d8da08e4a');
INSERT INTO option_choice (option_id, choice_id) VALUES ('b09da84d-7533-40da-b486-a820b6b7c110', 'a4ae83a9-5c5d-48c8-869f-366d8da08e4a');
INSERT INTO option_choice (option_id, choice_id) VALUES ('ff3c7a97-70db-4404-b85b-274707745879', 'a4ae83a9-5c5d-48c8-869f-366d8da08e4a');
INSERT INTO option_choice (option_id, choice_id) VALUES ('322bbc1b-4e8d-41ae-b4f2-3466891dc809', 'a4ae83a9-5c5d-48c8-869f-366d8da08e4a');
INSERT INTO option_choice (option_id, choice_id) VALUES ('946ecf06-2d9f-4fe5-b2b7-64c51a5fdf06', 'a4ae83a9-5c5d-48c8-869f-366d8da08e4a');
INSERT INTO principal (username, password) VALUES ('interviewee458', 'qwerty');
INSERT INTO interviewee (id, username, age, gender, country, marital_status) VALUES ('d9884ceb-d462-48dc-8c2f-260eeef9f40a', 'interviewee458', 40, 'female', 'US', 'married');
INSERT INTO choice (id, questionnaire_id, interviewee_id) VALUES ('5fec3f7e-9e75-4b88-8d42-63c04d7e3b24', '747d0763-c99f-47ce-809b-b378d489a158', 'd9884ceb-d462-48dc-8c2f-260eeef9f40a');
INSERT INTO option_choice (option_id, choice_id) VALUES ('2095cf98-27de-4722-93f9-2c09ae6b4ed1', '5fec3f7e-9e75-4b88-8d42-63c04d7e3b24');
INSERT INTO choice (id, questionnaire_id, interviewee_id) VALUES ('86693b6c-5ec3-40af-a56f-cd3cace7d948', '48b4658e-bc90-4bd2-97bb-92484114dfea', 'd9884ceb-d462-48dc-8c2f-260eeef9f40a');
INSERT INTO option_choice (option_id, choice_id) VALUES ('72884dca-8b91-4379-bf2e-f4dbfc8f13cd', '86693b6c-5ec3-40af-a56f-cd3cace7d948');
INSERT INTO principal (username, password) VALUES ('interviewee459', 'qwerty');
INSERT INTO interviewee (id, username, age, gender, country, marital_status) VALUES ('ea48bcb6-269b-4182-9cdb-196a1fc93bb1', 'interviewee459', 22, 'male', 'EH', 'married');
INSERT INTO choice (id, questionnaire_id, interviewee_id) VALUES ('d92add45-38fd-4234-a691-6bda91766771', 'b5c886d7-e86f-4083-958a-cbd232db7a84', 'ea48bcb6-269b-4182-9cdb-196a1fc93bb1');
INSERT INTO option_choice (option_id, choice_id) VALUES ('e9ae0eb7-ed92-45ff-8ec1-bb688c3f1bfe', 'd92add45-38fd-4234-a691-6bda91766771');
INSERT INTO choice (id, questionnaire_id, interviewee_id) VALUES ('46fd238e-2460-4977-9482-22142557e10b', '4a4f7cbc-8533-42b3-923b-6b4309f53c64', 'ea48bcb6-269b-4182-9cdb-196a1fc93bb1');
INSERT INTO option_choice (option_id, choice_id) VALUES ('ad268fe3-764b-4fca-aaa2-296127f7c891', '46fd238e-2460-4977-9482-22142557e10b');
INSERT INTO principal (username, password) VALUES ('interviewee460', 'qwerty');
INSERT INTO interviewee (id, username, age, gender, country, marital_status) VALUES ('766fab9a-f676-44d2-8a67-8eb4e706c211', 'interviewee460', 65, 'female', 'GW', 'divorced');
INSERT INTO choice (id, questionnaire_id, interviewee_id) VALUES ('402d29d7-f6ff-4de9-a68b-0dc99c002476', 'e20dbb22-091f-4137-8450-fdeaea74363f', '766fab9a-f676-44d2-8a67-8eb4e706c211');
INSERT INTO option_choice (option_id, choice_id) VALUES ('ff3c7a97-70db-4404-b85b-274707745879', '402d29d7-f6ff-4de9-a68b-0dc99c002476');
INSERT INTO option_choice (option_id, choice_id) VALUES ('4bd78eb1-72bb-47fa-8b7c-4cc826f39edd', '402d29d7-f6ff-4de9-a68b-0dc99c002476');
INSERT INTO option_choice (option_id, choice_id) VALUES ('b09da84d-7533-40da-b486-a820b6b7c110', '402d29d7-f6ff-4de9-a68b-0dc99c002476');
INSERT INTO option_choice (option_id, choice_id) VALUES ('742176a0-b7c8-400a-a370-5871099954a4', '402d29d7-f6ff-4de9-a68b-0dc99c002476');
INSERT INTO option_choice (option_id, choice_id) VALUES ('a572f3cf-b3ba-491a-9687-6cee662749f1', '402d29d7-f6ff-4de9-a68b-0dc99c002476');
INSERT INTO option_choice (option_id, choice_id) VALUES ('946ecf06-2d9f-4fe5-b2b7-64c51a5fdf06', '402d29d7-f6ff-4de9-a68b-0dc99c002476');
INSERT INTO option_choice (option_id, choice_id) VALUES ('322bbc1b-4e8d-41ae-b4f2-3466891dc809', '402d29d7-f6ff-4de9-a68b-0dc99c002476');
INSERT INTO option_choice (option_id, choice_id) VALUES ('49d1bc1f-0fd1-4dad-ab6d-b123ea13d33a', '402d29d7-f6ff-4de9-a68b-0dc99c002476');
INSERT INTO principal (username, password) VALUES ('interviewee461', 'qwerty');
INSERT INTO interviewee (id, username, age, gender, country, marital_status) VALUES ('2599c3ce-50e0-46e4-8768-4f9d25fab227', 'interviewee461', 61, 'female', 'AS', 'was_not_married');
INSERT INTO choice (id, questionnaire_id, interviewee_id) VALUES ('6fe9135a-0f26-4bdf-b426-188e5edb8d59', '51436662-4eca-40ce-b552-b1c7486cf609', '2599c3ce-50e0-46e4-8768-4f9d25fab227');
INSERT INTO option_choice (option_id, choice_id) VALUES ('259215cc-47cc-4165-befd-cf997b4aaf7e', '6fe9135a-0f26-4bdf-b426-188e5edb8d59');
INSERT INTO principal (username, password) VALUES ('interviewee462', 'qwerty');
INSERT INTO interviewee (id, username, age, gender, country, marital_status) VALUES ('5ef0c768-5749-4d4e-99ab-270a8e6e72c0', 'interviewee462', 33, 'male', 'SB', 'married');
INSERT INTO choice (id, questionnaire_id, interviewee_id) VALUES ('1aef9767-78a7-4f68-b301-47a09b00a9ee', '51436662-4eca-40ce-b552-b1c7486cf609', '5ef0c768-5749-4d4e-99ab-270a8e6e72c0');
INSERT INTO option_choice (option_id, choice_id) VALUES ('e4c4b240-61c9-4253-a93b-9a7768fbfe3f', '1aef9767-78a7-4f68-b301-47a09b00a9ee');
INSERT INTO choice (id, questionnaire_id, interviewee_id) VALUES ('c03719e2-d81c-4ce9-813e-de40a87de17d', 'b5c886d7-e86f-4083-958a-cbd232db7a84', '5ef0c768-5749-4d4e-99ab-270a8e6e72c0');
INSERT INTO option_choice (option_id, choice_id) VALUES ('9d7ea78f-0edc-43db-94d7-3d31213df760', 'c03719e2-d81c-4ce9-813e-de40a87de17d');
INSERT INTO choice (id, questionnaire_id, interviewee_id) VALUES ('a7ab6256-643d-4c41-8de4-03e7c5a558e8', '05e2761c-9435-4970-ad6d-245d7a696140', '5ef0c768-5749-4d4e-99ab-270a8e6e72c0');
INSERT INTO option_choice (option_id, choice_id) VALUES ('821d408d-9a3b-4716-a443-69cb45197037', 'a7ab6256-643d-4c41-8de4-03e7c5a558e8');
INSERT INTO option_choice (option_id, choice_id) VALUES ('ee58bf05-12ff-45e4-b7e9-d37a70181de4', 'a7ab6256-643d-4c41-8de4-03e7c5a558e8');
INSERT INTO option_choice (option_id, choice_id) VALUES ('4431f860-831f-4fdf-9dbb-76fbdb1006a1', 'a7ab6256-643d-4c41-8de4-03e7c5a558e8');
INSERT INTO option_choice (option_id, choice_id) VALUES ('cd3191da-899e-4773-b914-291725c8c108', 'a7ab6256-643d-4c41-8de4-03e7c5a558e8');
INSERT INTO option_choice (option_id, choice_id) VALUES ('26fa513d-ade2-4822-81ac-a6d8dc123679', 'a7ab6256-643d-4c41-8de4-03e7c5a558e8');
INSERT INTO principal (username, password) VALUES ('interviewee463', 'qwerty');
INSERT INTO interviewee (id, username, age, gender, country, marital_status) VALUES ('53d384cf-c06c-4baa-b5cc-1167e16a7349', 'interviewee463', 51, 'female', 'UA', 'divorced');
INSERT INTO choice (id, questionnaire_id, interviewee_id) VALUES ('4fc8b2c1-10f3-4643-b85a-63787b344c55', '51436662-4eca-40ce-b552-b1c7486cf609', '53d384cf-c06c-4baa-b5cc-1167e16a7349');
INSERT INTO option_choice (option_id, choice_id) VALUES ('259215cc-47cc-4165-befd-cf997b4aaf7e', '4fc8b2c1-10f3-4643-b85a-63787b344c55');
INSERT INTO choice (id, questionnaire_id, interviewee_id) VALUES ('a8eaa3cf-ae9c-470b-a26d-e8bcb9bd41a8', '08310229-5370-44f1-8071-5c56f92e3dc5', '53d384cf-c06c-4baa-b5cc-1167e16a7349');
INSERT INTO option_choice (option_id, choice_id) VALUES ('fc94d716-ca6a-45f3-8cbb-afd6a3ea72a3', 'a8eaa3cf-ae9c-470b-a26d-e8bcb9bd41a8');
INSERT INTO choice (id, questionnaire_id, interviewee_id) VALUES ('341a4bf0-d363-47a2-8487-d6b8091eda70', 'b6df4d49-3f70-4802-90cb-4ab89e24a427', '53d384cf-c06c-4baa-b5cc-1167e16a7349');
INSERT INTO option_choice (option_id, choice_id) VALUES ('30116571-ddf9-48c0-86a4-98a75a2078ee', '341a4bf0-d363-47a2-8487-d6b8091eda70');
INSERT INTO principal (username, password) VALUES ('interviewee464', 'qwerty');
INSERT INTO interviewee (id, username, age, gender, country, marital_status) VALUES ('b86c9fd8-5d34-4cdb-aaa9-8a728105310c', 'interviewee464', 69, 'male', 'WS', 'married');
INSERT INTO choice (id, questionnaire_id, interviewee_id) VALUES ('40c9ce53-aa36-4b3a-8668-84a84163e4c1', '51436662-4eca-40ce-b552-b1c7486cf609', 'b86c9fd8-5d34-4cdb-aaa9-8a728105310c');
INSERT INTO option_choice (option_id, choice_id) VALUES ('e4c4b240-61c9-4253-a93b-9a7768fbfe3f', '40c9ce53-aa36-4b3a-8668-84a84163e4c1');
INSERT INTO choice (id, questionnaire_id, interviewee_id) VALUES ('44bdbb63-947e-42a8-b59b-41533d8570bb', '407203dd-9657-46e6-975f-3be5d664dd2a', 'b86c9fd8-5d34-4cdb-aaa9-8a728105310c');
INSERT INTO option_choice (option_id, choice_id) VALUES ('d37dcf04-38aa-46a3-914b-a881661a3989', '44bdbb63-947e-42a8-b59b-41533d8570bb');
INSERT INTO principal (username, password) VALUES ('interviewee465', 'qwerty');
INSERT INTO interviewee (id, username, age, gender, country, marital_status) VALUES ('7421c892-19c5-4508-8d65-7e7d3257146b', 'interviewee465', 20, 'male', 'LB', 'was_not_married');
INSERT INTO choice (id, questionnaire_id, interviewee_id) VALUES ('44005a67-0f29-4e5e-92ae-6ae33d9e9d76', 'b5c886d7-e86f-4083-958a-cbd232db7a84', '7421c892-19c5-4508-8d65-7e7d3257146b');
INSERT INTO option_choice (option_id, choice_id) VALUES ('b3fef8ac-34c1-4143-a4bd-73c39cbbac53', '44005a67-0f29-4e5e-92ae-6ae33d9e9d76');
INSERT INTO choice (id, questionnaire_id, interviewee_id) VALUES ('9959be98-be1f-40fc-9f96-d70dceea38ce', '81a3f075-1324-4e67-90a5-493fe3324435', '7421c892-19c5-4508-8d65-7e7d3257146b');
INSERT INTO option_choice (option_id, choice_id) VALUES ('a1737a4b-bfa2-4208-a103-ca4bea3afaaf', '9959be98-be1f-40fc-9f96-d70dceea38ce');
INSERT INTO option_choice (option_id, choice_id) VALUES ('a0eef1f9-547a-4823-b7e0-bb52d6891f8f', '9959be98-be1f-40fc-9f96-d70dceea38ce');
INSERT INTO option_choice (option_id, choice_id) VALUES ('7b2bd172-1566-440a-81d8-f9b2fb43f8fc', '9959be98-be1f-40fc-9f96-d70dceea38ce');
INSERT INTO option_choice (option_id, choice_id) VALUES ('c0afeee2-6628-4404-bc41-32bc0a1505c5', '9959be98-be1f-40fc-9f96-d70dceea38ce');
INSERT INTO choice (id, questionnaire_id, interviewee_id) VALUES ('f164f2ee-2280-4f07-833e-99a0c90aaad2', '407203dd-9657-46e6-975f-3be5d664dd2a', '7421c892-19c5-4508-8d65-7e7d3257146b');
INSERT INTO option_choice (option_id, choice_id) VALUES ('048db851-6d32-476c-9654-e8b6208eabda', 'f164f2ee-2280-4f07-833e-99a0c90aaad2');
INSERT INTO principal (username, password) VALUES ('interviewee466', 'qwerty');
INSERT INTO interviewee (id, username, age, gender, country, marital_status) VALUES ('3a702ede-8dab-4b4e-a40e-a1169d03026f', 'interviewee466', 66, 'female', 'LT', 'divorced');
INSERT INTO choice (id, questionnaire_id, interviewee_id) VALUES ('17876b78-7c2a-4d6b-976c-fd1d1815b661', '747d0763-c99f-47ce-809b-b378d489a158', '3a702ede-8dab-4b4e-a40e-a1169d03026f');
INSERT INTO option_choice (option_id, choice_id) VALUES ('2095cf98-27de-4722-93f9-2c09ae6b4ed1', '17876b78-7c2a-4d6b-976c-fd1d1815b661');
INSERT INTO option_choice (option_id, choice_id) VALUES ('7cc0569f-f362-4ed1-9343-6ffd1369e812', '17876b78-7c2a-4d6b-976c-fd1d1815b661');
INSERT INTO principal (username, password) VALUES ('interviewee467', 'qwerty');
INSERT INTO interviewee (id, username, age, gender, country, marital_status) VALUES ('90c6d387-1fd5-45a7-a63b-b87f375d31ca', 'interviewee467', 20, 'female', 'CY', 'married');
INSERT INTO choice (id, questionnaire_id, interviewee_id) VALUES ('61518e98-7043-4974-9eb6-8c122f8c4a73', '747d0763-c99f-47ce-809b-b378d489a158', '90c6d387-1fd5-45a7-a63b-b87f375d31ca');
INSERT INTO option_choice (option_id, choice_id) VALUES ('2095cf98-27de-4722-93f9-2c09ae6b4ed1', '61518e98-7043-4974-9eb6-8c122f8c4a73');
INSERT INTO option_choice (option_id, choice_id) VALUES ('7cc0569f-f362-4ed1-9343-6ffd1369e812', '61518e98-7043-4974-9eb6-8c122f8c4a73');
INSERT INTO choice (id, questionnaire_id, interviewee_id) VALUES ('7c4fd27f-d9fd-4f28-9e6c-1e5112855f2e', 'e20dbb22-091f-4137-8450-fdeaea74363f', '90c6d387-1fd5-45a7-a63b-b87f375d31ca');
INSERT INTO option_choice (option_id, choice_id) VALUES ('49d1bc1f-0fd1-4dad-ab6d-b123ea13d33a', '7c4fd27f-d9fd-4f28-9e6c-1e5112855f2e');
INSERT INTO principal (username, password) VALUES ('interviewee468', 'qwerty');
INSERT INTO interviewee (id, username, age, gender, country, marital_status) VALUES ('6e9a3e98-8497-43cd-9db9-5cbe674b7f3c', 'interviewee468', 21, 'female', 'TM', 'divorced');
INSERT INTO choice (id, questionnaire_id, interviewee_id) VALUES ('78b302de-075f-49c4-9c40-8d1e95294f87', '49c46fd6-2111-4ef5-8b91-9ee67132426d', '6e9a3e98-8497-43cd-9db9-5cbe674b7f3c');
INSERT INTO option_choice (option_id, choice_id) VALUES ('1edad7c9-bfa7-40be-bc47-62530b1df2c4', '78b302de-075f-49c4-9c40-8d1e95294f87');
INSERT INTO principal (username, password) VALUES ('interviewee469', 'qwerty');
INSERT INTO interviewee (id, username, age, gender, country, marital_status) VALUES ('20bea418-458c-4ef6-b4ea-9fc558eca048', 'interviewee469', 69, 'male', 'MC', 'was_not_married');
INSERT INTO choice (id, questionnaire_id, interviewee_id) VALUES ('0d34735f-e8ff-475c-b64c-b171c312feae', '48b4658e-bc90-4bd2-97bb-92484114dfea', '20bea418-458c-4ef6-b4ea-9fc558eca048');
INSERT INTO option_choice (option_id, choice_id) VALUES ('5a5b3a6f-7875-401c-8d0b-e9c8b854b985', '0d34735f-e8ff-475c-b64c-b171c312feae');
INSERT INTO principal (username, password) VALUES ('interviewee470', 'qwerty');
INSERT INTO interviewee (id, username, age, gender, country, marital_status) VALUES ('14c12bd7-e5da-4e24-a8c8-bb8c5ce32022', 'interviewee470', 23, 'female', 'VU', 'divorced');
INSERT INTO choice (id, questionnaire_id, interviewee_id) VALUES ('4796b7b6-a03e-4234-bc74-1b24414f1d9b', '4a4f7cbc-8533-42b3-923b-6b4309f53c64', '14c12bd7-e5da-4e24-a8c8-bb8c5ce32022');
INSERT INTO option_choice (option_id, choice_id) VALUES ('c8061f97-fb14-4a37-89ad-0a564fb1704d', '4796b7b6-a03e-4234-bc74-1b24414f1d9b');
INSERT INTO choice (id, questionnaire_id, interviewee_id) VALUES ('fe8e25ad-e95d-4b53-b598-81df206d05eb', '407203dd-9657-46e6-975f-3be5d664dd2a', '14c12bd7-e5da-4e24-a8c8-bb8c5ce32022');
INSERT INTO option_choice (option_id, choice_id) VALUES ('ee1ee86e-3cfc-4173-b109-2a69851e8943', 'fe8e25ad-e95d-4b53-b598-81df206d05eb');
INSERT INTO principal (username, password) VALUES ('interviewee471', 'qwerty');
INSERT INTO interviewee (id, username, age, gender, country, marital_status) VALUES ('cfbe8d66-1855-469a-ad37-236451d8ccdb', 'interviewee471', 39, 'male', 'GP', 'was_not_married');
INSERT INTO choice (id, questionnaire_id, interviewee_id) VALUES ('c4a05fe7-d098-4c47-8a94-c62f6f14ecf3', '81a3f075-1324-4e67-90a5-493fe3324435', 'cfbe8d66-1855-469a-ad37-236451d8ccdb');
INSERT INTO option_choice (option_id, choice_id) VALUES ('ab9020e3-a12b-46eb-97f0-79dcfaab7356', 'c4a05fe7-d098-4c47-8a94-c62f6f14ecf3');
INSERT INTO option_choice (option_id, choice_id) VALUES ('c0afeee2-6628-4404-bc41-32bc0a1505c5', 'c4a05fe7-d098-4c47-8a94-c62f6f14ecf3');
INSERT INTO option_choice (option_id, choice_id) VALUES ('7b2bd172-1566-440a-81d8-f9b2fb43f8fc', 'c4a05fe7-d098-4c47-8a94-c62f6f14ecf3');
INSERT INTO option_choice (option_id, choice_id) VALUES ('c5035143-d5d2-4934-8b99-4e66507a8603', 'c4a05fe7-d098-4c47-8a94-c62f6f14ecf3');
INSERT INTO principal (username, password) VALUES ('interviewee472', 'qwerty');
INSERT INTO interviewee (id, username, age, gender, country, marital_status) VALUES ('aee99ed4-2ed7-464f-95de-3411d23901f7', 'interviewee472', 67, 'female', 'KW', 'divorced');
INSERT INTO choice (id, questionnaire_id, interviewee_id) VALUES ('d1d9238a-7643-444c-82d7-7c8804623a95', 'e20dbb22-091f-4137-8450-fdeaea74363f', 'aee99ed4-2ed7-464f-95de-3411d23901f7');
INSERT INTO option_choice (option_id, choice_id) VALUES ('322bbc1b-4e8d-41ae-b4f2-3466891dc809', 'd1d9238a-7643-444c-82d7-7c8804623a95');
INSERT INTO option_choice (option_id, choice_id) VALUES ('49d1bc1f-0fd1-4dad-ab6d-b123ea13d33a', 'd1d9238a-7643-444c-82d7-7c8804623a95');
INSERT INTO option_choice (option_id, choice_id) VALUES ('a572f3cf-b3ba-491a-9687-6cee662749f1', 'd1d9238a-7643-444c-82d7-7c8804623a95');
INSERT INTO option_choice (option_id, choice_id) VALUES ('ff3c7a97-70db-4404-b85b-274707745879', 'd1d9238a-7643-444c-82d7-7c8804623a95');
INSERT INTO option_choice (option_id, choice_id) VALUES ('946ecf06-2d9f-4fe5-b2b7-64c51a5fdf06', 'd1d9238a-7643-444c-82d7-7c8804623a95');
INSERT INTO option_choice (option_id, choice_id) VALUES ('742176a0-b7c8-400a-a370-5871099954a4', 'd1d9238a-7643-444c-82d7-7c8804623a95');
INSERT INTO option_choice (option_id, choice_id) VALUES ('4bd78eb1-72bb-47fa-8b7c-4cc826f39edd', 'd1d9238a-7643-444c-82d7-7c8804623a95');
INSERT INTO option_choice (option_id, choice_id) VALUES ('b09da84d-7533-40da-b486-a820b6b7c110', 'd1d9238a-7643-444c-82d7-7c8804623a95');
INSERT INTO principal (username, password) VALUES ('interviewee473', 'qwerty');
INSERT INTO interviewee (id, username, age, gender, country, marital_status) VALUES ('1045cb13-bd46-483d-967f-ff4cc8e76795', 'interviewee473', 45, 'male', 'IT', 'was_not_married');
INSERT INTO choice (id, questionnaire_id, interviewee_id) VALUES ('8888d075-0fe2-4cdf-91cc-67162b8e9336', '858287c2-e494-424b-a03f-6b0a55c2fce3', '1045cb13-bd46-483d-967f-ff4cc8e76795');
INSERT INTO option_choice (option_id, choice_id) VALUES ('a1e55f7c-aa45-466f-86bb-0d5e262ca0bc', '8888d075-0fe2-4cdf-91cc-67162b8e9336');
INSERT INTO choice (id, questionnaire_id, interviewee_id) VALUES ('1baf89ea-24df-4d5a-b451-0a1f6ba4634a', '747d0763-c99f-47ce-809b-b378d489a158', '1045cb13-bd46-483d-967f-ff4cc8e76795');
INSERT INTO option_choice (option_id, choice_id) VALUES ('7cc0569f-f362-4ed1-9343-6ffd1369e812', '1baf89ea-24df-4d5a-b451-0a1f6ba4634a');
INSERT INTO option_choice (option_id, choice_id) VALUES ('65c86d12-f533-40f5-8dd6-10903d890b10', '1baf89ea-24df-4d5a-b451-0a1f6ba4634a');
INSERT INTO principal (username, password) VALUES ('interviewee474', 'qwerty');
INSERT INTO interviewee (id, username, age, gender, country, marital_status) VALUES ('d573ae42-b625-4dc4-81fa-bd88b36830cd', 'interviewee474', 29, 'female', 'SZ', 'divorced');
INSERT INTO choice (id, questionnaire_id, interviewee_id) VALUES ('536ad72a-c81f-4376-90b7-187398310dd7', '08310229-5370-44f1-8071-5c56f92e3dc5', 'd573ae42-b625-4dc4-81fa-bd88b36830cd');
INSERT INTO option_choice (option_id, choice_id) VALUES ('fc94d716-ca6a-45f3-8cbb-afd6a3ea72a3', '536ad72a-c81f-4376-90b7-187398310dd7');
INSERT INTO principal (username, password) VALUES ('interviewee475', 'qwerty');
INSERT INTO interviewee (id, username, age, gender, country, marital_status) VALUES ('e34a4696-b103-49dc-bb15-ae0ff985831d', 'interviewee475', 35, 'female', 'AG', 'married');
INSERT INTO choice (id, questionnaire_id, interviewee_id) VALUES ('45553f1c-755a-4606-a363-6f0c9c58a6ad', 'e20dbb22-091f-4137-8450-fdeaea74363f', 'e34a4696-b103-49dc-bb15-ae0ff985831d');
INSERT INTO option_choice (option_id, choice_id) VALUES ('946ecf06-2d9f-4fe5-b2b7-64c51a5fdf06', '45553f1c-755a-4606-a363-6f0c9c58a6ad');
INSERT INTO option_choice (option_id, choice_id) VALUES ('322bbc1b-4e8d-41ae-b4f2-3466891dc809', '45553f1c-755a-4606-a363-6f0c9c58a6ad');
INSERT INTO option_choice (option_id, choice_id) VALUES ('ff3c7a97-70db-4404-b85b-274707745879', '45553f1c-755a-4606-a363-6f0c9c58a6ad');
INSERT INTO option_choice (option_id, choice_id) VALUES ('a572f3cf-b3ba-491a-9687-6cee662749f1', '45553f1c-755a-4606-a363-6f0c9c58a6ad');
INSERT INTO option_choice (option_id, choice_id) VALUES ('742176a0-b7c8-400a-a370-5871099954a4', '45553f1c-755a-4606-a363-6f0c9c58a6ad');
INSERT INTO choice (id, questionnaire_id, interviewee_id) VALUES ('8fe0cefa-651b-45a9-83a5-2bd645556398', '05e2761c-9435-4970-ad6d-245d7a696140', 'e34a4696-b103-49dc-bb15-ae0ff985831d');
INSERT INTO option_choice (option_id, choice_id) VALUES ('ee58bf05-12ff-45e4-b7e9-d37a70181de4', '8fe0cefa-651b-45a9-83a5-2bd645556398');
INSERT INTO choice (id, questionnaire_id, interviewee_id) VALUES ('391d94a0-8c9c-4939-9c3a-592af7d020e9', '5b0a67f5-cbf2-4fde-b526-fd512ff68e24', 'e34a4696-b103-49dc-bb15-ae0ff985831d');
INSERT INTO option_choice (option_id, choice_id) VALUES ('ce5bf814-daca-4ca0-825d-8408f4fe06ed', '391d94a0-8c9c-4939-9c3a-592af7d020e9');
INSERT INTO principal (username, password) VALUES ('interviewee476', 'qwerty');
INSERT INTO interviewee (id, username, age, gender, country, marital_status) VALUES ('10a3cdf5-ca4a-4ab1-9d09-feaf898d2dad', 'interviewee476', 61, 'male', 'IQ', 'married');
INSERT INTO choice (id, questionnaire_id, interviewee_id) VALUES ('8fb81c9f-810f-4c58-b51b-99bec4593ea1', '4a4f7cbc-8533-42b3-923b-6b4309f53c64', '10a3cdf5-ca4a-4ab1-9d09-feaf898d2dad');
INSERT INTO option_choice (option_id, choice_id) VALUES ('655a67a1-3c81-4e22-99c2-2b849fa8c564', '8fb81c9f-810f-4c58-b51b-99bec4593ea1');
INSERT INTO choice (id, questionnaire_id, interviewee_id) VALUES ('418193a5-5d4c-4008-8a33-2e19aeeca84f', '2519c51c-9863-4531-85ff-a7ddd5ea08b2', '10a3cdf5-ca4a-4ab1-9d09-feaf898d2dad');
INSERT INTO option_choice (option_id, choice_id) VALUES ('dffcbd6b-b37a-4468-8c01-26ae752e283e', '418193a5-5d4c-4008-8a33-2e19aeeca84f');
INSERT INTO choice (id, questionnaire_id, interviewee_id) VALUES ('1ad5ebce-bb91-44ad-ae25-894ba0eb89a6', '51436662-4eca-40ce-b552-b1c7486cf609', '10a3cdf5-ca4a-4ab1-9d09-feaf898d2dad');
INSERT INTO option_choice (option_id, choice_id) VALUES ('e4c4b240-61c9-4253-a93b-9a7768fbfe3f', '1ad5ebce-bb91-44ad-ae25-894ba0eb89a6');
INSERT INTO principal (username, password) VALUES ('interviewee477', 'qwerty');
INSERT INTO interviewee (id, username, age, gender, country, marital_status) VALUES ('6617755c-8b5c-4134-917c-f062b25ae542', 'interviewee477', 21, 'male', 'UG', 'was_not_married');
INSERT INTO choice (id, questionnaire_id, interviewee_id) VALUES ('9d19f8cf-9849-4dd6-9471-cb9e28bcfe8f', '05e2761c-9435-4970-ad6d-245d7a696140', '6617755c-8b5c-4134-917c-f062b25ae542');
INSERT INTO option_choice (option_id, choice_id) VALUES ('821d408d-9a3b-4716-a443-69cb45197037', '9d19f8cf-9849-4dd6-9471-cb9e28bcfe8f');
INSERT INTO option_choice (option_id, choice_id) VALUES ('26fa513d-ade2-4822-81ac-a6d8dc123679', '9d19f8cf-9849-4dd6-9471-cb9e28bcfe8f');
INSERT INTO choice (id, questionnaire_id, interviewee_id) VALUES ('f0c034ec-f396-486c-b9d3-2dbdeecc27f9', '4a4f7cbc-8533-42b3-923b-6b4309f53c64', '6617755c-8b5c-4134-917c-f062b25ae542');
INSERT INTO option_choice (option_id, choice_id) VALUES ('ad268fe3-764b-4fca-aaa2-296127f7c891', 'f0c034ec-f396-486c-b9d3-2dbdeecc27f9');
INSERT INTO principal (username, password) VALUES ('interviewee478', 'qwerty');
INSERT INTO interviewee (id, username, age, gender, country, marital_status) VALUES ('034d3692-7ffb-4a93-9100-da6c2c40f120', 'interviewee478', 34, 'female', 'MD', 'married');
INSERT INTO choice (id, questionnaire_id, interviewee_id) VALUES ('309950ab-7aa2-4ecc-bb01-2f4140585d0e', '2519c51c-9863-4531-85ff-a7ddd5ea08b2', '034d3692-7ffb-4a93-9100-da6c2c40f120');
INSERT INTO option_choice (option_id, choice_id) VALUES ('e532cc1b-83fa-4902-9bd1-0868c31241bb', '309950ab-7aa2-4ecc-bb01-2f4140585d0e');
INSERT INTO choice (id, questionnaire_id, interviewee_id) VALUES ('704abe91-fef1-4548-a33b-1ccd9fa7bcdf', 'b6df4d49-3f70-4802-90cb-4ab89e24a427', '034d3692-7ffb-4a93-9100-da6c2c40f120');
INSERT INTO option_choice (option_id, choice_id) VALUES ('30116571-ddf9-48c0-86a4-98a75a2078ee', '704abe91-fef1-4548-a33b-1ccd9fa7bcdf');
INSERT INTO choice (id, questionnaire_id, interviewee_id) VALUES ('3e6f640b-a9ed-4d4a-a9c3-ae5b6e7dca44', '173a3ab0-8485-4aa4-8787-a2a4414f992e', '034d3692-7ffb-4a93-9100-da6c2c40f120');
INSERT INTO option_choice (option_id, choice_id) VALUES ('a477d3c8-db0a-4572-a680-b96fd792dc75', '3e6f640b-a9ed-4d4a-a9c3-ae5b6e7dca44');
INSERT INTO option_choice (option_id, choice_id) VALUES ('bf89350f-11e0-4471-a3a1-95481edf5acd', '3e6f640b-a9ed-4d4a-a9c3-ae5b6e7dca44');
INSERT INTO option_choice (option_id, choice_id) VALUES ('e03fcb10-1308-44a4-9ce2-e4eaf10452c1', '3e6f640b-a9ed-4d4a-a9c3-ae5b6e7dca44');
INSERT INTO principal (username, password) VALUES ('interviewee479', 'qwerty');
INSERT INTO interviewee (id, username, age, gender, country, marital_status) VALUES ('a1a1ee00-f5eb-4219-96f9-95c34ce3c4ea', 'interviewee479', 42, 'female', 'BZ', 'divorced');
INSERT INTO choice (id, questionnaire_id, interviewee_id) VALUES ('c747eddc-b67d-4660-8e6f-fed6954bb938', '173a3ab0-8485-4aa4-8787-a2a4414f992e', 'a1a1ee00-f5eb-4219-96f9-95c34ce3c4ea');
INSERT INTO option_choice (option_id, choice_id) VALUES ('c453fc60-b896-4f66-8dbe-cc55bc42881e', 'c747eddc-b67d-4660-8e6f-fed6954bb938');
INSERT INTO option_choice (option_id, choice_id) VALUES ('ce62e0a7-1873-4aa1-a448-2fad3cc888ee', 'c747eddc-b67d-4660-8e6f-fed6954bb938');
INSERT INTO option_choice (option_id, choice_id) VALUES ('bf89350f-11e0-4471-a3a1-95481edf5acd', 'c747eddc-b67d-4660-8e6f-fed6954bb938');
INSERT INTO option_choice (option_id, choice_id) VALUES ('f9a527bc-3f55-40db-b05e-d549f1801594', 'c747eddc-b67d-4660-8e6f-fed6954bb938');
INSERT INTO option_choice (option_id, choice_id) VALUES ('a477d3c8-db0a-4572-a680-b96fd792dc75', 'c747eddc-b67d-4660-8e6f-fed6954bb938');
INSERT INTO option_choice (option_id, choice_id) VALUES ('3f698183-af22-44ca-80c1-eb668697e9ea', 'c747eddc-b67d-4660-8e6f-fed6954bb938');
INSERT INTO choice (id, questionnaire_id, interviewee_id) VALUES ('4147429d-d73c-4c75-b090-a62df1cc31be', '4a4f7cbc-8533-42b3-923b-6b4309f53c64', 'a1a1ee00-f5eb-4219-96f9-95c34ce3c4ea');
INSERT INTO option_choice (option_id, choice_id) VALUES ('ad268fe3-764b-4fca-aaa2-296127f7c891', '4147429d-d73c-4c75-b090-a62df1cc31be');
INSERT INTO principal (username, password) VALUES ('interviewee480', 'qwerty');
INSERT INTO interviewee (id, username, age, gender, country, marital_status) VALUES ('ca0655fb-ac28-4e4e-8541-434ba5f16371', 'interviewee480', 32, 'female', 'CF', 'married');
INSERT INTO choice (id, questionnaire_id, interviewee_id) VALUES ('0e8c856c-92d8-4594-a68a-2dcd655ab8fe', 'e4d0ba66-5e11-433c-8243-4d890cceaf69', 'ca0655fb-ac28-4e4e-8541-434ba5f16371');
INSERT INTO option_choice (option_id, choice_id) VALUES ('cb637eae-3b8f-4d17-81fb-9b271857e55c', '0e8c856c-92d8-4594-a68a-2dcd655ab8fe');
INSERT INTO option_choice (option_id, choice_id) VALUES ('7cfec70e-33b3-4c68-9c38-38cf292cd0f9', '0e8c856c-92d8-4594-a68a-2dcd655ab8fe');
INSERT INTO principal (username, password) VALUES ('interviewee481', 'qwerty');
INSERT INTO interviewee (id, username, age, gender, country, marital_status) VALUES ('4adbbd3f-d4f2-47b6-ad99-915ab6e7e18e', 'interviewee481', 26, 'female', 'BM', 'divorced');
INSERT INTO choice (id, questionnaire_id, interviewee_id) VALUES ('50803900-4683-4a16-8935-c55ce20f6f58', 'e4d0ba66-5e11-433c-8243-4d890cceaf69', '4adbbd3f-d4f2-47b6-ad99-915ab6e7e18e');
INSERT INTO option_choice (option_id, choice_id) VALUES ('7cfec70e-33b3-4c68-9c38-38cf292cd0f9', '50803900-4683-4a16-8935-c55ce20f6f58');
INSERT INTO choice (id, questionnaire_id, interviewee_id) VALUES ('7f25aeb6-1957-4a2e-82ea-e65f73f44550', '2519c51c-9863-4531-85ff-a7ddd5ea08b2', '4adbbd3f-d4f2-47b6-ad99-915ab6e7e18e');
INSERT INTO option_choice (option_id, choice_id) VALUES ('e532cc1b-83fa-4902-9bd1-0868c31241bb', '7f25aeb6-1957-4a2e-82ea-e65f73f44550');
INSERT INTO choice (id, questionnaire_id, interviewee_id) VALUES ('1ffdc34a-7983-4b22-8d5f-4ac10ecad960', '747d0763-c99f-47ce-809b-b378d489a158', '4adbbd3f-d4f2-47b6-ad99-915ab6e7e18e');
INSERT INTO option_choice (option_id, choice_id) VALUES ('7cc0569f-f362-4ed1-9343-6ffd1369e812', '1ffdc34a-7983-4b22-8d5f-4ac10ecad960');
INSERT INTO option_choice (option_id, choice_id) VALUES ('65c86d12-f533-40f5-8dd6-10903d890b10', '1ffdc34a-7983-4b22-8d5f-4ac10ecad960');
INSERT INTO option_choice (option_id, choice_id) VALUES ('2095cf98-27de-4722-93f9-2c09ae6b4ed1', '1ffdc34a-7983-4b22-8d5f-4ac10ecad960');
INSERT INTO principal (username, password) VALUES ('interviewee482', 'qwerty');
INSERT INTO interviewee (id, username, age, gender, country, marital_status) VALUES ('18b47ddf-6473-43ad-afb4-bbba486dbbcf', 'interviewee482', 34, 'female', 'QA', 'was_not_married');
INSERT INTO choice (id, questionnaire_id, interviewee_id) VALUES ('98b56991-0112-471c-9310-da2166788935', '08310229-5370-44f1-8071-5c56f92e3dc5', '18b47ddf-6473-43ad-afb4-bbba486dbbcf');
INSERT INTO option_choice (option_id, choice_id) VALUES ('38336259-fa95-40f4-865c-eff171ebbb80', '98b56991-0112-471c-9310-da2166788935');
INSERT INTO choice (id, questionnaire_id, interviewee_id) VALUES ('334b2887-9d6a-4203-80d0-6f16556cb287', '173a3ab0-8485-4aa4-8787-a2a4414f992e', '18b47ddf-6473-43ad-afb4-bbba486dbbcf');
INSERT INTO option_choice (option_id, choice_id) VALUES ('ce62e0a7-1873-4aa1-a448-2fad3cc888ee', '334b2887-9d6a-4203-80d0-6f16556cb287');
INSERT INTO option_choice (option_id, choice_id) VALUES ('c453fc60-b896-4f66-8dbe-cc55bc42881e', '334b2887-9d6a-4203-80d0-6f16556cb287');
INSERT INTO option_choice (option_id, choice_id) VALUES ('f9a527bc-3f55-40db-b05e-d549f1801594', '334b2887-9d6a-4203-80d0-6f16556cb287');
INSERT INTO option_choice (option_id, choice_id) VALUES ('3c8e0934-801c-4afd-98de-7aaf263889f6', '334b2887-9d6a-4203-80d0-6f16556cb287');
INSERT INTO option_choice (option_id, choice_id) VALUES ('a477d3c8-db0a-4572-a680-b96fd792dc75', '334b2887-9d6a-4203-80d0-6f16556cb287');
INSERT INTO option_choice (option_id, choice_id) VALUES ('3f698183-af22-44ca-80c1-eb668697e9ea', '334b2887-9d6a-4203-80d0-6f16556cb287');
INSERT INTO choice (id, questionnaire_id, interviewee_id) VALUES ('c8f16e6d-7e5e-4a5b-ac7b-a4d6e2ee97da', 'e20dbb22-091f-4137-8450-fdeaea74363f', '18b47ddf-6473-43ad-afb4-bbba486dbbcf');
INSERT INTO option_choice (option_id, choice_id) VALUES ('b09da84d-7533-40da-b486-a820b6b7c110', 'c8f16e6d-7e5e-4a5b-ac7b-a4d6e2ee97da');
INSERT INTO option_choice (option_id, choice_id) VALUES ('ff3c7a97-70db-4404-b85b-274707745879', 'c8f16e6d-7e5e-4a5b-ac7b-a4d6e2ee97da');
INSERT INTO option_choice (option_id, choice_id) VALUES ('322bbc1b-4e8d-41ae-b4f2-3466891dc809', 'c8f16e6d-7e5e-4a5b-ac7b-a4d6e2ee97da');
INSERT INTO option_choice (option_id, choice_id) VALUES ('4bd78eb1-72bb-47fa-8b7c-4cc826f39edd', 'c8f16e6d-7e5e-4a5b-ac7b-a4d6e2ee97da');
INSERT INTO option_choice (option_id, choice_id) VALUES ('946ecf06-2d9f-4fe5-b2b7-64c51a5fdf06', 'c8f16e6d-7e5e-4a5b-ac7b-a4d6e2ee97da');
INSERT INTO option_choice (option_id, choice_id) VALUES ('742176a0-b7c8-400a-a370-5871099954a4', 'c8f16e6d-7e5e-4a5b-ac7b-a4d6e2ee97da');
INSERT INTO option_choice (option_id, choice_id) VALUES ('49d1bc1f-0fd1-4dad-ab6d-b123ea13d33a', 'c8f16e6d-7e5e-4a5b-ac7b-a4d6e2ee97da');
INSERT INTO option_choice (option_id, choice_id) VALUES ('a572f3cf-b3ba-491a-9687-6cee662749f1', 'c8f16e6d-7e5e-4a5b-ac7b-a4d6e2ee97da');
INSERT INTO principal (username, password) VALUES ('interviewee483', 'qwerty');
INSERT INTO interviewee (id, username, age, gender, country, marital_status) VALUES ('fb1c5ece-7ecd-4485-bcf5-11e9c54f6141', 'interviewee483', 53, 'female', 'BR', 'was_not_married');
INSERT INTO choice (id, questionnaire_id, interviewee_id) VALUES ('7cc7a5c8-64fa-44ab-a611-32dcbf65f667', '4a4f7cbc-8533-42b3-923b-6b4309f53c64', 'fb1c5ece-7ecd-4485-bcf5-11e9c54f6141');
INSERT INTO option_choice (option_id, choice_id) VALUES ('4afeb111-4ddc-421c-ad31-de17e1e12b0c', '7cc7a5c8-64fa-44ab-a611-32dcbf65f667');
INSERT INTO choice (id, questionnaire_id, interviewee_id) VALUES ('fa5bebe4-3975-4337-a27f-48abf1c21561', '51436662-4eca-40ce-b552-b1c7486cf609', 'fb1c5ece-7ecd-4485-bcf5-11e9c54f6141');
INSERT INTO option_choice (option_id, choice_id) VALUES ('e4c4b240-61c9-4253-a93b-9a7768fbfe3f', 'fa5bebe4-3975-4337-a27f-48abf1c21561');
INSERT INTO principal (username, password) VALUES ('interviewee484', 'qwerty');
INSERT INTO interviewee (id, username, age, gender, country, marital_status) VALUES ('aed1aa68-e53d-4661-b5c3-006baf1beb6f', 'interviewee484', 33, 'female', 'TR', 'married');
INSERT INTO choice (id, questionnaire_id, interviewee_id) VALUES ('a54a4635-3579-467f-9942-27cd198e07ee', 'e20dbb22-091f-4137-8450-fdeaea74363f', 'aed1aa68-e53d-4661-b5c3-006baf1beb6f');
INSERT INTO option_choice (option_id, choice_id) VALUES ('ff3c7a97-70db-4404-b85b-274707745879', 'a54a4635-3579-467f-9942-27cd198e07ee');
INSERT INTO option_choice (option_id, choice_id) VALUES ('49d1bc1f-0fd1-4dad-ab6d-b123ea13d33a', 'a54a4635-3579-467f-9942-27cd198e07ee');
INSERT INTO option_choice (option_id, choice_id) VALUES ('a572f3cf-b3ba-491a-9687-6cee662749f1', 'a54a4635-3579-467f-9942-27cd198e07ee');
INSERT INTO option_choice (option_id, choice_id) VALUES ('946ecf06-2d9f-4fe5-b2b7-64c51a5fdf06', 'a54a4635-3579-467f-9942-27cd198e07ee');
INSERT INTO option_choice (option_id, choice_id) VALUES ('742176a0-b7c8-400a-a370-5871099954a4', 'a54a4635-3579-467f-9942-27cd198e07ee');
INSERT INTO choice (id, questionnaire_id, interviewee_id) VALUES ('05767bcf-f679-4e22-a8d6-451117878063', '747d0763-c99f-47ce-809b-b378d489a158', 'aed1aa68-e53d-4661-b5c3-006baf1beb6f');
INSERT INTO option_choice (option_id, choice_id) VALUES ('2095cf98-27de-4722-93f9-2c09ae6b4ed1', '05767bcf-f679-4e22-a8d6-451117878063');
INSERT INTO option_choice (option_id, choice_id) VALUES ('65c86d12-f533-40f5-8dd6-10903d890b10', '05767bcf-f679-4e22-a8d6-451117878063');
INSERT INTO choice (id, questionnaire_id, interviewee_id) VALUES ('26299426-3128-47f2-887f-8ade290d3343', '81a3f075-1324-4e67-90a5-493fe3324435', 'aed1aa68-e53d-4661-b5c3-006baf1beb6f');
INSERT INTO option_choice (option_id, choice_id) VALUES ('c0afeee2-6628-4404-bc41-32bc0a1505c5', '26299426-3128-47f2-887f-8ade290d3343');
INSERT INTO option_choice (option_id, choice_id) VALUES ('a0eef1f9-547a-4823-b7e0-bb52d6891f8f', '26299426-3128-47f2-887f-8ade290d3343');
INSERT INTO option_choice (option_id, choice_id) VALUES ('7b2bd172-1566-440a-81d8-f9b2fb43f8fc', '26299426-3128-47f2-887f-8ade290d3343');
INSERT INTO option_choice (option_id, choice_id) VALUES ('a1737a4b-bfa2-4208-a103-ca4bea3afaaf', '26299426-3128-47f2-887f-8ade290d3343');
INSERT INTO option_choice (option_id, choice_id) VALUES ('ab9020e3-a12b-46eb-97f0-79dcfaab7356', '26299426-3128-47f2-887f-8ade290d3343');
INSERT INTO option_choice (option_id, choice_id) VALUES ('c5035143-d5d2-4934-8b99-4e66507a8603', '26299426-3128-47f2-887f-8ade290d3343');
INSERT INTO principal (username, password) VALUES ('interviewee485', 'qwerty');
INSERT INTO interviewee (id, username, age, gender, country, marital_status) VALUES ('5d06fe73-48bd-4af9-aa01-ed367968e300', 'interviewee485', 53, 'male', 'GU', 'was_not_married');
INSERT INTO choice (id, questionnaire_id, interviewee_id) VALUES ('878ad75c-6772-4626-b202-2091663341ea', '49c46fd6-2111-4ef5-8b91-9ee67132426d', '5d06fe73-48bd-4af9-aa01-ed367968e300');
INSERT INTO option_choice (option_id, choice_id) VALUES ('210da814-c19f-4c77-ba7b-e598584d62e4', '878ad75c-6772-4626-b202-2091663341ea');
INSERT INTO principal (username, password) VALUES ('interviewee486', 'qwerty');
INSERT INTO interviewee (id, username, age, gender, country, marital_status) VALUES ('5eb6add0-e565-45da-a8ec-9b12d8ab3675', 'interviewee486', 18, 'male', 'LB', 'married');
INSERT INTO choice (id, questionnaire_id, interviewee_id) VALUES ('f3a9ce7e-17bb-44a1-b2f3-4c4c8b6d3482', '49c46fd6-2111-4ef5-8b91-9ee67132426d', '5eb6add0-e565-45da-a8ec-9b12d8ab3675');
INSERT INTO option_choice (option_id, choice_id) VALUES ('9324aa44-2cdd-4334-9eee-ab97e62258df', 'f3a9ce7e-17bb-44a1-b2f3-4c4c8b6d3482');
INSERT INTO choice (id, questionnaire_id, interviewee_id) VALUES ('9ec317eb-93bc-466e-86fd-14cc3f6a1e03', '81a3f075-1324-4e67-90a5-493fe3324435', '5eb6add0-e565-45da-a8ec-9b12d8ab3675');
INSERT INTO option_choice (option_id, choice_id) VALUES ('7b2bd172-1566-440a-81d8-f9b2fb43f8fc', '9ec317eb-93bc-466e-86fd-14cc3f6a1e03');
INSERT INTO option_choice (option_id, choice_id) VALUES ('a0eef1f9-547a-4823-b7e0-bb52d6891f8f', '9ec317eb-93bc-466e-86fd-14cc3f6a1e03');
INSERT INTO option_choice (option_id, choice_id) VALUES ('ab9020e3-a12b-46eb-97f0-79dcfaab7356', '9ec317eb-93bc-466e-86fd-14cc3f6a1e03');
INSERT INTO option_choice (option_id, choice_id) VALUES ('c0afeee2-6628-4404-bc41-32bc0a1505c5', '9ec317eb-93bc-466e-86fd-14cc3f6a1e03');
INSERT INTO choice (id, questionnaire_id, interviewee_id) VALUES ('54d73866-8f4f-4e24-bf0f-304d1c29aab5', '08310229-5370-44f1-8071-5c56f92e3dc5', '5eb6add0-e565-45da-a8ec-9b12d8ab3675');
INSERT INTO option_choice (option_id, choice_id) VALUES ('996311da-bd48-491d-b381-d19b001465c4', '54d73866-8f4f-4e24-bf0f-304d1c29aab5');
INSERT INTO principal (username, password) VALUES ('interviewee487', 'qwerty');
INSERT INTO interviewee (id, username, age, gender, country, marital_status) VALUES ('5111fee0-feae-484b-9098-73fce90816be', 'interviewee487', 18, 'male', 'CG', 'was_not_married');
INSERT INTO choice (id, questionnaire_id, interviewee_id) VALUES ('8be8d73f-66c7-483f-9f89-00b7bab87b6f', '08310229-5370-44f1-8071-5c56f92e3dc5', '5111fee0-feae-484b-9098-73fce90816be');
INSERT INTO option_choice (option_id, choice_id) VALUES ('996311da-bd48-491d-b381-d19b001465c4', '8be8d73f-66c7-483f-9f89-00b7bab87b6f');
INSERT INTO principal (username, password) VALUES ('interviewee488', 'qwerty');
INSERT INTO interviewee (id, username, age, gender, country, marital_status) VALUES ('21156063-c8cf-4946-ba22-5e0beb9b31f2', 'interviewee488', 34, 'female', 'IQ', 'was_not_married');
INSERT INTO choice (id, questionnaire_id, interviewee_id) VALUES ('26c346f8-e7ec-4280-8aa8-21b203e0a2c5', '173a3ab0-8485-4aa4-8787-a2a4414f992e', '21156063-c8cf-4946-ba22-5e0beb9b31f2');
INSERT INTO option_choice (option_id, choice_id) VALUES ('c453fc60-b896-4f66-8dbe-cc55bc42881e', '26c346f8-e7ec-4280-8aa8-21b203e0a2c5');
INSERT INTO option_choice (option_id, choice_id) VALUES ('f9a527bc-3f55-40db-b05e-d549f1801594', '26c346f8-e7ec-4280-8aa8-21b203e0a2c5');
INSERT INTO option_choice (option_id, choice_id) VALUES ('3f698183-af22-44ca-80c1-eb668697e9ea', '26c346f8-e7ec-4280-8aa8-21b203e0a2c5');
INSERT INTO option_choice (option_id, choice_id) VALUES ('3c8e0934-801c-4afd-98de-7aaf263889f6', '26c346f8-e7ec-4280-8aa8-21b203e0a2c5');
INSERT INTO option_choice (option_id, choice_id) VALUES ('e03fcb10-1308-44a4-9ce2-e4eaf10452c1', '26c346f8-e7ec-4280-8aa8-21b203e0a2c5');
INSERT INTO option_choice (option_id, choice_id) VALUES ('a477d3c8-db0a-4572-a680-b96fd792dc75', '26c346f8-e7ec-4280-8aa8-21b203e0a2c5');
INSERT INTO choice (id, questionnaire_id, interviewee_id) VALUES ('653a883e-080d-45de-a042-a59b576e2e4a', '4a4f7cbc-8533-42b3-923b-6b4309f53c64', '21156063-c8cf-4946-ba22-5e0beb9b31f2');
INSERT INTO option_choice (option_id, choice_id) VALUES ('ad268fe3-764b-4fca-aaa2-296127f7c891', '653a883e-080d-45de-a042-a59b576e2e4a');
INSERT INTO choice (id, questionnaire_id, interviewee_id) VALUES ('d5d2b9ce-ebc2-4059-abf7-635abd61eb77', '81a3f075-1324-4e67-90a5-493fe3324435', '21156063-c8cf-4946-ba22-5e0beb9b31f2');
INSERT INTO option_choice (option_id, choice_id) VALUES ('a0eef1f9-547a-4823-b7e0-bb52d6891f8f', 'd5d2b9ce-ebc2-4059-abf7-635abd61eb77');
INSERT INTO option_choice (option_id, choice_id) VALUES ('7b2bd172-1566-440a-81d8-f9b2fb43f8fc', 'd5d2b9ce-ebc2-4059-abf7-635abd61eb77');
INSERT INTO principal (username, password) VALUES ('interviewee489', 'qwerty');
INSERT INTO interviewee (id, username, age, gender, country, marital_status) VALUES ('5f52be2a-fc02-4d6d-8c38-639ceab4e61a', 'interviewee489', 48, 'male', 'TC', 'divorced');
INSERT INTO choice (id, questionnaire_id, interviewee_id) VALUES ('ad9c1e77-51bb-4ead-bfb0-7f15b32f420f', '407203dd-9657-46e6-975f-3be5d664dd2a', '5f52be2a-fc02-4d6d-8c38-639ceab4e61a');
INSERT INTO option_choice (option_id, choice_id) VALUES ('ec3a75fb-52ee-48b8-a136-1c4ef02978e8', 'ad9c1e77-51bb-4ead-bfb0-7f15b32f420f');
INSERT INTO choice (id, questionnaire_id, interviewee_id) VALUES ('a18bfe65-1e3c-4bc6-8d84-225273391331', '08310229-5370-44f1-8071-5c56f92e3dc5', '5f52be2a-fc02-4d6d-8c38-639ceab4e61a');
INSERT INTO option_choice (option_id, choice_id) VALUES ('7197ba86-c78b-43c4-bd28-4635a7094531', 'a18bfe65-1e3c-4bc6-8d84-225273391331');
INSERT INTO choice (id, questionnaire_id, interviewee_id) VALUES ('12b8ced9-7f26-4025-b148-aed39a15c00e', '81a3f075-1324-4e67-90a5-493fe3324435', '5f52be2a-fc02-4d6d-8c38-639ceab4e61a');
INSERT INTO option_choice (option_id, choice_id) VALUES ('a0eef1f9-547a-4823-b7e0-bb52d6891f8f', '12b8ced9-7f26-4025-b148-aed39a15c00e');
INSERT INTO option_choice (option_id, choice_id) VALUES ('c5035143-d5d2-4934-8b99-4e66507a8603', '12b8ced9-7f26-4025-b148-aed39a15c00e');
INSERT INTO option_choice (option_id, choice_id) VALUES ('c0afeee2-6628-4404-bc41-32bc0a1505c5', '12b8ced9-7f26-4025-b148-aed39a15c00e');
INSERT INTO option_choice (option_id, choice_id) VALUES ('ab9020e3-a12b-46eb-97f0-79dcfaab7356', '12b8ced9-7f26-4025-b148-aed39a15c00e');
INSERT INTO principal (username, password) VALUES ('interviewee490', 'qwerty');
INSERT INTO interviewee (id, username, age, gender, country, marital_status) VALUES ('4798a856-4cdc-4428-9fe1-d639dd4a5b8a', 'interviewee490', 16, 'male', 'DE', 'was_not_married');
INSERT INTO choice (id, questionnaire_id, interviewee_id) VALUES ('5ebb5220-e44e-49fd-9ef5-4134baab6c17', '173a3ab0-8485-4aa4-8787-a2a4414f992e', '4798a856-4cdc-4428-9fe1-d639dd4a5b8a');
INSERT INTO option_choice (option_id, choice_id) VALUES ('c453fc60-b896-4f66-8dbe-cc55bc42881e', '5ebb5220-e44e-49fd-9ef5-4134baab6c17');
INSERT INTO option_choice (option_id, choice_id) VALUES ('a477d3c8-db0a-4572-a680-b96fd792dc75', '5ebb5220-e44e-49fd-9ef5-4134baab6c17');
INSERT INTO option_choice (option_id, choice_id) VALUES ('ce62e0a7-1873-4aa1-a448-2fad3cc888ee', '5ebb5220-e44e-49fd-9ef5-4134baab6c17');
INSERT INTO option_choice (option_id, choice_id) VALUES ('bf89350f-11e0-4471-a3a1-95481edf5acd', '5ebb5220-e44e-49fd-9ef5-4134baab6c17');
INSERT INTO option_choice (option_id, choice_id) VALUES ('3c8e0934-801c-4afd-98de-7aaf263889f6', '5ebb5220-e44e-49fd-9ef5-4134baab6c17');
INSERT INTO choice (id, questionnaire_id, interviewee_id) VALUES ('0196547f-0e92-41e1-971f-ba54e55fd991', '05e2761c-9435-4970-ad6d-245d7a696140', '4798a856-4cdc-4428-9fe1-d639dd4a5b8a');
INSERT INTO option_choice (option_id, choice_id) VALUES ('821d408d-9a3b-4716-a443-69cb45197037', '0196547f-0e92-41e1-971f-ba54e55fd991');
INSERT INTO option_choice (option_id, choice_id) VALUES ('4431f860-831f-4fdf-9dbb-76fbdb1006a1', '0196547f-0e92-41e1-971f-ba54e55fd991');
INSERT INTO principal (username, password) VALUES ('interviewee491', 'qwerty');
INSERT INTO interviewee (id, username, age, gender, country, marital_status) VALUES ('adf568ac-1e3a-4636-903c-57194f8c2db2', 'interviewee491', 53, 'male', 'ZM', 'divorced');
INSERT INTO choice (id, questionnaire_id, interviewee_id) VALUES ('41845883-8bff-4dd7-9b88-a61ee9f6702d', '8e156ed6-1a8b-4fe6-9a58-0f7cbdd6af32', 'adf568ac-1e3a-4636-903c-57194f8c2db2');
INSERT INTO option_choice (option_id, choice_id) VALUES ('0628ee4c-c0ee-4de7-be13-535fe01fb064', '41845883-8bff-4dd7-9b88-a61ee9f6702d');
INSERT INTO choice (id, questionnaire_id, interviewee_id) VALUES ('a5e49a92-987a-43ee-b183-de4daad6afba', '05e2761c-9435-4970-ad6d-245d7a696140', 'adf568ac-1e3a-4636-903c-57194f8c2db2');
INSERT INTO option_choice (option_id, choice_id) VALUES ('ee58bf05-12ff-45e4-b7e9-d37a70181de4', 'a5e49a92-987a-43ee-b183-de4daad6afba');
INSERT INTO option_choice (option_id, choice_id) VALUES ('4431f860-831f-4fdf-9dbb-76fbdb1006a1', 'a5e49a92-987a-43ee-b183-de4daad6afba');
INSERT INTO option_choice (option_id, choice_id) VALUES ('cd3191da-899e-4773-b914-291725c8c108', 'a5e49a92-987a-43ee-b183-de4daad6afba');
INSERT INTO principal (username, password) VALUES ('interviewee492', 'qwerty');
INSERT INTO interviewee (id, username, age, gender, country, marital_status) VALUES ('c22726a8-a68b-4102-8d85-d21c30e8d5f2', 'interviewee492', 60, 'male', 'BW', 'divorced');
INSERT INTO choice (id, questionnaire_id, interviewee_id) VALUES ('6d4b799b-1b25-4255-b407-4bdd0cd0a89c', '48b4658e-bc90-4bd2-97bb-92484114dfea', 'c22726a8-a68b-4102-8d85-d21c30e8d5f2');
INSERT INTO option_choice (option_id, choice_id) VALUES ('db310764-efc3-46ab-9d86-9914e34aa6cd', '6d4b799b-1b25-4255-b407-4bdd0cd0a89c');
INSERT INTO choice (id, questionnaire_id, interviewee_id) VALUES ('fb4792c5-6c42-400e-8d0a-a7e6a39f449c', '49c46fd6-2111-4ef5-8b91-9ee67132426d', 'c22726a8-a68b-4102-8d85-d21c30e8d5f2');
INSERT INTO option_choice (option_id, choice_id) VALUES ('0e4a5f7a-a4f3-45f1-8f7c-34efd574414b', 'fb4792c5-6c42-400e-8d0a-a7e6a39f449c');
INSERT INTO choice (id, questionnaire_id, interviewee_id) VALUES ('f24d7cc0-213c-4863-bbcc-d58099e2dd54', '858287c2-e494-424b-a03f-6b0a55c2fce3', 'c22726a8-a68b-4102-8d85-d21c30e8d5f2');
INSERT INTO option_choice (option_id, choice_id) VALUES ('59c8e6e3-5895-4f0b-ae9e-3bb455a5f6b2', 'f24d7cc0-213c-4863-bbcc-d58099e2dd54');
INSERT INTO option_choice (option_id, choice_id) VALUES ('a1e55f7c-aa45-466f-86bb-0d5e262ca0bc', 'f24d7cc0-213c-4863-bbcc-d58099e2dd54');
INSERT INTO option_choice (option_id, choice_id) VALUES ('f2fd1a72-0ca7-41a6-ad15-7bc21a02fe73', 'f24d7cc0-213c-4863-bbcc-d58099e2dd54');
INSERT INTO option_choice (option_id, choice_id) VALUES ('a7e89931-dbca-4a6f-bdbb-b42e57f2e7f2', 'f24d7cc0-213c-4863-bbcc-d58099e2dd54');
INSERT INTO principal (username, password) VALUES ('interviewee493', 'qwerty');
INSERT INTO interviewee (id, username, age, gender, country, marital_status) VALUES ('bd8ba83f-cfd9-43d9-b74d-a4ba5c465317', 'interviewee493', 65, 'female', 'AQ', 'divorced');
INSERT INTO choice (id, questionnaire_id, interviewee_id) VALUES ('de2aa3e9-244c-43dc-9fe0-1531f5e4b678', '173a3ab0-8485-4aa4-8787-a2a4414f992e', 'bd8ba83f-cfd9-43d9-b74d-a4ba5c465317');
INSERT INTO option_choice (option_id, choice_id) VALUES ('3c8e0934-801c-4afd-98de-7aaf263889f6', 'de2aa3e9-244c-43dc-9fe0-1531f5e4b678');
INSERT INTO option_choice (option_id, choice_id) VALUES ('e03fcb10-1308-44a4-9ce2-e4eaf10452c1', 'de2aa3e9-244c-43dc-9fe0-1531f5e4b678');
INSERT INTO option_choice (option_id, choice_id) VALUES ('a477d3c8-db0a-4572-a680-b96fd792dc75', 'de2aa3e9-244c-43dc-9fe0-1531f5e4b678');
INSERT INTO option_choice (option_id, choice_id) VALUES ('f9a527bc-3f55-40db-b05e-d549f1801594', 'de2aa3e9-244c-43dc-9fe0-1531f5e4b678');
INSERT INTO option_choice (option_id, choice_id) VALUES ('ce62e0a7-1873-4aa1-a448-2fad3cc888ee', 'de2aa3e9-244c-43dc-9fe0-1531f5e4b678');
INSERT INTO option_choice (option_id, choice_id) VALUES ('bf89350f-11e0-4471-a3a1-95481edf5acd', 'de2aa3e9-244c-43dc-9fe0-1531f5e4b678');
INSERT INTO option_choice (option_id, choice_id) VALUES ('3f698183-af22-44ca-80c1-eb668697e9ea', 'de2aa3e9-244c-43dc-9fe0-1531f5e4b678');
INSERT INTO choice (id, questionnaire_id, interviewee_id) VALUES ('2f09764f-53f4-462e-876b-ac74d398bd87', '2519c51c-9863-4531-85ff-a7ddd5ea08b2', 'bd8ba83f-cfd9-43d9-b74d-a4ba5c465317');
INSERT INTO option_choice (option_id, choice_id) VALUES ('8c388d58-c24e-468d-9d56-271abc2ab89d', '2f09764f-53f4-462e-876b-ac74d398bd87');
INSERT INTO choice (id, questionnaire_id, interviewee_id) VALUES ('90fe99e7-ffcb-481a-96da-7451971c52dd', '08310229-5370-44f1-8071-5c56f92e3dc5', 'bd8ba83f-cfd9-43d9-b74d-a4ba5c465317');
INSERT INTO option_choice (option_id, choice_id) VALUES ('38336259-fa95-40f4-865c-eff171ebbb80', '90fe99e7-ffcb-481a-96da-7451971c52dd');
INSERT INTO principal (username, password) VALUES ('interviewee494', 'qwerty');
INSERT INTO interviewee (id, username, age, gender, country, marital_status) VALUES ('ee8fbfce-fabc-4ad3-b4f0-5bbe3278ffd9', 'interviewee494', 35, 'male', 'PK', 'married');
INSERT INTO choice (id, questionnaire_id, interviewee_id) VALUES ('8990d84a-371d-4cf8-a24b-dbcec492e5f8', '51436662-4eca-40ce-b552-b1c7486cf609', 'ee8fbfce-fabc-4ad3-b4f0-5bbe3278ffd9');
INSERT INTO option_choice (option_id, choice_id) VALUES ('259215cc-47cc-4165-befd-cf997b4aaf7e', '8990d84a-371d-4cf8-a24b-dbcec492e5f8');
INSERT INTO principal (username, password) VALUES ('interviewee495', 'qwerty');
INSERT INTO interviewee (id, username, age, gender, country, marital_status) VALUES ('2aa566d6-bde8-47e6-a6f8-b7cb1de114f4', 'interviewee495', 53, 'male', 'ER', 'married');
INSERT INTO choice (id, questionnaire_id, interviewee_id) VALUES ('3210e872-078a-4b93-a579-704f82e79971', 'e20dbb22-091f-4137-8450-fdeaea74363f', '2aa566d6-bde8-47e6-a6f8-b7cb1de114f4');
INSERT INTO option_choice (option_id, choice_id) VALUES ('742176a0-b7c8-400a-a370-5871099954a4', '3210e872-078a-4b93-a579-704f82e79971');
INSERT INTO option_choice (option_id, choice_id) VALUES ('4bd78eb1-72bb-47fa-8b7c-4cc826f39edd', '3210e872-078a-4b93-a579-704f82e79971');
INSERT INTO option_choice (option_id, choice_id) VALUES ('b09da84d-7533-40da-b486-a820b6b7c110', '3210e872-078a-4b93-a579-704f82e79971');
INSERT INTO option_choice (option_id, choice_id) VALUES ('946ecf06-2d9f-4fe5-b2b7-64c51a5fdf06', '3210e872-078a-4b93-a579-704f82e79971');
INSERT INTO choice (id, questionnaire_id, interviewee_id) VALUES ('4c681127-d12a-4172-ac39-3a889709f2c5', 'b5c886d7-e86f-4083-958a-cbd232db7a84', '2aa566d6-bde8-47e6-a6f8-b7cb1de114f4');
INSERT INTO option_choice (option_id, choice_id) VALUES ('9d7ea78f-0edc-43db-94d7-3d31213df760', '4c681127-d12a-4172-ac39-3a889709f2c5');
INSERT INTO choice (id, questionnaire_id, interviewee_id) VALUES ('46819b16-7c8d-49a0-8bfc-c290fe96809e', '48b4658e-bc90-4bd2-97bb-92484114dfea', '2aa566d6-bde8-47e6-a6f8-b7cb1de114f4');
INSERT INTO option_choice (option_id, choice_id) VALUES ('5a5b3a6f-7875-401c-8d0b-e9c8b854b985', '46819b16-7c8d-49a0-8bfc-c290fe96809e');
INSERT INTO principal (username, password) VALUES ('interviewee496', 'qwerty');
INSERT INTO interviewee (id, username, age, gender, country, marital_status) VALUES ('75820c90-4e74-410c-9388-211c38edf410', 'interviewee496', 44, 'male', 'EG', 'married');
INSERT INTO choice (id, questionnaire_id, interviewee_id) VALUES ('0c37aed7-a303-4d63-9505-7b0b35f47158', '05e2761c-9435-4970-ad6d-245d7a696140', '75820c90-4e74-410c-9388-211c38edf410');
INSERT INTO option_choice (option_id, choice_id) VALUES ('4431f860-831f-4fdf-9dbb-76fbdb1006a1', '0c37aed7-a303-4d63-9505-7b0b35f47158');
INSERT INTO choice (id, questionnaire_id, interviewee_id) VALUES ('b31e1ab4-0829-4698-a8c9-73f2bfab1839', 'e4d0ba66-5e11-433c-8243-4d890cceaf69', '75820c90-4e74-410c-9388-211c38edf410');
INSERT INTO option_choice (option_id, choice_id) VALUES ('cb637eae-3b8f-4d17-81fb-9b271857e55c', 'b31e1ab4-0829-4698-a8c9-73f2bfab1839');
INSERT INTO option_choice (option_id, choice_id) VALUES ('7cfec70e-33b3-4c68-9c38-38cf292cd0f9', 'b31e1ab4-0829-4698-a8c9-73f2bfab1839');
INSERT INTO principal (username, password) VALUES ('interviewee497', 'qwerty');
INSERT INTO interviewee (id, username, age, gender, country, marital_status) VALUES ('762f414c-e438-4629-a58e-7fe97b803ed2', 'interviewee497', 38, 'female', 'FK', 'was_not_married');
INSERT INTO choice (id, questionnaire_id, interviewee_id) VALUES ('7d8c235e-f268-4368-8283-bd309a6d787b', '407203dd-9657-46e6-975f-3be5d664dd2a', '762f414c-e438-4629-a58e-7fe97b803ed2');
INSERT INTO option_choice (option_id, choice_id) VALUES ('13fd08f6-1546-4289-9b91-c20aea1b69e9', '7d8c235e-f268-4368-8283-bd309a6d787b');
INSERT INTO principal (username, password) VALUES ('interviewee498', 'qwerty');
INSERT INTO interviewee (id, username, age, gender, country, marital_status) VALUES ('0b274a43-58ac-4b6c-9b22-4b6f9ac7f120', 'interviewee498', 38, 'male', 'AU', 'divorced');
INSERT INTO choice (id, questionnaire_id, interviewee_id) VALUES ('856bd23e-58ec-480f-bd2c-61dfa44236fb', '05e2761c-9435-4970-ad6d-245d7a696140', '0b274a43-58ac-4b6c-9b22-4b6f9ac7f120');
INSERT INTO option_choice (option_id, choice_id) VALUES ('ee58bf05-12ff-45e4-b7e9-d37a70181de4', '856bd23e-58ec-480f-bd2c-61dfa44236fb');
INSERT INTO option_choice (option_id, choice_id) VALUES ('cd3191da-899e-4773-b914-291725c8c108', '856bd23e-58ec-480f-bd2c-61dfa44236fb');
INSERT INTO choice (id, questionnaire_id, interviewee_id) VALUES ('c862041b-02e1-4b36-9454-3b46273f9bf4', '49c46fd6-2111-4ef5-8b91-9ee67132426d', '0b274a43-58ac-4b6c-9b22-4b6f9ac7f120');
INSERT INTO option_choice (option_id, choice_id) VALUES ('0e4a5f7a-a4f3-45f1-8f7c-34efd574414b', 'c862041b-02e1-4b36-9454-3b46273f9bf4');
INSERT INTO choice (id, questionnaire_id, interviewee_id) VALUES ('c02a4ef9-f0ee-44c0-94c8-23ff08658f2a', 'b6df4d49-3f70-4802-90cb-4ab89e24a427', '0b274a43-58ac-4b6c-9b22-4b6f9ac7f120');
INSERT INTO option_choice (option_id, choice_id) VALUES ('e6e95e42-0740-4517-bc42-3de8cd9b1be2', 'c02a4ef9-f0ee-44c0-94c8-23ff08658f2a');
INSERT INTO principal (username, password) VALUES ('interviewee499', 'qwerty');
INSERT INTO interviewee (id, username, age, gender, country, marital_status) VALUES ('8e27a605-1c30-4828-b17e-250351d32dc8', 'interviewee499', 51, 'male', 'ZA', 'divorced');
INSERT INTO choice (id, questionnaire_id, interviewee_id) VALUES ('17a487e6-4d6f-477d-851b-b513a74d2991', 'e20dbb22-091f-4137-8450-fdeaea74363f', '8e27a605-1c30-4828-b17e-250351d32dc8');
INSERT INTO option_choice (option_id, choice_id) VALUES ('742176a0-b7c8-400a-a370-5871099954a4', '17a487e6-4d6f-477d-851b-b513a74d2991');
INSERT INTO principal (username, password) VALUES ('interviewee500', 'qwerty');
INSERT INTO interviewee (id, username, age, gender, country, marital_status) VALUES ('3ea5fd4e-b99a-4809-a5d9-43e2dbe9fd84', 'interviewee500', 31, 'male', 'CL', 'was_not_married');
INSERT INTO choice (id, questionnaire_id, interviewee_id) VALUES ('8585bd98-25b0-413b-89dd-27f2bf9b8366', 'b5c886d7-e86f-4083-958a-cbd232db7a84', '3ea5fd4e-b99a-4809-a5d9-43e2dbe9fd84');
INSERT INTO option_choice (option_id, choice_id) VALUES ('b3fef8ac-34c1-4143-a4bd-73c39cbbac53', '8585bd98-25b0-413b-89dd-27f2bf9b8366');
INSERT INTO principal (username, password) VALUES ('interviewee501', 'qwerty');
INSERT INTO interviewee (id, username, age, gender, country, marital_status) VALUES ('1363838f-e600-40a6-b09f-39eeec736aa6', 'interviewee501', 54, 'male', 'ER', 'divorced');
INSERT INTO choice (id, questionnaire_id, interviewee_id) VALUES ('8a7c2490-cbf7-4bec-aa04-e071c1fed9cf', '5b0a67f5-cbf2-4fde-b526-fd512ff68e24', '1363838f-e600-40a6-b09f-39eeec736aa6');
INSERT INTO option_choice (option_id, choice_id) VALUES ('771f0011-824c-4e77-8245-8f61e026b171', '8a7c2490-cbf7-4bec-aa04-e071c1fed9cf');
INSERT INTO principal (username, password) VALUES ('interviewee502', 'qwerty');
INSERT INTO interviewee (id, username, age, gender, country, marital_status) VALUES ('f9371d85-06ff-4ed2-93dc-11ce6e4722db', 'interviewee502', 14, 'male', 'IR', 'married');
INSERT INTO choice (id, questionnaire_id, interviewee_id) VALUES ('1ba43a86-cf98-45d5-a344-f85702464d99', '51436662-4eca-40ce-b552-b1c7486cf609', 'f9371d85-06ff-4ed2-93dc-11ce6e4722db');
INSERT INTO option_choice (option_id, choice_id) VALUES ('e4c4b240-61c9-4253-a93b-9a7768fbfe3f', '1ba43a86-cf98-45d5-a344-f85702464d99');
INSERT INTO principal (username, password) VALUES ('interviewee503', 'qwerty');
INSERT INTO interviewee (id, username, age, gender, country, marital_status) VALUES ('5d833996-223c-47a0-b876-cf1e7a3e3b06', 'interviewee503', 14, 'female', 'GM', 'married');
INSERT INTO choice (id, questionnaire_id, interviewee_id) VALUES ('f00f442f-e984-4ebd-8c33-6e80bfab87fa', 'e20dbb22-091f-4137-8450-fdeaea74363f', '5d833996-223c-47a0-b876-cf1e7a3e3b06');
INSERT INTO option_choice (option_id, choice_id) VALUES ('a572f3cf-b3ba-491a-9687-6cee662749f1', 'f00f442f-e984-4ebd-8c33-6e80bfab87fa');
INSERT INTO option_choice (option_id, choice_id) VALUES ('4bd78eb1-72bb-47fa-8b7c-4cc826f39edd', 'f00f442f-e984-4ebd-8c33-6e80bfab87fa');
INSERT INTO option_choice (option_id, choice_id) VALUES ('946ecf06-2d9f-4fe5-b2b7-64c51a5fdf06', 'f00f442f-e984-4ebd-8c33-6e80bfab87fa');
INSERT INTO option_choice (option_id, choice_id) VALUES ('742176a0-b7c8-400a-a370-5871099954a4', 'f00f442f-e984-4ebd-8c33-6e80bfab87fa');
INSERT INTO option_choice (option_id, choice_id) VALUES ('322bbc1b-4e8d-41ae-b4f2-3466891dc809', 'f00f442f-e984-4ebd-8c33-6e80bfab87fa');
INSERT INTO choice (id, questionnaire_id, interviewee_id) VALUES ('f855a3eb-087a-4467-8fb3-a804e8171372', '2519c51c-9863-4531-85ff-a7ddd5ea08b2', '5d833996-223c-47a0-b876-cf1e7a3e3b06');
INSERT INTO option_choice (option_id, choice_id) VALUES ('8c388d58-c24e-468d-9d56-271abc2ab89d', 'f855a3eb-087a-4467-8fb3-a804e8171372');
INSERT INTO choice (id, questionnaire_id, interviewee_id) VALUES ('189a4a68-beba-487c-ad17-70dfc14621eb', '747d0763-c99f-47ce-809b-b378d489a158', '5d833996-223c-47a0-b876-cf1e7a3e3b06');
INSERT INTO option_choice (option_id, choice_id) VALUES ('2095cf98-27de-4722-93f9-2c09ae6b4ed1', '189a4a68-beba-487c-ad17-70dfc14621eb');
INSERT INTO principal (username, password) VALUES ('interviewee504', 'qwerty');
INSERT INTO interviewee (id, username, age, gender, country, marital_status) VALUES ('754ee847-49fd-4043-9ecc-9fb41e221318', 'interviewee504', 50, 'female', 'AT', 'divorced');
INSERT INTO choice (id, questionnaire_id, interviewee_id) VALUES ('454d03cf-ddbc-4dde-87cd-a2eba087666a', '858287c2-e494-424b-a03f-6b0a55c2fce3', '754ee847-49fd-4043-9ecc-9fb41e221318');
INSERT INTO option_choice (option_id, choice_id) VALUES ('f2fd1a72-0ca7-41a6-ad15-7bc21a02fe73', '454d03cf-ddbc-4dde-87cd-a2eba087666a');
INSERT INTO option_choice (option_id, choice_id) VALUES ('59c8e6e3-5895-4f0b-ae9e-3bb455a5f6b2', '454d03cf-ddbc-4dde-87cd-a2eba087666a');
INSERT INTO option_choice (option_id, choice_id) VALUES ('a7e89931-dbca-4a6f-bdbb-b42e57f2e7f2', '454d03cf-ddbc-4dde-87cd-a2eba087666a');
INSERT INTO option_choice (option_id, choice_id) VALUES ('a1e55f7c-aa45-466f-86bb-0d5e262ca0bc', '454d03cf-ddbc-4dde-87cd-a2eba087666a');
INSERT INTO choice (id, questionnaire_id, interviewee_id) VALUES ('933590e5-d8fc-44cb-b327-ef7dbcfff2b8', 'aaacf497-4ae4-46e0-aa2e-27377271bafc', '754ee847-49fd-4043-9ecc-9fb41e221318');
INSERT INTO option_choice (option_id, choice_id) VALUES ('4d7025a3-7520-4447-9769-c495cb62415e', '933590e5-d8fc-44cb-b327-ef7dbcfff2b8');
INSERT INTO choice (id, questionnaire_id, interviewee_id) VALUES ('7f5d8383-fd9f-4f46-9b21-39821e790c4c', '747d0763-c99f-47ce-809b-b378d489a158', '754ee847-49fd-4043-9ecc-9fb41e221318');
INSERT INTO option_choice (option_id, choice_id) VALUES ('7cc0569f-f362-4ed1-9343-6ffd1369e812', '7f5d8383-fd9f-4f46-9b21-39821e790c4c');
INSERT INTO option_choice (option_id, choice_id) VALUES ('65c86d12-f533-40f5-8dd6-10903d890b10', '7f5d8383-fd9f-4f46-9b21-39821e790c4c');
INSERT INTO option_choice (option_id, choice_id) VALUES ('2095cf98-27de-4722-93f9-2c09ae6b4ed1', '7f5d8383-fd9f-4f46-9b21-39821e790c4c');
INSERT INTO principal (username, password) VALUES ('interviewee505', 'qwerty');
INSERT INTO interviewee (id, username, age, gender, country, marital_status) VALUES ('193d9a93-e139-4563-a4ce-44f10f45b967', 'interviewee505', 68, 'female', 'TR', 'married');
INSERT INTO choice (id, questionnaire_id, interviewee_id) VALUES ('0e970d29-6372-4e8d-84f8-0e9b1e8db5f2', 'c6dd214b-43b7-401f-afe6-a5ab0d2d7767', '193d9a93-e139-4563-a4ce-44f10f45b967');
INSERT INTO option_choice (option_id, choice_id) VALUES ('069a6758-231c-4064-8e44-a0db84e86a21', '0e970d29-6372-4e8d-84f8-0e9b1e8db5f2');
INSERT INTO option_choice (option_id, choice_id) VALUES ('17ceef0b-83da-42ec-a82c-9090a9be74af', '0e970d29-6372-4e8d-84f8-0e9b1e8db5f2');
INSERT INTO option_choice (option_id, choice_id) VALUES ('9d2a2dd1-7979-48a6-a0b7-3de8fdea75b6', '0e970d29-6372-4e8d-84f8-0e9b1e8db5f2');
INSERT INTO option_choice (option_id, choice_id) VALUES ('c134384c-5eda-4957-9883-b965681b9fef', '0e970d29-6372-4e8d-84f8-0e9b1e8db5f2');
INSERT INTO choice (id, questionnaire_id, interviewee_id) VALUES ('688641f6-f790-4153-be9a-60717baa3981', '407203dd-9657-46e6-975f-3be5d664dd2a', '193d9a93-e139-4563-a4ce-44f10f45b967');
INSERT INTO option_choice (option_id, choice_id) VALUES ('048db851-6d32-476c-9654-e8b6208eabda', '688641f6-f790-4153-be9a-60717baa3981');
INSERT INTO principal (username, password) VALUES ('interviewee506', 'qwerty');
INSERT INTO interviewee (id, username, age, gender, country, marital_status) VALUES ('e43a0119-48e5-453f-ad78-bb3ce27ad2ce', 'interviewee506', 33, 'male', 'HM', 'married');
INSERT INTO choice (id, questionnaire_id, interviewee_id) VALUES ('aef38efe-0af5-42bd-a908-4a9b4b0814a1', '05e2761c-9435-4970-ad6d-245d7a696140', 'e43a0119-48e5-453f-ad78-bb3ce27ad2ce');
INSERT INTO option_choice (option_id, choice_id) VALUES ('821d408d-9a3b-4716-a443-69cb45197037', 'aef38efe-0af5-42bd-a908-4a9b4b0814a1');
INSERT INTO principal (username, password) VALUES ('interviewee507', 'qwerty');
INSERT INTO interviewee (id, username, age, gender, country, marital_status) VALUES ('10329edb-1c64-4d8f-932e-8e982170a24d', 'interviewee507', 49, 'female', 'PG', 'divorced');
INSERT INTO choice (id, questionnaire_id, interviewee_id) VALUES ('ab283e96-694a-4614-b4c8-1b2022643bc0', '173a3ab0-8485-4aa4-8787-a2a4414f992e', '10329edb-1c64-4d8f-932e-8e982170a24d');
INSERT INTO option_choice (option_id, choice_id) VALUES ('bf89350f-11e0-4471-a3a1-95481edf5acd', 'ab283e96-694a-4614-b4c8-1b2022643bc0');
INSERT INTO option_choice (option_id, choice_id) VALUES ('f9a527bc-3f55-40db-b05e-d549f1801594', 'ab283e96-694a-4614-b4c8-1b2022643bc0');
INSERT INTO principal (username, password) VALUES ('interviewee508', 'qwerty');
INSERT INTO interviewee (id, username, age, gender, country, marital_status) VALUES ('3f2c1dd7-c774-4d52-aa78-ab90b3c857ca', 'interviewee508', 18, 'female', 'DO', 'married');
INSERT INTO choice (id, questionnaire_id, interviewee_id) VALUES ('80df53fb-d367-4d14-b19b-cc3f0de63811', '49c46fd6-2111-4ef5-8b91-9ee67132426d', '3f2c1dd7-c774-4d52-aa78-ab90b3c857ca');
INSERT INTO option_choice (option_id, choice_id) VALUES ('82dcd7e2-d76d-47ad-b352-0b1d6482c730', '80df53fb-d367-4d14-b19b-cc3f0de63811');
INSERT INTO choice (id, questionnaire_id, interviewee_id) VALUES ('90c46140-e04b-4809-885c-42d9951e9df4', '858287c2-e494-424b-a03f-6b0a55c2fce3', '3f2c1dd7-c774-4d52-aa78-ab90b3c857ca');
INSERT INTO option_choice (option_id, choice_id) VALUES ('59c8e6e3-5895-4f0b-ae9e-3bb455a5f6b2', '90c46140-e04b-4809-885c-42d9951e9df4');
INSERT INTO principal (username, password) VALUES ('interviewee509', 'qwerty');
INSERT INTO interviewee (id, username, age, gender, country, marital_status) VALUES ('ed40a958-1d47-40f0-9619-cfb4eb27eadd', 'interviewee509', 18, 'male', 'CR', 'was_not_married');
INSERT INTO choice (id, questionnaire_id, interviewee_id) VALUES ('0d00fbaf-ad68-49b6-80d1-8783f2773c9d', 'aaacf497-4ae4-46e0-aa2e-27377271bafc', 'ed40a958-1d47-40f0-9619-cfb4eb27eadd');
INSERT INTO option_choice (option_id, choice_id) VALUES ('d4aa64ba-49fd-4d00-9175-a646c1d6d559', '0d00fbaf-ad68-49b6-80d1-8783f2773c9d');
INSERT INTO choice (id, questionnaire_id, interviewee_id) VALUES ('ab25d7bc-ef27-4bd3-81ca-553fb3617d3a', '81a3f075-1324-4e67-90a5-493fe3324435', 'ed40a958-1d47-40f0-9619-cfb4eb27eadd');
INSERT INTO option_choice (option_id, choice_id) VALUES ('a0eef1f9-547a-4823-b7e0-bb52d6891f8f', 'ab25d7bc-ef27-4bd3-81ca-553fb3617d3a');
INSERT INTO option_choice (option_id, choice_id) VALUES ('a1737a4b-bfa2-4208-a103-ca4bea3afaaf', 'ab25d7bc-ef27-4bd3-81ca-553fb3617d3a');
INSERT INTO option_choice (option_id, choice_id) VALUES ('ab9020e3-a12b-46eb-97f0-79dcfaab7356', 'ab25d7bc-ef27-4bd3-81ca-553fb3617d3a');
INSERT INTO option_choice (option_id, choice_id) VALUES ('c0afeee2-6628-4404-bc41-32bc0a1505c5', 'ab25d7bc-ef27-4bd3-81ca-553fb3617d3a');
INSERT INTO option_choice (option_id, choice_id) VALUES ('7b2bd172-1566-440a-81d8-f9b2fb43f8fc', 'ab25d7bc-ef27-4bd3-81ca-553fb3617d3a');
INSERT INTO option_choice (option_id, choice_id) VALUES ('c5035143-d5d2-4934-8b99-4e66507a8603', 'ab25d7bc-ef27-4bd3-81ca-553fb3617d3a');
INSERT INTO principal (username, password) VALUES ('interviewee510', 'qwerty');
INSERT INTO interviewee (id, username, age, gender, country, marital_status) VALUES ('af1fdd50-99ee-4ea3-bcfd-9e9b96b110c1', 'interviewee510', 27, 'female', 'PY', 'divorced');
INSERT INTO choice (id, questionnaire_id, interviewee_id) VALUES ('6fea881a-6327-45a0-9c90-bcf05bd0fc9f', '4a4f7cbc-8533-42b3-923b-6b4309f53c64', 'af1fdd50-99ee-4ea3-bcfd-9e9b96b110c1');
INSERT INTO option_choice (option_id, choice_id) VALUES ('4afeb111-4ddc-421c-ad31-de17e1e12b0c', '6fea881a-6327-45a0-9c90-bcf05bd0fc9f');
INSERT INTO principal (username, password) VALUES ('interviewee511', 'qwerty');
INSERT INTO interviewee (id, username, age, gender, country, marital_status) VALUES ('7a4aaba2-45a7-4993-a39c-b106d4a6eeaa', 'interviewee511', 67, 'female', 'LA', 'was_not_married');
INSERT INTO choice (id, questionnaire_id, interviewee_id) VALUES ('e3431975-783f-42a0-8314-f6a1ef5760de', '858287c2-e494-424b-a03f-6b0a55c2fce3', '7a4aaba2-45a7-4993-a39c-b106d4a6eeaa');
INSERT INTO option_choice (option_id, choice_id) VALUES ('59c8e6e3-5895-4f0b-ae9e-3bb455a5f6b2', 'e3431975-783f-42a0-8314-f6a1ef5760de');
INSERT INTO option_choice (option_id, choice_id) VALUES ('f2fd1a72-0ca7-41a6-ad15-7bc21a02fe73', 'e3431975-783f-42a0-8314-f6a1ef5760de');
INSERT INTO option_choice (option_id, choice_id) VALUES ('a1e55f7c-aa45-466f-86bb-0d5e262ca0bc', 'e3431975-783f-42a0-8314-f6a1ef5760de');
INSERT INTO choice (id, questionnaire_id, interviewee_id) VALUES ('1b57d5eb-a1b4-48b0-827e-f92b5b5c400f', '81a3f075-1324-4e67-90a5-493fe3324435', '7a4aaba2-45a7-4993-a39c-b106d4a6eeaa');
INSERT INTO option_choice (option_id, choice_id) VALUES ('c0afeee2-6628-4404-bc41-32bc0a1505c5', '1b57d5eb-a1b4-48b0-827e-f92b5b5c400f');
INSERT INTO option_choice (option_id, choice_id) VALUES ('a0eef1f9-547a-4823-b7e0-bb52d6891f8f', '1b57d5eb-a1b4-48b0-827e-f92b5b5c400f');
INSERT INTO option_choice (option_id, choice_id) VALUES ('a1737a4b-bfa2-4208-a103-ca4bea3afaaf', '1b57d5eb-a1b4-48b0-827e-f92b5b5c400f');
INSERT INTO option_choice (option_id, choice_id) VALUES ('7b2bd172-1566-440a-81d8-f9b2fb43f8fc', '1b57d5eb-a1b4-48b0-827e-f92b5b5c400f');
INSERT INTO option_choice (option_id, choice_id) VALUES ('c5035143-d5d2-4934-8b99-4e66507a8603', '1b57d5eb-a1b4-48b0-827e-f92b5b5c400f');
INSERT INTO option_choice (option_id, choice_id) VALUES ('ab9020e3-a12b-46eb-97f0-79dcfaab7356', '1b57d5eb-a1b4-48b0-827e-f92b5b5c400f');
INSERT INTO principal (username, password) VALUES ('interviewee512', 'qwerty');
INSERT INTO interviewee (id, username, age, gender, country, marital_status) VALUES ('9844ffe1-bc18-4d41-911c-2e436b61a57f', 'interviewee512', 25, 'female', 'CO', 'was_not_married');
INSERT INTO choice (id, questionnaire_id, interviewee_id) VALUES ('ac3582f8-aea5-444d-8603-e014d2d2b358', '858287c2-e494-424b-a03f-6b0a55c2fce3', '9844ffe1-bc18-4d41-911c-2e436b61a57f');
INSERT INTO option_choice (option_id, choice_id) VALUES ('f2fd1a72-0ca7-41a6-ad15-7bc21a02fe73', 'ac3582f8-aea5-444d-8603-e014d2d2b358');
INSERT INTO option_choice (option_id, choice_id) VALUES ('59c8e6e3-5895-4f0b-ae9e-3bb455a5f6b2', 'ac3582f8-aea5-444d-8603-e014d2d2b358');
INSERT INTO principal (username, password) VALUES ('interviewee513', 'qwerty');
INSERT INTO interviewee (id, username, age, gender, country, marital_status) VALUES ('52ac9c6d-973a-41c4-bca3-60ab6309850a', 'interviewee513', 61, 'female', 'BS', 'divorced');
INSERT INTO choice (id, questionnaire_id, interviewee_id) VALUES ('1e979202-0dc2-4b16-a679-b77bb82c03be', 'aaacf497-4ae4-46e0-aa2e-27377271bafc', '52ac9c6d-973a-41c4-bca3-60ab6309850a');
INSERT INTO option_choice (option_id, choice_id) VALUES ('de1098e4-e0b7-4df4-890a-1958a8d5d465', '1e979202-0dc2-4b16-a679-b77bb82c03be');
INSERT INTO choice (id, questionnaire_id, interviewee_id) VALUES ('163a96a6-ee56-499f-bc26-37ff5ac404a9', '08310229-5370-44f1-8071-5c56f92e3dc5', '52ac9c6d-973a-41c4-bca3-60ab6309850a');
INSERT INTO option_choice (option_id, choice_id) VALUES ('38336259-fa95-40f4-865c-eff171ebbb80', '163a96a6-ee56-499f-bc26-37ff5ac404a9');
INSERT INTO principal (username, password) VALUES ('interviewee514', 'qwerty');
INSERT INTO interviewee (id, username, age, gender, country, marital_status) VALUES ('dacd15e6-4387-4865-8bad-a68542d45572', 'interviewee514', 62, 'male', 'BH', 'married');
INSERT INTO choice (id, questionnaire_id, interviewee_id) VALUES ('dc23e218-4494-4835-b15d-40ad001ec33c', 'aaacf497-4ae4-46e0-aa2e-27377271bafc', 'dacd15e6-4387-4865-8bad-a68542d45572');
INSERT INTO option_choice (option_id, choice_id) VALUES ('d4aa64ba-49fd-4d00-9175-a646c1d6d559', 'dc23e218-4494-4835-b15d-40ad001ec33c');
INSERT INTO principal (username, password) VALUES ('interviewee515', 'qwerty');
INSERT INTO interviewee (id, username, age, gender, country, marital_status) VALUES ('57123fc3-4a6d-449b-91b7-8bee6f137521', 'interviewee515', 34, 'male', 'DZ', 'married');
INSERT INTO choice (id, questionnaire_id, interviewee_id) VALUES ('0baba5e9-4c5b-4f76-9c18-07cc6a0f8344', '08310229-5370-44f1-8071-5c56f92e3dc5', '57123fc3-4a6d-449b-91b7-8bee6f137521');
INSERT INTO option_choice (option_id, choice_id) VALUES ('7197ba86-c78b-43c4-bd28-4635a7094531', '0baba5e9-4c5b-4f76-9c18-07cc6a0f8344');
INSERT INTO choice (id, questionnaire_id, interviewee_id) VALUES ('0276a2e0-3177-49d3-a2c4-23a025799b6b', '407203dd-9657-46e6-975f-3be5d664dd2a', '57123fc3-4a6d-449b-91b7-8bee6f137521');
INSERT INTO option_choice (option_id, choice_id) VALUES ('ba4c9312-3e73-4c11-bce9-7ba2e084dd49', '0276a2e0-3177-49d3-a2c4-23a025799b6b');
INSERT INTO choice (id, questionnaire_id, interviewee_id) VALUES ('1fa2dfc0-240a-42f8-98aa-74f1fc16c3b6', '858287c2-e494-424b-a03f-6b0a55c2fce3', '57123fc3-4a6d-449b-91b7-8bee6f137521');
INSERT INTO option_choice (option_id, choice_id) VALUES ('a7e89931-dbca-4a6f-bdbb-b42e57f2e7f2', '1fa2dfc0-240a-42f8-98aa-74f1fc16c3b6');
INSERT INTO option_choice (option_id, choice_id) VALUES ('f2fd1a72-0ca7-41a6-ad15-7bc21a02fe73', '1fa2dfc0-240a-42f8-98aa-74f1fc16c3b6');
INSERT INTO option_choice (option_id, choice_id) VALUES ('59c8e6e3-5895-4f0b-ae9e-3bb455a5f6b2', '1fa2dfc0-240a-42f8-98aa-74f1fc16c3b6');
INSERT INTO principal (username, password) VALUES ('interviewee516', 'qwerty');
INSERT INTO interviewee (id, username, age, gender, country, marital_status) VALUES ('3d752aa3-c373-4803-9f99-005452cafa4a', 'interviewee516', 37, 'male', 'MR', 'married');
INSERT INTO choice (id, questionnaire_id, interviewee_id) VALUES ('2522764d-2ffe-4c50-8a60-6fb0a8ca9957', '05e2761c-9435-4970-ad6d-245d7a696140', '3d752aa3-c373-4803-9f99-005452cafa4a');
INSERT INTO option_choice (option_id, choice_id) VALUES ('ee58bf05-12ff-45e4-b7e9-d37a70181de4', '2522764d-2ffe-4c50-8a60-6fb0a8ca9957');
INSERT INTO option_choice (option_id, choice_id) VALUES ('cd3191da-899e-4773-b914-291725c8c108', '2522764d-2ffe-4c50-8a60-6fb0a8ca9957');
INSERT INTO option_choice (option_id, choice_id) VALUES ('4431f860-831f-4fdf-9dbb-76fbdb1006a1', '2522764d-2ffe-4c50-8a60-6fb0a8ca9957');
INSERT INTO option_choice (option_id, choice_id) VALUES ('821d408d-9a3b-4716-a443-69cb45197037', '2522764d-2ffe-4c50-8a60-6fb0a8ca9957');
INSERT INTO choice (id, questionnaire_id, interviewee_id) VALUES ('87525b8f-c33b-414c-b74e-cbd2afc564db', '49c46fd6-2111-4ef5-8b91-9ee67132426d', '3d752aa3-c373-4803-9f99-005452cafa4a');
INSERT INTO option_choice (option_id, choice_id) VALUES ('210da814-c19f-4c77-ba7b-e598584d62e4', '87525b8f-c33b-414c-b74e-cbd2afc564db');
INSERT INTO choice (id, questionnaire_id, interviewee_id) VALUES ('13c66274-5260-4616-a444-85c6d6665787', '747d0763-c99f-47ce-809b-b378d489a158', '3d752aa3-c373-4803-9f99-005452cafa4a');
INSERT INTO option_choice (option_id, choice_id) VALUES ('2095cf98-27de-4722-93f9-2c09ae6b4ed1', '13c66274-5260-4616-a444-85c6d6665787');
INSERT INTO option_choice (option_id, choice_id) VALUES ('65c86d12-f533-40f5-8dd6-10903d890b10', '13c66274-5260-4616-a444-85c6d6665787');
INSERT INTO option_choice (option_id, choice_id) VALUES ('7cc0569f-f362-4ed1-9343-6ffd1369e812', '13c66274-5260-4616-a444-85c6d6665787');
INSERT INTO principal (username, password) VALUES ('interviewee517', 'qwerty');
INSERT INTO interviewee (id, username, age, gender, country, marital_status) VALUES ('40cb9d46-857e-4108-ba1e-cda82e91e17d', 'interviewee517', 37, 'male', 'ZA', 'married');
INSERT INTO choice (id, questionnaire_id, interviewee_id) VALUES ('d9656051-148b-494a-9215-973c1d834bf6', '4a4f7cbc-8533-42b3-923b-6b4309f53c64', '40cb9d46-857e-4108-ba1e-cda82e91e17d');
INSERT INTO option_choice (option_id, choice_id) VALUES ('ad268fe3-764b-4fca-aaa2-296127f7c891', 'd9656051-148b-494a-9215-973c1d834bf6');
INSERT INTO choice (id, questionnaire_id, interviewee_id) VALUES ('53069775-c982-4b0c-bce1-a995d7d02c9f', 'aaacf497-4ae4-46e0-aa2e-27377271bafc', '40cb9d46-857e-4108-ba1e-cda82e91e17d');
INSERT INTO option_choice (option_id, choice_id) VALUES ('d4aa64ba-49fd-4d00-9175-a646c1d6d559', '53069775-c982-4b0c-bce1-a995d7d02c9f');
INSERT INTO choice (id, questionnaire_id, interviewee_id) VALUES ('a8a3a916-b378-46e5-9ba0-f3b7349e1cb0', '747d0763-c99f-47ce-809b-b378d489a158', '40cb9d46-857e-4108-ba1e-cda82e91e17d');
INSERT INTO option_choice (option_id, choice_id) VALUES ('65c86d12-f533-40f5-8dd6-10903d890b10', 'a8a3a916-b378-46e5-9ba0-f3b7349e1cb0');
INSERT INTO option_choice (option_id, choice_id) VALUES ('7cc0569f-f362-4ed1-9343-6ffd1369e812', 'a8a3a916-b378-46e5-9ba0-f3b7349e1cb0');
INSERT INTO principal (username, password) VALUES ('interviewee518', 'qwerty');
INSERT INTO interviewee (id, username, age, gender, country, marital_status) VALUES ('f2967ba3-e74a-43a3-8d4d-592143b06f05', 'interviewee518', 24, 'female', 'GP', 'divorced');
INSERT INTO choice (id, questionnaire_id, interviewee_id) VALUES ('f65d1fea-17ed-4c0c-91d7-eb1a01a06477', '48b4658e-bc90-4bd2-97bb-92484114dfea', 'f2967ba3-e74a-43a3-8d4d-592143b06f05');
INSERT INTO option_choice (option_id, choice_id) VALUES ('db310764-efc3-46ab-9d86-9914e34aa6cd', 'f65d1fea-17ed-4c0c-91d7-eb1a01a06477');
INSERT INTO principal (username, password) VALUES ('interviewee519', 'qwerty');
INSERT INTO interviewee (id, username, age, gender, country, marital_status) VALUES ('fb5542be-f382-493b-a485-414d323de80e', 'interviewee519', 67, 'male', 'CX', 'divorced');
INSERT INTO choice (id, questionnaire_id, interviewee_id) VALUES ('71f65eed-68dc-440a-9c1b-5e3380de5b79', '49c46fd6-2111-4ef5-8b91-9ee67132426d', 'fb5542be-f382-493b-a485-414d323de80e');
INSERT INTO option_choice (option_id, choice_id) VALUES ('1edad7c9-bfa7-40be-bc47-62530b1df2c4', '71f65eed-68dc-440a-9c1b-5e3380de5b79');
INSERT INTO choice (id, questionnaire_id, interviewee_id) VALUES ('815c70ec-cf41-4428-8d11-d3550acd2bbb', '173a3ab0-8485-4aa4-8787-a2a4414f992e', 'fb5542be-f382-493b-a485-414d323de80e');
INSERT INTO option_choice (option_id, choice_id) VALUES ('a477d3c8-db0a-4572-a680-b96fd792dc75', '815c70ec-cf41-4428-8d11-d3550acd2bbb');
INSERT INTO option_choice (option_id, choice_id) VALUES ('ce62e0a7-1873-4aa1-a448-2fad3cc888ee', '815c70ec-cf41-4428-8d11-d3550acd2bbb');
INSERT INTO option_choice (option_id, choice_id) VALUES ('c453fc60-b896-4f66-8dbe-cc55bc42881e', '815c70ec-cf41-4428-8d11-d3550acd2bbb');
INSERT INTO option_choice (option_id, choice_id) VALUES ('3f698183-af22-44ca-80c1-eb668697e9ea', '815c70ec-cf41-4428-8d11-d3550acd2bbb');
INSERT INTO option_choice (option_id, choice_id) VALUES ('bf89350f-11e0-4471-a3a1-95481edf5acd', '815c70ec-cf41-4428-8d11-d3550acd2bbb');
INSERT INTO option_choice (option_id, choice_id) VALUES ('3c8e0934-801c-4afd-98de-7aaf263889f6', '815c70ec-cf41-4428-8d11-d3550acd2bbb');
INSERT INTO option_choice (option_id, choice_id) VALUES ('f9a527bc-3f55-40db-b05e-d549f1801594', '815c70ec-cf41-4428-8d11-d3550acd2bbb');
INSERT INTO option_choice (option_id, choice_id) VALUES ('e03fcb10-1308-44a4-9ce2-e4eaf10452c1', '815c70ec-cf41-4428-8d11-d3550acd2bbb');
INSERT INTO choice (id, questionnaire_id, interviewee_id) VALUES ('cf3e192c-4fa2-49e0-9393-0b96a3a7ad41', '48b4658e-bc90-4bd2-97bb-92484114dfea', 'fb5542be-f382-493b-a485-414d323de80e');
INSERT INTO option_choice (option_id, choice_id) VALUES ('db310764-efc3-46ab-9d86-9914e34aa6cd', 'cf3e192c-4fa2-49e0-9393-0b96a3a7ad41');
INSERT INTO principal (username, password) VALUES ('interviewee520', 'qwerty');
INSERT INTO interviewee (id, username, age, gender, country, marital_status) VALUES ('aa65313e-39dc-44ea-885e-a1871beb87b5', 'interviewee520', 56, 'male', 'SY', 'divorced');
INSERT INTO choice (id, questionnaire_id, interviewee_id) VALUES ('2febe532-6dcb-40db-af9f-2805f64d42ba', '4a4f7cbc-8533-42b3-923b-6b4309f53c64', 'aa65313e-39dc-44ea-885e-a1871beb87b5');
INSERT INTO option_choice (option_id, choice_id) VALUES ('4afeb111-4ddc-421c-ad31-de17e1e12b0c', '2febe532-6dcb-40db-af9f-2805f64d42ba');
INSERT INTO choice (id, questionnaire_id, interviewee_id) VALUES ('8e0a66e3-42b5-46a7-9037-500ec3d432c3', '49c46fd6-2111-4ef5-8b91-9ee67132426d', 'aa65313e-39dc-44ea-885e-a1871beb87b5');
INSERT INTO option_choice (option_id, choice_id) VALUES ('210da814-c19f-4c77-ba7b-e598584d62e4', '8e0a66e3-42b5-46a7-9037-500ec3d432c3');
INSERT INTO principal (username, password) VALUES ('interviewee521', 'qwerty');
INSERT INTO interviewee (id, username, age, gender, country, marital_status) VALUES ('57a2cb6e-51cf-4975-b360-f73bbaa61e9e', 'interviewee521', 18, 'male', 'MC', 'divorced');
INSERT INTO choice (id, questionnaire_id, interviewee_id) VALUES ('38cee87c-9a34-4c7c-b13a-d5d62dcf944c', 'b5c886d7-e86f-4083-958a-cbd232db7a84', '57a2cb6e-51cf-4975-b360-f73bbaa61e9e');
INSERT INTO option_choice (option_id, choice_id) VALUES ('e9ae0eb7-ed92-45ff-8ec1-bb688c3f1bfe', '38cee87c-9a34-4c7c-b13a-d5d62dcf944c');
INSERT INTO choice (id, questionnaire_id, interviewee_id) VALUES ('6423b53f-127a-4d77-b690-c20af39f442c', '173a3ab0-8485-4aa4-8787-a2a4414f992e', '57a2cb6e-51cf-4975-b360-f73bbaa61e9e');
INSERT INTO option_choice (option_id, choice_id) VALUES ('f9a527bc-3f55-40db-b05e-d549f1801594', '6423b53f-127a-4d77-b690-c20af39f442c');
INSERT INTO option_choice (option_id, choice_id) VALUES ('3c8e0934-801c-4afd-98de-7aaf263889f6', '6423b53f-127a-4d77-b690-c20af39f442c');
INSERT INTO option_choice (option_id, choice_id) VALUES ('3f698183-af22-44ca-80c1-eb668697e9ea', '6423b53f-127a-4d77-b690-c20af39f442c');
INSERT INTO option_choice (option_id, choice_id) VALUES ('bf89350f-11e0-4471-a3a1-95481edf5acd', '6423b53f-127a-4d77-b690-c20af39f442c');
INSERT INTO option_choice (option_id, choice_id) VALUES ('c453fc60-b896-4f66-8dbe-cc55bc42881e', '6423b53f-127a-4d77-b690-c20af39f442c');
INSERT INTO choice (id, questionnaire_id, interviewee_id) VALUES ('72d99257-f5f3-4856-96c8-34bddcea8e6b', '05e2761c-9435-4970-ad6d-245d7a696140', '57a2cb6e-51cf-4975-b360-f73bbaa61e9e');
INSERT INTO option_choice (option_id, choice_id) VALUES ('4431f860-831f-4fdf-9dbb-76fbdb1006a1', '72d99257-f5f3-4856-96c8-34bddcea8e6b');
INSERT INTO option_choice (option_id, choice_id) VALUES ('ee58bf05-12ff-45e4-b7e9-d37a70181de4', '72d99257-f5f3-4856-96c8-34bddcea8e6b');
INSERT INTO option_choice (option_id, choice_id) VALUES ('26fa513d-ade2-4822-81ac-a6d8dc123679', '72d99257-f5f3-4856-96c8-34bddcea8e6b');
INSERT INTO option_choice (option_id, choice_id) VALUES ('cd3191da-899e-4773-b914-291725c8c108', '72d99257-f5f3-4856-96c8-34bddcea8e6b');
INSERT INTO option_choice (option_id, choice_id) VALUES ('821d408d-9a3b-4716-a443-69cb45197037', '72d99257-f5f3-4856-96c8-34bddcea8e6b');
INSERT INTO principal (username, password) VALUES ('interviewee522', 'qwerty');
INSERT INTO interviewee (id, username, age, gender, country, marital_status) VALUES ('1757e44f-bdc9-477c-bb2f-c05162b3525f', 'interviewee522', 43, 'female', 'AU', 'divorced');
INSERT INTO choice (id, questionnaire_id, interviewee_id) VALUES ('4592d114-6600-494c-a9a0-5f023d03807b', 'e4d0ba66-5e11-433c-8243-4d890cceaf69', '1757e44f-bdc9-477c-bb2f-c05162b3525f');
INSERT INTO option_choice (option_id, choice_id) VALUES ('7cfec70e-33b3-4c68-9c38-38cf292cd0f9', '4592d114-6600-494c-a9a0-5f023d03807b');
INSERT INTO option_choice (option_id, choice_id) VALUES ('cb637eae-3b8f-4d17-81fb-9b271857e55c', '4592d114-6600-494c-a9a0-5f023d03807b');
INSERT INTO choice (id, questionnaire_id, interviewee_id) VALUES ('ccd0df2f-5eeb-4df0-8ea3-2ef7bfbde24a', '5b0a67f5-cbf2-4fde-b526-fd512ff68e24', '1757e44f-bdc9-477c-bb2f-c05162b3525f');
INSERT INTO option_choice (option_id, choice_id) VALUES ('9340e0ac-c863-4fcf-ac40-126be2d1bfa4', 'ccd0df2f-5eeb-4df0-8ea3-2ef7bfbde24a');
INSERT INTO choice (id, questionnaire_id, interviewee_id) VALUES ('eaff2bd9-8b8a-44be-b9fe-e650d3eca809', '81a3f075-1324-4e67-90a5-493fe3324435', '1757e44f-bdc9-477c-bb2f-c05162b3525f');
INSERT INTO option_choice (option_id, choice_id) VALUES ('c0afeee2-6628-4404-bc41-32bc0a1505c5', 'eaff2bd9-8b8a-44be-b9fe-e650d3eca809');
INSERT INTO option_choice (option_id, choice_id) VALUES ('a1737a4b-bfa2-4208-a103-ca4bea3afaaf', 'eaff2bd9-8b8a-44be-b9fe-e650d3eca809');
INSERT INTO option_choice (option_id, choice_id) VALUES ('7b2bd172-1566-440a-81d8-f9b2fb43f8fc', 'eaff2bd9-8b8a-44be-b9fe-e650d3eca809');
INSERT INTO option_choice (option_id, choice_id) VALUES ('a0eef1f9-547a-4823-b7e0-bb52d6891f8f', 'eaff2bd9-8b8a-44be-b9fe-e650d3eca809');
INSERT INTO principal (username, password) VALUES ('interviewee523', 'qwerty');
INSERT INTO interviewee (id, username, age, gender, country, marital_status) VALUES ('0c658d3e-e744-4651-86db-315c614f469d', 'interviewee523', 42, 'male', 'TF', 'married');
INSERT INTO choice (id, questionnaire_id, interviewee_id) VALUES ('f3a5448a-94b7-45af-a7e0-02ff32e35874', '05e2761c-9435-4970-ad6d-245d7a696140', '0c658d3e-e744-4651-86db-315c614f469d');
INSERT INTO option_choice (option_id, choice_id) VALUES ('ee58bf05-12ff-45e4-b7e9-d37a70181de4', 'f3a5448a-94b7-45af-a7e0-02ff32e35874');
INSERT INTO principal (username, password) VALUES ('interviewee524', 'qwerty');
INSERT INTO interviewee (id, username, age, gender, country, marital_status) VALUES ('0ae98b29-8e30-4c80-a1e4-46f8e5d71f19', 'interviewee524', 44, 'female', 'GE', 'was_not_married');
INSERT INTO choice (id, questionnaire_id, interviewee_id) VALUES ('1c61537b-b905-4d00-a0f6-ddbd0dfa36a0', '08310229-5370-44f1-8071-5c56f92e3dc5', '0ae98b29-8e30-4c80-a1e4-46f8e5d71f19');
INSERT INTO option_choice (option_id, choice_id) VALUES ('38336259-fa95-40f4-865c-eff171ebbb80', '1c61537b-b905-4d00-a0f6-ddbd0dfa36a0');
INSERT INTO choice (id, questionnaire_id, interviewee_id) VALUES ('637aac98-3be8-4994-bbc1-2eb0b2c1496e', '2519c51c-9863-4531-85ff-a7ddd5ea08b2', '0ae98b29-8e30-4c80-a1e4-46f8e5d71f19');
INSERT INTO option_choice (option_id, choice_id) VALUES ('a3b534e4-0e3d-437c-94bf-14e57f299a2c', '637aac98-3be8-4994-bbc1-2eb0b2c1496e');
INSERT INTO principal (username, password) VALUES ('interviewee525', 'qwerty');
INSERT INTO interviewee (id, username, age, gender, country, marital_status) VALUES ('606d9302-3a70-4a8c-be9f-d5afcc1bacf3', 'interviewee525', 21, 'female', 'NE', 'was_not_married');
INSERT INTO choice (id, questionnaire_id, interviewee_id) VALUES ('1fa64379-964e-401c-b98b-6ee6e967e08c', 'e4d0ba66-5e11-433c-8243-4d890cceaf69', '606d9302-3a70-4a8c-be9f-d5afcc1bacf3');
INSERT INTO option_choice (option_id, choice_id) VALUES ('cb637eae-3b8f-4d17-81fb-9b271857e55c', '1fa64379-964e-401c-b98b-6ee6e967e08c');
INSERT INTO option_choice (option_id, choice_id) VALUES ('7cfec70e-33b3-4c68-9c38-38cf292cd0f9', '1fa64379-964e-401c-b98b-6ee6e967e08c');
INSERT INTO choice (id, questionnaire_id, interviewee_id) VALUES ('1f9f0432-ad67-4581-b3c9-a27ffd19d862', '81a3f075-1324-4e67-90a5-493fe3324435', '606d9302-3a70-4a8c-be9f-d5afcc1bacf3');
INSERT INTO option_choice (option_id, choice_id) VALUES ('c0afeee2-6628-4404-bc41-32bc0a1505c5', '1f9f0432-ad67-4581-b3c9-a27ffd19d862');
INSERT INTO option_choice (option_id, choice_id) VALUES ('c5035143-d5d2-4934-8b99-4e66507a8603', '1f9f0432-ad67-4581-b3c9-a27ffd19d862');
INSERT INTO option_choice (option_id, choice_id) VALUES ('a0eef1f9-547a-4823-b7e0-bb52d6891f8f', '1f9f0432-ad67-4581-b3c9-a27ffd19d862');
INSERT INTO option_choice (option_id, choice_id) VALUES ('a1737a4b-bfa2-4208-a103-ca4bea3afaaf', '1f9f0432-ad67-4581-b3c9-a27ffd19d862');
INSERT INTO option_choice (option_id, choice_id) VALUES ('ab9020e3-a12b-46eb-97f0-79dcfaab7356', '1f9f0432-ad67-4581-b3c9-a27ffd19d862');
INSERT INTO choice (id, questionnaire_id, interviewee_id) VALUES ('d4ec077e-a34b-41dd-95f4-128ac84009a5', 'c6dd214b-43b7-401f-afe6-a5ab0d2d7767', '606d9302-3a70-4a8c-be9f-d5afcc1bacf3');
INSERT INTO option_choice (option_id, choice_id) VALUES ('c134384c-5eda-4957-9883-b965681b9fef', 'd4ec077e-a34b-41dd-95f4-128ac84009a5');
INSERT INTO option_choice (option_id, choice_id) VALUES ('069a6758-231c-4064-8e44-a0db84e86a21', 'd4ec077e-a34b-41dd-95f4-128ac84009a5');
INSERT INTO option_choice (option_id, choice_id) VALUES ('9d2a2dd1-7979-48a6-a0b7-3de8fdea75b6', 'd4ec077e-a34b-41dd-95f4-128ac84009a5');
INSERT INTO option_choice (option_id, choice_id) VALUES ('17ceef0b-83da-42ec-a82c-9090a9be74af', 'd4ec077e-a34b-41dd-95f4-128ac84009a5');
INSERT INTO principal (username, password) VALUES ('interviewee526', 'qwerty');
INSERT INTO interviewee (id, username, age, gender, country, marital_status) VALUES ('614112bf-39c4-4983-b3df-44b00b9eb160', 'interviewee526', 30, 'female', 'PR', 'married');
INSERT INTO choice (id, questionnaire_id, interviewee_id) VALUES ('95a5eb61-0ebf-4da6-b36b-54e16e34aa71', '05e2761c-9435-4970-ad6d-245d7a696140', '614112bf-39c4-4983-b3df-44b00b9eb160');
INSERT INTO option_choice (option_id, choice_id) VALUES ('cd3191da-899e-4773-b914-291725c8c108', '95a5eb61-0ebf-4da6-b36b-54e16e34aa71');
INSERT INTO option_choice (option_id, choice_id) VALUES ('4431f860-831f-4fdf-9dbb-76fbdb1006a1', '95a5eb61-0ebf-4da6-b36b-54e16e34aa71');
INSERT INTO choice (id, questionnaire_id, interviewee_id) VALUES ('9e9a0495-36ea-4e14-a872-36d6058382b9', '173a3ab0-8485-4aa4-8787-a2a4414f992e', '614112bf-39c4-4983-b3df-44b00b9eb160');
INSERT INTO option_choice (option_id, choice_id) VALUES ('c453fc60-b896-4f66-8dbe-cc55bc42881e', '9e9a0495-36ea-4e14-a872-36d6058382b9');
INSERT INTO option_choice (option_id, choice_id) VALUES ('3f698183-af22-44ca-80c1-eb668697e9ea', '9e9a0495-36ea-4e14-a872-36d6058382b9');
INSERT INTO option_choice (option_id, choice_id) VALUES ('a477d3c8-db0a-4572-a680-b96fd792dc75', '9e9a0495-36ea-4e14-a872-36d6058382b9');
INSERT INTO choice (id, questionnaire_id, interviewee_id) VALUES ('328c038f-0ba3-4e30-b048-b1e4086c51a7', 'e4d0ba66-5e11-433c-8243-4d890cceaf69', '614112bf-39c4-4983-b3df-44b00b9eb160');
INSERT INTO option_choice (option_id, choice_id) VALUES ('cb637eae-3b8f-4d17-81fb-9b271857e55c', '328c038f-0ba3-4e30-b048-b1e4086c51a7');
INSERT INTO principal (username, password) VALUES ('interviewee527', 'qwerty');
INSERT INTO interviewee (id, username, age, gender, country, marital_status) VALUES ('51119a5b-0d99-45d8-8978-46d3494887d2', 'interviewee527', 29, 'female', 'JM', 'married');
INSERT INTO choice (id, questionnaire_id, interviewee_id) VALUES ('95d3318c-1309-4b56-a670-4dff5778dd54', 'e4d0ba66-5e11-433c-8243-4d890cceaf69', '51119a5b-0d99-45d8-8978-46d3494887d2');
INSERT INTO option_choice (option_id, choice_id) VALUES ('cb637eae-3b8f-4d17-81fb-9b271857e55c', '95d3318c-1309-4b56-a670-4dff5778dd54');
INSERT INTO choice (id, questionnaire_id, interviewee_id) VALUES ('4c27e3f7-605c-467c-8623-f793f3da033b', '407203dd-9657-46e6-975f-3be5d664dd2a', '51119a5b-0d99-45d8-8978-46d3494887d2');
INSERT INTO option_choice (option_id, choice_id) VALUES ('4285dd4d-8381-423b-8700-37e491ae1336', '4c27e3f7-605c-467c-8623-f793f3da033b');
INSERT INTO principal (username, password) VALUES ('interviewee528', 'qwerty');
INSERT INTO interviewee (id, username, age, gender, country, marital_status) VALUES ('cab58ba6-559d-4f24-8013-bd80629ccc18', 'interviewee528', 50, 'male', 'YE', 'married');
INSERT INTO choice (id, questionnaire_id, interviewee_id) VALUES ('41d33ad9-b7a6-4aad-a21b-571b74c36271', '51436662-4eca-40ce-b552-b1c7486cf609', 'cab58ba6-559d-4f24-8013-bd80629ccc18');
INSERT INTO option_choice (option_id, choice_id) VALUES ('e4c4b240-61c9-4253-a93b-9a7768fbfe3f', '41d33ad9-b7a6-4aad-a21b-571b74c36271');
INSERT INTO choice (id, questionnaire_id, interviewee_id) VALUES ('2ca5b392-993e-4ea4-bca3-e6dd5e41de0c', '8e156ed6-1a8b-4fe6-9a58-0f7cbdd6af32', 'cab58ba6-559d-4f24-8013-bd80629ccc18');
INSERT INTO option_choice (option_id, choice_id) VALUES ('38f39cdf-6292-4c51-8660-f27ad61185bf', '2ca5b392-993e-4ea4-bca3-e6dd5e41de0c');
INSERT INTO choice (id, questionnaire_id, interviewee_id) VALUES ('68e6655a-5d9b-4fc9-a3ee-5196490203a8', 'aaacf497-4ae4-46e0-aa2e-27377271bafc', 'cab58ba6-559d-4f24-8013-bd80629ccc18');
INSERT INTO option_choice (option_id, choice_id) VALUES ('070ce52d-21fd-4380-9c02-d25647a035a6', '68e6655a-5d9b-4fc9-a3ee-5196490203a8');
INSERT INTO principal (username, password) VALUES ('interviewee529', 'qwerty');
INSERT INTO interviewee (id, username, age, gender, country, marital_status) VALUES ('51e45174-1781-40b7-a29d-b1957a1d3206', 'interviewee529', 33, 'female', 'VC', 'divorced');
INSERT INTO choice (id, questionnaire_id, interviewee_id) VALUES ('63096df8-3ae2-4139-8f4c-f5ade6e6749d', '4a4f7cbc-8533-42b3-923b-6b4309f53c64', '51e45174-1781-40b7-a29d-b1957a1d3206');
INSERT INTO option_choice (option_id, choice_id) VALUES ('3f8cd95c-177b-469f-b652-784cadd37582', '63096df8-3ae2-4139-8f4c-f5ade6e6749d');
INSERT INTO choice (id, questionnaire_id, interviewee_id) VALUES ('e93feecd-bb07-4c70-8c96-c980affffd76', 'e4d0ba66-5e11-433c-8243-4d890cceaf69', '51e45174-1781-40b7-a29d-b1957a1d3206');
INSERT INTO option_choice (option_id, choice_id) VALUES ('cb637eae-3b8f-4d17-81fb-9b271857e55c', 'e93feecd-bb07-4c70-8c96-c980affffd76');
INSERT INTO option_choice (option_id, choice_id) VALUES ('7cfec70e-33b3-4c68-9c38-38cf292cd0f9', 'e93feecd-bb07-4c70-8c96-c980affffd76');
INSERT INTO principal (username, password) VALUES ('interviewee530', 'qwerty');
INSERT INTO interviewee (id, username, age, gender, country, marital_status) VALUES ('1a37a889-7e2c-4c3f-bc02-645799f0ec0f', 'interviewee530', 64, 'female', 'AE', 'divorced');
INSERT INTO choice (id, questionnaire_id, interviewee_id) VALUES ('f65b603f-be15-4b71-b386-7b8653d3a0d8', '48b4658e-bc90-4bd2-97bb-92484114dfea', '1a37a889-7e2c-4c3f-bc02-645799f0ec0f');
INSERT INTO option_choice (option_id, choice_id) VALUES ('72884dca-8b91-4379-bf2e-f4dbfc8f13cd', 'f65b603f-be15-4b71-b386-7b8653d3a0d8');
INSERT INTO choice (id, questionnaire_id, interviewee_id) VALUES ('922266be-f8f8-4dc4-a030-6d07f9f891e0', 'e20dbb22-091f-4137-8450-fdeaea74363f', '1a37a889-7e2c-4c3f-bc02-645799f0ec0f');
INSERT INTO option_choice (option_id, choice_id) VALUES ('a572f3cf-b3ba-491a-9687-6cee662749f1', '922266be-f8f8-4dc4-a030-6d07f9f891e0');
INSERT INTO option_choice (option_id, choice_id) VALUES ('ff3c7a97-70db-4404-b85b-274707745879', '922266be-f8f8-4dc4-a030-6d07f9f891e0');
INSERT INTO option_choice (option_id, choice_id) VALUES ('322bbc1b-4e8d-41ae-b4f2-3466891dc809', '922266be-f8f8-4dc4-a030-6d07f9f891e0');
INSERT INTO option_choice (option_id, choice_id) VALUES ('49d1bc1f-0fd1-4dad-ab6d-b123ea13d33a', '922266be-f8f8-4dc4-a030-6d07f9f891e0');
INSERT INTO option_choice (option_id, choice_id) VALUES ('b09da84d-7533-40da-b486-a820b6b7c110', '922266be-f8f8-4dc4-a030-6d07f9f891e0');
INSERT INTO option_choice (option_id, choice_id) VALUES ('946ecf06-2d9f-4fe5-b2b7-64c51a5fdf06', '922266be-f8f8-4dc4-a030-6d07f9f891e0');
INSERT INTO option_choice (option_id, choice_id) VALUES ('742176a0-b7c8-400a-a370-5871099954a4', '922266be-f8f8-4dc4-a030-6d07f9f891e0');
INSERT INTO option_choice (option_id, choice_id) VALUES ('4bd78eb1-72bb-47fa-8b7c-4cc826f39edd', '922266be-f8f8-4dc4-a030-6d07f9f891e0');
INSERT INTO principal (username, password) VALUES ('interviewee531', 'qwerty');
INSERT INTO interviewee (id, username, age, gender, country, marital_status) VALUES ('2a4a8cbe-570c-473c-8a25-97b77bff6faf', 'interviewee531', 64, 'male', 'BO', 'was_not_married');
INSERT INTO choice (id, questionnaire_id, interviewee_id) VALUES ('30ebf683-67a3-478d-a4a9-6f280ac6e295', 'e4d0ba66-5e11-433c-8243-4d890cceaf69', '2a4a8cbe-570c-473c-8a25-97b77bff6faf');
INSERT INTO option_choice (option_id, choice_id) VALUES ('7cfec70e-33b3-4c68-9c38-38cf292cd0f9', '30ebf683-67a3-478d-a4a9-6f280ac6e295');
INSERT INTO choice (id, questionnaire_id, interviewee_id) VALUES ('02d9f911-c52f-4ffd-96e3-eee79e400917', 'aaacf497-4ae4-46e0-aa2e-27377271bafc', '2a4a8cbe-570c-473c-8a25-97b77bff6faf');
INSERT INTO option_choice (option_id, choice_id) VALUES ('de1098e4-e0b7-4df4-890a-1958a8d5d465', '02d9f911-c52f-4ffd-96e3-eee79e400917');
INSERT INTO choice (id, questionnaire_id, interviewee_id) VALUES ('00349882-bc83-4130-8bd2-15b92d724758', '173a3ab0-8485-4aa4-8787-a2a4414f992e', '2a4a8cbe-570c-473c-8a25-97b77bff6faf');
INSERT INTO option_choice (option_id, choice_id) VALUES ('c453fc60-b896-4f66-8dbe-cc55bc42881e', '00349882-bc83-4130-8bd2-15b92d724758');
INSERT INTO option_choice (option_id, choice_id) VALUES ('ce62e0a7-1873-4aa1-a448-2fad3cc888ee', '00349882-bc83-4130-8bd2-15b92d724758');
INSERT INTO option_choice (option_id, choice_id) VALUES ('a477d3c8-db0a-4572-a680-b96fd792dc75', '00349882-bc83-4130-8bd2-15b92d724758');
INSERT INTO option_choice (option_id, choice_id) VALUES ('f9a527bc-3f55-40db-b05e-d549f1801594', '00349882-bc83-4130-8bd2-15b92d724758');
INSERT INTO option_choice (option_id, choice_id) VALUES ('3c8e0934-801c-4afd-98de-7aaf263889f6', '00349882-bc83-4130-8bd2-15b92d724758');
INSERT INTO principal (username, password) VALUES ('interviewee532', 'qwerty');
INSERT INTO interviewee (id, username, age, gender, country, marital_status) VALUES ('49be37e0-7fbb-4227-a06d-c9d878dae703', 'interviewee532', 53, 'male', 'AM', 'was_not_married');
INSERT INTO choice (id, questionnaire_id, interviewee_id) VALUES ('83dd6e89-4d91-4961-aeb0-9fe4d600312d', 'aaacf497-4ae4-46e0-aa2e-27377271bafc', '49be37e0-7fbb-4227-a06d-c9d878dae703');
INSERT INTO option_choice (option_id, choice_id) VALUES ('d4aa64ba-49fd-4d00-9175-a646c1d6d559', '83dd6e89-4d91-4961-aeb0-9fe4d600312d');
INSERT INTO choice (id, questionnaire_id, interviewee_id) VALUES ('f466d868-18a1-4180-a5d4-db0721e00aef', '81a3f075-1324-4e67-90a5-493fe3324435', '49be37e0-7fbb-4227-a06d-c9d878dae703');
INSERT INTO option_choice (option_id, choice_id) VALUES ('a1737a4b-bfa2-4208-a103-ca4bea3afaaf', 'f466d868-18a1-4180-a5d4-db0721e00aef');
INSERT INTO option_choice (option_id, choice_id) VALUES ('7b2bd172-1566-440a-81d8-f9b2fb43f8fc', 'f466d868-18a1-4180-a5d4-db0721e00aef');
INSERT INTO option_choice (option_id, choice_id) VALUES ('c5035143-d5d2-4934-8b99-4e66507a8603', 'f466d868-18a1-4180-a5d4-db0721e00aef');
INSERT INTO principal (username, password) VALUES ('interviewee533', 'qwerty');
INSERT INTO interviewee (id, username, age, gender, country, marital_status) VALUES ('196bc63c-f42b-4ea4-a956-d87e9a5ef8a9', 'interviewee533', 26, 'female', 'UM', 'married');
INSERT INTO choice (id, questionnaire_id, interviewee_id) VALUES ('fa98309b-ce36-4618-a9c6-74f11ed9e923', '2519c51c-9863-4531-85ff-a7ddd5ea08b2', '196bc63c-f42b-4ea4-a956-d87e9a5ef8a9');
INSERT INTO option_choice (option_id, choice_id) VALUES ('e532cc1b-83fa-4902-9bd1-0868c31241bb', 'fa98309b-ce36-4618-a9c6-74f11ed9e923');
INSERT INTO principal (username, password) VALUES ('interviewee534', 'qwerty');
INSERT INTO interviewee (id, username, age, gender, country, marital_status) VALUES ('a8dd30c2-abfa-4b08-b81a-ed7d90595469', 'interviewee534', 55, 'male', 'BW', 'married');
INSERT INTO choice (id, questionnaire_id, interviewee_id) VALUES ('552b3398-465f-4947-88be-b1b2758b674f', 'b5c886d7-e86f-4083-958a-cbd232db7a84', 'a8dd30c2-abfa-4b08-b81a-ed7d90595469');
INSERT INTO option_choice (option_id, choice_id) VALUES ('c7575671-3918-48d7-bc48-356ad1dd79e9', '552b3398-465f-4947-88be-b1b2758b674f');
INSERT INTO principal (username, password) VALUES ('interviewee535', 'qwerty');
INSERT INTO interviewee (id, username, age, gender, country, marital_status) VALUES ('9215d573-7acd-4e7b-8c55-645a3033bf96', 'interviewee535', 16, 'male', 'LU', 'married');
INSERT INTO choice (id, questionnaire_id, interviewee_id) VALUES ('9799f085-be91-477e-9514-b172bb00aa5c', 'e4d0ba66-5e11-433c-8243-4d890cceaf69', '9215d573-7acd-4e7b-8c55-645a3033bf96');
INSERT INTO option_choice (option_id, choice_id) VALUES ('cb637eae-3b8f-4d17-81fb-9b271857e55c', '9799f085-be91-477e-9514-b172bb00aa5c');
INSERT INTO option_choice (option_id, choice_id) VALUES ('7cfec70e-33b3-4c68-9c38-38cf292cd0f9', '9799f085-be91-477e-9514-b172bb00aa5c');
INSERT INTO choice (id, questionnaire_id, interviewee_id) VALUES ('18920415-6e8c-4dd8-9ad8-fbeecccea1d7', '49c46fd6-2111-4ef5-8b91-9ee67132426d', '9215d573-7acd-4e7b-8c55-645a3033bf96');
INSERT INTO option_choice (option_id, choice_id) VALUES ('210da814-c19f-4c77-ba7b-e598584d62e4', '18920415-6e8c-4dd8-9ad8-fbeecccea1d7');
INSERT INTO principal (username, password) VALUES ('interviewee536', 'qwerty');
INSERT INTO interviewee (id, username, age, gender, country, marital_status) VALUES ('c5e89498-a4c7-4fad-b6ac-dac82cbf766c', 'interviewee536', 31, 'female', 'BT', 'was_not_married');
INSERT INTO choice (id, questionnaire_id, interviewee_id) VALUES ('656eec50-e205-40b2-a7bc-5178942f7819', 'e4d0ba66-5e11-433c-8243-4d890cceaf69', 'c5e89498-a4c7-4fad-b6ac-dac82cbf766c');
INSERT INTO option_choice (option_id, choice_id) VALUES ('7cfec70e-33b3-4c68-9c38-38cf292cd0f9', '656eec50-e205-40b2-a7bc-5178942f7819');
INSERT INTO option_choice (option_id, choice_id) VALUES ('cb637eae-3b8f-4d17-81fb-9b271857e55c', '656eec50-e205-40b2-a7bc-5178942f7819');
INSERT INTO choice (id, questionnaire_id, interviewee_id) VALUES ('c5c345a4-7df2-4288-bda5-d522cc7cb2d2', 'b6df4d49-3f70-4802-90cb-4ab89e24a427', 'c5e89498-a4c7-4fad-b6ac-dac82cbf766c');
INSERT INTO option_choice (option_id, choice_id) VALUES ('97729629-c47a-4614-a618-d90dee3f5476', 'c5c345a4-7df2-4288-bda5-d522cc7cb2d2');
INSERT INTO principal (username, password) VALUES ('interviewee537', 'qwerty');
INSERT INTO interviewee (id, username, age, gender, country, marital_status) VALUES ('78fbc574-0b83-49d5-a192-1299eda989de', 'interviewee537', 44, 'male', 'LB', 'divorced');
INSERT INTO choice (id, questionnaire_id, interviewee_id) VALUES ('0f7b5d0c-8029-4547-a232-3c2393035a12', '51436662-4eca-40ce-b552-b1c7486cf609', '78fbc574-0b83-49d5-a192-1299eda989de');
INSERT INTO option_choice (option_id, choice_id) VALUES ('259215cc-47cc-4165-befd-cf997b4aaf7e', '0f7b5d0c-8029-4547-a232-3c2393035a12');
INSERT INTO choice (id, questionnaire_id, interviewee_id) VALUES ('3f2ccd4d-770a-4cda-8bd7-33e3aa8abd63', '858287c2-e494-424b-a03f-6b0a55c2fce3', '78fbc574-0b83-49d5-a192-1299eda989de');
INSERT INTO option_choice (option_id, choice_id) VALUES ('a1e55f7c-aa45-466f-86bb-0d5e262ca0bc', '3f2ccd4d-770a-4cda-8bd7-33e3aa8abd63');
INSERT INTO option_choice (option_id, choice_id) VALUES ('59c8e6e3-5895-4f0b-ae9e-3bb455a5f6b2', '3f2ccd4d-770a-4cda-8bd7-33e3aa8abd63');
INSERT INTO principal (username, password) VALUES ('interviewee538', 'qwerty');
INSERT INTO interviewee (id, username, age, gender, country, marital_status) VALUES ('fe64ca20-f939-40de-9424-5119d40c0204', 'interviewee538', 53, 'male', 'MD', 'was_not_married');
INSERT INTO choice (id, questionnaire_id, interviewee_id) VALUES ('d9f75edb-aec4-4c4c-bb7a-f0353ba7364f', '858287c2-e494-424b-a03f-6b0a55c2fce3', 'fe64ca20-f939-40de-9424-5119d40c0204');
INSERT INTO option_choice (option_id, choice_id) VALUES ('a1e55f7c-aa45-466f-86bb-0d5e262ca0bc', 'd9f75edb-aec4-4c4c-bb7a-f0353ba7364f');
INSERT INTO principal (username, password) VALUES ('interviewee539', 'qwerty');
INSERT INTO interviewee (id, username, age, gender, country, marital_status) VALUES ('1cfdd0cd-cb9c-4f8e-9a65-22c907df9e5f', 'interviewee539', 43, 'female', 'GT', 'married');
INSERT INTO choice (id, questionnaire_id, interviewee_id) VALUES ('814cfcf8-328c-4d2b-bd8e-1d39e64f8e00', 'e4d0ba66-5e11-433c-8243-4d890cceaf69', '1cfdd0cd-cb9c-4f8e-9a65-22c907df9e5f');
INSERT INTO option_choice (option_id, choice_id) VALUES ('cb637eae-3b8f-4d17-81fb-9b271857e55c', '814cfcf8-328c-4d2b-bd8e-1d39e64f8e00');
INSERT INTO option_choice (option_id, choice_id) VALUES ('7cfec70e-33b3-4c68-9c38-38cf292cd0f9', '814cfcf8-328c-4d2b-bd8e-1d39e64f8e00');
INSERT INTO choice (id, questionnaire_id, interviewee_id) VALUES ('8b7831b9-344b-40ee-bc9b-e7691e909e7d', '173a3ab0-8485-4aa4-8787-a2a4414f992e', '1cfdd0cd-cb9c-4f8e-9a65-22c907df9e5f');
INSERT INTO option_choice (option_id, choice_id) VALUES ('f9a527bc-3f55-40db-b05e-d549f1801594', '8b7831b9-344b-40ee-bc9b-e7691e909e7d');
INSERT INTO option_choice (option_id, choice_id) VALUES ('c453fc60-b896-4f66-8dbe-cc55bc42881e', '8b7831b9-344b-40ee-bc9b-e7691e909e7d');
INSERT INTO option_choice (option_id, choice_id) VALUES ('a477d3c8-db0a-4572-a680-b96fd792dc75', '8b7831b9-344b-40ee-bc9b-e7691e909e7d');
INSERT INTO option_choice (option_id, choice_id) VALUES ('ce62e0a7-1873-4aa1-a448-2fad3cc888ee', '8b7831b9-344b-40ee-bc9b-e7691e909e7d');
INSERT INTO option_choice (option_id, choice_id) VALUES ('3c8e0934-801c-4afd-98de-7aaf263889f6', '8b7831b9-344b-40ee-bc9b-e7691e909e7d');
INSERT INTO principal (username, password) VALUES ('interviewee540', 'qwerty');
INSERT INTO interviewee (id, username, age, gender, country, marital_status) VALUES ('3705c059-9494-4372-9b79-28d802dccc7c', 'interviewee540', 17, 'male', 'MQ', 'was_not_married');
INSERT INTO choice (id, questionnaire_id, interviewee_id) VALUES ('cc739948-22e8-4f55-a02f-96464ff289fe', '5b0a67f5-cbf2-4fde-b526-fd512ff68e24', '3705c059-9494-4372-9b79-28d802dccc7c');
INSERT INTO option_choice (option_id, choice_id) VALUES ('771f0011-824c-4e77-8245-8f61e026b171', 'cc739948-22e8-4f55-a02f-96464ff289fe');
INSERT INTO principal (username, password) VALUES ('interviewee541', 'qwerty');
INSERT INTO interviewee (id, username, age, gender, country, marital_status) VALUES ('d762fc12-1690-4d6f-b71c-88739c5aa8e3', 'interviewee541', 52, 'male', 'AZ', 'married');
INSERT INTO choice (id, questionnaire_id, interviewee_id) VALUES ('aa714f90-3115-4a27-9246-b514e8f78717', '81a3f075-1324-4e67-90a5-493fe3324435', 'd762fc12-1690-4d6f-b71c-88739c5aa8e3');
INSERT INTO option_choice (option_id, choice_id) VALUES ('a0eef1f9-547a-4823-b7e0-bb52d6891f8f', 'aa714f90-3115-4a27-9246-b514e8f78717');
INSERT INTO option_choice (option_id, choice_id) VALUES ('c5035143-d5d2-4934-8b99-4e66507a8603', 'aa714f90-3115-4a27-9246-b514e8f78717');
INSERT INTO option_choice (option_id, choice_id) VALUES ('c0afeee2-6628-4404-bc41-32bc0a1505c5', 'aa714f90-3115-4a27-9246-b514e8f78717');
INSERT INTO option_choice (option_id, choice_id) VALUES ('7b2bd172-1566-440a-81d8-f9b2fb43f8fc', 'aa714f90-3115-4a27-9246-b514e8f78717');
INSERT INTO choice (id, questionnaire_id, interviewee_id) VALUES ('331c97c4-0543-42bb-9af9-4ce1676daee3', '05e2761c-9435-4970-ad6d-245d7a696140', 'd762fc12-1690-4d6f-b71c-88739c5aa8e3');
INSERT INTO option_choice (option_id, choice_id) VALUES ('ee58bf05-12ff-45e4-b7e9-d37a70181de4', '331c97c4-0543-42bb-9af9-4ce1676daee3');
INSERT INTO option_choice (option_id, choice_id) VALUES ('26fa513d-ade2-4822-81ac-a6d8dc123679', '331c97c4-0543-42bb-9af9-4ce1676daee3');
INSERT INTO option_choice (option_id, choice_id) VALUES ('821d408d-9a3b-4716-a443-69cb45197037', '331c97c4-0543-42bb-9af9-4ce1676daee3');
INSERT INTO principal (username, password) VALUES ('interviewee542', 'qwerty');
INSERT INTO interviewee (id, username, age, gender, country, marital_status) VALUES ('f2b5ec73-3e58-4dad-86cc-3cee2d373ebf', 'interviewee542', 53, 'female', 'KM', 'married');
INSERT INTO choice (id, questionnaire_id, interviewee_id) VALUES ('60a0b5b7-af2e-4d51-8a9e-5998e4681bd4', 'e20dbb22-091f-4137-8450-fdeaea74363f', 'f2b5ec73-3e58-4dad-86cc-3cee2d373ebf');
INSERT INTO option_choice (option_id, choice_id) VALUES ('946ecf06-2d9f-4fe5-b2b7-64c51a5fdf06', '60a0b5b7-af2e-4d51-8a9e-5998e4681bd4');
INSERT INTO option_choice (option_id, choice_id) VALUES ('4bd78eb1-72bb-47fa-8b7c-4cc826f39edd', '60a0b5b7-af2e-4d51-8a9e-5998e4681bd4');
INSERT INTO option_choice (option_id, choice_id) VALUES ('322bbc1b-4e8d-41ae-b4f2-3466891dc809', '60a0b5b7-af2e-4d51-8a9e-5998e4681bd4');
INSERT INTO option_choice (option_id, choice_id) VALUES ('b09da84d-7533-40da-b486-a820b6b7c110', '60a0b5b7-af2e-4d51-8a9e-5998e4681bd4');
INSERT INTO option_choice (option_id, choice_id) VALUES ('ff3c7a97-70db-4404-b85b-274707745879', '60a0b5b7-af2e-4d51-8a9e-5998e4681bd4');
INSERT INTO choice (id, questionnaire_id, interviewee_id) VALUES ('3b72eeab-330b-4c28-83f4-95301477e06c', '8e156ed6-1a8b-4fe6-9a58-0f7cbdd6af32', 'f2b5ec73-3e58-4dad-86cc-3cee2d373ebf');
INSERT INTO option_choice (option_id, choice_id) VALUES ('7fae89aa-9ca6-4957-9ced-40423f6209b1', '3b72eeab-330b-4c28-83f4-95301477e06c');
INSERT INTO choice (id, questionnaire_id, interviewee_id) VALUES ('2503c0a2-4276-4671-82b5-2b2a0fd10045', '2519c51c-9863-4531-85ff-a7ddd5ea08b2', 'f2b5ec73-3e58-4dad-86cc-3cee2d373ebf');
INSERT INTO option_choice (option_id, choice_id) VALUES ('dffcbd6b-b37a-4468-8c01-26ae752e283e', '2503c0a2-4276-4671-82b5-2b2a0fd10045');
INSERT INTO principal (username, password) VALUES ('interviewee543', 'qwerty');
INSERT INTO interviewee (id, username, age, gender, country, marital_status) VALUES ('8b44abb4-bfea-4c57-a912-095da5e07880', 'interviewee543', 26, 'female', 'LT', 'was_not_married');
INSERT INTO choice (id, questionnaire_id, interviewee_id) VALUES ('3d999f42-b029-41eb-96ef-b5e79f41c633', '5b0a67f5-cbf2-4fde-b526-fd512ff68e24', '8b44abb4-bfea-4c57-a912-095da5e07880');
INSERT INTO option_choice (option_id, choice_id) VALUES ('7dc1dfe8-a039-4c2a-a601-d1bc81a3e459', '3d999f42-b029-41eb-96ef-b5e79f41c633');
INSERT INTO choice (id, questionnaire_id, interviewee_id) VALUES ('6bca4ccc-90b5-4991-bcf7-4b0f36a7f03f', 'b5c886d7-e86f-4083-958a-cbd232db7a84', '8b44abb4-bfea-4c57-a912-095da5e07880');
INSERT INTO option_choice (option_id, choice_id) VALUES ('9d7ea78f-0edc-43db-94d7-3d31213df760', '6bca4ccc-90b5-4991-bcf7-4b0f36a7f03f');
INSERT INTO choice (id, questionnaire_id, interviewee_id) VALUES ('9c6d3a60-a10c-48ef-aadd-1fb47e6757ba', 'aaacf497-4ae4-46e0-aa2e-27377271bafc', '8b44abb4-bfea-4c57-a912-095da5e07880');
INSERT INTO option_choice (option_id, choice_id) VALUES ('070ce52d-21fd-4380-9c02-d25647a035a6', '9c6d3a60-a10c-48ef-aadd-1fb47e6757ba');
INSERT INTO principal (username, password) VALUES ('interviewee544', 'qwerty');
INSERT INTO interviewee (id, username, age, gender, country, marital_status) VALUES ('02cc430b-8ae6-4df0-ab6f-48c64fa55862', 'interviewee544', 47, 'male', 'FK', 'was_not_married');
INSERT INTO choice (id, questionnaire_id, interviewee_id) VALUES ('c2a951da-3d67-4803-99e0-9d35eb058893', '51436662-4eca-40ce-b552-b1c7486cf609', '02cc430b-8ae6-4df0-ab6f-48c64fa55862');
INSERT INTO option_choice (option_id, choice_id) VALUES ('e4c4b240-61c9-4253-a93b-9a7768fbfe3f', 'c2a951da-3d67-4803-99e0-9d35eb058893');
INSERT INTO principal (username, password) VALUES ('interviewee545', 'qwerty');
INSERT INTO interviewee (id, username, age, gender, country, marital_status) VALUES ('64466ef8-63b8-4b92-8a3b-bb6f35df5a12', 'interviewee545', 18, 'female', 'EE', 'married');
INSERT INTO choice (id, questionnaire_id, interviewee_id) VALUES ('21ae9d76-a263-4be7-834a-fa076c2655e0', 'c6dd214b-43b7-401f-afe6-a5ab0d2d7767', '64466ef8-63b8-4b92-8a3b-bb6f35df5a12');
INSERT INTO option_choice (option_id, choice_id) VALUES ('17ceef0b-83da-42ec-a82c-9090a9be74af', '21ae9d76-a263-4be7-834a-fa076c2655e0');
INSERT INTO option_choice (option_id, choice_id) VALUES ('c134384c-5eda-4957-9883-b965681b9fef', '21ae9d76-a263-4be7-834a-fa076c2655e0');
INSERT INTO choice (id, questionnaire_id, interviewee_id) VALUES ('1c22dfa2-b266-4519-b740-e5367e84e74c', '8e156ed6-1a8b-4fe6-9a58-0f7cbdd6af32', '64466ef8-63b8-4b92-8a3b-bb6f35df5a12');
INSERT INTO option_choice (option_id, choice_id) VALUES ('33a991d7-269a-4418-b89c-82e5467a34ad', '1c22dfa2-b266-4519-b740-e5367e84e74c');
INSERT INTO choice (id, questionnaire_id, interviewee_id) VALUES ('49e9d5b5-3cf2-43fb-923e-530ef09537bb', 'e20dbb22-091f-4137-8450-fdeaea74363f', '64466ef8-63b8-4b92-8a3b-bb6f35df5a12');
INSERT INTO option_choice (option_id, choice_id) VALUES ('a572f3cf-b3ba-491a-9687-6cee662749f1', '49e9d5b5-3cf2-43fb-923e-530ef09537bb');
INSERT INTO option_choice (option_id, choice_id) VALUES ('ff3c7a97-70db-4404-b85b-274707745879', '49e9d5b5-3cf2-43fb-923e-530ef09537bb');
INSERT INTO principal (username, password) VALUES ('interviewee546', 'qwerty');
INSERT INTO interviewee (id, username, age, gender, country, marital_status) VALUES ('4a5984b2-135d-4b54-9786-54eb2d527e6e', 'interviewee546', 35, 'male', 'VU', 'married');
INSERT INTO choice (id, questionnaire_id, interviewee_id) VALUES ('21ad0d48-4387-4ed7-b94c-56b31a463e1f', '747d0763-c99f-47ce-809b-b378d489a158', '4a5984b2-135d-4b54-9786-54eb2d527e6e');
INSERT INTO option_choice (option_id, choice_id) VALUES ('2095cf98-27de-4722-93f9-2c09ae6b4ed1', '21ad0d48-4387-4ed7-b94c-56b31a463e1f');
INSERT INTO choice (id, questionnaire_id, interviewee_id) VALUES ('27aafc8a-4b0a-44ba-96a6-07f78ae2a6f6', '05e2761c-9435-4970-ad6d-245d7a696140', '4a5984b2-135d-4b54-9786-54eb2d527e6e');
INSERT INTO option_choice (option_id, choice_id) VALUES ('821d408d-9a3b-4716-a443-69cb45197037', '27aafc8a-4b0a-44ba-96a6-07f78ae2a6f6');
INSERT INTO option_choice (option_id, choice_id) VALUES ('26fa513d-ade2-4822-81ac-a6d8dc123679', '27aafc8a-4b0a-44ba-96a6-07f78ae2a6f6');
INSERT INTO option_choice (option_id, choice_id) VALUES ('4431f860-831f-4fdf-9dbb-76fbdb1006a1', '27aafc8a-4b0a-44ba-96a6-07f78ae2a6f6');
INSERT INTO option_choice (option_id, choice_id) VALUES ('cd3191da-899e-4773-b914-291725c8c108', '27aafc8a-4b0a-44ba-96a6-07f78ae2a6f6');
INSERT INTO choice (id, questionnaire_id, interviewee_id) VALUES ('5cae5cc8-08c7-4ae9-a5e0-6a04aa375dd4', '4a4f7cbc-8533-42b3-923b-6b4309f53c64', '4a5984b2-135d-4b54-9786-54eb2d527e6e');
INSERT INTO option_choice (option_id, choice_id) VALUES ('4afeb111-4ddc-421c-ad31-de17e1e12b0c', '5cae5cc8-08c7-4ae9-a5e0-6a04aa375dd4');
INSERT INTO principal (username, password) VALUES ('interviewee547', 'qwerty');
INSERT INTO interviewee (id, username, age, gender, country, marital_status) VALUES ('dbcd1925-fe62-41f5-a4ef-411369f0e964', 'interviewee547', 33, 'male', 'TR', 'was_not_married');
INSERT INTO choice (id, questionnaire_id, interviewee_id) VALUES ('0870936e-a8fa-43ea-95a7-d7be4338a941', 'b6df4d49-3f70-4802-90cb-4ab89e24a427', 'dbcd1925-fe62-41f5-a4ef-411369f0e964');
INSERT INTO option_choice (option_id, choice_id) VALUES ('372d528a-d173-4ec8-bba6-b6d6ccea7303', '0870936e-a8fa-43ea-95a7-d7be4338a941');
INSERT INTO choice (id, questionnaire_id, interviewee_id) VALUES ('1884b177-ad4c-47ec-aa82-012af9d99e9f', '81a3f075-1324-4e67-90a5-493fe3324435', 'dbcd1925-fe62-41f5-a4ef-411369f0e964');
INSERT INTO option_choice (option_id, choice_id) VALUES ('a1737a4b-bfa2-4208-a103-ca4bea3afaaf', '1884b177-ad4c-47ec-aa82-012af9d99e9f');
INSERT INTO option_choice (option_id, choice_id) VALUES ('ab9020e3-a12b-46eb-97f0-79dcfaab7356', '1884b177-ad4c-47ec-aa82-012af9d99e9f');
INSERT INTO option_choice (option_id, choice_id) VALUES ('c0afeee2-6628-4404-bc41-32bc0a1505c5', '1884b177-ad4c-47ec-aa82-012af9d99e9f');
INSERT INTO option_choice (option_id, choice_id) VALUES ('c5035143-d5d2-4934-8b99-4e66507a8603', '1884b177-ad4c-47ec-aa82-012af9d99e9f');
INSERT INTO choice (id, questionnaire_id, interviewee_id) VALUES ('de18866c-cace-46dd-b744-4004a81c5fec', '8e156ed6-1a8b-4fe6-9a58-0f7cbdd6af32', 'dbcd1925-fe62-41f5-a4ef-411369f0e964');
INSERT INTO option_choice (option_id, choice_id) VALUES ('33a991d7-269a-4418-b89c-82e5467a34ad', 'de18866c-cace-46dd-b744-4004a81c5fec');
INSERT INTO principal (username, password) VALUES ('interviewee548', 'qwerty');
INSERT INTO interviewee (id, username, age, gender, country, marital_status) VALUES ('be8650b2-522f-493a-bedc-e7b1ede6a995', 'interviewee548', 33, 'female', 'NZ', 'was_not_married');
INSERT INTO choice (id, questionnaire_id, interviewee_id) VALUES ('c222303f-3593-4d18-b140-9129c994f1c7', 'b5c886d7-e86f-4083-958a-cbd232db7a84', 'be8650b2-522f-493a-bedc-e7b1ede6a995');
INSERT INTO option_choice (option_id, choice_id) VALUES ('b3fef8ac-34c1-4143-a4bd-73c39cbbac53', 'c222303f-3593-4d18-b140-9129c994f1c7');
INSERT INTO principal (username, password) VALUES ('interviewee549', 'qwerty');
INSERT INTO interviewee (id, username, age, gender, country, marital_status) VALUES ('28704e2e-df11-4543-89db-5a95c2f5539b', 'interviewee549', 36, 'male', 'LI', 'married');
INSERT INTO choice (id, questionnaire_id, interviewee_id) VALUES ('28476382-2129-47e4-bb5c-d216450da350', 'e20dbb22-091f-4137-8450-fdeaea74363f', '28704e2e-df11-4543-89db-5a95c2f5539b');
INSERT INTO option_choice (option_id, choice_id) VALUES ('ff3c7a97-70db-4404-b85b-274707745879', '28476382-2129-47e4-bb5c-d216450da350');
INSERT INTO option_choice (option_id, choice_id) VALUES ('946ecf06-2d9f-4fe5-b2b7-64c51a5fdf06', '28476382-2129-47e4-bb5c-d216450da350');
INSERT INTO option_choice (option_id, choice_id) VALUES ('49d1bc1f-0fd1-4dad-ab6d-b123ea13d33a', '28476382-2129-47e4-bb5c-d216450da350');
INSERT INTO principal (username, password) VALUES ('interviewee550', 'qwerty');
INSERT INTO interviewee (id, username, age, gender, country, marital_status) VALUES ('8174a737-1f94-404d-9ea5-bdc1e50d8d7c', 'interviewee550', 55, 'male', 'BR', 'married');
INSERT INTO choice (id, questionnaire_id, interviewee_id) VALUES ('9bfbcbbe-c075-4e50-9a96-00f52c0a32cc', 'c6dd214b-43b7-401f-afe6-a5ab0d2d7767', '8174a737-1f94-404d-9ea5-bdc1e50d8d7c');
INSERT INTO option_choice (option_id, choice_id) VALUES ('c134384c-5eda-4957-9883-b965681b9fef', '9bfbcbbe-c075-4e50-9a96-00f52c0a32cc');
INSERT INTO choice (id, questionnaire_id, interviewee_id) VALUES ('c4ea2c86-0c81-4731-8158-a1a70bffd8c9', '747d0763-c99f-47ce-809b-b378d489a158', '8174a737-1f94-404d-9ea5-bdc1e50d8d7c');
INSERT INTO option_choice (option_id, choice_id) VALUES ('2095cf98-27de-4722-93f9-2c09ae6b4ed1', 'c4ea2c86-0c81-4731-8158-a1a70bffd8c9');
INSERT INTO principal (username, password) VALUES ('interviewee551', 'qwerty');
INSERT INTO interviewee (id, username, age, gender, country, marital_status) VALUES ('87443cb3-7a7f-4a73-b04b-3e60664cfe26', 'interviewee551', 69, 'female', 'BT', 'married');
INSERT INTO choice (id, questionnaire_id, interviewee_id) VALUES ('42eb0cce-9c68-4644-b368-301d7c60df32', '51436662-4eca-40ce-b552-b1c7486cf609', '87443cb3-7a7f-4a73-b04b-3e60664cfe26');
INSERT INTO option_choice (option_id, choice_id) VALUES ('259215cc-47cc-4165-befd-cf997b4aaf7e', '42eb0cce-9c68-4644-b368-301d7c60df32');
INSERT INTO choice (id, questionnaire_id, interviewee_id) VALUES ('d1acad00-a0c6-401e-83c5-16d9a3b104c8', 'e4d0ba66-5e11-433c-8243-4d890cceaf69', '87443cb3-7a7f-4a73-b04b-3e60664cfe26');
INSERT INTO option_choice (option_id, choice_id) VALUES ('7cfec70e-33b3-4c68-9c38-38cf292cd0f9', 'd1acad00-a0c6-401e-83c5-16d9a3b104c8');
INSERT INTO choice (id, questionnaire_id, interviewee_id) VALUES ('a717b034-4b21-440c-9f9e-64d28eae8204', '8e156ed6-1a8b-4fe6-9a58-0f7cbdd6af32', '87443cb3-7a7f-4a73-b04b-3e60664cfe26');
INSERT INTO option_choice (option_id, choice_id) VALUES ('7fae89aa-9ca6-4957-9ced-40423f6209b1', 'a717b034-4b21-440c-9f9e-64d28eae8204');
INSERT INTO principal (username, password) VALUES ('interviewee552', 'qwerty');
INSERT INTO interviewee (id, username, age, gender, country, marital_status) VALUES ('efc82804-1d0b-48fb-bb17-89f353cf3c45', 'interviewee552', 28, 'male', 'MQ', 'divorced');
INSERT INTO choice (id, questionnaire_id, interviewee_id) VALUES ('09a185f7-32e3-472c-95b7-7556281650ec', 'b5c886d7-e86f-4083-958a-cbd232db7a84', 'efc82804-1d0b-48fb-bb17-89f353cf3c45');
INSERT INTO option_choice (option_id, choice_id) VALUES ('9d7ea78f-0edc-43db-94d7-3d31213df760', '09a185f7-32e3-472c-95b7-7556281650ec');
INSERT INTO principal (username, password) VALUES ('interviewee553', 'qwerty');
INSERT INTO interviewee (id, username, age, gender, country, marital_status) VALUES ('a974e6c1-6a16-4cd0-975e-c522b3d54a6b', 'interviewee553', 28, 'female', 'HT', 'married');
INSERT INTO choice (id, questionnaire_id, interviewee_id) VALUES ('51a75037-8ff4-4509-ba45-cba89b04247b', 'e4d0ba66-5e11-433c-8243-4d890cceaf69', 'a974e6c1-6a16-4cd0-975e-c522b3d54a6b');
INSERT INTO option_choice (option_id, choice_id) VALUES ('7cfec70e-33b3-4c68-9c38-38cf292cd0f9', '51a75037-8ff4-4509-ba45-cba89b04247b');
INSERT INTO choice (id, questionnaire_id, interviewee_id) VALUES ('f6190c6c-305e-419d-b34d-975eda476278', 'e20dbb22-091f-4137-8450-fdeaea74363f', 'a974e6c1-6a16-4cd0-975e-c522b3d54a6b');
INSERT INTO option_choice (option_id, choice_id) VALUES ('ff3c7a97-70db-4404-b85b-274707745879', 'f6190c6c-305e-419d-b34d-975eda476278');
INSERT INTO principal (username, password) VALUES ('interviewee554', 'qwerty');
INSERT INTO interviewee (id, username, age, gender, country, marital_status) VALUES ('e7bd386e-584c-470c-bb1d-47278e9e63bb', 'interviewee554', 36, 'female', 'NC', 'divorced');
INSERT INTO choice (id, questionnaire_id, interviewee_id) VALUES ('6ad9bcc5-58b0-476d-a870-e1f307cd5298', '4a4f7cbc-8533-42b3-923b-6b4309f53c64', 'e7bd386e-584c-470c-bb1d-47278e9e63bb');
INSERT INTO option_choice (option_id, choice_id) VALUES ('655a67a1-3c81-4e22-99c2-2b849fa8c564', '6ad9bcc5-58b0-476d-a870-e1f307cd5298');
INSERT INTO choice (id, questionnaire_id, interviewee_id) VALUES ('b0dcb918-94e1-4c3b-a293-1dc14daacf92', 'b6df4d49-3f70-4802-90cb-4ab89e24a427', 'e7bd386e-584c-470c-bb1d-47278e9e63bb');
INSERT INTO option_choice (option_id, choice_id) VALUES ('97729629-c47a-4614-a618-d90dee3f5476', 'b0dcb918-94e1-4c3b-a293-1dc14daacf92');
INSERT INTO principal (username, password) VALUES ('interviewee555', 'qwerty');
INSERT INTO interviewee (id, username, age, gender, country, marital_status) VALUES ('d59a1a94-02d0-4545-ae72-3f41d671f6d3', 'interviewee555', 50, 'female', 'GP', 'was_not_married');
INSERT INTO choice (id, questionnaire_id, interviewee_id) VALUES ('44b081ce-520d-4593-bc73-8e99941e3376', '2519c51c-9863-4531-85ff-a7ddd5ea08b2', 'd59a1a94-02d0-4545-ae72-3f41d671f6d3');
INSERT INTO option_choice (option_id, choice_id) VALUES ('e532cc1b-83fa-4902-9bd1-0868c31241bb', '44b081ce-520d-4593-bc73-8e99941e3376');
INSERT INTO principal (username, password) VALUES ('interviewee556', 'qwerty');
INSERT INTO interviewee (id, username, age, gender, country, marital_status) VALUES ('fa8d91c8-1104-485c-a32a-8d3d45cca9bc', 'interviewee556', 20, 'male', 'HR', 'married');
INSERT INTO choice (id, questionnaire_id, interviewee_id) VALUES ('ab2a057e-9292-44bc-a302-ac3ce88e68cd', '5b0a67f5-cbf2-4fde-b526-fd512ff68e24', 'fa8d91c8-1104-485c-a32a-8d3d45cca9bc');
INSERT INTO option_choice (option_id, choice_id) VALUES ('9340e0ac-c863-4fcf-ac40-126be2d1bfa4', 'ab2a057e-9292-44bc-a302-ac3ce88e68cd');
INSERT INTO choice (id, questionnaire_id, interviewee_id) VALUES ('e76b8b77-6dfb-4de5-8006-fd33200f5c10', '48b4658e-bc90-4bd2-97bb-92484114dfea', 'fa8d91c8-1104-485c-a32a-8d3d45cca9bc');
INSERT INTO option_choice (option_id, choice_id) VALUES ('72884dca-8b91-4379-bf2e-f4dbfc8f13cd', 'e76b8b77-6dfb-4de5-8006-fd33200f5c10');
INSERT INTO principal (username, password) VALUES ('interviewee557', 'qwerty');
INSERT INTO interviewee (id, username, age, gender, country, marital_status) VALUES ('5c4c7397-4e9b-42d5-babc-55fa182a26d7', 'interviewee557', 68, 'male', 'CL', 'divorced');
INSERT INTO choice (id, questionnaire_id, interviewee_id) VALUES ('426d4d24-c1a1-42c6-b8dd-c13043dc9f44', '05e2761c-9435-4970-ad6d-245d7a696140', '5c4c7397-4e9b-42d5-babc-55fa182a26d7');
INSERT INTO option_choice (option_id, choice_id) VALUES ('ee58bf05-12ff-45e4-b7e9-d37a70181de4', '426d4d24-c1a1-42c6-b8dd-c13043dc9f44');
INSERT INTO option_choice (option_id, choice_id) VALUES ('26fa513d-ade2-4822-81ac-a6d8dc123679', '426d4d24-c1a1-42c6-b8dd-c13043dc9f44');
INSERT INTO option_choice (option_id, choice_id) VALUES ('cd3191da-899e-4773-b914-291725c8c108', '426d4d24-c1a1-42c6-b8dd-c13043dc9f44');
INSERT INTO option_choice (option_id, choice_id) VALUES ('4431f860-831f-4fdf-9dbb-76fbdb1006a1', '426d4d24-c1a1-42c6-b8dd-c13043dc9f44');
INSERT INTO choice (id, questionnaire_id, interviewee_id) VALUES ('af358c1b-0360-4bab-b1a0-eff30505f29d', '858287c2-e494-424b-a03f-6b0a55c2fce3', '5c4c7397-4e9b-42d5-babc-55fa182a26d7');
INSERT INTO option_choice (option_id, choice_id) VALUES ('a1e55f7c-aa45-466f-86bb-0d5e262ca0bc', 'af358c1b-0360-4bab-b1a0-eff30505f29d');
INSERT INTO option_choice (option_id, choice_id) VALUES ('59c8e6e3-5895-4f0b-ae9e-3bb455a5f6b2', 'af358c1b-0360-4bab-b1a0-eff30505f29d');
INSERT INTO principal (username, password) VALUES ('interviewee558', 'qwerty');
INSERT INTO interviewee (id, username, age, gender, country, marital_status) VALUES ('bd2b4367-878d-436d-9fca-0fed6b661752', 'interviewee558', 60, 'female', 'AQ', 'married');
INSERT INTO choice (id, questionnaire_id, interviewee_id) VALUES ('25eba534-9a55-4106-9369-94c6d5f2c547', 'b6df4d49-3f70-4802-90cb-4ab89e24a427', 'bd2b4367-878d-436d-9fca-0fed6b661752');
INSERT INTO option_choice (option_id, choice_id) VALUES ('97729629-c47a-4614-a618-d90dee3f5476', '25eba534-9a55-4106-9369-94c6d5f2c547');
INSERT INTO choice (id, questionnaire_id, interviewee_id) VALUES ('427ce84e-5716-4056-9f11-05ce6c21821a', '51436662-4eca-40ce-b552-b1c7486cf609', 'bd2b4367-878d-436d-9fca-0fed6b661752');
INSERT INTO option_choice (option_id, choice_id) VALUES ('259215cc-47cc-4165-befd-cf997b4aaf7e', '427ce84e-5716-4056-9f11-05ce6c21821a');
INSERT INTO principal (username, password) VALUES ('interviewee559', 'qwerty');
INSERT INTO interviewee (id, username, age, gender, country, marital_status) VALUES ('ef26efc4-0c3c-4464-afc0-c5a97a3589a5', 'interviewee559', 32, 'female', 'AW', 'divorced');
INSERT INTO choice (id, questionnaire_id, interviewee_id) VALUES ('97c8a10d-d46d-4c44-bacf-dbd9f1038945', '49c46fd6-2111-4ef5-8b91-9ee67132426d', 'ef26efc4-0c3c-4464-afc0-c5a97a3589a5');
INSERT INTO option_choice (option_id, choice_id) VALUES ('82dcd7e2-d76d-47ad-b352-0b1d6482c730', '97c8a10d-d46d-4c44-bacf-dbd9f1038945');
INSERT INTO choice (id, questionnaire_id, interviewee_id) VALUES ('71fffba6-ea01-4052-8f04-c2deedf6b1a9', '51436662-4eca-40ce-b552-b1c7486cf609', 'ef26efc4-0c3c-4464-afc0-c5a97a3589a5');
INSERT INTO option_choice (option_id, choice_id) VALUES ('259215cc-47cc-4165-befd-cf997b4aaf7e', '71fffba6-ea01-4052-8f04-c2deedf6b1a9');
INSERT INTO choice (id, questionnaire_id, interviewee_id) VALUES ('dc2988be-9253-421a-a122-b50a3cb96fb1', '407203dd-9657-46e6-975f-3be5d664dd2a', 'ef26efc4-0c3c-4464-afc0-c5a97a3589a5');
INSERT INTO option_choice (option_id, choice_id) VALUES ('ec3a75fb-52ee-48b8-a136-1c4ef02978e8', 'dc2988be-9253-421a-a122-b50a3cb96fb1');
INSERT INTO principal (username, password) VALUES ('interviewee560', 'qwerty');
INSERT INTO interviewee (id, username, age, gender, country, marital_status) VALUES ('c509cc62-5d12-43e0-a2da-d10d22630be7', 'interviewee560', 39, 'female', 'LT', 'was_not_married');
INSERT INTO choice (id, questionnaire_id, interviewee_id) VALUES ('6aba0123-f4a6-4d35-be8f-a4f61480ea7a', 'b6df4d49-3f70-4802-90cb-4ab89e24a427', 'c509cc62-5d12-43e0-a2da-d10d22630be7');
INSERT INTO option_choice (option_id, choice_id) VALUES ('77609489-aa8b-4a3f-960d-ae51ced640c1', '6aba0123-f4a6-4d35-be8f-a4f61480ea7a');
INSERT INTO principal (username, password) VALUES ('interviewee561', 'qwerty');
INSERT INTO interviewee (id, username, age, gender, country, marital_status) VALUES ('0ccac7c0-a742-453f-8cb1-7c952e6f8251', 'interviewee561', 63, 'male', 'HT', 'was_not_married');
INSERT INTO choice (id, questionnaire_id, interviewee_id) VALUES ('9abdddce-602e-4948-b568-d25b3aa3eb38', '8e156ed6-1a8b-4fe6-9a58-0f7cbdd6af32', '0ccac7c0-a742-453f-8cb1-7c952e6f8251');
INSERT INTO option_choice (option_id, choice_id) VALUES ('33a991d7-269a-4418-b89c-82e5467a34ad', '9abdddce-602e-4948-b568-d25b3aa3eb38');
INSERT INTO choice (id, questionnaire_id, interviewee_id) VALUES ('eb3b0822-c7aa-49ee-8944-12093fe208fd', '5b0a67f5-cbf2-4fde-b526-fd512ff68e24', '0ccac7c0-a742-453f-8cb1-7c952e6f8251');
INSERT INTO option_choice (option_id, choice_id) VALUES ('7dc1dfe8-a039-4c2a-a601-d1bc81a3e459', 'eb3b0822-c7aa-49ee-8944-12093fe208fd');
INSERT INTO choice (id, questionnaire_id, interviewee_id) VALUES ('2d744e41-8a0f-4a9f-9889-9eab2a6dea5c', '858287c2-e494-424b-a03f-6b0a55c2fce3', '0ccac7c0-a742-453f-8cb1-7c952e6f8251');
INSERT INTO option_choice (option_id, choice_id) VALUES ('59c8e6e3-5895-4f0b-ae9e-3bb455a5f6b2', '2d744e41-8a0f-4a9f-9889-9eab2a6dea5c');
INSERT INTO principal (username, password) VALUES ('interviewee562', 'qwerty');
INSERT INTO interviewee (id, username, age, gender, country, marital_status) VALUES ('5e618b00-f888-4b16-a7ac-e462947f14aa', 'interviewee562', 32, 'male', 'PT', 'was_not_married');
INSERT INTO choice (id, questionnaire_id, interviewee_id) VALUES ('3c689423-87de-40e5-963b-0173a4e67168', '858287c2-e494-424b-a03f-6b0a55c2fce3', '5e618b00-f888-4b16-a7ac-e462947f14aa');
INSERT INTO option_choice (option_id, choice_id) VALUES ('a7e89931-dbca-4a6f-bdbb-b42e57f2e7f2', '3c689423-87de-40e5-963b-0173a4e67168');
INSERT INTO choice (id, questionnaire_id, interviewee_id) VALUES ('df80851d-1f96-4139-a810-345005aefbdc', '5b0a67f5-cbf2-4fde-b526-fd512ff68e24', '5e618b00-f888-4b16-a7ac-e462947f14aa');
INSERT INTO option_choice (option_id, choice_id) VALUES ('771f0011-824c-4e77-8245-8f61e026b171', 'df80851d-1f96-4139-a810-345005aefbdc');
INSERT INTO principal (username, password) VALUES ('interviewee563', 'qwerty');
INSERT INTO interviewee (id, username, age, gender, country, marital_status) VALUES ('f517726a-c032-40a5-81e2-6dde3cd5ad9a', 'interviewee563', 56, 'female', 'VN', 'married');
INSERT INTO choice (id, questionnaire_id, interviewee_id) VALUES ('330cb41c-f714-47ab-9b93-f1578d8f3a23', 'aaacf497-4ae4-46e0-aa2e-27377271bafc', 'f517726a-c032-40a5-81e2-6dde3cd5ad9a');
INSERT INTO option_choice (option_id, choice_id) VALUES ('de1098e4-e0b7-4df4-890a-1958a8d5d465', '330cb41c-f714-47ab-9b93-f1578d8f3a23');
INSERT INTO principal (username, password) VALUES ('interviewee564', 'qwerty');
INSERT INTO interviewee (id, username, age, gender, country, marital_status) VALUES ('bd7c54a8-8998-4172-a05a-a8bc5f9f102d', 'interviewee564', 62, 'male', 'AO', 'married');
INSERT INTO choice (id, questionnaire_id, interviewee_id) VALUES ('f39b841d-aca8-47a9-b5c6-af6cc24a09a2', '81a3f075-1324-4e67-90a5-493fe3324435', 'bd7c54a8-8998-4172-a05a-a8bc5f9f102d');
INSERT INTO option_choice (option_id, choice_id) VALUES ('a0eef1f9-547a-4823-b7e0-bb52d6891f8f', 'f39b841d-aca8-47a9-b5c6-af6cc24a09a2');
INSERT INTO option_choice (option_id, choice_id) VALUES ('c0afeee2-6628-4404-bc41-32bc0a1505c5', 'f39b841d-aca8-47a9-b5c6-af6cc24a09a2');
INSERT INTO option_choice (option_id, choice_id) VALUES ('7b2bd172-1566-440a-81d8-f9b2fb43f8fc', 'f39b841d-aca8-47a9-b5c6-af6cc24a09a2');
INSERT INTO principal (username, password) VALUES ('interviewee565', 'qwerty');
INSERT INTO interviewee (id, username, age, gender, country, marital_status) VALUES ('2d06e06b-926d-4c65-a5b1-ab083f052343', 'interviewee565', 38, 'male', 'RO', 'divorced');
INSERT INTO choice (id, questionnaire_id, interviewee_id) VALUES ('abfa1002-8318-43a7-b082-d834a6ebcc0a', '173a3ab0-8485-4aa4-8787-a2a4414f992e', '2d06e06b-926d-4c65-a5b1-ab083f052343');
INSERT INTO option_choice (option_id, choice_id) VALUES ('f9a527bc-3f55-40db-b05e-d549f1801594', 'abfa1002-8318-43a7-b082-d834a6ebcc0a');
INSERT INTO option_choice (option_id, choice_id) VALUES ('ce62e0a7-1873-4aa1-a448-2fad3cc888ee', 'abfa1002-8318-43a7-b082-d834a6ebcc0a');
INSERT INTO option_choice (option_id, choice_id) VALUES ('a477d3c8-db0a-4572-a680-b96fd792dc75', 'abfa1002-8318-43a7-b082-d834a6ebcc0a');
INSERT INTO choice (id, questionnaire_id, interviewee_id) VALUES ('4321fce2-bc07-4d0f-860e-cf086c590e6e', '4a4f7cbc-8533-42b3-923b-6b4309f53c64', '2d06e06b-926d-4c65-a5b1-ab083f052343');
INSERT INTO option_choice (option_id, choice_id) VALUES ('9626a1a6-7214-4944-83a6-f582098c61a8', '4321fce2-bc07-4d0f-860e-cf086c590e6e');
INSERT INTO choice (id, questionnaire_id, interviewee_id) VALUES ('fb022bf0-5856-47e3-83cb-7edd8bc186a0', '8e156ed6-1a8b-4fe6-9a58-0f7cbdd6af32', '2d06e06b-926d-4c65-a5b1-ab083f052343');
INSERT INTO option_choice (option_id, choice_id) VALUES ('8fdd8f9f-7c9b-45e0-9ac8-45e46fe68791', 'fb022bf0-5856-47e3-83cb-7edd8bc186a0');
INSERT INTO principal (username, password) VALUES ('interviewee566', 'qwerty');
INSERT INTO interviewee (id, username, age, gender, country, marital_status) VALUES ('a0b6220e-9f95-4056-98c1-7176f3a47916', 'interviewee566', 69, 'female', 'MQ', 'was_not_married');
INSERT INTO choice (id, questionnaire_id, interviewee_id) VALUES ('47dc0664-d04b-4260-bccf-c8994cca339c', '08310229-5370-44f1-8071-5c56f92e3dc5', 'a0b6220e-9f95-4056-98c1-7176f3a47916');
INSERT INTO option_choice (option_id, choice_id) VALUES ('7197ba86-c78b-43c4-bd28-4635a7094531', '47dc0664-d04b-4260-bccf-c8994cca339c');
INSERT INTO principal (username, password) VALUES ('interviewee567', 'qwerty');
INSERT INTO interviewee (id, username, age, gender, country, marital_status) VALUES ('a9ad2c88-885b-4bb0-8e80-685673c59037', 'interviewee567', 70, 'female', 'LK', 'married');
INSERT INTO choice (id, questionnaire_id, interviewee_id) VALUES ('daa50cfd-8a7a-491d-a675-65d2fc15b446', '2519c51c-9863-4531-85ff-a7ddd5ea08b2', 'a9ad2c88-885b-4bb0-8e80-685673c59037');
INSERT INTO option_choice (option_id, choice_id) VALUES ('dffcbd6b-b37a-4468-8c01-26ae752e283e', 'daa50cfd-8a7a-491d-a675-65d2fc15b446');
INSERT INTO choice (id, questionnaire_id, interviewee_id) VALUES ('bc0e1aac-4e76-4433-a02d-f1a4e304230c', 'b5c886d7-e86f-4083-958a-cbd232db7a84', 'a9ad2c88-885b-4bb0-8e80-685673c59037');
INSERT INTO option_choice (option_id, choice_id) VALUES ('a446338d-133a-407b-9bd1-520fe1043ec3', 'bc0e1aac-4e76-4433-a02d-f1a4e304230c');
INSERT INTO principal (username, password) VALUES ('interviewee568', 'qwerty');
INSERT INTO interviewee (id, username, age, gender, country, marital_status) VALUES ('da2e6ae5-6557-411f-a051-ac33fe9cc2a2', 'interviewee568', 28, 'female', 'IN', 'divorced');
INSERT INTO choice (id, questionnaire_id, interviewee_id) VALUES ('42b565d7-c43c-488b-aa3f-fbcdfa421776', '51436662-4eca-40ce-b552-b1c7486cf609', 'da2e6ae5-6557-411f-a051-ac33fe9cc2a2');
INSERT INTO option_choice (option_id, choice_id) VALUES ('e4c4b240-61c9-4253-a93b-9a7768fbfe3f', '42b565d7-c43c-488b-aa3f-fbcdfa421776');
INSERT INTO choice (id, questionnaire_id, interviewee_id) VALUES ('39e4648c-b893-4030-8b03-e01d4a4debd6', '48b4658e-bc90-4bd2-97bb-92484114dfea', 'da2e6ae5-6557-411f-a051-ac33fe9cc2a2');
INSERT INTO option_choice (option_id, choice_id) VALUES ('db310764-efc3-46ab-9d86-9914e34aa6cd', '39e4648c-b893-4030-8b03-e01d4a4debd6');
INSERT INTO principal (username, password) VALUES ('interviewee569', 'qwerty');
INSERT INTO interviewee (id, username, age, gender, country, marital_status) VALUES ('8a5444c3-1287-4179-99e4-07c8c9d2ba0b', 'interviewee569', 24, 'female', 'JP', 'was_not_married');
INSERT INTO choice (id, questionnaire_id, interviewee_id) VALUES ('708d58e8-00ad-4d0e-a469-e6266de0268b', 'e20dbb22-091f-4137-8450-fdeaea74363f', '8a5444c3-1287-4179-99e4-07c8c9d2ba0b');
INSERT INTO option_choice (option_id, choice_id) VALUES ('ff3c7a97-70db-4404-b85b-274707745879', '708d58e8-00ad-4d0e-a469-e6266de0268b');
INSERT INTO option_choice (option_id, choice_id) VALUES ('4bd78eb1-72bb-47fa-8b7c-4cc826f39edd', '708d58e8-00ad-4d0e-a469-e6266de0268b');
INSERT INTO option_choice (option_id, choice_id) VALUES ('742176a0-b7c8-400a-a370-5871099954a4', '708d58e8-00ad-4d0e-a469-e6266de0268b');
INSERT INTO option_choice (option_id, choice_id) VALUES ('b09da84d-7533-40da-b486-a820b6b7c110', '708d58e8-00ad-4d0e-a469-e6266de0268b');
INSERT INTO option_choice (option_id, choice_id) VALUES ('a572f3cf-b3ba-491a-9687-6cee662749f1', '708d58e8-00ad-4d0e-a469-e6266de0268b');
INSERT INTO option_choice (option_id, choice_id) VALUES ('49d1bc1f-0fd1-4dad-ab6d-b123ea13d33a', '708d58e8-00ad-4d0e-a469-e6266de0268b');
INSERT INTO option_choice (option_id, choice_id) VALUES ('322bbc1b-4e8d-41ae-b4f2-3466891dc809', '708d58e8-00ad-4d0e-a469-e6266de0268b');
INSERT INTO option_choice (option_id, choice_id) VALUES ('946ecf06-2d9f-4fe5-b2b7-64c51a5fdf06', '708d58e8-00ad-4d0e-a469-e6266de0268b');
INSERT INTO choice (id, questionnaire_id, interviewee_id) VALUES ('e41c4966-18c4-49b5-a171-d3d5a6d9d3f9', '49c46fd6-2111-4ef5-8b91-9ee67132426d', '8a5444c3-1287-4179-99e4-07c8c9d2ba0b');
INSERT INTO option_choice (option_id, choice_id) VALUES ('0e4a5f7a-a4f3-45f1-8f7c-34efd574414b', 'e41c4966-18c4-49b5-a171-d3d5a6d9d3f9');
INSERT INTO choice (id, questionnaire_id, interviewee_id) VALUES ('b22ecaba-f4ff-492c-a7cc-fa2bbf0ae2ad', 'e4d0ba66-5e11-433c-8243-4d890cceaf69', '8a5444c3-1287-4179-99e4-07c8c9d2ba0b');
INSERT INTO option_choice (option_id, choice_id) VALUES ('7cfec70e-33b3-4c68-9c38-38cf292cd0f9', 'b22ecaba-f4ff-492c-a7cc-fa2bbf0ae2ad');
INSERT INTO option_choice (option_id, choice_id) VALUES ('cb637eae-3b8f-4d17-81fb-9b271857e55c', 'b22ecaba-f4ff-492c-a7cc-fa2bbf0ae2ad');
INSERT INTO principal (username, password) VALUES ('interviewee570', 'qwerty');
INSERT INTO interviewee (id, username, age, gender, country, marital_status) VALUES ('15ef726e-3d5a-4886-915d-5568ccf40070', 'interviewee570', 68, 'male', 'KE', 'divorced');
INSERT INTO choice (id, questionnaire_id, interviewee_id) VALUES ('0fe06120-3dc1-4df9-a6a9-bbc618141dc8', 'b5c886d7-e86f-4083-958a-cbd232db7a84', '15ef726e-3d5a-4886-915d-5568ccf40070');
INSERT INTO option_choice (option_id, choice_id) VALUES ('a446338d-133a-407b-9bd1-520fe1043ec3', '0fe06120-3dc1-4df9-a6a9-bbc618141dc8');
INSERT INTO choice (id, questionnaire_id, interviewee_id) VALUES ('75912f34-be37-48f0-b42e-5329a0c20e30', '747d0763-c99f-47ce-809b-b378d489a158', '15ef726e-3d5a-4886-915d-5568ccf40070');
INSERT INTO option_choice (option_id, choice_id) VALUES ('7cc0569f-f362-4ed1-9343-6ffd1369e812', '75912f34-be37-48f0-b42e-5329a0c20e30');
INSERT INTO principal (username, password) VALUES ('interviewee571', 'qwerty');
INSERT INTO interviewee (id, username, age, gender, country, marital_status) VALUES ('b9555cee-0c96-4a37-95ca-638cc0ce0865', 'interviewee571', 28, 'female', 'SM', 'was_not_married');
INSERT INTO choice (id, questionnaire_id, interviewee_id) VALUES ('9282a791-3aa0-4379-a5eb-9b70e3d5f27a', '49c46fd6-2111-4ef5-8b91-9ee67132426d', 'b9555cee-0c96-4a37-95ca-638cc0ce0865');
INSERT INTO option_choice (option_id, choice_id) VALUES ('210da814-c19f-4c77-ba7b-e598584d62e4', '9282a791-3aa0-4379-a5eb-9b70e3d5f27a');
INSERT INTO choice (id, questionnaire_id, interviewee_id) VALUES ('d014146c-1369-4456-b8ff-60f7dfc056f3', 'aaacf497-4ae4-46e0-aa2e-27377271bafc', 'b9555cee-0c96-4a37-95ca-638cc0ce0865');
INSERT INTO option_choice (option_id, choice_id) VALUES ('de1098e4-e0b7-4df4-890a-1958a8d5d465', 'd014146c-1369-4456-b8ff-60f7dfc056f3');
INSERT INTO principal (username, password) VALUES ('interviewee572', 'qwerty');
INSERT INTO interviewee (id, username, age, gender, country, marital_status) VALUES ('acd69c33-e8ae-4369-be2e-99906842a9af', 'interviewee572', 17, 'male', 'MW', 'was_not_married');
INSERT INTO choice (id, questionnaire_id, interviewee_id) VALUES ('2c1f0848-d51d-486f-8487-875a26fe4ce9', 'b5c886d7-e86f-4083-958a-cbd232db7a84', 'acd69c33-e8ae-4369-be2e-99906842a9af');
INSERT INTO option_choice (option_id, choice_id) VALUES ('bbe6d273-ce07-449f-a3eb-96165f0d7b7d', '2c1f0848-d51d-486f-8487-875a26fe4ce9');
INSERT INTO choice (id, questionnaire_id, interviewee_id) VALUES ('22283c3f-a532-48c9-a8c6-f1878c3fac45', '51436662-4eca-40ce-b552-b1c7486cf609', 'acd69c33-e8ae-4369-be2e-99906842a9af');
INSERT INTO option_choice (option_id, choice_id) VALUES ('e4c4b240-61c9-4253-a93b-9a7768fbfe3f', '22283c3f-a532-48c9-a8c6-f1878c3fac45');
INSERT INTO choice (id, questionnaire_id, interviewee_id) VALUES ('cce588b0-d1fb-45b5-8660-e1614b9d2c5f', '48b4658e-bc90-4bd2-97bb-92484114dfea', 'acd69c33-e8ae-4369-be2e-99906842a9af');
INSERT INTO option_choice (option_id, choice_id) VALUES ('5a5b3a6f-7875-401c-8d0b-e9c8b854b985', 'cce588b0-d1fb-45b5-8660-e1614b9d2c5f');
INSERT INTO principal (username, password) VALUES ('interviewee573', 'qwerty');
INSERT INTO interviewee (id, username, age, gender, country, marital_status) VALUES ('f4922dcb-4d8d-41d8-bd81-e5003a54846d', 'interviewee573', 42, 'female', 'MX', 'married');
INSERT INTO choice (id, questionnaire_id, interviewee_id) VALUES ('5a16d946-8f63-4003-9015-103ad7417365', '48b4658e-bc90-4bd2-97bb-92484114dfea', 'f4922dcb-4d8d-41d8-bd81-e5003a54846d');
INSERT INTO option_choice (option_id, choice_id) VALUES ('5a5b3a6f-7875-401c-8d0b-e9c8b854b985', '5a16d946-8f63-4003-9015-103ad7417365');
INSERT INTO principal (username, password) VALUES ('interviewee574', 'qwerty');
INSERT INTO interviewee (id, username, age, gender, country, marital_status) VALUES ('37c84633-a5e8-4a97-a4ba-7cd93ddbcdfe', 'interviewee574', 35, 'female', 'TT', 'married');
INSERT INTO choice (id, questionnaire_id, interviewee_id) VALUES ('3589c27a-d369-4a4b-9140-e98e8498b4a4', '05e2761c-9435-4970-ad6d-245d7a696140', '37c84633-a5e8-4a97-a4ba-7cd93ddbcdfe');
INSERT INTO option_choice (option_id, choice_id) VALUES ('cd3191da-899e-4773-b914-291725c8c108', '3589c27a-d369-4a4b-9140-e98e8498b4a4');
INSERT INTO principal (username, password) VALUES ('interviewee575', 'qwerty');
INSERT INTO interviewee (id, username, age, gender, country, marital_status) VALUES ('0bf05ef7-2e85-4b2c-8a60-dbc4e3757976', 'interviewee575', 47, 'female', 'LU', 'was_not_married');
INSERT INTO choice (id, questionnaire_id, interviewee_id) VALUES ('e4809e7b-6e7d-4649-afee-49708fd15009', '407203dd-9657-46e6-975f-3be5d664dd2a', '0bf05ef7-2e85-4b2c-8a60-dbc4e3757976');
INSERT INTO option_choice (option_id, choice_id) VALUES ('ba4c9312-3e73-4c11-bce9-7ba2e084dd49', 'e4809e7b-6e7d-4649-afee-49708fd15009');
INSERT INTO principal (username, password) VALUES ('interviewee576', 'qwerty');
INSERT INTO interviewee (id, username, age, gender, country, marital_status) VALUES ('292c4ca2-41e0-45f4-ab85-17cf06fced9e', 'interviewee576', 46, 'male', 'TL', 'married');
INSERT INTO choice (id, questionnaire_id, interviewee_id) VALUES ('18cc2ec0-53b5-4bad-bbac-c9a9f1981b20', '8e156ed6-1a8b-4fe6-9a58-0f7cbdd6af32', '292c4ca2-41e0-45f4-ab85-17cf06fced9e');
INSERT INTO option_choice (option_id, choice_id) VALUES ('33a991d7-269a-4418-b89c-82e5467a34ad', '18cc2ec0-53b5-4bad-bbac-c9a9f1981b20');
INSERT INTO choice (id, questionnaire_id, interviewee_id) VALUES ('3dc3199f-69dc-4737-b089-102465328353', 'e4d0ba66-5e11-433c-8243-4d890cceaf69', '292c4ca2-41e0-45f4-ab85-17cf06fced9e');
INSERT INTO option_choice (option_id, choice_id) VALUES ('7cfec70e-33b3-4c68-9c38-38cf292cd0f9', '3dc3199f-69dc-4737-b089-102465328353');
INSERT INTO option_choice (option_id, choice_id) VALUES ('cb637eae-3b8f-4d17-81fb-9b271857e55c', '3dc3199f-69dc-4737-b089-102465328353');
INSERT INTO principal (username, password) VALUES ('interviewee577', 'qwerty');
INSERT INTO interviewee (id, username, age, gender, country, marital_status) VALUES ('37ed4c6e-8269-4730-a17a-0f34b874d42a', 'interviewee577', 16, 'male', 'DO', 'married');
INSERT INTO choice (id, questionnaire_id, interviewee_id) VALUES ('90fda8d1-7c86-4b04-82c6-1f24f6ffcaeb', '8e156ed6-1a8b-4fe6-9a58-0f7cbdd6af32', '37ed4c6e-8269-4730-a17a-0f34b874d42a');
INSERT INTO option_choice (option_id, choice_id) VALUES ('0628ee4c-c0ee-4de7-be13-535fe01fb064', '90fda8d1-7c86-4b04-82c6-1f24f6ffcaeb');
INSERT INTO choice (id, questionnaire_id, interviewee_id) VALUES ('3a28541b-42fe-4408-b9f8-dfab817d176b', 'aaacf497-4ae4-46e0-aa2e-27377271bafc', '37ed4c6e-8269-4730-a17a-0f34b874d42a');
INSERT INTO option_choice (option_id, choice_id) VALUES ('070ce52d-21fd-4380-9c02-d25647a035a6', '3a28541b-42fe-4408-b9f8-dfab817d176b');
INSERT INTO principal (username, password) VALUES ('interviewee578', 'qwerty');
INSERT INTO interviewee (id, username, age, gender, country, marital_status) VALUES ('4e7e0e71-1186-4f3c-af08-1e5d3f9eb08a', 'interviewee578', 16, 'female', 'KZ', 'divorced');
INSERT INTO choice (id, questionnaire_id, interviewee_id) VALUES ('7e6e0f08-e95d-4330-a61b-b6ff413b5b14', '49c46fd6-2111-4ef5-8b91-9ee67132426d', '4e7e0e71-1186-4f3c-af08-1e5d3f9eb08a');
INSERT INTO option_choice (option_id, choice_id) VALUES ('82dcd7e2-d76d-47ad-b352-0b1d6482c730', '7e6e0f08-e95d-4330-a61b-b6ff413b5b14');
INSERT INTO principal (username, password) VALUES ('interviewee579', 'qwerty');
INSERT INTO interviewee (id, username, age, gender, country, marital_status) VALUES ('12a58fa0-7a18-4e7e-9916-a2ecde8df57c', 'interviewee579', 16, 'female', 'BA', 'divorced');
INSERT INTO choice (id, questionnaire_id, interviewee_id) VALUES ('b0940411-6b6b-4ff8-8654-c996fd996d84', '8e156ed6-1a8b-4fe6-9a58-0f7cbdd6af32', '12a58fa0-7a18-4e7e-9916-a2ecde8df57c');
INSERT INTO option_choice (option_id, choice_id) VALUES ('7fae89aa-9ca6-4957-9ced-40423f6209b1', 'b0940411-6b6b-4ff8-8654-c996fd996d84');
INSERT INTO choice (id, questionnaire_id, interviewee_id) VALUES ('60b937eb-d1d4-4482-ae25-287625a1cb75', '51436662-4eca-40ce-b552-b1c7486cf609', '12a58fa0-7a18-4e7e-9916-a2ecde8df57c');
INSERT INTO option_choice (option_id, choice_id) VALUES ('e4c4b240-61c9-4253-a93b-9a7768fbfe3f', '60b937eb-d1d4-4482-ae25-287625a1cb75');
INSERT INTO principal (username, password) VALUES ('interviewee580', 'qwerty');
INSERT INTO interviewee (id, username, age, gender, country, marital_status) VALUES ('b95b1972-b2a6-425a-8c43-e547d530bd21', 'interviewee580', 68, 'male', 'SV', 'was_not_married');
INSERT INTO choice (id, questionnaire_id, interviewee_id) VALUES ('d1ce9068-bfdf-4d0d-898b-5265ed23c5d6', '8e156ed6-1a8b-4fe6-9a58-0f7cbdd6af32', 'b95b1972-b2a6-425a-8c43-e547d530bd21');
INSERT INTO option_choice (option_id, choice_id) VALUES ('38f39cdf-6292-4c51-8660-f27ad61185bf', 'd1ce9068-bfdf-4d0d-898b-5265ed23c5d6');
INSERT INTO choice (id, questionnaire_id, interviewee_id) VALUES ('734c6be7-02ab-4601-8722-55dfa437dc2b', '407203dd-9657-46e6-975f-3be5d664dd2a', 'b95b1972-b2a6-425a-8c43-e547d530bd21');
INSERT INTO option_choice (option_id, choice_id) VALUES ('ec3a75fb-52ee-48b8-a136-1c4ef02978e8', '734c6be7-02ab-4601-8722-55dfa437dc2b');
INSERT INTO principal (username, password) VALUES ('interviewee581', 'qwerty');
INSERT INTO interviewee (id, username, age, gender, country, marital_status) VALUES ('1c2be122-3de3-4feb-9f70-c78279fcf70c', 'interviewee581', 29, 'male', 'ZW', 'divorced');
INSERT INTO choice (id, questionnaire_id, interviewee_id) VALUES ('89f84f9a-2023-4a86-945a-d1b665743be4', '2519c51c-9863-4531-85ff-a7ddd5ea08b2', '1c2be122-3de3-4feb-9f70-c78279fcf70c');
INSERT INTO option_choice (option_id, choice_id) VALUES ('b2ff87be-cdaa-4b83-bb9c-9946660ea8b8', '89f84f9a-2023-4a86-945a-d1b665743be4');
INSERT INTO principal (username, password) VALUES ('interviewee582', 'qwerty');
INSERT INTO interviewee (id, username, age, gender, country, marital_status) VALUES ('969984fd-03c8-4715-b7f3-bd86373feb1f', 'interviewee582', 66, 'female', 'GL', 'divorced');
INSERT INTO choice (id, questionnaire_id, interviewee_id) VALUES ('9658c5dd-355d-42de-8fb4-5f7077d95fc9', '4a4f7cbc-8533-42b3-923b-6b4309f53c64', '969984fd-03c8-4715-b7f3-bd86373feb1f');
INSERT INTO option_choice (option_id, choice_id) VALUES ('655a67a1-3c81-4e22-99c2-2b849fa8c564', '9658c5dd-355d-42de-8fb4-5f7077d95fc9');
INSERT INTO choice (id, questionnaire_id, interviewee_id) VALUES ('ba635735-a704-4f4e-878b-6a5dd9a85dbb', 'e20dbb22-091f-4137-8450-fdeaea74363f', '969984fd-03c8-4715-b7f3-bd86373feb1f');
INSERT INTO option_choice (option_id, choice_id) VALUES ('49d1bc1f-0fd1-4dad-ab6d-b123ea13d33a', 'ba635735-a704-4f4e-878b-6a5dd9a85dbb');
INSERT INTO option_choice (option_id, choice_id) VALUES ('742176a0-b7c8-400a-a370-5871099954a4', 'ba635735-a704-4f4e-878b-6a5dd9a85dbb');
INSERT INTO option_choice (option_id, choice_id) VALUES ('946ecf06-2d9f-4fe5-b2b7-64c51a5fdf06', 'ba635735-a704-4f4e-878b-6a5dd9a85dbb');
INSERT INTO option_choice (option_id, choice_id) VALUES ('a572f3cf-b3ba-491a-9687-6cee662749f1', 'ba635735-a704-4f4e-878b-6a5dd9a85dbb');
INSERT INTO option_choice (option_id, choice_id) VALUES ('ff3c7a97-70db-4404-b85b-274707745879', 'ba635735-a704-4f4e-878b-6a5dd9a85dbb');
INSERT INTO option_choice (option_id, choice_id) VALUES ('b09da84d-7533-40da-b486-a820b6b7c110', 'ba635735-a704-4f4e-878b-6a5dd9a85dbb');
INSERT INTO choice (id, questionnaire_id, interviewee_id) VALUES ('08f57a18-07fc-420e-b34d-434403f2fd8f', '8e156ed6-1a8b-4fe6-9a58-0f7cbdd6af32', '969984fd-03c8-4715-b7f3-bd86373feb1f');
INSERT INTO option_choice (option_id, choice_id) VALUES ('8fdd8f9f-7c9b-45e0-9ac8-45e46fe68791', '08f57a18-07fc-420e-b34d-434403f2fd8f');
INSERT INTO principal (username, password) VALUES ('interviewee583', 'qwerty');
INSERT INTO interviewee (id, username, age, gender, country, marital_status) VALUES ('ebfeb18d-d456-479e-9703-f4ecafb3014e', 'interviewee583', 26, 'female', 'AE', 'married');
INSERT INTO choice (id, questionnaire_id, interviewee_id) VALUES ('baa272c6-3389-4fb7-bc33-288cf03d7309', '858287c2-e494-424b-a03f-6b0a55c2fce3', 'ebfeb18d-d456-479e-9703-f4ecafb3014e');
INSERT INTO option_choice (option_id, choice_id) VALUES ('59c8e6e3-5895-4f0b-ae9e-3bb455a5f6b2', 'baa272c6-3389-4fb7-bc33-288cf03d7309');
INSERT INTO option_choice (option_id, choice_id) VALUES ('a7e89931-dbca-4a6f-bdbb-b42e57f2e7f2', 'baa272c6-3389-4fb7-bc33-288cf03d7309');
INSERT INTO option_choice (option_id, choice_id) VALUES ('a1e55f7c-aa45-466f-86bb-0d5e262ca0bc', 'baa272c6-3389-4fb7-bc33-288cf03d7309');
INSERT INTO principal (username, password) VALUES ('interviewee584', 'qwerty');
INSERT INTO interviewee (id, username, age, gender, country, marital_status) VALUES ('0b202aa8-5b7a-4c0c-b6b1-a2bb6320ad04', 'interviewee584', 44, 'female', 'SS', 'was_not_married');
INSERT INTO choice (id, questionnaire_id, interviewee_id) VALUES ('dd9fa15d-79ae-40ba-aed8-ebfa5106797f', '48b4658e-bc90-4bd2-97bb-92484114dfea', '0b202aa8-5b7a-4c0c-b6b1-a2bb6320ad04');
INSERT INTO option_choice (option_id, choice_id) VALUES ('5a5b3a6f-7875-401c-8d0b-e9c8b854b985', 'dd9fa15d-79ae-40ba-aed8-ebfa5106797f');
INSERT INTO choice (id, questionnaire_id, interviewee_id) VALUES ('24d2914e-1e16-400b-ab9f-764e57b1223b', '49c46fd6-2111-4ef5-8b91-9ee67132426d', '0b202aa8-5b7a-4c0c-b6b1-a2bb6320ad04');
INSERT INTO option_choice (option_id, choice_id) VALUES ('1edad7c9-bfa7-40be-bc47-62530b1df2c4', '24d2914e-1e16-400b-ab9f-764e57b1223b');
INSERT INTO choice (id, questionnaire_id, interviewee_id) VALUES ('fe9c9027-7469-47c1-a01f-daf27a645739', 'aaacf497-4ae4-46e0-aa2e-27377271bafc', '0b202aa8-5b7a-4c0c-b6b1-a2bb6320ad04');
INSERT INTO option_choice (option_id, choice_id) VALUES ('070ce52d-21fd-4380-9c02-d25647a035a6', 'fe9c9027-7469-47c1-a01f-daf27a645739');
INSERT INTO principal (username, password) VALUES ('interviewee585', 'qwerty');
INSERT INTO interviewee (id, username, age, gender, country, marital_status) VALUES ('abba89a1-8534-4885-8703-1892294f6f1a', 'interviewee585', 14, 'male', 'LK', 'divorced');
INSERT INTO choice (id, questionnaire_id, interviewee_id) VALUES ('d8aadcc6-b68b-465b-9b31-d0596de10b1e', '51436662-4eca-40ce-b552-b1c7486cf609', 'abba89a1-8534-4885-8703-1892294f6f1a');
INSERT INTO option_choice (option_id, choice_id) VALUES ('e4c4b240-61c9-4253-a93b-9a7768fbfe3f', 'd8aadcc6-b68b-465b-9b31-d0596de10b1e');
INSERT INTO choice (id, questionnaire_id, interviewee_id) VALUES ('3a9e8f47-852a-4e4d-a2e1-66598fd1f0fe', '08310229-5370-44f1-8071-5c56f92e3dc5', 'abba89a1-8534-4885-8703-1892294f6f1a');
INSERT INTO option_choice (option_id, choice_id) VALUES ('fc94d716-ca6a-45f3-8cbb-afd6a3ea72a3', '3a9e8f47-852a-4e4d-a2e1-66598fd1f0fe');
INSERT INTO choice (id, questionnaire_id, interviewee_id) VALUES ('b6a95242-ea4c-4656-9b09-98813c51bacb', '858287c2-e494-424b-a03f-6b0a55c2fce3', 'abba89a1-8534-4885-8703-1892294f6f1a');
INSERT INTO option_choice (option_id, choice_id) VALUES ('f2fd1a72-0ca7-41a6-ad15-7bc21a02fe73', 'b6a95242-ea4c-4656-9b09-98813c51bacb');
INSERT INTO option_choice (option_id, choice_id) VALUES ('a1e55f7c-aa45-466f-86bb-0d5e262ca0bc', 'b6a95242-ea4c-4656-9b09-98813c51bacb');
INSERT INTO option_choice (option_id, choice_id) VALUES ('a7e89931-dbca-4a6f-bdbb-b42e57f2e7f2', 'b6a95242-ea4c-4656-9b09-98813c51bacb');
INSERT INTO option_choice (option_id, choice_id) VALUES ('59c8e6e3-5895-4f0b-ae9e-3bb455a5f6b2', 'b6a95242-ea4c-4656-9b09-98813c51bacb');
INSERT INTO principal (username, password) VALUES ('interviewee586', 'qwerty');
INSERT INTO interviewee (id, username, age, gender, country, marital_status) VALUES ('6e8a57ec-e2ac-49d6-be35-ace1df8f8e29', 'interviewee586', 69, 'female', 'NP', 'was_not_married');
INSERT INTO choice (id, questionnaire_id, interviewee_id) VALUES ('9b5ff5b9-930d-4529-bf72-4415b8203dac', '51436662-4eca-40ce-b552-b1c7486cf609', '6e8a57ec-e2ac-49d6-be35-ace1df8f8e29');
INSERT INTO option_choice (option_id, choice_id) VALUES ('e4c4b240-61c9-4253-a93b-9a7768fbfe3f', '9b5ff5b9-930d-4529-bf72-4415b8203dac');
INSERT INTO choice (id, questionnaire_id, interviewee_id) VALUES ('d879389f-d93f-48c7-a5a8-2a6661ff35a1', '858287c2-e494-424b-a03f-6b0a55c2fce3', '6e8a57ec-e2ac-49d6-be35-ace1df8f8e29');
INSERT INTO option_choice (option_id, choice_id) VALUES ('a7e89931-dbca-4a6f-bdbb-b42e57f2e7f2', 'd879389f-d93f-48c7-a5a8-2a6661ff35a1');
INSERT INTO principal (username, password) VALUES ('interviewee587', 'qwerty');
INSERT INTO interviewee (id, username, age, gender, country, marital_status) VALUES ('6159695c-c616-4f0c-a326-92e88a409055', 'interviewee587', 37, 'female', 'PM', 'was_not_married');
INSERT INTO choice (id, questionnaire_id, interviewee_id) VALUES ('792c134c-4beb-4a07-8e4c-291a3f603165', '173a3ab0-8485-4aa4-8787-a2a4414f992e', '6159695c-c616-4f0c-a326-92e88a409055');
INSERT INTO option_choice (option_id, choice_id) VALUES ('bf89350f-11e0-4471-a3a1-95481edf5acd', '792c134c-4beb-4a07-8e4c-291a3f603165');
INSERT INTO option_choice (option_id, choice_id) VALUES ('ce62e0a7-1873-4aa1-a448-2fad3cc888ee', '792c134c-4beb-4a07-8e4c-291a3f603165');
INSERT INTO option_choice (option_id, choice_id) VALUES ('a477d3c8-db0a-4572-a680-b96fd792dc75', '792c134c-4beb-4a07-8e4c-291a3f603165');
INSERT INTO option_choice (option_id, choice_id) VALUES ('3f698183-af22-44ca-80c1-eb668697e9ea', '792c134c-4beb-4a07-8e4c-291a3f603165');
INSERT INTO option_choice (option_id, choice_id) VALUES ('e03fcb10-1308-44a4-9ce2-e4eaf10452c1', '792c134c-4beb-4a07-8e4c-291a3f603165');
INSERT INTO option_choice (option_id, choice_id) VALUES ('c453fc60-b896-4f66-8dbe-cc55bc42881e', '792c134c-4beb-4a07-8e4c-291a3f603165');
INSERT INTO option_choice (option_id, choice_id) VALUES ('3c8e0934-801c-4afd-98de-7aaf263889f6', '792c134c-4beb-4a07-8e4c-291a3f603165');
INSERT INTO principal (username, password) VALUES ('interviewee588', 'qwerty');
INSERT INTO interviewee (id, username, age, gender, country, marital_status) VALUES ('99daa59f-3de6-40fc-bf78-7ae540cfa35e', 'interviewee588', 29, 'male', 'QA', 'was_not_married');
INSERT INTO choice (id, questionnaire_id, interviewee_id) VALUES ('4430e5c8-7ef7-4987-879c-739cfc2ee108', 'aaacf497-4ae4-46e0-aa2e-27377271bafc', '99daa59f-3de6-40fc-bf78-7ae540cfa35e');
INSERT INTO option_choice (option_id, choice_id) VALUES ('d4aa64ba-49fd-4d00-9175-a646c1d6d559', '4430e5c8-7ef7-4987-879c-739cfc2ee108');
INSERT INTO choice (id, questionnaire_id, interviewee_id) VALUES ('b02d3baa-c0e4-4de9-9068-03078d55032f', 'c6dd214b-43b7-401f-afe6-a5ab0d2d7767', '99daa59f-3de6-40fc-bf78-7ae540cfa35e');
INSERT INTO option_choice (option_id, choice_id) VALUES ('9d2a2dd1-7979-48a6-a0b7-3de8fdea75b6', 'b02d3baa-c0e4-4de9-9068-03078d55032f');
INSERT INTO choice (id, questionnaire_id, interviewee_id) VALUES ('06f1440e-933b-435c-a952-cc3737bbc8cd', 'b5c886d7-e86f-4083-958a-cbd232db7a84', '99daa59f-3de6-40fc-bf78-7ae540cfa35e');
INSERT INTO option_choice (option_id, choice_id) VALUES ('e9ae0eb7-ed92-45ff-8ec1-bb688c3f1bfe', '06f1440e-933b-435c-a952-cc3737bbc8cd');
INSERT INTO principal (username, password) VALUES ('interviewee589', 'qwerty');
INSERT INTO interviewee (id, username, age, gender, country, marital_status) VALUES ('1c2f730f-cef9-4586-9229-3a27e527a093', 'interviewee589', 17, 'male', 'KR', 'divorced');
INSERT INTO choice (id, questionnaire_id, interviewee_id) VALUES ('f1c4c17e-41d9-4e63-96fb-e65f1a6891b2', '05e2761c-9435-4970-ad6d-245d7a696140', '1c2f730f-cef9-4586-9229-3a27e527a093');
INSERT INTO option_choice (option_id, choice_id) VALUES ('26fa513d-ade2-4822-81ac-a6d8dc123679', 'f1c4c17e-41d9-4e63-96fb-e65f1a6891b2');
INSERT INTO option_choice (option_id, choice_id) VALUES ('821d408d-9a3b-4716-a443-69cb45197037', 'f1c4c17e-41d9-4e63-96fb-e65f1a6891b2');
INSERT INTO choice (id, questionnaire_id, interviewee_id) VALUES ('e539fc75-3fb5-4fd4-88fe-3b08d8ba54d2', 'e20dbb22-091f-4137-8450-fdeaea74363f', '1c2f730f-cef9-4586-9229-3a27e527a093');
INSERT INTO option_choice (option_id, choice_id) VALUES ('a572f3cf-b3ba-491a-9687-6cee662749f1', 'e539fc75-3fb5-4fd4-88fe-3b08d8ba54d2');
INSERT INTO option_choice (option_id, choice_id) VALUES ('49d1bc1f-0fd1-4dad-ab6d-b123ea13d33a', 'e539fc75-3fb5-4fd4-88fe-3b08d8ba54d2');
INSERT INTO option_choice (option_id, choice_id) VALUES ('946ecf06-2d9f-4fe5-b2b7-64c51a5fdf06', 'e539fc75-3fb5-4fd4-88fe-3b08d8ba54d2');
INSERT INTO option_choice (option_id, choice_id) VALUES ('322bbc1b-4e8d-41ae-b4f2-3466891dc809', 'e539fc75-3fb5-4fd4-88fe-3b08d8ba54d2');
INSERT INTO option_choice (option_id, choice_id) VALUES ('b09da84d-7533-40da-b486-a820b6b7c110', 'e539fc75-3fb5-4fd4-88fe-3b08d8ba54d2');
INSERT INTO option_choice (option_id, choice_id) VALUES ('742176a0-b7c8-400a-a370-5871099954a4', 'e539fc75-3fb5-4fd4-88fe-3b08d8ba54d2');
INSERT INTO choice (id, questionnaire_id, interviewee_id) VALUES ('f23160df-06db-4e0a-abb3-07eeecc9ea2a', '8e156ed6-1a8b-4fe6-9a58-0f7cbdd6af32', '1c2f730f-cef9-4586-9229-3a27e527a093');
INSERT INTO option_choice (option_id, choice_id) VALUES ('8fdd8f9f-7c9b-45e0-9ac8-45e46fe68791', 'f23160df-06db-4e0a-abb3-07eeecc9ea2a');
INSERT INTO principal (username, password) VALUES ('interviewee590', 'qwerty');
INSERT INTO interviewee (id, username, age, gender, country, marital_status) VALUES ('e32b6b2d-45e8-45cd-88d6-5e101b201309', 'interviewee590', 17, 'male', 'MZ', 'married');
INSERT INTO choice (id, questionnaire_id, interviewee_id) VALUES ('ca60b51c-afa9-4afd-8825-f3fca1b9da52', 'e20dbb22-091f-4137-8450-fdeaea74363f', 'e32b6b2d-45e8-45cd-88d6-5e101b201309');
INSERT INTO option_choice (option_id, choice_id) VALUES ('946ecf06-2d9f-4fe5-b2b7-64c51a5fdf06', 'ca60b51c-afa9-4afd-8825-f3fca1b9da52');
INSERT INTO option_choice (option_id, choice_id) VALUES ('4bd78eb1-72bb-47fa-8b7c-4cc826f39edd', 'ca60b51c-afa9-4afd-8825-f3fca1b9da52');
INSERT INTO choice (id, questionnaire_id, interviewee_id) VALUES ('bd437a17-cd5b-476f-911e-8dc0b2a32582', '08310229-5370-44f1-8071-5c56f92e3dc5', 'e32b6b2d-45e8-45cd-88d6-5e101b201309');
INSERT INTO option_choice (option_id, choice_id) VALUES ('7197ba86-c78b-43c4-bd28-4635a7094531', 'bd437a17-cd5b-476f-911e-8dc0b2a32582');
INSERT INTO principal (username, password) VALUES ('interviewee591', 'qwerty');
INSERT INTO interviewee (id, username, age, gender, country, marital_status) VALUES ('f0063a05-2fbf-4fe8-945a-f5b4e375700f', 'interviewee591', 26, 'male', 'MH', 'divorced');
INSERT INTO choice (id, questionnaire_id, interviewee_id) VALUES ('07cd9c75-a992-40f7-a5d4-019b992e99ac', 'e20dbb22-091f-4137-8450-fdeaea74363f', 'f0063a05-2fbf-4fe8-945a-f5b4e375700f');
INSERT INTO option_choice (option_id, choice_id) VALUES ('4bd78eb1-72bb-47fa-8b7c-4cc826f39edd', '07cd9c75-a992-40f7-a5d4-019b992e99ac');
INSERT INTO option_choice (option_id, choice_id) VALUES ('946ecf06-2d9f-4fe5-b2b7-64c51a5fdf06', '07cd9c75-a992-40f7-a5d4-019b992e99ac');
INSERT INTO option_choice (option_id, choice_id) VALUES ('322bbc1b-4e8d-41ae-b4f2-3466891dc809', '07cd9c75-a992-40f7-a5d4-019b992e99ac');
INSERT INTO option_choice (option_id, choice_id) VALUES ('ff3c7a97-70db-4404-b85b-274707745879', '07cd9c75-a992-40f7-a5d4-019b992e99ac');
INSERT INTO option_choice (option_id, choice_id) VALUES ('742176a0-b7c8-400a-a370-5871099954a4', '07cd9c75-a992-40f7-a5d4-019b992e99ac');
INSERT INTO option_choice (option_id, choice_id) VALUES ('a572f3cf-b3ba-491a-9687-6cee662749f1', '07cd9c75-a992-40f7-a5d4-019b992e99ac');
INSERT INTO principal (username, password) VALUES ('interviewee592', 'qwerty');
INSERT INTO interviewee (id, username, age, gender, country, marital_status) VALUES ('04429c8f-78ee-4622-8734-e6049d39701e', 'interviewee592', 63, 'female', 'AD', 'married');
INSERT INTO choice (id, questionnaire_id, interviewee_id) VALUES ('92f7442b-55c3-42fd-8c28-4d34826134c8', '2519c51c-9863-4531-85ff-a7ddd5ea08b2', '04429c8f-78ee-4622-8734-e6049d39701e');
INSERT INTO option_choice (option_id, choice_id) VALUES ('b2ff87be-cdaa-4b83-bb9c-9946660ea8b8', '92f7442b-55c3-42fd-8c28-4d34826134c8');
INSERT INTO choice (id, questionnaire_id, interviewee_id) VALUES ('ea5ec3d4-6b60-4556-821b-94774071220f', 'e20dbb22-091f-4137-8450-fdeaea74363f', '04429c8f-78ee-4622-8734-e6049d39701e');
INSERT INTO option_choice (option_id, choice_id) VALUES ('322bbc1b-4e8d-41ae-b4f2-3466891dc809', 'ea5ec3d4-6b60-4556-821b-94774071220f');
INSERT INTO option_choice (option_id, choice_id) VALUES ('4bd78eb1-72bb-47fa-8b7c-4cc826f39edd', 'ea5ec3d4-6b60-4556-821b-94774071220f');
INSERT INTO option_choice (option_id, choice_id) VALUES ('b09da84d-7533-40da-b486-a820b6b7c110', 'ea5ec3d4-6b60-4556-821b-94774071220f');
INSERT INTO choice (id, questionnaire_id, interviewee_id) VALUES ('344e277e-5e57-4fe9-b1de-fa30f93e6243', '5b0a67f5-cbf2-4fde-b526-fd512ff68e24', '04429c8f-78ee-4622-8734-e6049d39701e');
INSERT INTO option_choice (option_id, choice_id) VALUES ('ce5bf814-daca-4ca0-825d-8408f4fe06ed', '344e277e-5e57-4fe9-b1de-fa30f93e6243');
INSERT INTO principal (username, password) VALUES ('interviewee593', 'qwerty');
INSERT INTO interviewee (id, username, age, gender, country, marital_status) VALUES ('581a2a4f-e739-4174-aff9-9bed2f7b97ce', 'interviewee593', 56, 'female', 'BD', 'was_not_married');
INSERT INTO choice (id, questionnaire_id, interviewee_id) VALUES ('6580552f-5b62-41d1-a913-2fd86992a9ea', '407203dd-9657-46e6-975f-3be5d664dd2a', '581a2a4f-e739-4174-aff9-9bed2f7b97ce');
INSERT INTO option_choice (option_id, choice_id) VALUES ('4285dd4d-8381-423b-8700-37e491ae1336', '6580552f-5b62-41d1-a913-2fd86992a9ea');
INSERT INTO choice (id, questionnaire_id, interviewee_id) VALUES ('96ab96f5-2e4f-45cb-82d5-26e3da9233da', '49c46fd6-2111-4ef5-8b91-9ee67132426d', '581a2a4f-e739-4174-aff9-9bed2f7b97ce');
INSERT INTO option_choice (option_id, choice_id) VALUES ('9324aa44-2cdd-4334-9eee-ab97e62258df', '96ab96f5-2e4f-45cb-82d5-26e3da9233da');
INSERT INTO choice (id, questionnaire_id, interviewee_id) VALUES ('ea7877a0-e953-439f-83e0-77e68dcd0bd3', 'b5c886d7-e86f-4083-958a-cbd232db7a84', '581a2a4f-e739-4174-aff9-9bed2f7b97ce');
INSERT INTO option_choice (option_id, choice_id) VALUES ('b3fef8ac-34c1-4143-a4bd-73c39cbbac53', 'ea7877a0-e953-439f-83e0-77e68dcd0bd3');
INSERT INTO principal (username, password) VALUES ('interviewee594', 'qwerty');
INSERT INTO interviewee (id, username, age, gender, country, marital_status) VALUES ('f37023fd-0e1d-4880-9197-41c32018a0ad', 'interviewee594', 24, 'female', 'NG', 'was_not_married');
INSERT INTO choice (id, questionnaire_id, interviewee_id) VALUES ('5c01ef69-5030-45d8-9a51-560b67e4568b', 'c6dd214b-43b7-401f-afe6-a5ab0d2d7767', 'f37023fd-0e1d-4880-9197-41c32018a0ad');
INSERT INTO option_choice (option_id, choice_id) VALUES ('c134384c-5eda-4957-9883-b965681b9fef', '5c01ef69-5030-45d8-9a51-560b67e4568b');
INSERT INTO option_choice (option_id, choice_id) VALUES ('069a6758-231c-4064-8e44-a0db84e86a21', '5c01ef69-5030-45d8-9a51-560b67e4568b');
INSERT INTO option_choice (option_id, choice_id) VALUES ('17ceef0b-83da-42ec-a82c-9090a9be74af', '5c01ef69-5030-45d8-9a51-560b67e4568b');
INSERT INTO choice (id, questionnaire_id, interviewee_id) VALUES ('c6029274-24bb-4b96-b824-e86e0eb715ae', '8e156ed6-1a8b-4fe6-9a58-0f7cbdd6af32', 'f37023fd-0e1d-4880-9197-41c32018a0ad');
INSERT INTO option_choice (option_id, choice_id) VALUES ('f6bf8b45-f0b9-47e2-b46b-2edc8b8541ed', 'c6029274-24bb-4b96-b824-e86e0eb715ae');
INSERT INTO principal (username, password) VALUES ('interviewee595', 'qwerty');
INSERT INTO interviewee (id, username, age, gender, country, marital_status) VALUES ('8ebc0bc7-6ac3-49fe-8fff-b642345b7f3d', 'interviewee595', 41, 'male', 'MU', 'married');
INSERT INTO choice (id, questionnaire_id, interviewee_id) VALUES ('828cbc51-016e-4c4d-bb46-49b510013ac7', '51436662-4eca-40ce-b552-b1c7486cf609', '8ebc0bc7-6ac3-49fe-8fff-b642345b7f3d');
INSERT INTO option_choice (option_id, choice_id) VALUES ('e4c4b240-61c9-4253-a93b-9a7768fbfe3f', '828cbc51-016e-4c4d-bb46-49b510013ac7');
INSERT INTO choice (id, questionnaire_id, interviewee_id) VALUES ('5305dfa8-5f99-4b92-97d7-5aa4d1c991b9', '747d0763-c99f-47ce-809b-b378d489a158', '8ebc0bc7-6ac3-49fe-8fff-b642345b7f3d');
INSERT INTO option_choice (option_id, choice_id) VALUES ('7cc0569f-f362-4ed1-9343-6ffd1369e812', '5305dfa8-5f99-4b92-97d7-5aa4d1c991b9');
INSERT INTO principal (username, password) VALUES ('interviewee596', 'qwerty');
INSERT INTO interviewee (id, username, age, gender, country, marital_status) VALUES ('427ccce8-87a6-4ec4-830a-8fdbe4ee577d', 'interviewee596', 26, 'male', 'FO', 'divorced');
INSERT INTO choice (id, questionnaire_id, interviewee_id) VALUES ('573121f8-ba4a-4b98-808e-c39d103e3239', '5b0a67f5-cbf2-4fde-b526-fd512ff68e24', '427ccce8-87a6-4ec4-830a-8fdbe4ee577d');
INSERT INTO option_choice (option_id, choice_id) VALUES ('7dc1dfe8-a039-4c2a-a601-d1bc81a3e459', '573121f8-ba4a-4b98-808e-c39d103e3239');
INSERT INTO principal (username, password) VALUES ('interviewee597', 'qwerty');
INSERT INTO interviewee (id, username, age, gender, country, marital_status) VALUES ('d6bfa8ac-8c21-4891-bed8-aeeca21a1726', 'interviewee597', 28, 'female', 'VG', 'divorced');
INSERT INTO choice (id, questionnaire_id, interviewee_id) VALUES ('35f41a86-fe48-4dfb-b063-cdc68ea75b79', 'e20dbb22-091f-4137-8450-fdeaea74363f', 'd6bfa8ac-8c21-4891-bed8-aeeca21a1726');
INSERT INTO option_choice (option_id, choice_id) VALUES ('ff3c7a97-70db-4404-b85b-274707745879', '35f41a86-fe48-4dfb-b063-cdc68ea75b79');
INSERT INTO option_choice (option_id, choice_id) VALUES ('946ecf06-2d9f-4fe5-b2b7-64c51a5fdf06', '35f41a86-fe48-4dfb-b063-cdc68ea75b79');
INSERT INTO option_choice (option_id, choice_id) VALUES ('4bd78eb1-72bb-47fa-8b7c-4cc826f39edd', '35f41a86-fe48-4dfb-b063-cdc68ea75b79');
INSERT INTO option_choice (option_id, choice_id) VALUES ('49d1bc1f-0fd1-4dad-ab6d-b123ea13d33a', '35f41a86-fe48-4dfb-b063-cdc68ea75b79');
INSERT INTO option_choice (option_id, choice_id) VALUES ('742176a0-b7c8-400a-a370-5871099954a4', '35f41a86-fe48-4dfb-b063-cdc68ea75b79');
INSERT INTO choice (id, questionnaire_id, interviewee_id) VALUES ('8cb94cc8-4d87-417d-a349-ebeff60be550', '407203dd-9657-46e6-975f-3be5d664dd2a', 'd6bfa8ac-8c21-4891-bed8-aeeca21a1726');
INSERT INTO option_choice (option_id, choice_id) VALUES ('048db851-6d32-476c-9654-e8b6208eabda', '8cb94cc8-4d87-417d-a349-ebeff60be550');
INSERT INTO choice (id, questionnaire_id, interviewee_id) VALUES ('1ecc0441-8767-4e7f-8586-5f3a32f4396d', '81a3f075-1324-4e67-90a5-493fe3324435', 'd6bfa8ac-8c21-4891-bed8-aeeca21a1726');
INSERT INTO option_choice (option_id, choice_id) VALUES ('a1737a4b-bfa2-4208-a103-ca4bea3afaaf', '1ecc0441-8767-4e7f-8586-5f3a32f4396d');
INSERT INTO option_choice (option_id, choice_id) VALUES ('c0afeee2-6628-4404-bc41-32bc0a1505c5', '1ecc0441-8767-4e7f-8586-5f3a32f4396d');
INSERT INTO principal (username, password) VALUES ('interviewee598', 'qwerty');
INSERT INTO interviewee (id, username, age, gender, country, marital_status) VALUES ('8a1029d8-f884-437d-ac3c-f8563da6cecb', 'interviewee598', 62, 'male', 'BT', 'was_not_married');
INSERT INTO choice (id, questionnaire_id, interviewee_id) VALUES ('ad586d40-6b70-4d2f-aca0-4d0b203239b4', '8e156ed6-1a8b-4fe6-9a58-0f7cbdd6af32', '8a1029d8-f884-437d-ac3c-f8563da6cecb');
INSERT INTO option_choice (option_id, choice_id) VALUES ('0628ee4c-c0ee-4de7-be13-535fe01fb064', 'ad586d40-6b70-4d2f-aca0-4d0b203239b4');
INSERT INTO choice (id, questionnaire_id, interviewee_id) VALUES ('7aeb5d79-6c24-4d3a-acb4-2246487ce0cf', '407203dd-9657-46e6-975f-3be5d664dd2a', '8a1029d8-f884-437d-ac3c-f8563da6cecb');
INSERT INTO option_choice (option_id, choice_id) VALUES ('3c882d4f-dfe1-416d-adc7-e8b41816b82e', '7aeb5d79-6c24-4d3a-acb4-2246487ce0cf');
INSERT INTO principal (username, password) VALUES ('interviewee599', 'qwerty');
INSERT INTO interviewee (id, username, age, gender, country, marital_status) VALUES ('ac2bd318-5575-468b-8bae-7d73f629b351', 'interviewee599', 27, 'male', 'ST', 'was_not_married');
INSERT INTO choice (id, questionnaire_id, interviewee_id) VALUES ('73a712ef-c99d-4a69-aec1-60e73f39fb44', 'b6df4d49-3f70-4802-90cb-4ab89e24a427', 'ac2bd318-5575-468b-8bae-7d73f629b351');
INSERT INTO option_choice (option_id, choice_id) VALUES ('e6e95e42-0740-4517-bc42-3de8cd9b1be2', '73a712ef-c99d-4a69-aec1-60e73f39fb44');
INSERT INTO choice (id, questionnaire_id, interviewee_id) VALUES ('0385e9d0-d324-4d60-9893-e8ae907b8c9e', '08310229-5370-44f1-8071-5c56f92e3dc5', 'ac2bd318-5575-468b-8bae-7d73f629b351');
INSERT INTO option_choice (option_id, choice_id) VALUES ('996311da-bd48-491d-b381-d19b001465c4', '0385e9d0-d324-4d60-9893-e8ae907b8c9e');
INSERT INTO principal (username, password) VALUES ('interviewee600', 'qwerty');
INSERT INTO interviewee (id, username, age, gender, country, marital_status) VALUES ('d5196f09-556b-4db2-bbd1-71e39d7e02a6', 'interviewee600', 35, 'female', 'MM', 'divorced');
INSERT INTO choice (id, questionnaire_id, interviewee_id) VALUES ('2f29dd8d-4339-4956-ab61-8cdf75dd5a9a', '51436662-4eca-40ce-b552-b1c7486cf609', 'd5196f09-556b-4db2-bbd1-71e39d7e02a6');
INSERT INTO option_choice (option_id, choice_id) VALUES ('e4c4b240-61c9-4253-a93b-9a7768fbfe3f', '2f29dd8d-4339-4956-ab61-8cdf75dd5a9a');
INSERT INTO principal (username, password) VALUES ('interviewee601', 'qwerty');
INSERT INTO interviewee (id, username, age, gender, country, marital_status) VALUES ('690512d7-e1f7-42f9-a12c-5d81a1e0d397', 'interviewee601', 39, 'male', 'AE', 'was_not_married');
INSERT INTO choice (id, questionnaire_id, interviewee_id) VALUES ('ae0dd266-229f-4d9b-b211-317a9f70c6fe', '81a3f075-1324-4e67-90a5-493fe3324435', '690512d7-e1f7-42f9-a12c-5d81a1e0d397');
INSERT INTO option_choice (option_id, choice_id) VALUES ('ab9020e3-a12b-46eb-97f0-79dcfaab7356', 'ae0dd266-229f-4d9b-b211-317a9f70c6fe');
INSERT INTO option_choice (option_id, choice_id) VALUES ('a1737a4b-bfa2-4208-a103-ca4bea3afaaf', 'ae0dd266-229f-4d9b-b211-317a9f70c6fe');
INSERT INTO option_choice (option_id, choice_id) VALUES ('a0eef1f9-547a-4823-b7e0-bb52d6891f8f', 'ae0dd266-229f-4d9b-b211-317a9f70c6fe');
INSERT INTO option_choice (option_id, choice_id) VALUES ('c0afeee2-6628-4404-bc41-32bc0a1505c5', 'ae0dd266-229f-4d9b-b211-317a9f70c6fe');
INSERT INTO choice (id, questionnaire_id, interviewee_id) VALUES ('e205fb6d-52f6-4cff-bdf4-c1fa57e2483d', 'b6df4d49-3f70-4802-90cb-4ab89e24a427', '690512d7-e1f7-42f9-a12c-5d81a1e0d397');
INSERT INTO option_choice (option_id, choice_id) VALUES ('6168252e-0547-486b-8613-2eec6678d5a2', 'e205fb6d-52f6-4cff-bdf4-c1fa57e2483d');
INSERT INTO principal (username, password) VALUES ('interviewee602', 'qwerty');
INSERT INTO interviewee (id, username, age, gender, country, marital_status) VALUES ('d69cd0e0-ce8e-406e-a4ad-b30ca7d5ec71', 'interviewee602', 45, 'female', 'VU', 'married');
INSERT INTO choice (id, questionnaire_id, interviewee_id) VALUES ('ff96554e-eba5-4abd-8587-299e9fe8736a', '173a3ab0-8485-4aa4-8787-a2a4414f992e', 'd69cd0e0-ce8e-406e-a4ad-b30ca7d5ec71');
INSERT INTO option_choice (option_id, choice_id) VALUES ('ce62e0a7-1873-4aa1-a448-2fad3cc888ee', 'ff96554e-eba5-4abd-8587-299e9fe8736a');
INSERT INTO option_choice (option_id, choice_id) VALUES ('f9a527bc-3f55-40db-b05e-d549f1801594', 'ff96554e-eba5-4abd-8587-299e9fe8736a');
INSERT INTO option_choice (option_id, choice_id) VALUES ('c453fc60-b896-4f66-8dbe-cc55bc42881e', 'ff96554e-eba5-4abd-8587-299e9fe8736a');
INSERT INTO option_choice (option_id, choice_id) VALUES ('a477d3c8-db0a-4572-a680-b96fd792dc75', 'ff96554e-eba5-4abd-8587-299e9fe8736a');
INSERT INTO option_choice (option_id, choice_id) VALUES ('3f698183-af22-44ca-80c1-eb668697e9ea', 'ff96554e-eba5-4abd-8587-299e9fe8736a');
INSERT INTO option_choice (option_id, choice_id) VALUES ('bf89350f-11e0-4471-a3a1-95481edf5acd', 'ff96554e-eba5-4abd-8587-299e9fe8736a');
INSERT INTO option_choice (option_id, choice_id) VALUES ('e03fcb10-1308-44a4-9ce2-e4eaf10452c1', 'ff96554e-eba5-4abd-8587-299e9fe8736a');
INSERT INTO option_choice (option_id, choice_id) VALUES ('3c8e0934-801c-4afd-98de-7aaf263889f6', 'ff96554e-eba5-4abd-8587-299e9fe8736a');
INSERT INTO principal (username, password) VALUES ('interviewee603', 'qwerty');
INSERT INTO interviewee (id, username, age, gender, country, marital_status) VALUES ('92db3db5-9de5-4751-aa3f-f99f053b80fb', 'interviewee603', 67, 'male', 'SX', 'was_not_married');
INSERT INTO choice (id, questionnaire_id, interviewee_id) VALUES ('02e847c4-7835-448e-a705-f23f1ebe71a0', '858287c2-e494-424b-a03f-6b0a55c2fce3', '92db3db5-9de5-4751-aa3f-f99f053b80fb');
INSERT INTO option_choice (option_id, choice_id) VALUES ('a1e55f7c-aa45-466f-86bb-0d5e262ca0bc', '02e847c4-7835-448e-a705-f23f1ebe71a0');
INSERT INTO principal (username, password) VALUES ('interviewee604', 'qwerty');
INSERT INTO interviewee (id, username, age, gender, country, marital_status) VALUES ('1ca144b4-9f50-4fc4-be33-63f60ada45b2', 'interviewee604', 15, 'male', 'MV', 'was_not_married');
INSERT INTO choice (id, questionnaire_id, interviewee_id) VALUES ('b8ac4f15-ffd2-48da-a723-cf39b3e3dccd', '05e2761c-9435-4970-ad6d-245d7a696140', '1ca144b4-9f50-4fc4-be33-63f60ada45b2');
INSERT INTO option_choice (option_id, choice_id) VALUES ('ee58bf05-12ff-45e4-b7e9-d37a70181de4', 'b8ac4f15-ffd2-48da-a723-cf39b3e3dccd');
INSERT INTO option_choice (option_id, choice_id) VALUES ('cd3191da-899e-4773-b914-291725c8c108', 'b8ac4f15-ffd2-48da-a723-cf39b3e3dccd');
INSERT INTO option_choice (option_id, choice_id) VALUES ('4431f860-831f-4fdf-9dbb-76fbdb1006a1', 'b8ac4f15-ffd2-48da-a723-cf39b3e3dccd');
INSERT INTO option_choice (option_id, choice_id) VALUES ('26fa513d-ade2-4822-81ac-a6d8dc123679', 'b8ac4f15-ffd2-48da-a723-cf39b3e3dccd');
INSERT INTO option_choice (option_id, choice_id) VALUES ('821d408d-9a3b-4716-a443-69cb45197037', 'b8ac4f15-ffd2-48da-a723-cf39b3e3dccd');
INSERT INTO principal (username, password) VALUES ('interviewee605', 'qwerty');
INSERT INTO interviewee (id, username, age, gender, country, marital_status) VALUES ('aed91c4f-e572-4808-b0d0-0db103b39c54', 'interviewee605', 28, 'male', 'TV', 'married');
INSERT INTO choice (id, questionnaire_id, interviewee_id) VALUES ('6cd6c079-f90a-4766-a3b6-596d2c94188f', 'c6dd214b-43b7-401f-afe6-a5ab0d2d7767', 'aed91c4f-e572-4808-b0d0-0db103b39c54');
INSERT INTO option_choice (option_id, choice_id) VALUES ('c134384c-5eda-4957-9883-b965681b9fef', '6cd6c079-f90a-4766-a3b6-596d2c94188f');
INSERT INTO option_choice (option_id, choice_id) VALUES ('17ceef0b-83da-42ec-a82c-9090a9be74af', '6cd6c079-f90a-4766-a3b6-596d2c94188f');
INSERT INTO choice (id, questionnaire_id, interviewee_id) VALUES ('9d29613b-f7a0-4fd4-94d9-1f4f5340e43b', '05e2761c-9435-4970-ad6d-245d7a696140', 'aed91c4f-e572-4808-b0d0-0db103b39c54');
INSERT INTO option_choice (option_id, choice_id) VALUES ('4431f860-831f-4fdf-9dbb-76fbdb1006a1', '9d29613b-f7a0-4fd4-94d9-1f4f5340e43b');
INSERT INTO option_choice (option_id, choice_id) VALUES ('821d408d-9a3b-4716-a443-69cb45197037', '9d29613b-f7a0-4fd4-94d9-1f4f5340e43b');
INSERT INTO option_choice (option_id, choice_id) VALUES ('26fa513d-ade2-4822-81ac-a6d8dc123679', '9d29613b-f7a0-4fd4-94d9-1f4f5340e43b');
INSERT INTO choice (id, questionnaire_id, interviewee_id) VALUES ('43605732-4e8d-46df-8e78-c1ce0448aedb', 'b5c886d7-e86f-4083-958a-cbd232db7a84', 'aed91c4f-e572-4808-b0d0-0db103b39c54');
INSERT INTO option_choice (option_id, choice_id) VALUES ('bbe6d273-ce07-449f-a3eb-96165f0d7b7d', '43605732-4e8d-46df-8e78-c1ce0448aedb');
INSERT INTO principal (username, password) VALUES ('interviewee606', 'qwerty');
INSERT INTO interviewee (id, username, age, gender, country, marital_status) VALUES ('7326af79-b95e-4ee9-908b-162160fef672', 'interviewee606', 60, 'female', 'CR', 'was_not_married');
INSERT INTO choice (id, questionnaire_id, interviewee_id) VALUES ('eab1cf7d-e52f-4c7e-b32d-7dfdbfaa8503', '858287c2-e494-424b-a03f-6b0a55c2fce3', '7326af79-b95e-4ee9-908b-162160fef672');
INSERT INTO option_choice (option_id, choice_id) VALUES ('a1e55f7c-aa45-466f-86bb-0d5e262ca0bc', 'eab1cf7d-e52f-4c7e-b32d-7dfdbfaa8503');
INSERT INTO option_choice (option_id, choice_id) VALUES ('a7e89931-dbca-4a6f-bdbb-b42e57f2e7f2', 'eab1cf7d-e52f-4c7e-b32d-7dfdbfaa8503');
INSERT INTO choice (id, questionnaire_id, interviewee_id) VALUES ('56c0c0e1-175f-464f-b9ae-e4bb0ea4cc43', '51436662-4eca-40ce-b552-b1c7486cf609', '7326af79-b95e-4ee9-908b-162160fef672');
INSERT INTO option_choice (option_id, choice_id) VALUES ('e4c4b240-61c9-4253-a93b-9a7768fbfe3f', '56c0c0e1-175f-464f-b9ae-e4bb0ea4cc43');
INSERT INTO principal (username, password) VALUES ('interviewee607', 'qwerty');
INSERT INTO interviewee (id, username, age, gender, country, marital_status) VALUES ('2abb41ea-f690-4f34-bb6e-a7a0e7f68187', 'interviewee607', 38, 'female', 'AG', 'divorced');
INSERT INTO choice (id, questionnaire_id, interviewee_id) VALUES ('3c42893a-af20-44b7-b6bf-17cb37c7b68d', '05e2761c-9435-4970-ad6d-245d7a696140', '2abb41ea-f690-4f34-bb6e-a7a0e7f68187');
INSERT INTO option_choice (option_id, choice_id) VALUES ('821d408d-9a3b-4716-a443-69cb45197037', '3c42893a-af20-44b7-b6bf-17cb37c7b68d');
INSERT INTO option_choice (option_id, choice_id) VALUES ('ee58bf05-12ff-45e4-b7e9-d37a70181de4', '3c42893a-af20-44b7-b6bf-17cb37c7b68d');
INSERT INTO option_choice (option_id, choice_id) VALUES ('26fa513d-ade2-4822-81ac-a6d8dc123679', '3c42893a-af20-44b7-b6bf-17cb37c7b68d');
INSERT INTO option_choice (option_id, choice_id) VALUES ('cd3191da-899e-4773-b914-291725c8c108', '3c42893a-af20-44b7-b6bf-17cb37c7b68d');
INSERT INTO principal (username, password) VALUES ('interviewee608', 'qwerty');
INSERT INTO interviewee (id, username, age, gender, country, marital_status) VALUES ('019ac0e7-b87b-4e92-80ff-37ffb4e18b80', 'interviewee608', 20, 'male', 'PN', 'divorced');
INSERT INTO choice (id, questionnaire_id, interviewee_id) VALUES ('d9298021-0676-4795-b7ea-7a39090d1e84', '05e2761c-9435-4970-ad6d-245d7a696140', '019ac0e7-b87b-4e92-80ff-37ffb4e18b80');
INSERT INTO option_choice (option_id, choice_id) VALUES ('ee58bf05-12ff-45e4-b7e9-d37a70181de4', 'd9298021-0676-4795-b7ea-7a39090d1e84');
INSERT INTO option_choice (option_id, choice_id) VALUES ('821d408d-9a3b-4716-a443-69cb45197037', 'd9298021-0676-4795-b7ea-7a39090d1e84');
INSERT INTO option_choice (option_id, choice_id) VALUES ('4431f860-831f-4fdf-9dbb-76fbdb1006a1', 'd9298021-0676-4795-b7ea-7a39090d1e84');
INSERT INTO principal (username, password) VALUES ('interviewee609', 'qwerty');
INSERT INTO interviewee (id, username, age, gender, country, marital_status) VALUES ('04b0a4e7-2f8a-4e8f-9e2e-c0478ddb3099', 'interviewee609', 14, 'female', 'PK', 'married');
INSERT INTO choice (id, questionnaire_id, interviewee_id) VALUES ('5f012eef-66f9-480f-99a5-9d15fbf09ef1', 'c6dd214b-43b7-401f-afe6-a5ab0d2d7767', '04b0a4e7-2f8a-4e8f-9e2e-c0478ddb3099');
INSERT INTO option_choice (option_id, choice_id) VALUES ('17ceef0b-83da-42ec-a82c-9090a9be74af', '5f012eef-66f9-480f-99a5-9d15fbf09ef1');
INSERT INTO option_choice (option_id, choice_id) VALUES ('9d2a2dd1-7979-48a6-a0b7-3de8fdea75b6', '5f012eef-66f9-480f-99a5-9d15fbf09ef1');
INSERT INTO option_choice (option_id, choice_id) VALUES ('c134384c-5eda-4957-9883-b965681b9fef', '5f012eef-66f9-480f-99a5-9d15fbf09ef1');
INSERT INTO principal (username, password) VALUES ('interviewee610', 'qwerty');
INSERT INTO interviewee (id, username, age, gender, country, marital_status) VALUES ('ecf2b132-98f2-4a1f-a0eb-d5c60e87921c', 'interviewee610', 23, 'female', 'LB', 'married');
INSERT INTO choice (id, questionnaire_id, interviewee_id) VALUES ('3dbb02ff-94b2-48ae-b9aa-c0a14190f3a2', '747d0763-c99f-47ce-809b-b378d489a158', 'ecf2b132-98f2-4a1f-a0eb-d5c60e87921c');
INSERT INTO option_choice (option_id, choice_id) VALUES ('2095cf98-27de-4722-93f9-2c09ae6b4ed1', '3dbb02ff-94b2-48ae-b9aa-c0a14190f3a2');
INSERT INTO option_choice (option_id, choice_id) VALUES ('7cc0569f-f362-4ed1-9343-6ffd1369e812', '3dbb02ff-94b2-48ae-b9aa-c0a14190f3a2');
INSERT INTO choice (id, questionnaire_id, interviewee_id) VALUES ('9734a16b-53bd-45fd-b4aa-b984d65ccdd2', '8e156ed6-1a8b-4fe6-9a58-0f7cbdd6af32', 'ecf2b132-98f2-4a1f-a0eb-d5c60e87921c');
INSERT INTO option_choice (option_id, choice_id) VALUES ('358a2bcc-fa9d-4ee1-915b-f4d44b5896ff', '9734a16b-53bd-45fd-b4aa-b984d65ccdd2');
INSERT INTO choice (id, questionnaire_id, interviewee_id) VALUES ('7902be2d-326f-47be-958e-0e0663ffae0d', '407203dd-9657-46e6-975f-3be5d664dd2a', 'ecf2b132-98f2-4a1f-a0eb-d5c60e87921c');
INSERT INTO option_choice (option_id, choice_id) VALUES ('048db851-6d32-476c-9654-e8b6208eabda', '7902be2d-326f-47be-958e-0e0663ffae0d');
INSERT INTO principal (username, password) VALUES ('interviewee611', 'qwerty');
INSERT INTO interviewee (id, username, age, gender, country, marital_status) VALUES ('81c1a628-d520-4903-9786-ca05a8eff081', 'interviewee611', 65, 'male', 'CR', 'married');
INSERT INTO choice (id, questionnaire_id, interviewee_id) VALUES ('2b85cd18-a4a9-4834-b659-b228a3d2bc0b', '05e2761c-9435-4970-ad6d-245d7a696140', '81c1a628-d520-4903-9786-ca05a8eff081');
INSERT INTO option_choice (option_id, choice_id) VALUES ('ee58bf05-12ff-45e4-b7e9-d37a70181de4', '2b85cd18-a4a9-4834-b659-b228a3d2bc0b');
INSERT INTO option_choice (option_id, choice_id) VALUES ('26fa513d-ade2-4822-81ac-a6d8dc123679', '2b85cd18-a4a9-4834-b659-b228a3d2bc0b');
INSERT INTO option_choice (option_id, choice_id) VALUES ('cd3191da-899e-4773-b914-291725c8c108', '2b85cd18-a4a9-4834-b659-b228a3d2bc0b');
INSERT INTO option_choice (option_id, choice_id) VALUES ('4431f860-831f-4fdf-9dbb-76fbdb1006a1', '2b85cd18-a4a9-4834-b659-b228a3d2bc0b');
INSERT INTO option_choice (option_id, choice_id) VALUES ('821d408d-9a3b-4716-a443-69cb45197037', '2b85cd18-a4a9-4834-b659-b228a3d2bc0b');
INSERT INTO choice (id, questionnaire_id, interviewee_id) VALUES ('957f9381-b41f-44cf-b86e-572446d04f89', '407203dd-9657-46e6-975f-3be5d664dd2a', '81c1a628-d520-4903-9786-ca05a8eff081');
INSERT INTO option_choice (option_id, choice_id) VALUES ('048db851-6d32-476c-9654-e8b6208eabda', '957f9381-b41f-44cf-b86e-572446d04f89');
INSERT INTO choice (id, questionnaire_id, interviewee_id) VALUES ('96f43fbc-9791-4297-bdfc-54cbe3c0a750', '08310229-5370-44f1-8071-5c56f92e3dc5', '81c1a628-d520-4903-9786-ca05a8eff081');
INSERT INTO option_choice (option_id, choice_id) VALUES ('38336259-fa95-40f4-865c-eff171ebbb80', '96f43fbc-9791-4297-bdfc-54cbe3c0a750');
INSERT INTO principal (username, password) VALUES ('interviewee612', 'qwerty');
INSERT INTO interviewee (id, username, age, gender, country, marital_status) VALUES ('dbafec17-35cc-4c0b-b52c-7d8ea79a5237', 'interviewee612', 70, 'female', 'VE', 'divorced');
INSERT INTO choice (id, questionnaire_id, interviewee_id) VALUES ('4fa42f5f-6871-4baf-85b8-e70498deb9d9', '4a4f7cbc-8533-42b3-923b-6b4309f53c64', 'dbafec17-35cc-4c0b-b52c-7d8ea79a5237');
INSERT INTO option_choice (option_id, choice_id) VALUES ('c8061f97-fb14-4a37-89ad-0a564fb1704d', '4fa42f5f-6871-4baf-85b8-e70498deb9d9');
INSERT INTO principal (username, password) VALUES ('interviewee613', 'qwerty');
INSERT INTO interviewee (id, username, age, gender, country, marital_status) VALUES ('f1344d58-94e3-4c24-80d9-198ae7bd15f0', 'interviewee613', 38, 'female', 'SV', 'divorced');
INSERT INTO choice (id, questionnaire_id, interviewee_id) VALUES ('bf920bc4-a479-4a10-ac1a-20c9f1d3125e', '81a3f075-1324-4e67-90a5-493fe3324435', 'f1344d58-94e3-4c24-80d9-198ae7bd15f0');
INSERT INTO option_choice (option_id, choice_id) VALUES ('ab9020e3-a12b-46eb-97f0-79dcfaab7356', 'bf920bc4-a479-4a10-ac1a-20c9f1d3125e');
INSERT INTO choice (id, questionnaire_id, interviewee_id) VALUES ('37b98b1f-83c7-47a0-8d2a-bdbfa746fae9', 'e20dbb22-091f-4137-8450-fdeaea74363f', 'f1344d58-94e3-4c24-80d9-198ae7bd15f0');
INSERT INTO option_choice (option_id, choice_id) VALUES ('742176a0-b7c8-400a-a370-5871099954a4', '37b98b1f-83c7-47a0-8d2a-bdbfa746fae9');
INSERT INTO option_choice (option_id, choice_id) VALUES ('322bbc1b-4e8d-41ae-b4f2-3466891dc809', '37b98b1f-83c7-47a0-8d2a-bdbfa746fae9');
INSERT INTO option_choice (option_id, choice_id) VALUES ('49d1bc1f-0fd1-4dad-ab6d-b123ea13d33a', '37b98b1f-83c7-47a0-8d2a-bdbfa746fae9');
INSERT INTO option_choice (option_id, choice_id) VALUES ('4bd78eb1-72bb-47fa-8b7c-4cc826f39edd', '37b98b1f-83c7-47a0-8d2a-bdbfa746fae9');
INSERT INTO principal (username, password) VALUES ('interviewee614', 'qwerty');
INSERT INTO interviewee (id, username, age, gender, country, marital_status) VALUES ('01b00dc4-fbe0-457f-a8ef-0e16fa863f2d', 'interviewee614', 44, 'female', 'NP', 'was_not_married');
INSERT INTO choice (id, questionnaire_id, interviewee_id) VALUES ('beaf3734-a7df-43ed-9e6c-ba95262bd5bb', '4a4f7cbc-8533-42b3-923b-6b4309f53c64', '01b00dc4-fbe0-457f-a8ef-0e16fa863f2d');
INSERT INTO option_choice (option_id, choice_id) VALUES ('c8061f97-fb14-4a37-89ad-0a564fb1704d', 'beaf3734-a7df-43ed-9e6c-ba95262bd5bb');
INSERT INTO principal (username, password) VALUES ('interviewee615', 'qwerty');
INSERT INTO interviewee (id, username, age, gender, country, marital_status) VALUES ('0f5efdcf-b04a-4bd3-bcaa-79d0fdb46976', 'interviewee615', 46, 'female', 'PH', 'divorced');
INSERT INTO choice (id, questionnaire_id, interviewee_id) VALUES ('13bcdcac-b69c-4a45-9217-7a894a444f5e', '858287c2-e494-424b-a03f-6b0a55c2fce3', '0f5efdcf-b04a-4bd3-bcaa-79d0fdb46976');
INSERT INTO option_choice (option_id, choice_id) VALUES ('f2fd1a72-0ca7-41a6-ad15-7bc21a02fe73', '13bcdcac-b69c-4a45-9217-7a894a444f5e');
INSERT INTO choice (id, questionnaire_id, interviewee_id) VALUES ('b7cf58f5-51c5-4dce-ae0f-4d11bf88d775', '4a4f7cbc-8533-42b3-923b-6b4309f53c64', '0f5efdcf-b04a-4bd3-bcaa-79d0fdb46976');
INSERT INTO option_choice (option_id, choice_id) VALUES ('9626a1a6-7214-4944-83a6-f582098c61a8', 'b7cf58f5-51c5-4dce-ae0f-4d11bf88d775');
INSERT INTO choice (id, questionnaire_id, interviewee_id) VALUES ('720db1fa-83e2-44e2-804d-c9337d57e6d4', '05e2761c-9435-4970-ad6d-245d7a696140', '0f5efdcf-b04a-4bd3-bcaa-79d0fdb46976');
INSERT INTO option_choice (option_id, choice_id) VALUES ('4431f860-831f-4fdf-9dbb-76fbdb1006a1', '720db1fa-83e2-44e2-804d-c9337d57e6d4');
INSERT INTO option_choice (option_id, choice_id) VALUES ('821d408d-9a3b-4716-a443-69cb45197037', '720db1fa-83e2-44e2-804d-c9337d57e6d4');
INSERT INTO option_choice (option_id, choice_id) VALUES ('26fa513d-ade2-4822-81ac-a6d8dc123679', '720db1fa-83e2-44e2-804d-c9337d57e6d4');
INSERT INTO principal (username, password) VALUES ('interviewee616', 'qwerty');
INSERT INTO interviewee (id, username, age, gender, country, marital_status) VALUES ('e0499de7-7e51-486d-b1a7-0f208cba9df6', 'interviewee616', 27, 'male', 'TW', 'married');
INSERT INTO choice (id, questionnaire_id, interviewee_id) VALUES ('0c72bbb5-0455-4b15-b4d8-9627299560d2', 'e4d0ba66-5e11-433c-8243-4d890cceaf69', 'e0499de7-7e51-486d-b1a7-0f208cba9df6');
INSERT INTO option_choice (option_id, choice_id) VALUES ('7cfec70e-33b3-4c68-9c38-38cf292cd0f9', '0c72bbb5-0455-4b15-b4d8-9627299560d2');
INSERT INTO option_choice (option_id, choice_id) VALUES ('cb637eae-3b8f-4d17-81fb-9b271857e55c', '0c72bbb5-0455-4b15-b4d8-9627299560d2');
INSERT INTO choice (id, questionnaire_id, interviewee_id) VALUES ('a245db5f-a856-4122-b8f7-c08d97e920fa', '5b0a67f5-cbf2-4fde-b526-fd512ff68e24', 'e0499de7-7e51-486d-b1a7-0f208cba9df6');
INSERT INTO option_choice (option_id, choice_id) VALUES ('9340e0ac-c863-4fcf-ac40-126be2d1bfa4', 'a245db5f-a856-4122-b8f7-c08d97e920fa');
INSERT INTO principal (username, password) VALUES ('interviewee617', 'qwerty');
INSERT INTO interviewee (id, username, age, gender, country, marital_status) VALUES ('73754c81-aaa4-40da-b6c7-7cd6e6ca0481', 'interviewee617', 16, 'female', 'ST', 'divorced');
INSERT INTO choice (id, questionnaire_id, interviewee_id) VALUES ('baa1cdec-4f88-4ea7-b8d0-f3af3bb5a4d5', 'c6dd214b-43b7-401f-afe6-a5ab0d2d7767', '73754c81-aaa4-40da-b6c7-7cd6e6ca0481');
INSERT INTO option_choice (option_id, choice_id) VALUES ('9d2a2dd1-7979-48a6-a0b7-3de8fdea75b6', 'baa1cdec-4f88-4ea7-b8d0-f3af3bb5a4d5');
INSERT INTO option_choice (option_id, choice_id) VALUES ('069a6758-231c-4064-8e44-a0db84e86a21', 'baa1cdec-4f88-4ea7-b8d0-f3af3bb5a4d5');
INSERT INTO choice (id, questionnaire_id, interviewee_id) VALUES ('46c26816-9b4f-4894-97a5-41a7bb47f591', '4a4f7cbc-8533-42b3-923b-6b4309f53c64', '73754c81-aaa4-40da-b6c7-7cd6e6ca0481');
INSERT INTO option_choice (option_id, choice_id) VALUES ('c8061f97-fb14-4a37-89ad-0a564fb1704d', '46c26816-9b4f-4894-97a5-41a7bb47f591');
INSERT INTO principal (username, password) VALUES ('interviewee618', 'qwerty');
INSERT INTO interviewee (id, username, age, gender, country, marital_status) VALUES ('ba7a5018-16e8-44e6-a919-f9320d795dc0', 'interviewee618', 28, 'female', 'SC', 'married');
INSERT INTO choice (id, questionnaire_id, interviewee_id) VALUES ('0d558c0b-bb7d-4c76-8461-5d4c3338acea', '51436662-4eca-40ce-b552-b1c7486cf609', 'ba7a5018-16e8-44e6-a919-f9320d795dc0');
INSERT INTO option_choice (option_id, choice_id) VALUES ('e4c4b240-61c9-4253-a93b-9a7768fbfe3f', '0d558c0b-bb7d-4c76-8461-5d4c3338acea');
INSERT INTO choice (id, questionnaire_id, interviewee_id) VALUES ('ec6dbd27-b282-4fd1-834a-d05e7f34784f', '81a3f075-1324-4e67-90a5-493fe3324435', 'ba7a5018-16e8-44e6-a919-f9320d795dc0');
INSERT INTO option_choice (option_id, choice_id) VALUES ('ab9020e3-a12b-46eb-97f0-79dcfaab7356', 'ec6dbd27-b282-4fd1-834a-d05e7f34784f');
INSERT INTO principal (username, password) VALUES ('interviewee619', 'qwerty');
INSERT INTO interviewee (id, username, age, gender, country, marital_status) VALUES ('c2df0bef-1b2e-47b1-8b6a-5f3f3fb4df89', 'interviewee619', 67, 'female', 'TF', 'married');
INSERT INTO choice (id, questionnaire_id, interviewee_id) VALUES ('02e40726-a679-4c4f-911c-d6331ef67c85', '05e2761c-9435-4970-ad6d-245d7a696140', 'c2df0bef-1b2e-47b1-8b6a-5f3f3fb4df89');
INSERT INTO option_choice (option_id, choice_id) VALUES ('cd3191da-899e-4773-b914-291725c8c108', '02e40726-a679-4c4f-911c-d6331ef67c85');
INSERT INTO choice (id, questionnaire_id, interviewee_id) VALUES ('8f037e08-00bf-4e40-9f98-c4fe17dc3928', '173a3ab0-8485-4aa4-8787-a2a4414f992e', 'c2df0bef-1b2e-47b1-8b6a-5f3f3fb4df89');
INSERT INTO option_choice (option_id, choice_id) VALUES ('3c8e0934-801c-4afd-98de-7aaf263889f6', '8f037e08-00bf-4e40-9f98-c4fe17dc3928');
INSERT INTO choice (id, questionnaire_id, interviewee_id) VALUES ('3a56263d-8fa1-4a08-b43b-a2a907f72341', 'c6dd214b-43b7-401f-afe6-a5ab0d2d7767', 'c2df0bef-1b2e-47b1-8b6a-5f3f3fb4df89');
INSERT INTO option_choice (option_id, choice_id) VALUES ('069a6758-231c-4064-8e44-a0db84e86a21', '3a56263d-8fa1-4a08-b43b-a2a907f72341');
INSERT INTO principal (username, password) VALUES ('interviewee620', 'qwerty');
INSERT INTO interviewee (id, username, age, gender, country, marital_status) VALUES ('15a00394-fe1b-4b3a-8545-adeece2b056a', 'interviewee620', 62, 'female', 'BD', 'married');
INSERT INTO choice (id, questionnaire_id, interviewee_id) VALUES ('2993a608-e389-4622-ac47-bcbb3709b7a2', '4a4f7cbc-8533-42b3-923b-6b4309f53c64', '15a00394-fe1b-4b3a-8545-adeece2b056a');
INSERT INTO option_choice (option_id, choice_id) VALUES ('3372ec3f-fffa-472e-ac84-938ef71e30be', '2993a608-e389-4622-ac47-bcbb3709b7a2');
INSERT INTO choice (id, questionnaire_id, interviewee_id) VALUES ('41d1f954-adf2-4ad5-904f-1f4ffa4b70cf', 'aaacf497-4ae4-46e0-aa2e-27377271bafc', '15a00394-fe1b-4b3a-8545-adeece2b056a');
INSERT INTO option_choice (option_id, choice_id) VALUES ('4d7025a3-7520-4447-9769-c495cb62415e', '41d1f954-adf2-4ad5-904f-1f4ffa4b70cf');
INSERT INTO choice (id, questionnaire_id, interviewee_id) VALUES ('5920fc49-133e-4aab-be29-917034860320', '48b4658e-bc90-4bd2-97bb-92484114dfea', '15a00394-fe1b-4b3a-8545-adeece2b056a');
INSERT INTO option_choice (option_id, choice_id) VALUES ('5a5b3a6f-7875-401c-8d0b-e9c8b854b985', '5920fc49-133e-4aab-be29-917034860320');
INSERT INTO principal (username, password) VALUES ('interviewee621', 'qwerty');
INSERT INTO interviewee (id, username, age, gender, country, marital_status) VALUES ('17aea1fa-76b2-4eee-8fcb-4fbe2cc6e79d', 'interviewee621', 27, 'female', 'WS', 'married');
INSERT INTO choice (id, questionnaire_id, interviewee_id) VALUES ('2618324f-282c-431d-95b2-d99fd2886294', '51436662-4eca-40ce-b552-b1c7486cf609', '17aea1fa-76b2-4eee-8fcb-4fbe2cc6e79d');
INSERT INTO option_choice (option_id, choice_id) VALUES ('e4c4b240-61c9-4253-a93b-9a7768fbfe3f', '2618324f-282c-431d-95b2-d99fd2886294');
INSERT INTO choice (id, questionnaire_id, interviewee_id) VALUES ('538c2cd4-89b0-4042-9023-34ba5f2d71c9', 'aaacf497-4ae4-46e0-aa2e-27377271bafc', '17aea1fa-76b2-4eee-8fcb-4fbe2cc6e79d');
INSERT INTO option_choice (option_id, choice_id) VALUES ('d4aa64ba-49fd-4d00-9175-a646c1d6d559', '538c2cd4-89b0-4042-9023-34ba5f2d71c9');
INSERT INTO choice (id, questionnaire_id, interviewee_id) VALUES ('e09da2c7-f7a2-4711-9100-0da97bee24fe', 'b5c886d7-e86f-4083-958a-cbd232db7a84', '17aea1fa-76b2-4eee-8fcb-4fbe2cc6e79d');
INSERT INTO option_choice (option_id, choice_id) VALUES ('e9ae0eb7-ed92-45ff-8ec1-bb688c3f1bfe', 'e09da2c7-f7a2-4711-9100-0da97bee24fe');
INSERT INTO principal (username, password) VALUES ('interviewee622', 'qwerty');
INSERT INTO interviewee (id, username, age, gender, country, marital_status) VALUES ('5ec1ede8-36a0-490e-906e-831fc3161eae', 'interviewee622', 20, 'female', 'TC', 'was_not_married');
INSERT INTO choice (id, questionnaire_id, interviewee_id) VALUES ('80d3c838-cc18-4a7b-9502-f34f5db42469', '48b4658e-bc90-4bd2-97bb-92484114dfea', '5ec1ede8-36a0-490e-906e-831fc3161eae');
INSERT INTO option_choice (option_id, choice_id) VALUES ('5a5b3a6f-7875-401c-8d0b-e9c8b854b985', '80d3c838-cc18-4a7b-9502-f34f5db42469');
INSERT INTO choice (id, questionnaire_id, interviewee_id) VALUES ('077738ff-8421-4fdd-9259-7be66216a1ff', '407203dd-9657-46e6-975f-3be5d664dd2a', '5ec1ede8-36a0-490e-906e-831fc3161eae');
INSERT INTO option_choice (option_id, choice_id) VALUES ('ee1ee86e-3cfc-4173-b109-2a69851e8943', '077738ff-8421-4fdd-9259-7be66216a1ff');
INSERT INTO principal (username, password) VALUES ('interviewee623', 'qwerty');
INSERT INTO interviewee (id, username, age, gender, country, marital_status) VALUES ('7b3b7f06-1abc-4156-b992-3d4df202b1e9', 'interviewee623', 42, 'male', 'CY', 'divorced');
INSERT INTO choice (id, questionnaire_id, interviewee_id) VALUES ('da0bdce8-47a7-4cd0-9c4e-473571f14b3c', 'b6df4d49-3f70-4802-90cb-4ab89e24a427', '7b3b7f06-1abc-4156-b992-3d4df202b1e9');
INSERT INTO option_choice (option_id, choice_id) VALUES ('372d528a-d173-4ec8-bba6-b6d6ccea7303', 'da0bdce8-47a7-4cd0-9c4e-473571f14b3c');
INSERT INTO choice (id, questionnaire_id, interviewee_id) VALUES ('abfc6d72-d9ca-4fe0-91c5-b22528a15b13', '81a3f075-1324-4e67-90a5-493fe3324435', '7b3b7f06-1abc-4156-b992-3d4df202b1e9');
INSERT INTO option_choice (option_id, choice_id) VALUES ('c5035143-d5d2-4934-8b99-4e66507a8603', 'abfc6d72-d9ca-4fe0-91c5-b22528a15b13');
INSERT INTO option_choice (option_id, choice_id) VALUES ('a1737a4b-bfa2-4208-a103-ca4bea3afaaf', 'abfc6d72-d9ca-4fe0-91c5-b22528a15b13');
INSERT INTO principal (username, password) VALUES ('interviewee624', 'qwerty');
INSERT INTO interviewee (id, username, age, gender, country, marital_status) VALUES ('b52abc4f-859c-4c6b-8bb3-7336ec84e16c', 'interviewee624', 53, 'male', 'MF', 'married');
INSERT INTO choice (id, questionnaire_id, interviewee_id) VALUES ('92b2e87f-47de-4412-9e5e-b33d290034d1', 'c6dd214b-43b7-401f-afe6-a5ab0d2d7767', 'b52abc4f-859c-4c6b-8bb3-7336ec84e16c');
INSERT INTO option_choice (option_id, choice_id) VALUES ('c134384c-5eda-4957-9883-b965681b9fef', '92b2e87f-47de-4412-9e5e-b33d290034d1');
INSERT INTO option_choice (option_id, choice_id) VALUES ('9d2a2dd1-7979-48a6-a0b7-3de8fdea75b6', '92b2e87f-47de-4412-9e5e-b33d290034d1');
INSERT INTO option_choice (option_id, choice_id) VALUES ('069a6758-231c-4064-8e44-a0db84e86a21', '92b2e87f-47de-4412-9e5e-b33d290034d1');
INSERT INTO option_choice (option_id, choice_id) VALUES ('17ceef0b-83da-42ec-a82c-9090a9be74af', '92b2e87f-47de-4412-9e5e-b33d290034d1');
INSERT INTO principal (username, password) VALUES ('interviewee625', 'qwerty');
INSERT INTO interviewee (id, username, age, gender, country, marital_status) VALUES ('324561f7-b799-453e-9cb8-459d4d5e05b6', 'interviewee625', 60, 'female', 'PS', 'divorced');
INSERT INTO choice (id, questionnaire_id, interviewee_id) VALUES ('8236d7a1-0271-4ffd-a060-40fe6d1817d7', '407203dd-9657-46e6-975f-3be5d664dd2a', '324561f7-b799-453e-9cb8-459d4d5e05b6');
INSERT INTO option_choice (option_id, choice_id) VALUES ('ec3a75fb-52ee-48b8-a136-1c4ef02978e8', '8236d7a1-0271-4ffd-a060-40fe6d1817d7');
INSERT INTO choice (id, questionnaire_id, interviewee_id) VALUES ('a270077d-cc2a-40da-9a4b-2e7034fdaa5a', '4a4f7cbc-8533-42b3-923b-6b4309f53c64', '324561f7-b799-453e-9cb8-459d4d5e05b6');
INSERT INTO option_choice (option_id, choice_id) VALUES ('3f8cd95c-177b-469f-b652-784cadd37582', 'a270077d-cc2a-40da-9a4b-2e7034fdaa5a');
INSERT INTO principal (username, password) VALUES ('interviewee626', 'qwerty');
INSERT INTO interviewee (id, username, age, gender, country, marital_status) VALUES ('a9c81be8-2bbc-4395-bb73-a9d3adf9f2dc', 'interviewee626', 29, 'male', 'LK', 'married');
INSERT INTO choice (id, questionnaire_id, interviewee_id) VALUES ('d2d0eafc-b313-46af-9185-d64fb22b3897', '2519c51c-9863-4531-85ff-a7ddd5ea08b2', 'a9c81be8-2bbc-4395-bb73-a9d3adf9f2dc');
INSERT INTO option_choice (option_id, choice_id) VALUES ('e532cc1b-83fa-4902-9bd1-0868c31241bb', 'd2d0eafc-b313-46af-9185-d64fb22b3897');
INSERT INTO principal (username, password) VALUES ('interviewee627', 'qwerty');
INSERT INTO interviewee (id, username, age, gender, country, marital_status) VALUES ('7fc2e518-38b4-4920-9b78-356f8be16167', 'interviewee627', 51, 'male', 'CN', 'married');
INSERT INTO choice (id, questionnaire_id, interviewee_id) VALUES ('4361c319-5f50-4d72-b181-193556a196bc', '4a4f7cbc-8533-42b3-923b-6b4309f53c64', '7fc2e518-38b4-4920-9b78-356f8be16167');
INSERT INTO option_choice (option_id, choice_id) VALUES ('4afeb111-4ddc-421c-ad31-de17e1e12b0c', '4361c319-5f50-4d72-b181-193556a196bc');
INSERT INTO choice (id, questionnaire_id, interviewee_id) VALUES ('92525866-d45a-4e0f-b223-8169b89b6659', '5b0a67f5-cbf2-4fde-b526-fd512ff68e24', '7fc2e518-38b4-4920-9b78-356f8be16167');
INSERT INTO option_choice (option_id, choice_id) VALUES ('a8cdd5b8-35f3-4a35-a54f-11129d88f64d', '92525866-d45a-4e0f-b223-8169b89b6659');
INSERT INTO choice (id, questionnaire_id, interviewee_id) VALUES ('b6378c3f-d70d-4ec3-ad1e-ed010b994543', 'e20dbb22-091f-4137-8450-fdeaea74363f', '7fc2e518-38b4-4920-9b78-356f8be16167');
INSERT INTO option_choice (option_id, choice_id) VALUES ('946ecf06-2d9f-4fe5-b2b7-64c51a5fdf06', 'b6378c3f-d70d-4ec3-ad1e-ed010b994543');
INSERT INTO principal (username, password) VALUES ('interviewee628', 'qwerty');
INSERT INTO interviewee (id, username, age, gender, country, marital_status) VALUES ('2f97ced5-bb22-476b-b414-0ab4c10c43b4', 'interviewee628', 32, 'female', 'SO', 'married');
INSERT INTO choice (id, questionnaire_id, interviewee_id) VALUES ('546d16a3-22e4-47d4-8f0b-d7f6d35cae67', 'aaacf497-4ae4-46e0-aa2e-27377271bafc', '2f97ced5-bb22-476b-b414-0ab4c10c43b4');
INSERT INTO option_choice (option_id, choice_id) VALUES ('de1098e4-e0b7-4df4-890a-1958a8d5d465', '546d16a3-22e4-47d4-8f0b-d7f6d35cae67');
INSERT INTO choice (id, questionnaire_id, interviewee_id) VALUES ('4fd3ba84-1ae5-48ee-a40c-0a2f588bc454', '4a4f7cbc-8533-42b3-923b-6b4309f53c64', '2f97ced5-bb22-476b-b414-0ab4c10c43b4');
INSERT INTO option_choice (option_id, choice_id) VALUES ('655a67a1-3c81-4e22-99c2-2b849fa8c564', '4fd3ba84-1ae5-48ee-a40c-0a2f588bc454');
INSERT INTO choice (id, questionnaire_id, interviewee_id) VALUES ('e9b42a05-1c79-4477-8765-bbe5c811eda0', '48b4658e-bc90-4bd2-97bb-92484114dfea', '2f97ced5-bb22-476b-b414-0ab4c10c43b4');
INSERT INTO option_choice (option_id, choice_id) VALUES ('72884dca-8b91-4379-bf2e-f4dbfc8f13cd', 'e9b42a05-1c79-4477-8765-bbe5c811eda0');
INSERT INTO principal (username, password) VALUES ('interviewee629', 'qwerty');
INSERT INTO interviewee (id, username, age, gender, country, marital_status) VALUES ('7e3a1247-93f9-43ee-80a1-2a7a13f9140c', 'interviewee629', 18, 'female', 'SX', 'was_not_married');
INSERT INTO choice (id, questionnaire_id, interviewee_id) VALUES ('ca4e9145-e40d-4c90-b4ae-4f6e0609721e', '48b4658e-bc90-4bd2-97bb-92484114dfea', '7e3a1247-93f9-43ee-80a1-2a7a13f9140c');
INSERT INTO option_choice (option_id, choice_id) VALUES ('db310764-efc3-46ab-9d86-9914e34aa6cd', 'ca4e9145-e40d-4c90-b4ae-4f6e0609721e');
INSERT INTO choice (id, questionnaire_id, interviewee_id) VALUES ('f00a064b-117e-45d2-8a02-7d71daece0bf', '747d0763-c99f-47ce-809b-b378d489a158', '7e3a1247-93f9-43ee-80a1-2a7a13f9140c');
INSERT INTO option_choice (option_id, choice_id) VALUES ('2095cf98-27de-4722-93f9-2c09ae6b4ed1', 'f00a064b-117e-45d2-8a02-7d71daece0bf');
INSERT INTO option_choice (option_id, choice_id) VALUES ('65c86d12-f533-40f5-8dd6-10903d890b10', 'f00a064b-117e-45d2-8a02-7d71daece0bf');
INSERT INTO principal (username, password) VALUES ('interviewee630', 'qwerty');
INSERT INTO interviewee (id, username, age, gender, country, marital_status) VALUES ('a32e48d5-883a-4cdc-8827-9ce0c26e349e', 'interviewee630', 63, 'female', 'LT', 'divorced');
INSERT INTO choice (id, questionnaire_id, interviewee_id) VALUES ('50574ffd-98e1-4753-bbfd-a2933c99f508', '48b4658e-bc90-4bd2-97bb-92484114dfea', 'a32e48d5-883a-4cdc-8827-9ce0c26e349e');
INSERT INTO option_choice (option_id, choice_id) VALUES ('5a5b3a6f-7875-401c-8d0b-e9c8b854b985', '50574ffd-98e1-4753-bbfd-a2933c99f508');
INSERT INTO choice (id, questionnaire_id, interviewee_id) VALUES ('1bb34e61-7b4b-4222-8c0b-f35739456c37', '05e2761c-9435-4970-ad6d-245d7a696140', 'a32e48d5-883a-4cdc-8827-9ce0c26e349e');
INSERT INTO option_choice (option_id, choice_id) VALUES ('cd3191da-899e-4773-b914-291725c8c108', '1bb34e61-7b4b-4222-8c0b-f35739456c37');
INSERT INTO choice (id, questionnaire_id, interviewee_id) VALUES ('d60cb8fe-d214-41e0-aaa6-a2b2a944c080', '747d0763-c99f-47ce-809b-b378d489a158', 'a32e48d5-883a-4cdc-8827-9ce0c26e349e');
INSERT INTO option_choice (option_id, choice_id) VALUES ('65c86d12-f533-40f5-8dd6-10903d890b10', 'd60cb8fe-d214-41e0-aaa6-a2b2a944c080');
INSERT INTO option_choice (option_id, choice_id) VALUES ('2095cf98-27de-4722-93f9-2c09ae6b4ed1', 'd60cb8fe-d214-41e0-aaa6-a2b2a944c080');
INSERT INTO option_choice (option_id, choice_id) VALUES ('7cc0569f-f362-4ed1-9343-6ffd1369e812', 'd60cb8fe-d214-41e0-aaa6-a2b2a944c080');
INSERT INTO principal (username, password) VALUES ('interviewee631', 'qwerty');
INSERT INTO interviewee (id, username, age, gender, country, marital_status) VALUES ('b45ee894-a94b-4ef6-a624-9e2edb661dad', 'interviewee631', 66, 'female', 'TG', 'divorced');
INSERT INTO choice (id, questionnaire_id, interviewee_id) VALUES ('3aad45c6-72f6-4cca-943d-3a6ba801d731', '51436662-4eca-40ce-b552-b1c7486cf609', 'b45ee894-a94b-4ef6-a624-9e2edb661dad');
INSERT INTO option_choice (option_id, choice_id) VALUES ('e4c4b240-61c9-4253-a93b-9a7768fbfe3f', '3aad45c6-72f6-4cca-943d-3a6ba801d731');
INSERT INTO choice (id, questionnaire_id, interviewee_id) VALUES ('608c03ca-84d9-4b6f-a346-404af48d8731', 'aaacf497-4ae4-46e0-aa2e-27377271bafc', 'b45ee894-a94b-4ef6-a624-9e2edb661dad');
INSERT INTO option_choice (option_id, choice_id) VALUES ('4d7025a3-7520-4447-9769-c495cb62415e', '608c03ca-84d9-4b6f-a346-404af48d8731');
INSERT INTO principal (username, password) VALUES ('interviewee632', 'qwerty');
INSERT INTO interviewee (id, username, age, gender, country, marital_status) VALUES ('805ce32a-7f69-45a8-8cf7-d59d94a9ed36', 'interviewee632', 26, 'female', 'DM', 'married');
INSERT INTO choice (id, questionnaire_id, interviewee_id) VALUES ('1efa5616-c912-4444-bb5d-04fd5c8355f9', '173a3ab0-8485-4aa4-8787-a2a4414f992e', '805ce32a-7f69-45a8-8cf7-d59d94a9ed36');
INSERT INTO option_choice (option_id, choice_id) VALUES ('e03fcb10-1308-44a4-9ce2-e4eaf10452c1', '1efa5616-c912-4444-bb5d-04fd5c8355f9');
INSERT INTO option_choice (option_id, choice_id) VALUES ('3c8e0934-801c-4afd-98de-7aaf263889f6', '1efa5616-c912-4444-bb5d-04fd5c8355f9');
INSERT INTO option_choice (option_id, choice_id) VALUES ('ce62e0a7-1873-4aa1-a448-2fad3cc888ee', '1efa5616-c912-4444-bb5d-04fd5c8355f9');
INSERT INTO option_choice (option_id, choice_id) VALUES ('f9a527bc-3f55-40db-b05e-d549f1801594', '1efa5616-c912-4444-bb5d-04fd5c8355f9');
INSERT INTO option_choice (option_id, choice_id) VALUES ('bf89350f-11e0-4471-a3a1-95481edf5acd', '1efa5616-c912-4444-bb5d-04fd5c8355f9');
INSERT INTO choice (id, questionnaire_id, interviewee_id) VALUES ('a2e89639-069d-476e-9350-f0c9f8e144ee', '49c46fd6-2111-4ef5-8b91-9ee67132426d', '805ce32a-7f69-45a8-8cf7-d59d94a9ed36');
INSERT INTO option_choice (option_id, choice_id) VALUES ('210da814-c19f-4c77-ba7b-e598584d62e4', 'a2e89639-069d-476e-9350-f0c9f8e144ee');
INSERT INTO principal (username, password) VALUES ('interviewee633', 'qwerty');
INSERT INTO interviewee (id, username, age, gender, country, marital_status) VALUES ('9d214f90-7ec0-4ed7-b426-b9c453867115', 'interviewee633', 15, 'female', 'BF', 'married');
INSERT INTO choice (id, questionnaire_id, interviewee_id) VALUES ('55c8de06-2575-48cd-b710-521feb305ffd', '49c46fd6-2111-4ef5-8b91-9ee67132426d', '9d214f90-7ec0-4ed7-b426-b9c453867115');
INSERT INTO option_choice (option_id, choice_id) VALUES ('0e4a5f7a-a4f3-45f1-8f7c-34efd574414b', '55c8de06-2575-48cd-b710-521feb305ffd');
INSERT INTO choice (id, questionnaire_id, interviewee_id) VALUES ('d53f96a3-39e3-43bd-966b-f88fa6e607b2', '51436662-4eca-40ce-b552-b1c7486cf609', '9d214f90-7ec0-4ed7-b426-b9c453867115');
INSERT INTO option_choice (option_id, choice_id) VALUES ('259215cc-47cc-4165-befd-cf997b4aaf7e', 'd53f96a3-39e3-43bd-966b-f88fa6e607b2');
INSERT INTO principal (username, password) VALUES ('interviewee634', 'qwerty');
INSERT INTO interviewee (id, username, age, gender, country, marital_status) VALUES ('a67a415f-5cd9-4573-9e3d-f000ada7401e', 'interviewee634', 24, 'male', 'HN', 'divorced');
INSERT INTO choice (id, questionnaire_id, interviewee_id) VALUES ('986e95bd-ef14-44e2-937e-133fe1e50bea', 'aaacf497-4ae4-46e0-aa2e-27377271bafc', 'a67a415f-5cd9-4573-9e3d-f000ada7401e');
INSERT INTO option_choice (option_id, choice_id) VALUES ('070ce52d-21fd-4380-9c02-d25647a035a6', '986e95bd-ef14-44e2-937e-133fe1e50bea');
INSERT INTO choice (id, questionnaire_id, interviewee_id) VALUES ('ec076267-ab8c-4aa9-8d53-7859246d4f6a', '81a3f075-1324-4e67-90a5-493fe3324435', 'a67a415f-5cd9-4573-9e3d-f000ada7401e');
INSERT INTO option_choice (option_id, choice_id) VALUES ('a0eef1f9-547a-4823-b7e0-bb52d6891f8f', 'ec076267-ab8c-4aa9-8d53-7859246d4f6a');
INSERT INTO choice (id, questionnaire_id, interviewee_id) VALUES ('e859714e-4390-46ff-8e13-644b8406f273', '49c46fd6-2111-4ef5-8b91-9ee67132426d', 'a67a415f-5cd9-4573-9e3d-f000ada7401e');
INSERT INTO option_choice (option_id, choice_id) VALUES ('82dcd7e2-d76d-47ad-b352-0b1d6482c730', 'e859714e-4390-46ff-8e13-644b8406f273');
INSERT INTO principal (username, password) VALUES ('interviewee635', 'qwerty');
INSERT INTO interviewee (id, username, age, gender, country, marital_status) VALUES ('87ac5adf-0ed7-4181-8045-eefda89dc6e7', 'interviewee635', 36, 'female', 'FJ', 'divorced');
INSERT INTO choice (id, questionnaire_id, interviewee_id) VALUES ('ab9b6ddb-4d83-4dcc-aeac-39375e568932', '51436662-4eca-40ce-b552-b1c7486cf609', '87ac5adf-0ed7-4181-8045-eefda89dc6e7');
INSERT INTO option_choice (option_id, choice_id) VALUES ('e4c4b240-61c9-4253-a93b-9a7768fbfe3f', 'ab9b6ddb-4d83-4dcc-aeac-39375e568932');
INSERT INTO choice (id, questionnaire_id, interviewee_id) VALUES ('0bbf3089-aaca-4f5a-a2cc-eb5ddcef305f', '173a3ab0-8485-4aa4-8787-a2a4414f992e', '87ac5adf-0ed7-4181-8045-eefda89dc6e7');
INSERT INTO option_choice (option_id, choice_id) VALUES ('3f698183-af22-44ca-80c1-eb668697e9ea', '0bbf3089-aaca-4f5a-a2cc-eb5ddcef305f');
INSERT INTO option_choice (option_id, choice_id) VALUES ('c453fc60-b896-4f66-8dbe-cc55bc42881e', '0bbf3089-aaca-4f5a-a2cc-eb5ddcef305f');
INSERT INTO option_choice (option_id, choice_id) VALUES ('a477d3c8-db0a-4572-a680-b96fd792dc75', '0bbf3089-aaca-4f5a-a2cc-eb5ddcef305f');
INSERT INTO option_choice (option_id, choice_id) VALUES ('3c8e0934-801c-4afd-98de-7aaf263889f6', '0bbf3089-aaca-4f5a-a2cc-eb5ddcef305f');
INSERT INTO option_choice (option_id, choice_id) VALUES ('bf89350f-11e0-4471-a3a1-95481edf5acd', '0bbf3089-aaca-4f5a-a2cc-eb5ddcef305f');
INSERT INTO option_choice (option_id, choice_id) VALUES ('ce62e0a7-1873-4aa1-a448-2fad3cc888ee', '0bbf3089-aaca-4f5a-a2cc-eb5ddcef305f');
INSERT INTO option_choice (option_id, choice_id) VALUES ('e03fcb10-1308-44a4-9ce2-e4eaf10452c1', '0bbf3089-aaca-4f5a-a2cc-eb5ddcef305f');
INSERT INTO principal (username, password) VALUES ('interviewee636', 'qwerty');
INSERT INTO interviewee (id, username, age, gender, country, marital_status) VALUES ('ee08e782-d7f3-456a-a818-fe6b3b289eb2', 'interviewee636', 39, 'female', 'GQ', 'married');
INSERT INTO choice (id, questionnaire_id, interviewee_id) VALUES ('f63aa625-4122-463e-b755-8db98f486159', '08310229-5370-44f1-8071-5c56f92e3dc5', 'ee08e782-d7f3-456a-a818-fe6b3b289eb2');
INSERT INTO option_choice (option_id, choice_id) VALUES ('fc94d716-ca6a-45f3-8cbb-afd6a3ea72a3', 'f63aa625-4122-463e-b755-8db98f486159');
INSERT INTO principal (username, password) VALUES ('interviewee637', 'qwerty');
INSERT INTO interviewee (id, username, age, gender, country, marital_status) VALUES ('485f066a-30ad-4f3c-8578-ed7935323f63', 'interviewee637', 33, 'male', 'IE', 'married');
INSERT INTO choice (id, questionnaire_id, interviewee_id) VALUES ('20ae8279-6f0c-4a43-8f5c-7bd288fb54d8', 'b5c886d7-e86f-4083-958a-cbd232db7a84', '485f066a-30ad-4f3c-8578-ed7935323f63');
INSERT INTO option_choice (option_id, choice_id) VALUES ('bbe6d273-ce07-449f-a3eb-96165f0d7b7d', '20ae8279-6f0c-4a43-8f5c-7bd288fb54d8');
INSERT INTO choice (id, questionnaire_id, interviewee_id) VALUES ('4fb342b3-f369-4ef6-922b-9c439e6095ca', '81a3f075-1324-4e67-90a5-493fe3324435', '485f066a-30ad-4f3c-8578-ed7935323f63');
INSERT INTO option_choice (option_id, choice_id) VALUES ('c5035143-d5d2-4934-8b99-4e66507a8603', '4fb342b3-f369-4ef6-922b-9c439e6095ca');
INSERT INTO option_choice (option_id, choice_id) VALUES ('ab9020e3-a12b-46eb-97f0-79dcfaab7356', '4fb342b3-f369-4ef6-922b-9c439e6095ca');
INSERT INTO option_choice (option_id, choice_id) VALUES ('c0afeee2-6628-4404-bc41-32bc0a1505c5', '4fb342b3-f369-4ef6-922b-9c439e6095ca');
INSERT INTO option_choice (option_id, choice_id) VALUES ('a1737a4b-bfa2-4208-a103-ca4bea3afaaf', '4fb342b3-f369-4ef6-922b-9c439e6095ca');
INSERT INTO choice (id, questionnaire_id, interviewee_id) VALUES ('ff3f0468-64a8-4c49-9f74-4b3c55fc3134', 'e20dbb22-091f-4137-8450-fdeaea74363f', '485f066a-30ad-4f3c-8578-ed7935323f63');
INSERT INTO option_choice (option_id, choice_id) VALUES ('946ecf06-2d9f-4fe5-b2b7-64c51a5fdf06', 'ff3f0468-64a8-4c49-9f74-4b3c55fc3134');
INSERT INTO option_choice (option_id, choice_id) VALUES ('b09da84d-7533-40da-b486-a820b6b7c110', 'ff3f0468-64a8-4c49-9f74-4b3c55fc3134');
INSERT INTO option_choice (option_id, choice_id) VALUES ('49d1bc1f-0fd1-4dad-ab6d-b123ea13d33a', 'ff3f0468-64a8-4c49-9f74-4b3c55fc3134');
INSERT INTO principal (username, password) VALUES ('interviewee638', 'qwerty');
INSERT INTO interviewee (id, username, age, gender, country, marital_status) VALUES ('da88d10c-cf45-4c95-bba4-c17fbc8d7c77', 'interviewee638', 46, 'female', 'PY', 'was_not_married');
INSERT INTO choice (id, questionnaire_id, interviewee_id) VALUES ('d5d6f536-6a3a-493a-aa1b-d879d6122eb1', '08310229-5370-44f1-8071-5c56f92e3dc5', 'da88d10c-cf45-4c95-bba4-c17fbc8d7c77');
INSERT INTO option_choice (option_id, choice_id) VALUES ('996311da-bd48-491d-b381-d19b001465c4', 'd5d6f536-6a3a-493a-aa1b-d879d6122eb1');
INSERT INTO choice (id, questionnaire_id, interviewee_id) VALUES ('d2e4c92f-607b-4996-9192-166d892a0c78', '05e2761c-9435-4970-ad6d-245d7a696140', 'da88d10c-cf45-4c95-bba4-c17fbc8d7c77');
INSERT INTO option_choice (option_id, choice_id) VALUES ('4431f860-831f-4fdf-9dbb-76fbdb1006a1', 'd2e4c92f-607b-4996-9192-166d892a0c78');
INSERT INTO option_choice (option_id, choice_id) VALUES ('26fa513d-ade2-4822-81ac-a6d8dc123679', 'd2e4c92f-607b-4996-9192-166d892a0c78');
INSERT INTO option_choice (option_id, choice_id) VALUES ('ee58bf05-12ff-45e4-b7e9-d37a70181de4', 'd2e4c92f-607b-4996-9192-166d892a0c78');
INSERT INTO option_choice (option_id, choice_id) VALUES ('cd3191da-899e-4773-b914-291725c8c108', 'd2e4c92f-607b-4996-9192-166d892a0c78');
INSERT INTO principal (username, password) VALUES ('interviewee639', 'qwerty');
INSERT INTO interviewee (id, username, age, gender, country, marital_status) VALUES ('a394550d-486d-4814-bd2c-bbd14d623538', 'interviewee639', 70, 'male', 'IT', 'married');
INSERT INTO choice (id, questionnaire_id, interviewee_id) VALUES ('4cd1bb44-7b37-493c-b4cb-07db17cf07e1', '747d0763-c99f-47ce-809b-b378d489a158', 'a394550d-486d-4814-bd2c-bbd14d623538');
INSERT INTO option_choice (option_id, choice_id) VALUES ('2095cf98-27de-4722-93f9-2c09ae6b4ed1', '4cd1bb44-7b37-493c-b4cb-07db17cf07e1');
INSERT INTO option_choice (option_id, choice_id) VALUES ('65c86d12-f533-40f5-8dd6-10903d890b10', '4cd1bb44-7b37-493c-b4cb-07db17cf07e1');
INSERT INTO choice (id, questionnaire_id, interviewee_id) VALUES ('f49e1a59-d7f5-41dd-8f12-1bbc65ae602e', '05e2761c-9435-4970-ad6d-245d7a696140', 'a394550d-486d-4814-bd2c-bbd14d623538');
INSERT INTO option_choice (option_id, choice_id) VALUES ('cd3191da-899e-4773-b914-291725c8c108', 'f49e1a59-d7f5-41dd-8f12-1bbc65ae602e');
INSERT INTO option_choice (option_id, choice_id) VALUES ('821d408d-9a3b-4716-a443-69cb45197037', 'f49e1a59-d7f5-41dd-8f12-1bbc65ae602e');
INSERT INTO option_choice (option_id, choice_id) VALUES ('ee58bf05-12ff-45e4-b7e9-d37a70181de4', 'f49e1a59-d7f5-41dd-8f12-1bbc65ae602e');
INSERT INTO option_choice (option_id, choice_id) VALUES ('4431f860-831f-4fdf-9dbb-76fbdb1006a1', 'f49e1a59-d7f5-41dd-8f12-1bbc65ae602e');
INSERT INTO option_choice (option_id, choice_id) VALUES ('26fa513d-ade2-4822-81ac-a6d8dc123679', 'f49e1a59-d7f5-41dd-8f12-1bbc65ae602e');
INSERT INTO principal (username, password) VALUES ('interviewee640', 'qwerty');
INSERT INTO interviewee (id, username, age, gender, country, marital_status) VALUES ('eac5ff1e-04c5-467f-a84b-ae7f7cb02af5', 'interviewee640', 54, 'male', 'LU', 'married');
INSERT INTO choice (id, questionnaire_id, interviewee_id) VALUES ('54f3622b-976f-4bb7-92e8-3341df17f3d8', '747d0763-c99f-47ce-809b-b378d489a158', 'eac5ff1e-04c5-467f-a84b-ae7f7cb02af5');
INSERT INTO option_choice (option_id, choice_id) VALUES ('7cc0569f-f362-4ed1-9343-6ffd1369e812', '54f3622b-976f-4bb7-92e8-3341df17f3d8');
INSERT INTO choice (id, questionnaire_id, interviewee_id) VALUES ('b3066be7-465f-4ad0-9cde-e5955ba1f1d4', '858287c2-e494-424b-a03f-6b0a55c2fce3', 'eac5ff1e-04c5-467f-a84b-ae7f7cb02af5');
INSERT INTO option_choice (option_id, choice_id) VALUES ('f2fd1a72-0ca7-41a6-ad15-7bc21a02fe73', 'b3066be7-465f-4ad0-9cde-e5955ba1f1d4');
INSERT INTO option_choice (option_id, choice_id) VALUES ('59c8e6e3-5895-4f0b-ae9e-3bb455a5f6b2', 'b3066be7-465f-4ad0-9cde-e5955ba1f1d4');
INSERT INTO option_choice (option_id, choice_id) VALUES ('a1e55f7c-aa45-466f-86bb-0d5e262ca0bc', 'b3066be7-465f-4ad0-9cde-e5955ba1f1d4');
INSERT INTO principal (username, password) VALUES ('interviewee641', 'qwerty');
INSERT INTO interviewee (id, username, age, gender, country, marital_status) VALUES ('357c09f4-4b72-436a-978a-225831a36b23', 'interviewee641', 69, 'male', 'AT', 'was_not_married');
INSERT INTO choice (id, questionnaire_id, interviewee_id) VALUES ('32a116fd-e975-44e1-81e7-0bbea56510e6', '51436662-4eca-40ce-b552-b1c7486cf609', '357c09f4-4b72-436a-978a-225831a36b23');
INSERT INTO option_choice (option_id, choice_id) VALUES ('259215cc-47cc-4165-befd-cf997b4aaf7e', '32a116fd-e975-44e1-81e7-0bbea56510e6');
INSERT INTO choice (id, questionnaire_id, interviewee_id) VALUES ('3bcfe06e-107c-4e1d-894a-2b90607bed09', '48b4658e-bc90-4bd2-97bb-92484114dfea', '357c09f4-4b72-436a-978a-225831a36b23');
INSERT INTO option_choice (option_id, choice_id) VALUES ('72884dca-8b91-4379-bf2e-f4dbfc8f13cd', '3bcfe06e-107c-4e1d-894a-2b90607bed09');
INSERT INTO principal (username, password) VALUES ('interviewee642', 'qwerty');
INSERT INTO interviewee (id, username, age, gender, country, marital_status) VALUES ('a15b19b0-64ab-47a1-b836-7d266ade309a', 'interviewee642', 65, 'female', 'MR', 'was_not_married');
INSERT INTO choice (id, questionnaire_id, interviewee_id) VALUES ('53850acc-3e1f-4aac-b984-046302e24564', '173a3ab0-8485-4aa4-8787-a2a4414f992e', 'a15b19b0-64ab-47a1-b836-7d266ade309a');
INSERT INTO option_choice (option_id, choice_id) VALUES ('ce62e0a7-1873-4aa1-a448-2fad3cc888ee', '53850acc-3e1f-4aac-b984-046302e24564');
INSERT INTO option_choice (option_id, choice_id) VALUES ('e03fcb10-1308-44a4-9ce2-e4eaf10452c1', '53850acc-3e1f-4aac-b984-046302e24564');
INSERT INTO option_choice (option_id, choice_id) VALUES ('bf89350f-11e0-4471-a3a1-95481edf5acd', '53850acc-3e1f-4aac-b984-046302e24564');
INSERT INTO option_choice (option_id, choice_id) VALUES ('3f698183-af22-44ca-80c1-eb668697e9ea', '53850acc-3e1f-4aac-b984-046302e24564');
INSERT INTO option_choice (option_id, choice_id) VALUES ('f9a527bc-3f55-40db-b05e-d549f1801594', '53850acc-3e1f-4aac-b984-046302e24564');
INSERT INTO option_choice (option_id, choice_id) VALUES ('3c8e0934-801c-4afd-98de-7aaf263889f6', '53850acc-3e1f-4aac-b984-046302e24564');
INSERT INTO option_choice (option_id, choice_id) VALUES ('a477d3c8-db0a-4572-a680-b96fd792dc75', '53850acc-3e1f-4aac-b984-046302e24564');
INSERT INTO principal (username, password) VALUES ('interviewee643', 'qwerty');
INSERT INTO interviewee (id, username, age, gender, country, marital_status) VALUES ('6e344269-0ca4-494a-9f46-017fd3cee07d', 'interviewee643', 52, 'female', 'KH', 'divorced');
INSERT INTO choice (id, questionnaire_id, interviewee_id) VALUES ('6c287d40-83de-45f0-a837-aa0fc3871746', 'aaacf497-4ae4-46e0-aa2e-27377271bafc', '6e344269-0ca4-494a-9f46-017fd3cee07d');
INSERT INTO option_choice (option_id, choice_id) VALUES ('de1098e4-e0b7-4df4-890a-1958a8d5d465', '6c287d40-83de-45f0-a837-aa0fc3871746');
INSERT INTO principal (username, password) VALUES ('interviewee644', 'qwerty');
INSERT INTO interviewee (id, username, age, gender, country, marital_status) VALUES ('6632f63d-8a43-4d03-a1c7-c2bce131ceae', 'interviewee644', 60, 'female', 'GL', 'was_not_married');
INSERT INTO choice (id, questionnaire_id, interviewee_id) VALUES ('4b3d788d-6b4c-485e-aef4-b707718e2af0', 'e4d0ba66-5e11-433c-8243-4d890cceaf69', '6632f63d-8a43-4d03-a1c7-c2bce131ceae');
INSERT INTO option_choice (option_id, choice_id) VALUES ('cb637eae-3b8f-4d17-81fb-9b271857e55c', '4b3d788d-6b4c-485e-aef4-b707718e2af0');
INSERT INTO choice (id, questionnaire_id, interviewee_id) VALUES ('83ac1ac3-6383-42ec-a72a-46a4d277b3e8', '05e2761c-9435-4970-ad6d-245d7a696140', '6632f63d-8a43-4d03-a1c7-c2bce131ceae');
INSERT INTO option_choice (option_id, choice_id) VALUES ('26fa513d-ade2-4822-81ac-a6d8dc123679', '83ac1ac3-6383-42ec-a72a-46a4d277b3e8');
INSERT INTO option_choice (option_id, choice_id) VALUES ('cd3191da-899e-4773-b914-291725c8c108', '83ac1ac3-6383-42ec-a72a-46a4d277b3e8');
INSERT INTO option_choice (option_id, choice_id) VALUES ('ee58bf05-12ff-45e4-b7e9-d37a70181de4', '83ac1ac3-6383-42ec-a72a-46a4d277b3e8');
INSERT INTO principal (username, password) VALUES ('interviewee645', 'qwerty');
INSERT INTO interviewee (id, username, age, gender, country, marital_status) VALUES ('2907fa12-89df-4725-876f-0a6da3dfc68e', 'interviewee645', 19, 'female', 'VA', 'married');
INSERT INTO choice (id, questionnaire_id, interviewee_id) VALUES ('3fc89919-e919-4dac-bac7-d2e8280977c2', '4a4f7cbc-8533-42b3-923b-6b4309f53c64', '2907fa12-89df-4725-876f-0a6da3dfc68e');
INSERT INTO option_choice (option_id, choice_id) VALUES ('c8061f97-fb14-4a37-89ad-0a564fb1704d', '3fc89919-e919-4dac-bac7-d2e8280977c2');
INSERT INTO choice (id, questionnaire_id, interviewee_id) VALUES ('ecf9a0c6-a5c9-4770-82d8-3f9639bdda92', 'b6df4d49-3f70-4802-90cb-4ab89e24a427', '2907fa12-89df-4725-876f-0a6da3dfc68e');
INSERT INTO option_choice (option_id, choice_id) VALUES ('6168252e-0547-486b-8613-2eec6678d5a2', 'ecf9a0c6-a5c9-4770-82d8-3f9639bdda92');
INSERT INTO choice (id, questionnaire_id, interviewee_id) VALUES ('e785752d-247c-4f09-8184-8c47dadd7992', '2519c51c-9863-4531-85ff-a7ddd5ea08b2', '2907fa12-89df-4725-876f-0a6da3dfc68e');
INSERT INTO option_choice (option_id, choice_id) VALUES ('e532cc1b-83fa-4902-9bd1-0868c31241bb', 'e785752d-247c-4f09-8184-8c47dadd7992');
INSERT INTO principal (username, password) VALUES ('interviewee646', 'qwerty');
INSERT INTO interviewee (id, username, age, gender, country, marital_status) VALUES ('cce8e43f-ecb4-430e-8de4-d8d55616ed64', 'interviewee646', 55, 'male', 'AL', 'was_not_married');
INSERT INTO choice (id, questionnaire_id, interviewee_id) VALUES ('8bf46d18-da1e-47b5-9781-2b5db5298bc2', 'aaacf497-4ae4-46e0-aa2e-27377271bafc', 'cce8e43f-ecb4-430e-8de4-d8d55616ed64');
INSERT INTO option_choice (option_id, choice_id) VALUES ('de1098e4-e0b7-4df4-890a-1958a8d5d465', '8bf46d18-da1e-47b5-9781-2b5db5298bc2');
INSERT INTO choice (id, questionnaire_id, interviewee_id) VALUES ('605ea1fc-85ec-4bb2-a3f1-8b9b1ad6d832', 'b5c886d7-e86f-4083-958a-cbd232db7a84', 'cce8e43f-ecb4-430e-8de4-d8d55616ed64');
INSERT INTO option_choice (option_id, choice_id) VALUES ('b3fef8ac-34c1-4143-a4bd-73c39cbbac53', '605ea1fc-85ec-4bb2-a3f1-8b9b1ad6d832');
INSERT INTO principal (username, password) VALUES ('interviewee647', 'qwerty');
INSERT INTO interviewee (id, username, age, gender, country, marital_status) VALUES ('4c27f44a-c089-45db-85c2-4b615838901a', 'interviewee647', 51, 'female', 'LU', 'married');
INSERT INTO choice (id, questionnaire_id, interviewee_id) VALUES ('1037a57c-d1ef-412c-a057-1a6b1f4c4001', '48b4658e-bc90-4bd2-97bb-92484114dfea', '4c27f44a-c089-45db-85c2-4b615838901a');
INSERT INTO option_choice (option_id, choice_id) VALUES ('db310764-efc3-46ab-9d86-9914e34aa6cd', '1037a57c-d1ef-412c-a057-1a6b1f4c4001');
INSERT INTO choice (id, questionnaire_id, interviewee_id) VALUES ('d015dc91-f4e1-4f6e-b95f-29c70769cb74', '5b0a67f5-cbf2-4fde-b526-fd512ff68e24', '4c27f44a-c089-45db-85c2-4b615838901a');
INSERT INTO option_choice (option_id, choice_id) VALUES ('ce5bf814-daca-4ca0-825d-8408f4fe06ed', 'd015dc91-f4e1-4f6e-b95f-29c70769cb74');
INSERT INTO principal (username, password) VALUES ('interviewee648', 'qwerty');
INSERT INTO interviewee (id, username, age, gender, country, marital_status) VALUES ('f132192b-273b-4a60-90f2-f604d8936659', 'interviewee648', 57, 'male', 'RU', 'was_not_married');
INSERT INTO choice (id, questionnaire_id, interviewee_id) VALUES ('8dc0f203-9c35-4b71-b17a-eb19a70ff818', '2519c51c-9863-4531-85ff-a7ddd5ea08b2', 'f132192b-273b-4a60-90f2-f604d8936659');
INSERT INTO option_choice (option_id, choice_id) VALUES ('b2ff87be-cdaa-4b83-bb9c-9946660ea8b8', '8dc0f203-9c35-4b71-b17a-eb19a70ff818');
INSERT INTO choice (id, questionnaire_id, interviewee_id) VALUES ('673ccef6-a660-4e7d-b1d3-72c4b631db07', '8e156ed6-1a8b-4fe6-9a58-0f7cbdd6af32', 'f132192b-273b-4a60-90f2-f604d8936659');
INSERT INTO option_choice (option_id, choice_id) VALUES ('8fdd8f9f-7c9b-45e0-9ac8-45e46fe68791', '673ccef6-a660-4e7d-b1d3-72c4b631db07');
INSERT INTO principal (username, password) VALUES ('interviewee649', 'qwerty');
INSERT INTO interviewee (id, username, age, gender, country, marital_status) VALUES ('fa97001e-cfdc-42ee-bab5-a30ea29e1e0b', 'interviewee649', 36, 'male', 'FJ', 'married');
INSERT INTO choice (id, questionnaire_id, interviewee_id) VALUES ('26c7ea7f-f62a-4812-abc5-3055c0fa5c60', 'e4d0ba66-5e11-433c-8243-4d890cceaf69', 'fa97001e-cfdc-42ee-bab5-a30ea29e1e0b');
INSERT INTO option_choice (option_id, choice_id) VALUES ('cb637eae-3b8f-4d17-81fb-9b271857e55c', '26c7ea7f-f62a-4812-abc5-3055c0fa5c60');
INSERT INTO choice (id, questionnaire_id, interviewee_id) VALUES ('aec64a05-3980-4a8e-82e7-f43117de2cc7', 'b6df4d49-3f70-4802-90cb-4ab89e24a427', 'fa97001e-cfdc-42ee-bab5-a30ea29e1e0b');
INSERT INTO option_choice (option_id, choice_id) VALUES ('03756c76-738d-45a3-8b02-6f36d78f3dfb', 'aec64a05-3980-4a8e-82e7-f43117de2cc7');
INSERT INTO principal (username, password) VALUES ('interviewee650', 'qwerty');
INSERT INTO interviewee (id, username, age, gender, country, marital_status) VALUES ('b62a0c12-1a2c-4db4-aa22-2374846da088', 'interviewee650', 24, 'male', 'CV', 'was_not_married');
INSERT INTO choice (id, questionnaire_id, interviewee_id) VALUES ('38962405-2ba6-425a-8d4a-e23c3b439e0a', '858287c2-e494-424b-a03f-6b0a55c2fce3', 'b62a0c12-1a2c-4db4-aa22-2374846da088');
INSERT INTO option_choice (option_id, choice_id) VALUES ('a7e89931-dbca-4a6f-bdbb-b42e57f2e7f2', '38962405-2ba6-425a-8d4a-e23c3b439e0a');
INSERT INTO choice (id, questionnaire_id, interviewee_id) VALUES ('ad031e97-1f06-43e7-884b-2316ba467e1c', '173a3ab0-8485-4aa4-8787-a2a4414f992e', 'b62a0c12-1a2c-4db4-aa22-2374846da088');
INSERT INTO option_choice (option_id, choice_id) VALUES ('e03fcb10-1308-44a4-9ce2-e4eaf10452c1', 'ad031e97-1f06-43e7-884b-2316ba467e1c');
INSERT INTO principal (username, password) VALUES ('interviewee651', 'qwerty');
INSERT INTO interviewee (id, username, age, gender, country, marital_status) VALUES ('88eb412f-218a-4efd-8ef8-57ff955f8552', 'interviewee651', 35, 'female', 'TZ', 'divorced');
INSERT INTO choice (id, questionnaire_id, interviewee_id) VALUES ('1aca22e1-dc66-49ea-81e4-2dadc73bc0ba', 'c6dd214b-43b7-401f-afe6-a5ab0d2d7767', '88eb412f-218a-4efd-8ef8-57ff955f8552');
INSERT INTO option_choice (option_id, choice_id) VALUES ('069a6758-231c-4064-8e44-a0db84e86a21', '1aca22e1-dc66-49ea-81e4-2dadc73bc0ba');
INSERT INTO option_choice (option_id, choice_id) VALUES ('17ceef0b-83da-42ec-a82c-9090a9be74af', '1aca22e1-dc66-49ea-81e4-2dadc73bc0ba');
INSERT INTO principal (username, password) VALUES ('interviewee652', 'qwerty');
INSERT INTO interviewee (id, username, age, gender, country, marital_status) VALUES ('adad2e3f-c118-408d-bc32-e524a39350bc', 'interviewee652', 17, 'female', 'NI', 'married');
INSERT INTO choice (id, questionnaire_id, interviewee_id) VALUES ('792646dd-1cac-4c04-bf4c-955c1aa223d7', 'e20dbb22-091f-4137-8450-fdeaea74363f', 'adad2e3f-c118-408d-bc32-e524a39350bc');
INSERT INTO option_choice (option_id, choice_id) VALUES ('4bd78eb1-72bb-47fa-8b7c-4cc826f39edd', '792646dd-1cac-4c04-bf4c-955c1aa223d7');
INSERT INTO option_choice (option_id, choice_id) VALUES ('b09da84d-7533-40da-b486-a820b6b7c110', '792646dd-1cac-4c04-bf4c-955c1aa223d7');
INSERT INTO option_choice (option_id, choice_id) VALUES ('322bbc1b-4e8d-41ae-b4f2-3466891dc809', '792646dd-1cac-4c04-bf4c-955c1aa223d7');
INSERT INTO option_choice (option_id, choice_id) VALUES ('742176a0-b7c8-400a-a370-5871099954a4', '792646dd-1cac-4c04-bf4c-955c1aa223d7');
INSERT INTO option_choice (option_id, choice_id) VALUES ('49d1bc1f-0fd1-4dad-ab6d-b123ea13d33a', '792646dd-1cac-4c04-bf4c-955c1aa223d7');
INSERT INTO option_choice (option_id, choice_id) VALUES ('946ecf06-2d9f-4fe5-b2b7-64c51a5fdf06', '792646dd-1cac-4c04-bf4c-955c1aa223d7');
INSERT INTO choice (id, questionnaire_id, interviewee_id) VALUES ('204fc159-c164-458d-a6fc-aa4bf41988cb', '08310229-5370-44f1-8071-5c56f92e3dc5', 'adad2e3f-c118-408d-bc32-e524a39350bc');
INSERT INTO option_choice (option_id, choice_id) VALUES ('fc94d716-ca6a-45f3-8cbb-afd6a3ea72a3', '204fc159-c164-458d-a6fc-aa4bf41988cb');
INSERT INTO principal (username, password) VALUES ('interviewee653', 'qwerty');
INSERT INTO interviewee (id, username, age, gender, country, marital_status) VALUES ('fde8c790-2bc9-4dce-9dd2-801ad2d0d2cb', 'interviewee653', 35, 'male', 'GA', 'divorced');
INSERT INTO choice (id, questionnaire_id, interviewee_id) VALUES ('9a174e0c-e9d7-418d-96c3-3ff72be92b90', 'c6dd214b-43b7-401f-afe6-a5ab0d2d7767', 'fde8c790-2bc9-4dce-9dd2-801ad2d0d2cb');
INSERT INTO option_choice (option_id, choice_id) VALUES ('069a6758-231c-4064-8e44-a0db84e86a21', '9a174e0c-e9d7-418d-96c3-3ff72be92b90');
INSERT INTO option_choice (option_id, choice_id) VALUES ('9d2a2dd1-7979-48a6-a0b7-3de8fdea75b6', '9a174e0c-e9d7-418d-96c3-3ff72be92b90');
INSERT INTO choice (id, questionnaire_id, interviewee_id) VALUES ('a2afddbb-d6ba-42e0-b919-e687b084c30d', '81a3f075-1324-4e67-90a5-493fe3324435', 'fde8c790-2bc9-4dce-9dd2-801ad2d0d2cb');
INSERT INTO option_choice (option_id, choice_id) VALUES ('a1737a4b-bfa2-4208-a103-ca4bea3afaaf', 'a2afddbb-d6ba-42e0-b919-e687b084c30d');
INSERT INTO choice (id, questionnaire_id, interviewee_id) VALUES ('fd30366b-8c8b-48a9-adb7-87fb7deb41eb', '2519c51c-9863-4531-85ff-a7ddd5ea08b2', 'fde8c790-2bc9-4dce-9dd2-801ad2d0d2cb');
INSERT INTO option_choice (option_id, choice_id) VALUES ('b2ff87be-cdaa-4b83-bb9c-9946660ea8b8', 'fd30366b-8c8b-48a9-adb7-87fb7deb41eb');
INSERT INTO principal (username, password) VALUES ('interviewee654', 'qwerty');
INSERT INTO interviewee (id, username, age, gender, country, marital_status) VALUES ('3c8c8f2f-12aa-46df-b295-72e62c13e18d', 'interviewee654', 25, 'male', 'CA', 'was_not_married');
INSERT INTO choice (id, questionnaire_id, interviewee_id) VALUES ('41dd9844-828c-46ee-be11-1e0d32dc7ba7', '05e2761c-9435-4970-ad6d-245d7a696140', '3c8c8f2f-12aa-46df-b295-72e62c13e18d');
INSERT INTO option_choice (option_id, choice_id) VALUES ('821d408d-9a3b-4716-a443-69cb45197037', '41dd9844-828c-46ee-be11-1e0d32dc7ba7');
INSERT INTO option_choice (option_id, choice_id) VALUES ('26fa513d-ade2-4822-81ac-a6d8dc123679', '41dd9844-828c-46ee-be11-1e0d32dc7ba7');
INSERT INTO option_choice (option_id, choice_id) VALUES ('cd3191da-899e-4773-b914-291725c8c108', '41dd9844-828c-46ee-be11-1e0d32dc7ba7');
INSERT INTO option_choice (option_id, choice_id) VALUES ('ee58bf05-12ff-45e4-b7e9-d37a70181de4', '41dd9844-828c-46ee-be11-1e0d32dc7ba7');
INSERT INTO choice (id, questionnaire_id, interviewee_id) VALUES ('5f288f69-62f1-49ac-8df7-72bd5d140c2e', 'b6df4d49-3f70-4802-90cb-4ab89e24a427', '3c8c8f2f-12aa-46df-b295-72e62c13e18d');
INSERT INTO option_choice (option_id, choice_id) VALUES ('6168252e-0547-486b-8613-2eec6678d5a2', '5f288f69-62f1-49ac-8df7-72bd5d140c2e');
INSERT INTO principal (username, password) VALUES ('interviewee655', 'qwerty');
INSERT INTO interviewee (id, username, age, gender, country, marital_status) VALUES ('b980172d-e8e7-4797-b063-15417c4bd5cd', 'interviewee655', 53, 'male', 'FR', 'married');
INSERT INTO choice (id, questionnaire_id, interviewee_id) VALUES ('501b4f4d-6017-4926-9673-16bc404343d3', '5b0a67f5-cbf2-4fde-b526-fd512ff68e24', 'b980172d-e8e7-4797-b063-15417c4bd5cd');
INSERT INTO option_choice (option_id, choice_id) VALUES ('a8cdd5b8-35f3-4a35-a54f-11129d88f64d', '501b4f4d-6017-4926-9673-16bc404343d3');
INSERT INTO choice (id, questionnaire_id, interviewee_id) VALUES ('e725545a-ca7a-4bf5-9507-c9b810365899', '173a3ab0-8485-4aa4-8787-a2a4414f992e', 'b980172d-e8e7-4797-b063-15417c4bd5cd');
INSERT INTO option_choice (option_id, choice_id) VALUES ('ce62e0a7-1873-4aa1-a448-2fad3cc888ee', 'e725545a-ca7a-4bf5-9507-c9b810365899');
INSERT INTO option_choice (option_id, choice_id) VALUES ('a477d3c8-db0a-4572-a680-b96fd792dc75', 'e725545a-ca7a-4bf5-9507-c9b810365899');
INSERT INTO option_choice (option_id, choice_id) VALUES ('c453fc60-b896-4f66-8dbe-cc55bc42881e', 'e725545a-ca7a-4bf5-9507-c9b810365899');
INSERT INTO option_choice (option_id, choice_id) VALUES ('f9a527bc-3f55-40db-b05e-d549f1801594', 'e725545a-ca7a-4bf5-9507-c9b810365899');
INSERT INTO option_choice (option_id, choice_id) VALUES ('3c8e0934-801c-4afd-98de-7aaf263889f6', 'e725545a-ca7a-4bf5-9507-c9b810365899');
INSERT INTO choice (id, questionnaire_id, interviewee_id) VALUES ('4e467763-85d9-4d58-86c3-4e85a555e76d', '8e156ed6-1a8b-4fe6-9a58-0f7cbdd6af32', 'b980172d-e8e7-4797-b063-15417c4bd5cd');
INSERT INTO option_choice (option_id, choice_id) VALUES ('0628ee4c-c0ee-4de7-be13-535fe01fb064', '4e467763-85d9-4d58-86c3-4e85a555e76d');
INSERT INTO principal (username, password) VALUES ('interviewee656', 'qwerty');
INSERT INTO interviewee (id, username, age, gender, country, marital_status) VALUES ('44616098-8b15-4a07-8e66-80bb6b7d4ae7', 'interviewee656', 51, 'female', 'LC', 'was_not_married');
INSERT INTO choice (id, questionnaire_id, interviewee_id) VALUES ('0c5b92e3-6622-4ac6-a17b-7e6ae279a7fb', '747d0763-c99f-47ce-809b-b378d489a158', '44616098-8b15-4a07-8e66-80bb6b7d4ae7');
INSERT INTO option_choice (option_id, choice_id) VALUES ('65c86d12-f533-40f5-8dd6-10903d890b10', '0c5b92e3-6622-4ac6-a17b-7e6ae279a7fb');
INSERT INTO option_choice (option_id, choice_id) VALUES ('2095cf98-27de-4722-93f9-2c09ae6b4ed1', '0c5b92e3-6622-4ac6-a17b-7e6ae279a7fb');
INSERT INTO option_choice (option_id, choice_id) VALUES ('7cc0569f-f362-4ed1-9343-6ffd1369e812', '0c5b92e3-6622-4ac6-a17b-7e6ae279a7fb');
INSERT INTO principal (username, password) VALUES ('interviewee657', 'qwerty');
INSERT INTO interviewee (id, username, age, gender, country, marital_status) VALUES ('94eb0d01-edc2-4dfc-ac1c-06e361027a77', 'interviewee657', 47, 'female', 'LK', 'divorced');
INSERT INTO choice (id, questionnaire_id, interviewee_id) VALUES ('0fbbca6c-6c5d-487e-a266-249afccd4b6f', '173a3ab0-8485-4aa4-8787-a2a4414f992e', '94eb0d01-edc2-4dfc-ac1c-06e361027a77');
INSERT INTO option_choice (option_id, choice_id) VALUES ('bf89350f-11e0-4471-a3a1-95481edf5acd', '0fbbca6c-6c5d-487e-a266-249afccd4b6f');
INSERT INTO option_choice (option_id, choice_id) VALUES ('e03fcb10-1308-44a4-9ce2-e4eaf10452c1', '0fbbca6c-6c5d-487e-a266-249afccd4b6f');
INSERT INTO option_choice (option_id, choice_id) VALUES ('c453fc60-b896-4f66-8dbe-cc55bc42881e', '0fbbca6c-6c5d-487e-a266-249afccd4b6f');
INSERT INTO choice (id, questionnaire_id, interviewee_id) VALUES ('b2cf2f61-56dd-46a3-b5fe-8014170b3f9a', 'aaacf497-4ae4-46e0-aa2e-27377271bafc', '94eb0d01-edc2-4dfc-ac1c-06e361027a77');
INSERT INTO option_choice (option_id, choice_id) VALUES ('070ce52d-21fd-4380-9c02-d25647a035a6', 'b2cf2f61-56dd-46a3-b5fe-8014170b3f9a');
INSERT INTO choice (id, questionnaire_id, interviewee_id) VALUES ('2e541eeb-b861-438e-8151-7a41e94500cb', '2519c51c-9863-4531-85ff-a7ddd5ea08b2', '94eb0d01-edc2-4dfc-ac1c-06e361027a77');
INSERT INTO option_choice (option_id, choice_id) VALUES ('a3b534e4-0e3d-437c-94bf-14e57f299a2c', '2e541eeb-b861-438e-8151-7a41e94500cb');
INSERT INTO principal (username, password) VALUES ('interviewee658', 'qwerty');
INSERT INTO interviewee (id, username, age, gender, country, marital_status) VALUES ('740bc483-3cd5-4037-9132-1a20abc3b927', 'interviewee658', 44, 'female', 'TZ', 'married');
INSERT INTO choice (id, questionnaire_id, interviewee_id) VALUES ('4411999a-bd7a-4dc2-b6e5-bb64d04a68fa', '858287c2-e494-424b-a03f-6b0a55c2fce3', '740bc483-3cd5-4037-9132-1a20abc3b927');
INSERT INTO option_choice (option_id, choice_id) VALUES ('a7e89931-dbca-4a6f-bdbb-b42e57f2e7f2', '4411999a-bd7a-4dc2-b6e5-bb64d04a68fa');
INSERT INTO option_choice (option_id, choice_id) VALUES ('a1e55f7c-aa45-466f-86bb-0d5e262ca0bc', '4411999a-bd7a-4dc2-b6e5-bb64d04a68fa');
INSERT INTO choice (id, questionnaire_id, interviewee_id) VALUES ('03b99afe-0e53-4f04-bc0f-1eb9be42c4a7', 'aaacf497-4ae4-46e0-aa2e-27377271bafc', '740bc483-3cd5-4037-9132-1a20abc3b927');
INSERT INTO option_choice (option_id, choice_id) VALUES ('070ce52d-21fd-4380-9c02-d25647a035a6', '03b99afe-0e53-4f04-bc0f-1eb9be42c4a7');
INSERT INTO choice (id, questionnaire_id, interviewee_id) VALUES ('fc19761d-d280-445a-8407-11e735ac939e', '173a3ab0-8485-4aa4-8787-a2a4414f992e', '740bc483-3cd5-4037-9132-1a20abc3b927');
INSERT INTO option_choice (option_id, choice_id) VALUES ('e03fcb10-1308-44a4-9ce2-e4eaf10452c1', 'fc19761d-d280-445a-8407-11e735ac939e');
INSERT INTO option_choice (option_id, choice_id) VALUES ('3f698183-af22-44ca-80c1-eb668697e9ea', 'fc19761d-d280-445a-8407-11e735ac939e');
INSERT INTO option_choice (option_id, choice_id) VALUES ('a477d3c8-db0a-4572-a680-b96fd792dc75', 'fc19761d-d280-445a-8407-11e735ac939e');
INSERT INTO principal (username, password) VALUES ('interviewee659', 'qwerty');
INSERT INTO interviewee (id, username, age, gender, country, marital_status) VALUES ('f4c579c5-afec-4abf-afa1-1019733dfba8', 'interviewee659', 62, 'female', 'KZ', 'married');
INSERT INTO choice (id, questionnaire_id, interviewee_id) VALUES ('eb8cb743-8c59-4f71-9feb-5bbd80453f65', '2519c51c-9863-4531-85ff-a7ddd5ea08b2', 'f4c579c5-afec-4abf-afa1-1019733dfba8');
INSERT INTO option_choice (option_id, choice_id) VALUES ('a3b534e4-0e3d-437c-94bf-14e57f299a2c', 'eb8cb743-8c59-4f71-9feb-5bbd80453f65');
INSERT INTO principal (username, password) VALUES ('interviewee660', 'qwerty');
INSERT INTO interviewee (id, username, age, gender, country, marital_status) VALUES ('3a872aea-c6fa-4aa3-a620-a03b0983976d', 'interviewee660', 20, 'male', 'SS', 'divorced');
INSERT INTO choice (id, questionnaire_id, interviewee_id) VALUES ('bc50ff16-3550-44b2-839d-4c0e09c40a4c', '81a3f075-1324-4e67-90a5-493fe3324435', '3a872aea-c6fa-4aa3-a620-a03b0983976d');
INSERT INTO option_choice (option_id, choice_id) VALUES ('a1737a4b-bfa2-4208-a103-ca4bea3afaaf', 'bc50ff16-3550-44b2-839d-4c0e09c40a4c');
INSERT INTO option_choice (option_id, choice_id) VALUES ('a0eef1f9-547a-4823-b7e0-bb52d6891f8f', 'bc50ff16-3550-44b2-839d-4c0e09c40a4c');
INSERT INTO choice (id, questionnaire_id, interviewee_id) VALUES ('497b4e13-e48d-4561-881a-23efd417844b', '5b0a67f5-cbf2-4fde-b526-fd512ff68e24', '3a872aea-c6fa-4aa3-a620-a03b0983976d');
INSERT INTO option_choice (option_id, choice_id) VALUES ('ce5bf814-daca-4ca0-825d-8408f4fe06ed', '497b4e13-e48d-4561-881a-23efd417844b');
INSERT INTO choice (id, questionnaire_id, interviewee_id) VALUES ('a902158c-8862-4155-a2c6-ec02b6cd7aeb', '08310229-5370-44f1-8071-5c56f92e3dc5', '3a872aea-c6fa-4aa3-a620-a03b0983976d');
INSERT INTO option_choice (option_id, choice_id) VALUES ('38336259-fa95-40f4-865c-eff171ebbb80', 'a902158c-8862-4155-a2c6-ec02b6cd7aeb');
INSERT INTO principal (username, password) VALUES ('interviewee661', 'qwerty');
INSERT INTO interviewee (id, username, age, gender, country, marital_status) VALUES ('5ec8ec6e-797a-49c6-a357-68d39d8a6333', 'interviewee661', 34, 'female', 'NI', 'divorced');
INSERT INTO choice (id, questionnaire_id, interviewee_id) VALUES ('abc15ddc-342e-47f7-81f1-5741d0a1f6c7', '05e2761c-9435-4970-ad6d-245d7a696140', '5ec8ec6e-797a-49c6-a357-68d39d8a6333');
INSERT INTO option_choice (option_id, choice_id) VALUES ('ee58bf05-12ff-45e4-b7e9-d37a70181de4', 'abc15ddc-342e-47f7-81f1-5741d0a1f6c7');
INSERT INTO option_choice (option_id, choice_id) VALUES ('26fa513d-ade2-4822-81ac-a6d8dc123679', 'abc15ddc-342e-47f7-81f1-5741d0a1f6c7');
INSERT INTO option_choice (option_id, choice_id) VALUES ('cd3191da-899e-4773-b914-291725c8c108', 'abc15ddc-342e-47f7-81f1-5741d0a1f6c7');
INSERT INTO option_choice (option_id, choice_id) VALUES ('4431f860-831f-4fdf-9dbb-76fbdb1006a1', 'abc15ddc-342e-47f7-81f1-5741d0a1f6c7');
INSERT INTO choice (id, questionnaire_id, interviewee_id) VALUES ('f7a84bd4-8138-477d-b075-bba1e444c511', '8e156ed6-1a8b-4fe6-9a58-0f7cbdd6af32', '5ec8ec6e-797a-49c6-a357-68d39d8a6333');
INSERT INTO option_choice (option_id, choice_id) VALUES ('358a2bcc-fa9d-4ee1-915b-f4d44b5896ff', 'f7a84bd4-8138-477d-b075-bba1e444c511');
INSERT INTO principal (username, password) VALUES ('interviewee662', 'qwerty');
INSERT INTO interviewee (id, username, age, gender, country, marital_status) VALUES ('4f6c543a-f9c8-41de-b290-0ad2690011ec', 'interviewee662', 44, 'male', 'GI', 'married');
INSERT INTO choice (id, questionnaire_id, interviewee_id) VALUES ('2bfb508f-26b2-4a63-a6c5-c13952fa26c3', '8e156ed6-1a8b-4fe6-9a58-0f7cbdd6af32', '4f6c543a-f9c8-41de-b290-0ad2690011ec');
INSERT INTO option_choice (option_id, choice_id) VALUES ('7fae89aa-9ca6-4957-9ced-40423f6209b1', '2bfb508f-26b2-4a63-a6c5-c13952fa26c3');
INSERT INTO choice (id, questionnaire_id, interviewee_id) VALUES ('42bf9549-4341-4462-8e50-6af6e1a16c57', '858287c2-e494-424b-a03f-6b0a55c2fce3', '4f6c543a-f9c8-41de-b290-0ad2690011ec');
INSERT INTO option_choice (option_id, choice_id) VALUES ('a7e89931-dbca-4a6f-bdbb-b42e57f2e7f2', '42bf9549-4341-4462-8e50-6af6e1a16c57');
INSERT INTO option_choice (option_id, choice_id) VALUES ('a1e55f7c-aa45-466f-86bb-0d5e262ca0bc', '42bf9549-4341-4462-8e50-6af6e1a16c57');
INSERT INTO principal (username, password) VALUES ('interviewee663', 'qwerty');
INSERT INTO interviewee (id, username, age, gender, country, marital_status) VALUES ('0accfe0f-e272-40fb-8db7-ab606e3597ea', 'interviewee663', 56, 'male', 'MG', 'married');
INSERT INTO choice (id, questionnaire_id, interviewee_id) VALUES ('10f8da1f-a665-42f7-a763-e77fce80163d', 'aaacf497-4ae4-46e0-aa2e-27377271bafc', '0accfe0f-e272-40fb-8db7-ab606e3597ea');
INSERT INTO option_choice (option_id, choice_id) VALUES ('070ce52d-21fd-4380-9c02-d25647a035a6', '10f8da1f-a665-42f7-a763-e77fce80163d');
INSERT INTO principal (username, password) VALUES ('interviewee664', 'qwerty');
INSERT INTO interviewee (id, username, age, gender, country, marital_status) VALUES ('5cf8c9bb-7af0-43fe-a7ed-099752bcd261', 'interviewee664', 37, 'female', 'KR', 'divorced');
INSERT INTO choice (id, questionnaire_id, interviewee_id) VALUES ('45df5e06-5fdf-41e3-9af3-39a01900e7ce', '5b0a67f5-cbf2-4fde-b526-fd512ff68e24', '5cf8c9bb-7af0-43fe-a7ed-099752bcd261');
INSERT INTO option_choice (option_id, choice_id) VALUES ('97aa1845-210d-4e42-8c05-737698b0c66c', '45df5e06-5fdf-41e3-9af3-39a01900e7ce');
INSERT INTO principal (username, password) VALUES ('interviewee665', 'qwerty');
INSERT INTO interviewee (id, username, age, gender, country, marital_status) VALUES ('d1007a35-134e-4c84-910e-1d8fb7031dd0', 'interviewee665', 27, 'male', 'LU', 'married');
INSERT INTO choice (id, questionnaire_id, interviewee_id) VALUES ('6a59cbe7-efe2-4186-aa2d-8a10982d1b9d', '05e2761c-9435-4970-ad6d-245d7a696140', 'd1007a35-134e-4c84-910e-1d8fb7031dd0');
INSERT INTO option_choice (option_id, choice_id) VALUES ('ee58bf05-12ff-45e4-b7e9-d37a70181de4', '6a59cbe7-efe2-4186-aa2d-8a10982d1b9d');
INSERT INTO option_choice (option_id, choice_id) VALUES ('26fa513d-ade2-4822-81ac-a6d8dc123679', '6a59cbe7-efe2-4186-aa2d-8a10982d1b9d');
INSERT INTO option_choice (option_id, choice_id) VALUES ('cd3191da-899e-4773-b914-291725c8c108', '6a59cbe7-efe2-4186-aa2d-8a10982d1b9d');
INSERT INTO choice (id, questionnaire_id, interviewee_id) VALUES ('e887d0ad-b37b-4ca9-8a05-ebe6ed1f00ef', '173a3ab0-8485-4aa4-8787-a2a4414f992e', 'd1007a35-134e-4c84-910e-1d8fb7031dd0');
INSERT INTO option_choice (option_id, choice_id) VALUES ('e03fcb10-1308-44a4-9ce2-e4eaf10452c1', 'e887d0ad-b37b-4ca9-8a05-ebe6ed1f00ef');
INSERT INTO choice (id, questionnaire_id, interviewee_id) VALUES ('28f8ee89-9cb9-4376-a096-05c09ac5bcb3', '81a3f075-1324-4e67-90a5-493fe3324435', 'd1007a35-134e-4c84-910e-1d8fb7031dd0');
INSERT INTO option_choice (option_id, choice_id) VALUES ('c0afeee2-6628-4404-bc41-32bc0a1505c5', '28f8ee89-9cb9-4376-a096-05c09ac5bcb3');
INSERT INTO option_choice (option_id, choice_id) VALUES ('c5035143-d5d2-4934-8b99-4e66507a8603', '28f8ee89-9cb9-4376-a096-05c09ac5bcb3');
INSERT INTO principal (username, password) VALUES ('interviewee666', 'qwerty');
INSERT INTO interviewee (id, username, age, gender, country, marital_status) VALUES ('ef5b2bbe-e635-4d4d-89bd-03f8d6853af0', 'interviewee666', 53, 'male', 'GG', 'was_not_married');
INSERT INTO choice (id, questionnaire_id, interviewee_id) VALUES ('d19a909f-c84e-4f9f-be3f-507317963f92', 'e4d0ba66-5e11-433c-8243-4d890cceaf69', 'ef5b2bbe-e635-4d4d-89bd-03f8d6853af0');
INSERT INTO option_choice (option_id, choice_id) VALUES ('cb637eae-3b8f-4d17-81fb-9b271857e55c', 'd19a909f-c84e-4f9f-be3f-507317963f92');
INSERT INTO choice (id, questionnaire_id, interviewee_id) VALUES ('0079a5ff-0f03-4da3-a7c6-f999a32492b6', 'b5c886d7-e86f-4083-958a-cbd232db7a84', 'ef5b2bbe-e635-4d4d-89bd-03f8d6853af0');
INSERT INTO option_choice (option_id, choice_id) VALUES ('c7575671-3918-48d7-bc48-356ad1dd79e9', '0079a5ff-0f03-4da3-a7c6-f999a32492b6');
INSERT INTO choice (id, questionnaire_id, interviewee_id) VALUES ('1611e7f5-5de3-4608-b164-831df59adf75', 'c6dd214b-43b7-401f-afe6-a5ab0d2d7767', 'ef5b2bbe-e635-4d4d-89bd-03f8d6853af0');
INSERT INTO option_choice (option_id, choice_id) VALUES ('c134384c-5eda-4957-9883-b965681b9fef', '1611e7f5-5de3-4608-b164-831df59adf75');
INSERT INTO option_choice (option_id, choice_id) VALUES ('9d2a2dd1-7979-48a6-a0b7-3de8fdea75b6', '1611e7f5-5de3-4608-b164-831df59adf75');
INSERT INTO option_choice (option_id, choice_id) VALUES ('17ceef0b-83da-42ec-a82c-9090a9be74af', '1611e7f5-5de3-4608-b164-831df59adf75');
INSERT INTO principal (username, password) VALUES ('interviewee667', 'qwerty');
INSERT INTO interviewee (id, username, age, gender, country, marital_status) VALUES ('cbc4d23f-89db-482b-b21f-11410d4a3534', 'interviewee667', 20, 'female', 'CM', 'divorced');
INSERT INTO choice (id, questionnaire_id, interviewee_id) VALUES ('66157ffe-ccac-4b5c-a7cd-1a6ee13ef02f', '48b4658e-bc90-4bd2-97bb-92484114dfea', 'cbc4d23f-89db-482b-b21f-11410d4a3534');
INSERT INTO option_choice (option_id, choice_id) VALUES ('db310764-efc3-46ab-9d86-9914e34aa6cd', '66157ffe-ccac-4b5c-a7cd-1a6ee13ef02f');
INSERT INTO choice (id, questionnaire_id, interviewee_id) VALUES ('229a10ee-6c2e-4dc3-a6e2-7e34fac0cde6', 'e4d0ba66-5e11-433c-8243-4d890cceaf69', 'cbc4d23f-89db-482b-b21f-11410d4a3534');
INSERT INTO option_choice (option_id, choice_id) VALUES ('7cfec70e-33b3-4c68-9c38-38cf292cd0f9', '229a10ee-6c2e-4dc3-a6e2-7e34fac0cde6');
INSERT INTO option_choice (option_id, choice_id) VALUES ('cb637eae-3b8f-4d17-81fb-9b271857e55c', '229a10ee-6c2e-4dc3-a6e2-7e34fac0cde6');
INSERT INTO choice (id, questionnaire_id, interviewee_id) VALUES ('224ba896-bf27-44f4-8cf0-bdc73fb79245', 'e20dbb22-091f-4137-8450-fdeaea74363f', 'cbc4d23f-89db-482b-b21f-11410d4a3534');
INSERT INTO option_choice (option_id, choice_id) VALUES ('49d1bc1f-0fd1-4dad-ab6d-b123ea13d33a', '224ba896-bf27-44f4-8cf0-bdc73fb79245');
INSERT INTO principal (username, password) VALUES ('interviewee668', 'qwerty');
INSERT INTO interviewee (id, username, age, gender, country, marital_status) VALUES ('6b6356f2-aa17-45d0-8ee2-7d5ad9a05485', 'interviewee668', 47, 'female', 'CH', 'was_not_married');
INSERT INTO choice (id, questionnaire_id, interviewee_id) VALUES ('bd203292-6a30-4eaa-a0d1-ac81451f40f2', 'e4d0ba66-5e11-433c-8243-4d890cceaf69', '6b6356f2-aa17-45d0-8ee2-7d5ad9a05485');
INSERT INTO option_choice (option_id, choice_id) VALUES ('7cfec70e-33b3-4c68-9c38-38cf292cd0f9', 'bd203292-6a30-4eaa-a0d1-ac81451f40f2');
INSERT INTO option_choice (option_id, choice_id) VALUES ('cb637eae-3b8f-4d17-81fb-9b271857e55c', 'bd203292-6a30-4eaa-a0d1-ac81451f40f2');
INSERT INTO choice (id, questionnaire_id, interviewee_id) VALUES ('1c1d8ccc-0f5e-4bf3-93cb-0c8695f9c433', '51436662-4eca-40ce-b552-b1c7486cf609', '6b6356f2-aa17-45d0-8ee2-7d5ad9a05485');
INSERT INTO option_choice (option_id, choice_id) VALUES ('e4c4b240-61c9-4253-a93b-9a7768fbfe3f', '1c1d8ccc-0f5e-4bf3-93cb-0c8695f9c433');
INSERT INTO choice (id, questionnaire_id, interviewee_id) VALUES ('a2c49998-7465-4dfa-9405-aaf7e9a93dfa', '49c46fd6-2111-4ef5-8b91-9ee67132426d', '6b6356f2-aa17-45d0-8ee2-7d5ad9a05485');
INSERT INTO option_choice (option_id, choice_id) VALUES ('1edad7c9-bfa7-40be-bc47-62530b1df2c4', 'a2c49998-7465-4dfa-9405-aaf7e9a93dfa');
INSERT INTO principal (username, password) VALUES ('interviewee669', 'qwerty');
INSERT INTO interviewee (id, username, age, gender, country, marital_status) VALUES ('74322591-c55d-427b-a944-952bf3485573', 'interviewee669', 37, 'male', 'SO', 'was_not_married');
INSERT INTO choice (id, questionnaire_id, interviewee_id) VALUES ('646eabdf-2c0e-4985-94d4-43141b03eea0', '51436662-4eca-40ce-b552-b1c7486cf609', '74322591-c55d-427b-a944-952bf3485573');
INSERT INTO option_choice (option_id, choice_id) VALUES ('259215cc-47cc-4165-befd-cf997b4aaf7e', '646eabdf-2c0e-4985-94d4-43141b03eea0');
INSERT INTO choice (id, questionnaire_id, interviewee_id) VALUES ('4fb0c440-5d9f-4750-9c8a-f313c80f8b5f', '4a4f7cbc-8533-42b3-923b-6b4309f53c64', '74322591-c55d-427b-a944-952bf3485573');
INSERT INTO option_choice (option_id, choice_id) VALUES ('3372ec3f-fffa-472e-ac84-938ef71e30be', '4fb0c440-5d9f-4750-9c8a-f313c80f8b5f');
INSERT INTO choice (id, questionnaire_id, interviewee_id) VALUES ('b95436a0-a40f-4ca8-a255-ed98eaddd1fe', 'e4d0ba66-5e11-433c-8243-4d890cceaf69', '74322591-c55d-427b-a944-952bf3485573');
INSERT INTO option_choice (option_id, choice_id) VALUES ('cb637eae-3b8f-4d17-81fb-9b271857e55c', 'b95436a0-a40f-4ca8-a255-ed98eaddd1fe');
INSERT INTO option_choice (option_id, choice_id) VALUES ('7cfec70e-33b3-4c68-9c38-38cf292cd0f9', 'b95436a0-a40f-4ca8-a255-ed98eaddd1fe');
INSERT INTO principal (username, password) VALUES ('interviewee670', 'qwerty');
INSERT INTO interviewee (id, username, age, gender, country, marital_status) VALUES ('0f387bd2-757a-4a12-84e0-780fd04725ab', 'interviewee670', 48, 'female', 'MR', 'married');
INSERT INTO choice (id, questionnaire_id, interviewee_id) VALUES ('e0fa5544-d124-413f-a283-f22c3015b4cd', 'aaacf497-4ae4-46e0-aa2e-27377271bafc', '0f387bd2-757a-4a12-84e0-780fd04725ab');
INSERT INTO option_choice (option_id, choice_id) VALUES ('4d7025a3-7520-4447-9769-c495cb62415e', 'e0fa5544-d124-413f-a283-f22c3015b4cd');
INSERT INTO principal (username, password) VALUES ('interviewee671', 'qwerty');
INSERT INTO interviewee (id, username, age, gender, country, marital_status) VALUES ('142d9cb1-df02-4ab9-922c-51275b24d54f', 'interviewee671', 30, 'female', 'ZA', 'married');
INSERT INTO choice (id, questionnaire_id, interviewee_id) VALUES ('0a1bec61-2895-4d4a-8b56-63390139c1f4', '173a3ab0-8485-4aa4-8787-a2a4414f992e', '142d9cb1-df02-4ab9-922c-51275b24d54f');
INSERT INTO option_choice (option_id, choice_id) VALUES ('3f698183-af22-44ca-80c1-eb668697e9ea', '0a1bec61-2895-4d4a-8b56-63390139c1f4');
INSERT INTO option_choice (option_id, choice_id) VALUES ('f9a527bc-3f55-40db-b05e-d549f1801594', '0a1bec61-2895-4d4a-8b56-63390139c1f4');
INSERT INTO option_choice (option_id, choice_id) VALUES ('a477d3c8-db0a-4572-a680-b96fd792dc75', '0a1bec61-2895-4d4a-8b56-63390139c1f4');
INSERT INTO choice (id, questionnaire_id, interviewee_id) VALUES ('5fa05b52-1603-4cc0-8990-400d89a40446', '08310229-5370-44f1-8071-5c56f92e3dc5', '142d9cb1-df02-4ab9-922c-51275b24d54f');
INSERT INTO option_choice (option_id, choice_id) VALUES ('996311da-bd48-491d-b381-d19b001465c4', '5fa05b52-1603-4cc0-8990-400d89a40446');
INSERT INTO choice (id, questionnaire_id, interviewee_id) VALUES ('c80efdcc-7209-4b58-9c39-2fbc5f223086', '747d0763-c99f-47ce-809b-b378d489a158', '142d9cb1-df02-4ab9-922c-51275b24d54f');
INSERT INTO option_choice (option_id, choice_id) VALUES ('65c86d12-f533-40f5-8dd6-10903d890b10', 'c80efdcc-7209-4b58-9c39-2fbc5f223086');
INSERT INTO option_choice (option_id, choice_id) VALUES ('2095cf98-27de-4722-93f9-2c09ae6b4ed1', 'c80efdcc-7209-4b58-9c39-2fbc5f223086');
INSERT INTO principal (username, password) VALUES ('interviewee672', 'qwerty');
INSERT INTO interviewee (id, username, age, gender, country, marital_status) VALUES ('4bb27f96-6857-465c-8fa8-9e397dd7252c', 'interviewee672', 25, 'female', 'MT', 'divorced');
INSERT INTO choice (id, questionnaire_id, interviewee_id) VALUES ('6921fdd7-4e6b-45e3-b4e2-248f57ac8802', '05e2761c-9435-4970-ad6d-245d7a696140', '4bb27f96-6857-465c-8fa8-9e397dd7252c');
INSERT INTO option_choice (option_id, choice_id) VALUES ('4431f860-831f-4fdf-9dbb-76fbdb1006a1', '6921fdd7-4e6b-45e3-b4e2-248f57ac8802');
INSERT INTO option_choice (option_id, choice_id) VALUES ('821d408d-9a3b-4716-a443-69cb45197037', '6921fdd7-4e6b-45e3-b4e2-248f57ac8802');
INSERT INTO option_choice (option_id, choice_id) VALUES ('ee58bf05-12ff-45e4-b7e9-d37a70181de4', '6921fdd7-4e6b-45e3-b4e2-248f57ac8802');
INSERT INTO choice (id, questionnaire_id, interviewee_id) VALUES ('d71fc395-b0c7-4ae6-bce3-6326daa2f004', '173a3ab0-8485-4aa4-8787-a2a4414f992e', '4bb27f96-6857-465c-8fa8-9e397dd7252c');
INSERT INTO option_choice (option_id, choice_id) VALUES ('3c8e0934-801c-4afd-98de-7aaf263889f6', 'd71fc395-b0c7-4ae6-bce3-6326daa2f004');
INSERT INTO option_choice (option_id, choice_id) VALUES ('e03fcb10-1308-44a4-9ce2-e4eaf10452c1', 'd71fc395-b0c7-4ae6-bce3-6326daa2f004');
INSERT INTO option_choice (option_id, choice_id) VALUES ('bf89350f-11e0-4471-a3a1-95481edf5acd', 'd71fc395-b0c7-4ae6-bce3-6326daa2f004');
INSERT INTO principal (username, password) VALUES ('interviewee673', 'qwerty');
INSERT INTO interviewee (id, username, age, gender, country, marital_status) VALUES ('670c738f-a67a-41fe-8a99-c979f5127c0e', 'interviewee673', 25, 'female', 'FO', 'divorced');
INSERT INTO choice (id, questionnaire_id, interviewee_id) VALUES ('45cf67ba-795d-434c-b644-7f3cd902bf26', '08310229-5370-44f1-8071-5c56f92e3dc5', '670c738f-a67a-41fe-8a99-c979f5127c0e');
INSERT INTO option_choice (option_id, choice_id) VALUES ('7197ba86-c78b-43c4-bd28-4635a7094531', '45cf67ba-795d-434c-b644-7f3cd902bf26');
INSERT INTO choice (id, questionnaire_id, interviewee_id) VALUES ('f8e0cf05-9149-45f5-8da1-5b0b3bc45997', '4a4f7cbc-8533-42b3-923b-6b4309f53c64', '670c738f-a67a-41fe-8a99-c979f5127c0e');
INSERT INTO option_choice (option_id, choice_id) VALUES ('4afeb111-4ddc-421c-ad31-de17e1e12b0c', 'f8e0cf05-9149-45f5-8da1-5b0b3bc45997');
INSERT INTO choice (id, questionnaire_id, interviewee_id) VALUES ('da46bf2d-a0a9-4938-80f5-8ee412b6d9f3', '48b4658e-bc90-4bd2-97bb-92484114dfea', '670c738f-a67a-41fe-8a99-c979f5127c0e');
INSERT INTO option_choice (option_id, choice_id) VALUES ('db310764-efc3-46ab-9d86-9914e34aa6cd', 'da46bf2d-a0a9-4938-80f5-8ee412b6d9f3');
INSERT INTO principal (username, password) VALUES ('interviewee674', 'qwerty');
INSERT INTO interviewee (id, username, age, gender, country, marital_status) VALUES ('c3c3ff56-5065-48e2-938e-930935778ef3', 'interviewee674', 17, 'male', 'GS', 'married');
INSERT INTO choice (id, questionnaire_id, interviewee_id) VALUES ('f399809c-9e77-4806-863a-a2e5041509fc', '747d0763-c99f-47ce-809b-b378d489a158', 'c3c3ff56-5065-48e2-938e-930935778ef3');
INSERT INTO option_choice (option_id, choice_id) VALUES ('65c86d12-f533-40f5-8dd6-10903d890b10', 'f399809c-9e77-4806-863a-a2e5041509fc');
INSERT INTO option_choice (option_id, choice_id) VALUES ('7cc0569f-f362-4ed1-9343-6ffd1369e812', 'f399809c-9e77-4806-863a-a2e5041509fc');
INSERT INTO choice (id, questionnaire_id, interviewee_id) VALUES ('cbd07978-3cf4-4e4b-86fd-5df5f2d3c13b', 'b5c886d7-e86f-4083-958a-cbd232db7a84', 'c3c3ff56-5065-48e2-938e-930935778ef3');
INSERT INTO option_choice (option_id, choice_id) VALUES ('9d7ea78f-0edc-43db-94d7-3d31213df760', 'cbd07978-3cf4-4e4b-86fd-5df5f2d3c13b');
INSERT INTO choice (id, questionnaire_id, interviewee_id) VALUES ('0dbbc867-31c0-41e4-b861-ec4250d6d10f', '2519c51c-9863-4531-85ff-a7ddd5ea08b2', 'c3c3ff56-5065-48e2-938e-930935778ef3');
INSERT INTO option_choice (option_id, choice_id) VALUES ('a3b534e4-0e3d-437c-94bf-14e57f299a2c', '0dbbc867-31c0-41e4-b861-ec4250d6d10f');
INSERT INTO principal (username, password) VALUES ('interviewee675', 'qwerty');
INSERT INTO interviewee (id, username, age, gender, country, marital_status) VALUES ('91222bdf-12b9-490c-9507-2a7554874c1d', 'interviewee675', 66, 'male', 'LC', 'divorced');
INSERT INTO choice (id, questionnaire_id, interviewee_id) VALUES ('0f708a97-e43b-4079-8fda-588a999065cf', '49c46fd6-2111-4ef5-8b91-9ee67132426d', '91222bdf-12b9-490c-9507-2a7554874c1d');
INSERT INTO option_choice (option_id, choice_id) VALUES ('1edad7c9-bfa7-40be-bc47-62530b1df2c4', '0f708a97-e43b-4079-8fda-588a999065cf');
INSERT INTO choice (id, questionnaire_id, interviewee_id) VALUES ('a8a0507d-ea10-4b3e-930c-2e73a5b0c42a', 'aaacf497-4ae4-46e0-aa2e-27377271bafc', '91222bdf-12b9-490c-9507-2a7554874c1d');
INSERT INTO option_choice (option_id, choice_id) VALUES ('4d7025a3-7520-4447-9769-c495cb62415e', 'a8a0507d-ea10-4b3e-930c-2e73a5b0c42a');
INSERT INTO principal (username, password) VALUES ('interviewee676', 'qwerty');
INSERT INTO interviewee (id, username, age, gender, country, marital_status) VALUES ('2f99806c-b602-474a-bcfa-2981d8e288de', 'interviewee676', 39, 'male', 'VC', 'was_not_married');
INSERT INTO choice (id, questionnaire_id, interviewee_id) VALUES ('987daa6a-3cff-47f9-9432-24012c5e4807', '407203dd-9657-46e6-975f-3be5d664dd2a', '2f99806c-b602-474a-bcfa-2981d8e288de');
INSERT INTO option_choice (option_id, choice_id) VALUES ('ee1ee86e-3cfc-4173-b109-2a69851e8943', '987daa6a-3cff-47f9-9432-24012c5e4807');
INSERT INTO choice (id, questionnaire_id, interviewee_id) VALUES ('0c70f7b1-c130-4b9e-b46b-9a1c7ef93ed4', '858287c2-e494-424b-a03f-6b0a55c2fce3', '2f99806c-b602-474a-bcfa-2981d8e288de');
INSERT INTO option_choice (option_id, choice_id) VALUES ('f2fd1a72-0ca7-41a6-ad15-7bc21a02fe73', '0c70f7b1-c130-4b9e-b46b-9a1c7ef93ed4');
INSERT INTO choice (id, questionnaire_id, interviewee_id) VALUES ('10ca41bf-8052-4e6f-b76b-a7fddc11e181', '81a3f075-1324-4e67-90a5-493fe3324435', '2f99806c-b602-474a-bcfa-2981d8e288de');
INSERT INTO option_choice (option_id, choice_id) VALUES ('ab9020e3-a12b-46eb-97f0-79dcfaab7356', '10ca41bf-8052-4e6f-b76b-a7fddc11e181');
INSERT INTO principal (username, password) VALUES ('interviewee677', 'qwerty');
INSERT INTO interviewee (id, username, age, gender, country, marital_status) VALUES ('13206e8e-bed0-4472-a4e3-37c27326ef45', 'interviewee677', 47, 'female', 'NI', 'was_not_married');
INSERT INTO choice (id, questionnaire_id, interviewee_id) VALUES ('020ba278-528d-445c-af95-6d1d83ee2741', '05e2761c-9435-4970-ad6d-245d7a696140', '13206e8e-bed0-4472-a4e3-37c27326ef45');
INSERT INTO option_choice (option_id, choice_id) VALUES ('4431f860-831f-4fdf-9dbb-76fbdb1006a1', '020ba278-528d-445c-af95-6d1d83ee2741');
INSERT INTO option_choice (option_id, choice_id) VALUES ('ee58bf05-12ff-45e4-b7e9-d37a70181de4', '020ba278-528d-445c-af95-6d1d83ee2741');
INSERT INTO option_choice (option_id, choice_id) VALUES ('cd3191da-899e-4773-b914-291725c8c108', '020ba278-528d-445c-af95-6d1d83ee2741');
INSERT INTO choice (id, questionnaire_id, interviewee_id) VALUES ('a63ee361-f530-46a9-9ba3-b8a13bd26eac', '51436662-4eca-40ce-b552-b1c7486cf609', '13206e8e-bed0-4472-a4e3-37c27326ef45');
INSERT INTO option_choice (option_id, choice_id) VALUES ('259215cc-47cc-4165-befd-cf997b4aaf7e', 'a63ee361-f530-46a9-9ba3-b8a13bd26eac');
INSERT INTO choice (id, questionnaire_id, interviewee_id) VALUES ('bea1dd74-886b-48b0-8aa2-581ece855ec9', 'c6dd214b-43b7-401f-afe6-a5ab0d2d7767', '13206e8e-bed0-4472-a4e3-37c27326ef45');
INSERT INTO option_choice (option_id, choice_id) VALUES ('069a6758-231c-4064-8e44-a0db84e86a21', 'bea1dd74-886b-48b0-8aa2-581ece855ec9');
INSERT INTO option_choice (option_id, choice_id) VALUES ('9d2a2dd1-7979-48a6-a0b7-3de8fdea75b6', 'bea1dd74-886b-48b0-8aa2-581ece855ec9');
INSERT INTO principal (username, password) VALUES ('interviewee678', 'qwerty');
INSERT INTO interviewee (id, username, age, gender, country, marital_status) VALUES ('f3525f17-26b0-4228-9a11-493968a1337c', 'interviewee678', 21, 'male', 'PL', 'was_not_married');
INSERT INTO choice (id, questionnaire_id, interviewee_id) VALUES ('5d3aa19f-6e16-4969-b5a6-a3c1562364a1', 'c6dd214b-43b7-401f-afe6-a5ab0d2d7767', 'f3525f17-26b0-4228-9a11-493968a1337c');
INSERT INTO option_choice (option_id, choice_id) VALUES ('069a6758-231c-4064-8e44-a0db84e86a21', '5d3aa19f-6e16-4969-b5a6-a3c1562364a1');
INSERT INTO principal (username, password) VALUES ('interviewee679', 'qwerty');
INSERT INTO interviewee (id, username, age, gender, country, marital_status) VALUES ('e149f7b7-6a07-422a-8ef4-1b98f79b06c5', 'interviewee679', 58, 'female', 'UM', 'married');
INSERT INTO choice (id, questionnaire_id, interviewee_id) VALUES ('3f69de7a-0811-459c-ba48-4c3e139af691', '49c46fd6-2111-4ef5-8b91-9ee67132426d', 'e149f7b7-6a07-422a-8ef4-1b98f79b06c5');
INSERT INTO option_choice (option_id, choice_id) VALUES ('210da814-c19f-4c77-ba7b-e598584d62e4', '3f69de7a-0811-459c-ba48-4c3e139af691');
INSERT INTO choice (id, questionnaire_id, interviewee_id) VALUES ('85d000e5-6a4c-460b-824c-c61ac889b8df', 'b6df4d49-3f70-4802-90cb-4ab89e24a427', 'e149f7b7-6a07-422a-8ef4-1b98f79b06c5');
INSERT INTO option_choice (option_id, choice_id) VALUES ('77609489-aa8b-4a3f-960d-ae51ced640c1', '85d000e5-6a4c-460b-824c-c61ac889b8df');
INSERT INTO principal (username, password) VALUES ('interviewee680', 'qwerty');
INSERT INTO interviewee (id, username, age, gender, country, marital_status) VALUES ('12f3597b-3f02-45fa-bc01-d67a6c6df4ab', 'interviewee680', 39, 'female', 'SK', 'married');
INSERT INTO choice (id, questionnaire_id, interviewee_id) VALUES ('525966a8-77f0-4559-9e23-158a77ffee5e', '48b4658e-bc90-4bd2-97bb-92484114dfea', '12f3597b-3f02-45fa-bc01-d67a6c6df4ab');
INSERT INTO option_choice (option_id, choice_id) VALUES ('db310764-efc3-46ab-9d86-9914e34aa6cd', '525966a8-77f0-4559-9e23-158a77ffee5e');
INSERT INTO choice (id, questionnaire_id, interviewee_id) VALUES ('29bbac5c-c97e-4c65-ad2a-ea2c756ddc88', '407203dd-9657-46e6-975f-3be5d664dd2a', '12f3597b-3f02-45fa-bc01-d67a6c6df4ab');
INSERT INTO option_choice (option_id, choice_id) VALUES ('ba4c9312-3e73-4c11-bce9-7ba2e084dd49', '29bbac5c-c97e-4c65-ad2a-ea2c756ddc88');
INSERT INTO principal (username, password) VALUES ('interviewee681', 'qwerty');
INSERT INTO interviewee (id, username, age, gender, country, marital_status) VALUES ('77498e51-c7a2-4c7d-a1da-3c8111aad09a', 'interviewee681', 20, 'male', 'UG', 'was_not_married');
INSERT INTO choice (id, questionnaire_id, interviewee_id) VALUES ('61184f4f-0a71-43b7-af5e-18ec3921b06c', '49c46fd6-2111-4ef5-8b91-9ee67132426d', '77498e51-c7a2-4c7d-a1da-3c8111aad09a');
INSERT INTO option_choice (option_id, choice_id) VALUES ('210da814-c19f-4c77-ba7b-e598584d62e4', '61184f4f-0a71-43b7-af5e-18ec3921b06c');
INSERT INTO choice (id, questionnaire_id, interviewee_id) VALUES ('76386df6-9272-43f1-a3a5-81c0ecec51d5', '4a4f7cbc-8533-42b3-923b-6b4309f53c64', '77498e51-c7a2-4c7d-a1da-3c8111aad09a');
INSERT INTO option_choice (option_id, choice_id) VALUES ('4afeb111-4ddc-421c-ad31-de17e1e12b0c', '76386df6-9272-43f1-a3a5-81c0ecec51d5');
INSERT INTO principal (username, password) VALUES ('interviewee682', 'qwerty');
INSERT INTO interviewee (id, username, age, gender, country, marital_status) VALUES ('b80f0572-eecd-41d6-b447-a011c3a8c9e9', 'interviewee682', 61, 'female', 'MY', 'married');
INSERT INTO choice (id, questionnaire_id, interviewee_id) VALUES ('bb512704-c45f-42ed-a15c-fd65add03b5b', 'b5c886d7-e86f-4083-958a-cbd232db7a84', 'b80f0572-eecd-41d6-b447-a011c3a8c9e9');
INSERT INTO option_choice (option_id, choice_id) VALUES ('bbe6d273-ce07-449f-a3eb-96165f0d7b7d', 'bb512704-c45f-42ed-a15c-fd65add03b5b');
INSERT INTO principal (username, password) VALUES ('interviewee683', 'qwerty');
INSERT INTO interviewee (id, username, age, gender, country, marital_status) VALUES ('47911105-0a6a-4fb7-a12e-153e136adacd', 'interviewee683', 17, 'male', 'SA', 'married');
INSERT INTO choice (id, questionnaire_id, interviewee_id) VALUES ('6e9e8a38-3a28-4fc1-b973-e00e7cd1f145', 'b5c886d7-e86f-4083-958a-cbd232db7a84', '47911105-0a6a-4fb7-a12e-153e136adacd');
INSERT INTO option_choice (option_id, choice_id) VALUES ('e9ae0eb7-ed92-45ff-8ec1-bb688c3f1bfe', '6e9e8a38-3a28-4fc1-b973-e00e7cd1f145');
INSERT INTO choice (id, questionnaire_id, interviewee_id) VALUES ('03ba7927-0888-41d7-81e5-fa1225b406d2', 'c6dd214b-43b7-401f-afe6-a5ab0d2d7767', '47911105-0a6a-4fb7-a12e-153e136adacd');
INSERT INTO option_choice (option_id, choice_id) VALUES ('17ceef0b-83da-42ec-a82c-9090a9be74af', '03ba7927-0888-41d7-81e5-fa1225b406d2');
INSERT INTO option_choice (option_id, choice_id) VALUES ('c134384c-5eda-4957-9883-b965681b9fef', '03ba7927-0888-41d7-81e5-fa1225b406d2');
INSERT INTO option_choice (option_id, choice_id) VALUES ('069a6758-231c-4064-8e44-a0db84e86a21', '03ba7927-0888-41d7-81e5-fa1225b406d2');
INSERT INTO principal (username, password) VALUES ('interviewee684', 'qwerty');
INSERT INTO interviewee (id, username, age, gender, country, marital_status) VALUES ('adb6e9d9-663b-498b-8a60-d5a5fd91cbb8', 'interviewee684', 21, 'female', 'ZM', 'was_not_married');
INSERT INTO choice (id, questionnaire_id, interviewee_id) VALUES ('3592d40c-ab1f-45f2-8b24-db833e3f3854', '2519c51c-9863-4531-85ff-a7ddd5ea08b2', 'adb6e9d9-663b-498b-8a60-d5a5fd91cbb8');
INSERT INTO option_choice (option_id, choice_id) VALUES ('8c388d58-c24e-468d-9d56-271abc2ab89d', '3592d40c-ab1f-45f2-8b24-db833e3f3854');
INSERT INTO choice (id, questionnaire_id, interviewee_id) VALUES ('4fbaee16-88d0-4639-8e10-a5b98e67116d', 'b6df4d49-3f70-4802-90cb-4ab89e24a427', 'adb6e9d9-663b-498b-8a60-d5a5fd91cbb8');
INSERT INTO option_choice (option_id, choice_id) VALUES ('39bf15ab-8f6e-4634-a483-d31c949b3332', '4fbaee16-88d0-4639-8e10-a5b98e67116d');
INSERT INTO choice (id, questionnaire_id, interviewee_id) VALUES ('173313ab-e4da-4424-86b0-144d2c6d0eea', '05e2761c-9435-4970-ad6d-245d7a696140', 'adb6e9d9-663b-498b-8a60-d5a5fd91cbb8');
INSERT INTO option_choice (option_id, choice_id) VALUES ('26fa513d-ade2-4822-81ac-a6d8dc123679', '173313ab-e4da-4424-86b0-144d2c6d0eea');
INSERT INTO option_choice (option_id, choice_id) VALUES ('cd3191da-899e-4773-b914-291725c8c108', '173313ab-e4da-4424-86b0-144d2c6d0eea');
INSERT INTO option_choice (option_id, choice_id) VALUES ('4431f860-831f-4fdf-9dbb-76fbdb1006a1', '173313ab-e4da-4424-86b0-144d2c6d0eea');
INSERT INTO option_choice (option_id, choice_id) VALUES ('821d408d-9a3b-4716-a443-69cb45197037', '173313ab-e4da-4424-86b0-144d2c6d0eea');
INSERT INTO principal (username, password) VALUES ('interviewee685', 'qwerty');
INSERT INTO interviewee (id, username, age, gender, country, marital_status) VALUES ('2004b7c4-2d74-4389-a9a7-651b4f04d4d2', 'interviewee685', 48, 'male', 'VG', 'was_not_married');
INSERT INTO choice (id, questionnaire_id, interviewee_id) VALUES ('3e4a8ff1-9589-4337-9070-5f74cb716fcb', '81a3f075-1324-4e67-90a5-493fe3324435', '2004b7c4-2d74-4389-a9a7-651b4f04d4d2');
INSERT INTO option_choice (option_id, choice_id) VALUES ('ab9020e3-a12b-46eb-97f0-79dcfaab7356', '3e4a8ff1-9589-4337-9070-5f74cb716fcb');
INSERT INTO option_choice (option_id, choice_id) VALUES ('c5035143-d5d2-4934-8b99-4e66507a8603', '3e4a8ff1-9589-4337-9070-5f74cb716fcb');
INSERT INTO option_choice (option_id, choice_id) VALUES ('c0afeee2-6628-4404-bc41-32bc0a1505c5', '3e4a8ff1-9589-4337-9070-5f74cb716fcb');
INSERT INTO option_choice (option_id, choice_id) VALUES ('a0eef1f9-547a-4823-b7e0-bb52d6891f8f', '3e4a8ff1-9589-4337-9070-5f74cb716fcb');
INSERT INTO option_choice (option_id, choice_id) VALUES ('7b2bd172-1566-440a-81d8-f9b2fb43f8fc', '3e4a8ff1-9589-4337-9070-5f74cb716fcb');
INSERT INTO option_choice (option_id, choice_id) VALUES ('a1737a4b-bfa2-4208-a103-ca4bea3afaaf', '3e4a8ff1-9589-4337-9070-5f74cb716fcb');
INSERT INTO choice (id, questionnaire_id, interviewee_id) VALUES ('e774b98e-09b9-482c-a737-a156447e340c', '51436662-4eca-40ce-b552-b1c7486cf609', '2004b7c4-2d74-4389-a9a7-651b4f04d4d2');
INSERT INTO option_choice (option_id, choice_id) VALUES ('e4c4b240-61c9-4253-a93b-9a7768fbfe3f', 'e774b98e-09b9-482c-a737-a156447e340c');
INSERT INTO principal (username, password) VALUES ('interviewee686', 'qwerty');
INSERT INTO interviewee (id, username, age, gender, country, marital_status) VALUES ('62d497d7-8265-48ed-b6c4-73d1e909b5e2', 'interviewee686', 64, 'female', 'GM', 'was_not_married');
INSERT INTO choice (id, questionnaire_id, interviewee_id) VALUES ('2bdf89f3-cefb-4917-943b-edaa99a8e778', 'aaacf497-4ae4-46e0-aa2e-27377271bafc', '62d497d7-8265-48ed-b6c4-73d1e909b5e2');
INSERT INTO option_choice (option_id, choice_id) VALUES ('070ce52d-21fd-4380-9c02-d25647a035a6', '2bdf89f3-cefb-4917-943b-edaa99a8e778');
INSERT INTO principal (username, password) VALUES ('interviewee687', 'qwerty');
INSERT INTO interviewee (id, username, age, gender, country, marital_status) VALUES ('701c3432-957b-462c-92fe-23094da4ecad', 'interviewee687', 60, 'male', 'AU', 'divorced');
INSERT INTO choice (id, questionnaire_id, interviewee_id) VALUES ('db0a71f9-77db-47bc-8203-1db83ecb55ca', 'aaacf497-4ae4-46e0-aa2e-27377271bafc', '701c3432-957b-462c-92fe-23094da4ecad');
INSERT INTO option_choice (option_id, choice_id) VALUES ('4d7025a3-7520-4447-9769-c495cb62415e', 'db0a71f9-77db-47bc-8203-1db83ecb55ca');
INSERT INTO choice (id, questionnaire_id, interviewee_id) VALUES ('4eebaa3c-9271-4c22-b5eb-f8e445a14eba', 'b6df4d49-3f70-4802-90cb-4ab89e24a427', '701c3432-957b-462c-92fe-23094da4ecad');
INSERT INTO option_choice (option_id, choice_id) VALUES ('97729629-c47a-4614-a618-d90dee3f5476', '4eebaa3c-9271-4c22-b5eb-f8e445a14eba');
INSERT INTO principal (username, password) VALUES ('interviewee688', 'qwerty');
INSERT INTO interviewee (id, username, age, gender, country, marital_status) VALUES ('c103e888-8751-43af-a3b8-1f1f7d862179', 'interviewee688', 57, 'female', 'NP', 'married');
INSERT INTO choice (id, questionnaire_id, interviewee_id) VALUES ('5c5cf33d-4873-4d46-916a-350c9768d772', '5b0a67f5-cbf2-4fde-b526-fd512ff68e24', 'c103e888-8751-43af-a3b8-1f1f7d862179');
INSERT INTO option_choice (option_id, choice_id) VALUES ('ce5bf814-daca-4ca0-825d-8408f4fe06ed', '5c5cf33d-4873-4d46-916a-350c9768d772');
INSERT INTO choice (id, questionnaire_id, interviewee_id) VALUES ('d7547957-38d6-49c4-b4f2-3583b8667605', '51436662-4eca-40ce-b552-b1c7486cf609', 'c103e888-8751-43af-a3b8-1f1f7d862179');
INSERT INTO option_choice (option_id, choice_id) VALUES ('259215cc-47cc-4165-befd-cf997b4aaf7e', 'd7547957-38d6-49c4-b4f2-3583b8667605');
INSERT INTO principal (username, password) VALUES ('interviewee689', 'qwerty');
INSERT INTO interviewee (id, username, age, gender, country, marital_status) VALUES ('aea44f1e-3891-4c21-8b6c-0af0e87c5340', 'interviewee689', 26, 'female', 'CO', 'divorced');
INSERT INTO choice (id, questionnaire_id, interviewee_id) VALUES ('82baa780-16e1-4acd-bcdb-542eee18a15e', '4a4f7cbc-8533-42b3-923b-6b4309f53c64', 'aea44f1e-3891-4c21-8b6c-0af0e87c5340');
INSERT INTO option_choice (option_id, choice_id) VALUES ('4afeb111-4ddc-421c-ad31-de17e1e12b0c', '82baa780-16e1-4acd-bcdb-542eee18a15e');
INSERT INTO choice (id, questionnaire_id, interviewee_id) VALUES ('99ab5a33-0769-4240-8335-c8d856f2d692', '5b0a67f5-cbf2-4fde-b526-fd512ff68e24', 'aea44f1e-3891-4c21-8b6c-0af0e87c5340');
INSERT INTO option_choice (option_id, choice_id) VALUES ('a8cdd5b8-35f3-4a35-a54f-11129d88f64d', '99ab5a33-0769-4240-8335-c8d856f2d692');
INSERT INTO principal (username, password) VALUES ('interviewee690', 'qwerty');
INSERT INTO interviewee (id, username, age, gender, country, marital_status) VALUES ('e2bd6886-860a-47c7-b9a5-5db1856f4cbf', 'interviewee690', 29, 'female', 'JM', 'was_not_married');
INSERT INTO choice (id, questionnaire_id, interviewee_id) VALUES ('9e23a827-3f2d-403e-8fb4-447411349a2d', 'b5c886d7-e86f-4083-958a-cbd232db7a84', 'e2bd6886-860a-47c7-b9a5-5db1856f4cbf');
INSERT INTO option_choice (option_id, choice_id) VALUES ('e9ae0eb7-ed92-45ff-8ec1-bb688c3f1bfe', '9e23a827-3f2d-403e-8fb4-447411349a2d');
INSERT INTO principal (username, password) VALUES ('interviewee691', 'qwerty');
INSERT INTO interviewee (id, username, age, gender, country, marital_status) VALUES ('f25fe657-5824-4d95-b7da-2d18a1dd1a1d', 'interviewee691', 39, 'male', 'AU', 'divorced');
INSERT INTO choice (id, questionnaire_id, interviewee_id) VALUES ('ef8c5a82-ca6a-410e-971a-bc296f45ca3f', 'e4d0ba66-5e11-433c-8243-4d890cceaf69', 'f25fe657-5824-4d95-b7da-2d18a1dd1a1d');
INSERT INTO option_choice (option_id, choice_id) VALUES ('7cfec70e-33b3-4c68-9c38-38cf292cd0f9', 'ef8c5a82-ca6a-410e-971a-bc296f45ca3f');
INSERT INTO choice (id, questionnaire_id, interviewee_id) VALUES ('381eedc9-ab09-495c-adeb-2d4b5e2bec59', '49c46fd6-2111-4ef5-8b91-9ee67132426d', 'f25fe657-5824-4d95-b7da-2d18a1dd1a1d');
INSERT INTO option_choice (option_id, choice_id) VALUES ('0e4a5f7a-a4f3-45f1-8f7c-34efd574414b', '381eedc9-ab09-495c-adeb-2d4b5e2bec59');
INSERT INTO principal (username, password) VALUES ('interviewee692', 'qwerty');
INSERT INTO interviewee (id, username, age, gender, country, marital_status) VALUES ('32fbf8e2-b6a4-4ba4-986a-bd16165bdd2e', 'interviewee692', 20, 'male', 'SD', 'was_not_married');
INSERT INTO choice (id, questionnaire_id, interviewee_id) VALUES ('43ba3ef9-3307-4cd1-8cd2-55166c0d4306', '49c46fd6-2111-4ef5-8b91-9ee67132426d', '32fbf8e2-b6a4-4ba4-986a-bd16165bdd2e');
INSERT INTO option_choice (option_id, choice_id) VALUES ('9324aa44-2cdd-4334-9eee-ab97e62258df', '43ba3ef9-3307-4cd1-8cd2-55166c0d4306');
INSERT INTO choice (id, questionnaire_id, interviewee_id) VALUES ('2ac1a480-9baa-4556-a823-8afb85cb2354', '407203dd-9657-46e6-975f-3be5d664dd2a', '32fbf8e2-b6a4-4ba4-986a-bd16165bdd2e');
INSERT INTO option_choice (option_id, choice_id) VALUES ('ba4c9312-3e73-4c11-bce9-7ba2e084dd49', '2ac1a480-9baa-4556-a823-8afb85cb2354');
INSERT INTO choice (id, questionnaire_id, interviewee_id) VALUES ('eccf0d4b-6826-4525-a8ee-1b27006529b1', '05e2761c-9435-4970-ad6d-245d7a696140', '32fbf8e2-b6a4-4ba4-986a-bd16165bdd2e');
INSERT INTO option_choice (option_id, choice_id) VALUES ('4431f860-831f-4fdf-9dbb-76fbdb1006a1', 'eccf0d4b-6826-4525-a8ee-1b27006529b1');
INSERT INTO option_choice (option_id, choice_id) VALUES ('ee58bf05-12ff-45e4-b7e9-d37a70181de4', 'eccf0d4b-6826-4525-a8ee-1b27006529b1');
INSERT INTO option_choice (option_id, choice_id) VALUES ('26fa513d-ade2-4822-81ac-a6d8dc123679', 'eccf0d4b-6826-4525-a8ee-1b27006529b1');
INSERT INTO principal (username, password) VALUES ('interviewee693', 'qwerty');
INSERT INTO interviewee (id, username, age, gender, country, marital_status) VALUES ('4d836a81-09c9-4189-a7be-079f082f6423', 'interviewee693', 35, 'female', 'SK', 'divorced');
INSERT INTO choice (id, questionnaire_id, interviewee_id) VALUES ('956bb1e9-72b0-4dce-b5ca-8fa582281a21', '51436662-4eca-40ce-b552-b1c7486cf609', '4d836a81-09c9-4189-a7be-079f082f6423');
INSERT INTO option_choice (option_id, choice_id) VALUES ('259215cc-47cc-4165-befd-cf997b4aaf7e', '956bb1e9-72b0-4dce-b5ca-8fa582281a21');
INSERT INTO choice (id, questionnaire_id, interviewee_id) VALUES ('b3cf6dd9-4034-4ad9-9a89-e6000689c9b5', '747d0763-c99f-47ce-809b-b378d489a158', '4d836a81-09c9-4189-a7be-079f082f6423');
INSERT INTO option_choice (option_id, choice_id) VALUES ('7cc0569f-f362-4ed1-9343-6ffd1369e812', 'b3cf6dd9-4034-4ad9-9a89-e6000689c9b5');
INSERT INTO option_choice (option_id, choice_id) VALUES ('65c86d12-f533-40f5-8dd6-10903d890b10', 'b3cf6dd9-4034-4ad9-9a89-e6000689c9b5');
INSERT INTO principal (username, password) VALUES ('interviewee694', 'qwerty');
INSERT INTO interviewee (id, username, age, gender, country, marital_status) VALUES ('7207a9b0-2de0-49fb-be61-bf0b0b26c3e3', 'interviewee694', 26, 'female', 'SY', 'divorced');
INSERT INTO choice (id, questionnaire_id, interviewee_id) VALUES ('4830c21d-2b3b-4583-896c-1b531e209c00', '48b4658e-bc90-4bd2-97bb-92484114dfea', '7207a9b0-2de0-49fb-be61-bf0b0b26c3e3');
INSERT INTO option_choice (option_id, choice_id) VALUES ('db310764-efc3-46ab-9d86-9914e34aa6cd', '4830c21d-2b3b-4583-896c-1b531e209c00');
INSERT INTO principal (username, password) VALUES ('interviewee695', 'qwerty');
INSERT INTO interviewee (id, username, age, gender, country, marital_status) VALUES ('9ecb7385-0ddb-4f56-8f1c-c446c7b68692', 'interviewee695', 44, 'male', 'SI', 'married');
INSERT INTO choice (id, questionnaire_id, interviewee_id) VALUES ('421f1d30-7316-4a58-b258-3b2041463884', 'e4d0ba66-5e11-433c-8243-4d890cceaf69', '9ecb7385-0ddb-4f56-8f1c-c446c7b68692');
INSERT INTO option_choice (option_id, choice_id) VALUES ('cb637eae-3b8f-4d17-81fb-9b271857e55c', '421f1d30-7316-4a58-b258-3b2041463884');
INSERT INTO principal (username, password) VALUES ('interviewee696', 'qwerty');
INSERT INTO interviewee (id, username, age, gender, country, marital_status) VALUES ('e7998f8a-efee-425a-985d-ec28b487da6b', 'interviewee696', 58, 'male', 'GB', 'married');
INSERT INTO choice (id, questionnaire_id, interviewee_id) VALUES ('3fbc022c-43b1-4f41-94ef-cea8da2a3089', 'b6df4d49-3f70-4802-90cb-4ab89e24a427', 'e7998f8a-efee-425a-985d-ec28b487da6b');
INSERT INTO option_choice (option_id, choice_id) VALUES ('03756c76-738d-45a3-8b02-6f36d78f3dfb', '3fbc022c-43b1-4f41-94ef-cea8da2a3089');
INSERT INTO principal (username, password) VALUES ('interviewee697', 'qwerty');
INSERT INTO interviewee (id, username, age, gender, country, marital_status) VALUES ('36e0c176-3b32-4fe7-a362-209d386edffa', 'interviewee697', 31, 'female', 'SI', 'divorced');
INSERT INTO choice (id, questionnaire_id, interviewee_id) VALUES ('e068c9b7-a8f8-4ff2-a7f6-8ef9146ccd19', '5b0a67f5-cbf2-4fde-b526-fd512ff68e24', '36e0c176-3b32-4fe7-a362-209d386edffa');
INSERT INTO option_choice (option_id, choice_id) VALUES ('97aa1845-210d-4e42-8c05-737698b0c66c', 'e068c9b7-a8f8-4ff2-a7f6-8ef9146ccd19');
INSERT INTO choice (id, questionnaire_id, interviewee_id) VALUES ('88271808-edb9-4b37-8702-70ae22bd1aee', '48b4658e-bc90-4bd2-97bb-92484114dfea', '36e0c176-3b32-4fe7-a362-209d386edffa');
INSERT INTO option_choice (option_id, choice_id) VALUES ('5a5b3a6f-7875-401c-8d0b-e9c8b854b985', '88271808-edb9-4b37-8702-70ae22bd1aee');
INSERT INTO principal (username, password) VALUES ('interviewee698', 'qwerty');
INSERT INTO interviewee (id, username, age, gender, country, marital_status) VALUES ('b7a6d576-f8af-406f-ad8d-533ee05b2a97', 'interviewee698', 68, 'male', 'IR', 'married');
INSERT INTO choice (id, questionnaire_id, interviewee_id) VALUES ('3df18eaa-ad98-4cb0-8bd8-2fb6783eeccb', '8e156ed6-1a8b-4fe6-9a58-0f7cbdd6af32', 'b7a6d576-f8af-406f-ad8d-533ee05b2a97');
INSERT INTO option_choice (option_id, choice_id) VALUES ('7fae89aa-9ca6-4957-9ced-40423f6209b1', '3df18eaa-ad98-4cb0-8bd8-2fb6783eeccb');
INSERT INTO choice (id, questionnaire_id, interviewee_id) VALUES ('b82c988b-afd4-4182-8f4f-d7888a784ae1', '5b0a67f5-cbf2-4fde-b526-fd512ff68e24', 'b7a6d576-f8af-406f-ad8d-533ee05b2a97');
INSERT INTO option_choice (option_id, choice_id) VALUES ('97aa1845-210d-4e42-8c05-737698b0c66c', 'b82c988b-afd4-4182-8f4f-d7888a784ae1');
INSERT INTO choice (id, questionnaire_id, interviewee_id) VALUES ('8807a574-17fe-4f41-b29e-1920c2df866a', '2519c51c-9863-4531-85ff-a7ddd5ea08b2', 'b7a6d576-f8af-406f-ad8d-533ee05b2a97');
INSERT INTO option_choice (option_id, choice_id) VALUES ('b2ff87be-cdaa-4b83-bb9c-9946660ea8b8', '8807a574-17fe-4f41-b29e-1920c2df866a');
INSERT INTO principal (username, password) VALUES ('interviewee699', 'qwerty');
INSERT INTO interviewee (id, username, age, gender, country, marital_status) VALUES ('4b35e707-36e9-4a9a-ad21-fab960a6e13e', 'interviewee699', 42, 'female', 'LB', 'was_not_married');
INSERT INTO choice (id, questionnaire_id, interviewee_id) VALUES ('929eb496-150e-4680-86cf-05b13904859b', 'c6dd214b-43b7-401f-afe6-a5ab0d2d7767', '4b35e707-36e9-4a9a-ad21-fab960a6e13e');
INSERT INTO option_choice (option_id, choice_id) VALUES ('069a6758-231c-4064-8e44-a0db84e86a21', '929eb496-150e-4680-86cf-05b13904859b');
INSERT INTO option_choice (option_id, choice_id) VALUES ('9d2a2dd1-7979-48a6-a0b7-3de8fdea75b6', '929eb496-150e-4680-86cf-05b13904859b');
INSERT INTO option_choice (option_id, choice_id) VALUES ('17ceef0b-83da-42ec-a82c-9090a9be74af', '929eb496-150e-4680-86cf-05b13904859b');
INSERT INTO option_choice (option_id, choice_id) VALUES ('c134384c-5eda-4957-9883-b965681b9fef', '929eb496-150e-4680-86cf-05b13904859b');
INSERT INTO choice (id, questionnaire_id, interviewee_id) VALUES ('57b927cb-e996-4ccf-a99e-caad141661cc', 'aaacf497-4ae4-46e0-aa2e-27377271bafc', '4b35e707-36e9-4a9a-ad21-fab960a6e13e');
INSERT INTO option_choice (option_id, choice_id) VALUES ('de1098e4-e0b7-4df4-890a-1958a8d5d465', '57b927cb-e996-4ccf-a99e-caad141661cc');
INSERT INTO principal (username, password) VALUES ('interviewee700', 'qwerty');
INSERT INTO interviewee (id, username, age, gender, country, marital_status) VALUES ('8668ec4e-494c-4def-b824-b6c56787e12b', 'interviewee700', 54, 'male', 'TF', 'married');
INSERT INTO choice (id, questionnaire_id, interviewee_id) VALUES ('0d0a5411-d3f0-46c8-8142-e547673cb094', 'c6dd214b-43b7-401f-afe6-a5ab0d2d7767', '8668ec4e-494c-4def-b824-b6c56787e12b');
INSERT INTO option_choice (option_id, choice_id) VALUES ('c134384c-5eda-4957-9883-b965681b9fef', '0d0a5411-d3f0-46c8-8142-e547673cb094');
INSERT INTO principal (username, password) VALUES ('interviewee701', 'qwerty');
INSERT INTO interviewee (id, username, age, gender, country, marital_status) VALUES ('48aa7d67-a065-4465-83c2-9888135dd6c1', 'interviewee701', 29, 'male', 'TF', 'married');
INSERT INTO choice (id, questionnaire_id, interviewee_id) VALUES ('2ae49775-5f6e-4045-8c69-31cde31e2f79', '747d0763-c99f-47ce-809b-b378d489a158', '48aa7d67-a065-4465-83c2-9888135dd6c1');
INSERT INTO option_choice (option_id, choice_id) VALUES ('7cc0569f-f362-4ed1-9343-6ffd1369e812', '2ae49775-5f6e-4045-8c69-31cde31e2f79');
INSERT INTO option_choice (option_id, choice_id) VALUES ('65c86d12-f533-40f5-8dd6-10903d890b10', '2ae49775-5f6e-4045-8c69-31cde31e2f79');
INSERT INTO choice (id, questionnaire_id, interviewee_id) VALUES ('5862c39d-8350-4d3f-b9c7-507e2577b062', '8e156ed6-1a8b-4fe6-9a58-0f7cbdd6af32', '48aa7d67-a065-4465-83c2-9888135dd6c1');
INSERT INTO option_choice (option_id, choice_id) VALUES ('38f39cdf-6292-4c51-8660-f27ad61185bf', '5862c39d-8350-4d3f-b9c7-507e2577b062');
INSERT INTO principal (username, password) VALUES ('interviewee702', 'qwerty');
INSERT INTO interviewee (id, username, age, gender, country, marital_status) VALUES ('09cca93c-83b6-4981-9a61-3e47b51e0215', 'interviewee702', 62, 'female', 'CI', 'divorced');
INSERT INTO choice (id, questionnaire_id, interviewee_id) VALUES ('530971e1-13dd-4352-a04e-34968ec6e2f7', '08310229-5370-44f1-8071-5c56f92e3dc5', '09cca93c-83b6-4981-9a61-3e47b51e0215');
INSERT INTO option_choice (option_id, choice_id) VALUES ('fc94d716-ca6a-45f3-8cbb-afd6a3ea72a3', '530971e1-13dd-4352-a04e-34968ec6e2f7');
INSERT INTO choice (id, questionnaire_id, interviewee_id) VALUES ('31608b85-142e-48a9-963c-a8351e62c3e3', 'c6dd214b-43b7-401f-afe6-a5ab0d2d7767', '09cca93c-83b6-4981-9a61-3e47b51e0215');
INSERT INTO option_choice (option_id, choice_id) VALUES ('9d2a2dd1-7979-48a6-a0b7-3de8fdea75b6', '31608b85-142e-48a9-963c-a8351e62c3e3');
INSERT INTO option_choice (option_id, choice_id) VALUES ('17ceef0b-83da-42ec-a82c-9090a9be74af', '31608b85-142e-48a9-963c-a8351e62c3e3');
INSERT INTO choice (id, questionnaire_id, interviewee_id) VALUES ('c2e4b57e-ca07-4b30-9d01-550edb40cc6d', '407203dd-9657-46e6-975f-3be5d664dd2a', '09cca93c-83b6-4981-9a61-3e47b51e0215');
INSERT INTO option_choice (option_id, choice_id) VALUES ('ee1ee86e-3cfc-4173-b109-2a69851e8943', 'c2e4b57e-ca07-4b30-9d01-550edb40cc6d');
INSERT INTO principal (username, password) VALUES ('interviewee703', 'qwerty');
INSERT INTO interviewee (id, username, age, gender, country, marital_status) VALUES ('a0defc99-ef0a-45c2-bec2-78f78475bd57', 'interviewee703', 30, 'female', 'TC', 'divorced');
INSERT INTO choice (id, questionnaire_id, interviewee_id) VALUES ('b73daece-93ad-4cd0-ab3c-9e4632ce3c32', '5b0a67f5-cbf2-4fde-b526-fd512ff68e24', 'a0defc99-ef0a-45c2-bec2-78f78475bd57');
INSERT INTO option_choice (option_id, choice_id) VALUES ('9340e0ac-c863-4fcf-ac40-126be2d1bfa4', 'b73daece-93ad-4cd0-ab3c-9e4632ce3c32');
INSERT INTO principal (username, password) VALUES ('interviewee704', 'qwerty');
INSERT INTO interviewee (id, username, age, gender, country, marital_status) VALUES ('50214048-f760-4667-8147-841845b5a5e3', 'interviewee704', 33, 'female', 'CR', 'divorced');
INSERT INTO choice (id, questionnaire_id, interviewee_id) VALUES ('2878a1a0-d200-41d3-b897-e39b2ab0e7e3', '49c46fd6-2111-4ef5-8b91-9ee67132426d', '50214048-f760-4667-8147-841845b5a5e3');
INSERT INTO option_choice (option_id, choice_id) VALUES ('82dcd7e2-d76d-47ad-b352-0b1d6482c730', '2878a1a0-d200-41d3-b897-e39b2ab0e7e3');
INSERT INTO principal (username, password) VALUES ('interviewee705', 'qwerty');
INSERT INTO interviewee (id, username, age, gender, country, marital_status) VALUES ('ee64c417-6900-4b1b-b2f5-85c2296fbf7d', 'interviewee705', 28, 'female', 'CL', 'married');
INSERT INTO choice (id, questionnaire_id, interviewee_id) VALUES ('834330a6-fd0b-465a-a654-ca276858c357', '49c46fd6-2111-4ef5-8b91-9ee67132426d', 'ee64c417-6900-4b1b-b2f5-85c2296fbf7d');
INSERT INTO option_choice (option_id, choice_id) VALUES ('1edad7c9-bfa7-40be-bc47-62530b1df2c4', '834330a6-fd0b-465a-a654-ca276858c357');
INSERT INTO principal (username, password) VALUES ('interviewee706', 'qwerty');
INSERT INTO interviewee (id, username, age, gender, country, marital_status) VALUES ('19011851-f7a7-4cc7-a417-320274293732', 'interviewee706', 37, 'male', 'AU', 'was_not_married');
INSERT INTO choice (id, questionnaire_id, interviewee_id) VALUES ('f46d2c00-6955-47d6-b2a7-0433a3e03883', '858287c2-e494-424b-a03f-6b0a55c2fce3', '19011851-f7a7-4cc7-a417-320274293732');
INSERT INTO option_choice (option_id, choice_id) VALUES ('59c8e6e3-5895-4f0b-ae9e-3bb455a5f6b2', 'f46d2c00-6955-47d6-b2a7-0433a3e03883');
INSERT INTO option_choice (option_id, choice_id) VALUES ('a7e89931-dbca-4a6f-bdbb-b42e57f2e7f2', 'f46d2c00-6955-47d6-b2a7-0433a3e03883');
INSERT INTO option_choice (option_id, choice_id) VALUES ('f2fd1a72-0ca7-41a6-ad15-7bc21a02fe73', 'f46d2c00-6955-47d6-b2a7-0433a3e03883');
INSERT INTO option_choice (option_id, choice_id) VALUES ('a1e55f7c-aa45-466f-86bb-0d5e262ca0bc', 'f46d2c00-6955-47d6-b2a7-0433a3e03883');
INSERT INTO choice (id, questionnaire_id, interviewee_id) VALUES ('bb28dcf1-3e97-4263-8be7-023c4cc715b2', 'e20dbb22-091f-4137-8450-fdeaea74363f', '19011851-f7a7-4cc7-a417-320274293732');
INSERT INTO option_choice (option_id, choice_id) VALUES ('322bbc1b-4e8d-41ae-b4f2-3466891dc809', 'bb28dcf1-3e97-4263-8be7-023c4cc715b2');
INSERT INTO option_choice (option_id, choice_id) VALUES ('ff3c7a97-70db-4404-b85b-274707745879', 'bb28dcf1-3e97-4263-8be7-023c4cc715b2');
INSERT INTO option_choice (option_id, choice_id) VALUES ('a572f3cf-b3ba-491a-9687-6cee662749f1', 'bb28dcf1-3e97-4263-8be7-023c4cc715b2');
INSERT INTO option_choice (option_id, choice_id) VALUES ('49d1bc1f-0fd1-4dad-ab6d-b123ea13d33a', 'bb28dcf1-3e97-4263-8be7-023c4cc715b2');
INSERT INTO option_choice (option_id, choice_id) VALUES ('4bd78eb1-72bb-47fa-8b7c-4cc826f39edd', 'bb28dcf1-3e97-4263-8be7-023c4cc715b2');
INSERT INTO option_choice (option_id, choice_id) VALUES ('742176a0-b7c8-400a-a370-5871099954a4', 'bb28dcf1-3e97-4263-8be7-023c4cc715b2');
INSERT INTO choice (id, questionnaire_id, interviewee_id) VALUES ('0289c2e0-6407-4339-8a77-b8893d431eb9', 'aaacf497-4ae4-46e0-aa2e-27377271bafc', '19011851-f7a7-4cc7-a417-320274293732');
INSERT INTO option_choice (option_id, choice_id) VALUES ('4d7025a3-7520-4447-9769-c495cb62415e', '0289c2e0-6407-4339-8a77-b8893d431eb9');
INSERT INTO principal (username, password) VALUES ('interviewee707', 'qwerty');
INSERT INTO interviewee (id, username, age, gender, country, marital_status) VALUES ('6fc5e9c9-d495-4e94-861f-454231d37d4b', 'interviewee707', 43, 'male', 'LU', 'was_not_married');
INSERT INTO choice (id, questionnaire_id, interviewee_id) VALUES ('962f1541-078a-4045-8b3a-4406bc73443c', 'c6dd214b-43b7-401f-afe6-a5ab0d2d7767', '6fc5e9c9-d495-4e94-861f-454231d37d4b');
INSERT INTO option_choice (option_id, choice_id) VALUES ('069a6758-231c-4064-8e44-a0db84e86a21', '962f1541-078a-4045-8b3a-4406bc73443c');
INSERT INTO option_choice (option_id, choice_id) VALUES ('c134384c-5eda-4957-9883-b965681b9fef', '962f1541-078a-4045-8b3a-4406bc73443c');
INSERT INTO option_choice (option_id, choice_id) VALUES ('17ceef0b-83da-42ec-a82c-9090a9be74af', '962f1541-078a-4045-8b3a-4406bc73443c');
INSERT INTO principal (username, password) VALUES ('interviewee708', 'qwerty');
INSERT INTO interviewee (id, username, age, gender, country, marital_status) VALUES ('2b97d987-2d6b-4a46-872a-8e578ca45593', 'interviewee708', 60, 'male', 'MT', 'married');
INSERT INTO choice (id, questionnaire_id, interviewee_id) VALUES ('e3019985-e4b2-47ec-8504-8a0feb141e31', 'c6dd214b-43b7-401f-afe6-a5ab0d2d7767', '2b97d987-2d6b-4a46-872a-8e578ca45593');
INSERT INTO option_choice (option_id, choice_id) VALUES ('17ceef0b-83da-42ec-a82c-9090a9be74af', 'e3019985-e4b2-47ec-8504-8a0feb141e31');
INSERT INTO choice (id, questionnaire_id, interviewee_id) VALUES ('210d75f4-5410-4a55-8e08-0c2c9f32e965', '173a3ab0-8485-4aa4-8787-a2a4414f992e', '2b97d987-2d6b-4a46-872a-8e578ca45593');
INSERT INTO option_choice (option_id, choice_id) VALUES ('c453fc60-b896-4f66-8dbe-cc55bc42881e', '210d75f4-5410-4a55-8e08-0c2c9f32e965');
INSERT INTO option_choice (option_id, choice_id) VALUES ('ce62e0a7-1873-4aa1-a448-2fad3cc888ee', '210d75f4-5410-4a55-8e08-0c2c9f32e965');
INSERT INTO option_choice (option_id, choice_id) VALUES ('bf89350f-11e0-4471-a3a1-95481edf5acd', '210d75f4-5410-4a55-8e08-0c2c9f32e965');
INSERT INTO option_choice (option_id, choice_id) VALUES ('f9a527bc-3f55-40db-b05e-d549f1801594', '210d75f4-5410-4a55-8e08-0c2c9f32e965');
INSERT INTO choice (id, questionnaire_id, interviewee_id) VALUES ('7ee1e440-18ca-44be-9803-cb8192e46868', 'aaacf497-4ae4-46e0-aa2e-27377271bafc', '2b97d987-2d6b-4a46-872a-8e578ca45593');
INSERT INTO option_choice (option_id, choice_id) VALUES ('4d7025a3-7520-4447-9769-c495cb62415e', '7ee1e440-18ca-44be-9803-cb8192e46868');
INSERT INTO principal (username, password) VALUES ('interviewee709', 'qwerty');
INSERT INTO interviewee (id, username, age, gender, country, marital_status) VALUES ('f36730de-08de-46b0-9ec0-2dc3a8ea0804', 'interviewee709', 28, 'female', 'AL', 'was_not_married');
INSERT INTO choice (id, questionnaire_id, interviewee_id) VALUES ('23b765cf-8564-4b03-88a2-ce15a02b1e8a', 'c6dd214b-43b7-401f-afe6-a5ab0d2d7767', 'f36730de-08de-46b0-9ec0-2dc3a8ea0804');
INSERT INTO option_choice (option_id, choice_id) VALUES ('9d2a2dd1-7979-48a6-a0b7-3de8fdea75b6', '23b765cf-8564-4b03-88a2-ce15a02b1e8a');
INSERT INTO option_choice (option_id, choice_id) VALUES ('17ceef0b-83da-42ec-a82c-9090a9be74af', '23b765cf-8564-4b03-88a2-ce15a02b1e8a');
INSERT INTO option_choice (option_id, choice_id) VALUES ('c134384c-5eda-4957-9883-b965681b9fef', '23b765cf-8564-4b03-88a2-ce15a02b1e8a');
INSERT INTO option_choice (option_id, choice_id) VALUES ('069a6758-231c-4064-8e44-a0db84e86a21', '23b765cf-8564-4b03-88a2-ce15a02b1e8a');
INSERT INTO choice (id, questionnaire_id, interviewee_id) VALUES ('f6233a25-0d0b-478b-b8aa-a8a763c9aa05', '48b4658e-bc90-4bd2-97bb-92484114dfea', 'f36730de-08de-46b0-9ec0-2dc3a8ea0804');
INSERT INTO option_choice (option_id, choice_id) VALUES ('72884dca-8b91-4379-bf2e-f4dbfc8f13cd', 'f6233a25-0d0b-478b-b8aa-a8a763c9aa05');
INSERT INTO choice (id, questionnaire_id, interviewee_id) VALUES ('cee65a32-400e-4d31-b06b-5d0c2a6e8a89', '407203dd-9657-46e6-975f-3be5d664dd2a', 'f36730de-08de-46b0-9ec0-2dc3a8ea0804');
INSERT INTO option_choice (option_id, choice_id) VALUES ('4285dd4d-8381-423b-8700-37e491ae1336', 'cee65a32-400e-4d31-b06b-5d0c2a6e8a89');
INSERT INTO principal (username, password) VALUES ('interviewee710', 'qwerty');
INSERT INTO interviewee (id, username, age, gender, country, marital_status) VALUES ('0475bd2d-dda2-4c14-8b1a-2ad2d0f3ffd1', 'interviewee710', 21, 'female', 'SM', 'divorced');
INSERT INTO choice (id, questionnaire_id, interviewee_id) VALUES ('3f59b0c7-d777-4188-97fa-41d58d8d69cd', '747d0763-c99f-47ce-809b-b378d489a158', '0475bd2d-dda2-4c14-8b1a-2ad2d0f3ffd1');
INSERT INTO option_choice (option_id, choice_id) VALUES ('7cc0569f-f362-4ed1-9343-6ffd1369e812', '3f59b0c7-d777-4188-97fa-41d58d8d69cd');
INSERT INTO principal (username, password) VALUES ('interviewee711', 'qwerty');
INSERT INTO interviewee (id, username, age, gender, country, marital_status) VALUES ('f9780678-78b8-4b64-a35f-97b4e29e0433', 'interviewee711', 19, 'female', 'IN', 'was_not_married');
INSERT INTO choice (id, questionnaire_id, interviewee_id) VALUES ('fbe3133c-4e6f-4517-bb01-d859f09cfcff', '48b4658e-bc90-4bd2-97bb-92484114dfea', 'f9780678-78b8-4b64-a35f-97b4e29e0433');
INSERT INTO option_choice (option_id, choice_id) VALUES ('db310764-efc3-46ab-9d86-9914e34aa6cd', 'fbe3133c-4e6f-4517-bb01-d859f09cfcff');
INSERT INTO choice (id, questionnaire_id, interviewee_id) VALUES ('83d0109a-3782-42d1-b98d-cff05ac5889a', '2519c51c-9863-4531-85ff-a7ddd5ea08b2', 'f9780678-78b8-4b64-a35f-97b4e29e0433');
INSERT INTO option_choice (option_id, choice_id) VALUES ('e532cc1b-83fa-4902-9bd1-0868c31241bb', '83d0109a-3782-42d1-b98d-cff05ac5889a');
INSERT INTO principal (username, password) VALUES ('interviewee712', 'qwerty');
INSERT INTO interviewee (id, username, age, gender, country, marital_status) VALUES ('ad7b7a57-f8c0-4763-bbfd-39860721156b', 'interviewee712', 53, 'male', 'GB', 'married');
INSERT INTO choice (id, questionnaire_id, interviewee_id) VALUES ('353053d4-779d-4039-b9ca-3b46b60ff6e8', 'aaacf497-4ae4-46e0-aa2e-27377271bafc', 'ad7b7a57-f8c0-4763-bbfd-39860721156b');
INSERT INTO option_choice (option_id, choice_id) VALUES ('de1098e4-e0b7-4df4-890a-1958a8d5d465', '353053d4-779d-4039-b9ca-3b46b60ff6e8');
INSERT INTO choice (id, questionnaire_id, interviewee_id) VALUES ('55d6c08a-a297-422f-b75d-7775e11c48b3', '51436662-4eca-40ce-b552-b1c7486cf609', 'ad7b7a57-f8c0-4763-bbfd-39860721156b');
INSERT INTO option_choice (option_id, choice_id) VALUES ('e4c4b240-61c9-4253-a93b-9a7768fbfe3f', '55d6c08a-a297-422f-b75d-7775e11c48b3');
INSERT INTO principal (username, password) VALUES ('interviewee713', 'qwerty');
INSERT INTO interviewee (id, username, age, gender, country, marital_status) VALUES ('11fc689c-60d5-4833-a195-90e30c3e33b6', 'interviewee713', 42, 'female', 'CI', 'married');
INSERT INTO choice (id, questionnaire_id, interviewee_id) VALUES ('35c349b0-f115-4f4e-bd8c-dbf1d36e31f2', '407203dd-9657-46e6-975f-3be5d664dd2a', '11fc689c-60d5-4833-a195-90e30c3e33b6');
INSERT INTO option_choice (option_id, choice_id) VALUES ('ee1ee86e-3cfc-4173-b109-2a69851e8943', '35c349b0-f115-4f4e-bd8c-dbf1d36e31f2');
INSERT INTO choice (id, questionnaire_id, interviewee_id) VALUES ('e7bb527e-38e7-4445-8003-d73d1a2039ff', '08310229-5370-44f1-8071-5c56f92e3dc5', '11fc689c-60d5-4833-a195-90e30c3e33b6');
INSERT INTO option_choice (option_id, choice_id) VALUES ('fc94d716-ca6a-45f3-8cbb-afd6a3ea72a3', 'e7bb527e-38e7-4445-8003-d73d1a2039ff');
INSERT INTO principal (username, password) VALUES ('interviewee714', 'qwerty');
INSERT INTO interviewee (id, username, age, gender, country, marital_status) VALUES ('8a02e9b4-85be-41c1-8bdb-e3be1a2407a2', 'interviewee714', 45, 'male', 'BW', 'married');
INSERT INTO choice (id, questionnaire_id, interviewee_id) VALUES ('e5e99d81-7179-4515-b571-c3aa2270e35f', '48b4658e-bc90-4bd2-97bb-92484114dfea', '8a02e9b4-85be-41c1-8bdb-e3be1a2407a2');
INSERT INTO option_choice (option_id, choice_id) VALUES ('72884dca-8b91-4379-bf2e-f4dbfc8f13cd', 'e5e99d81-7179-4515-b571-c3aa2270e35f');
INSERT INTO choice (id, questionnaire_id, interviewee_id) VALUES ('f56b939c-9590-4b86-ab33-39b853ed9c2d', 'aaacf497-4ae4-46e0-aa2e-27377271bafc', '8a02e9b4-85be-41c1-8bdb-e3be1a2407a2');
INSERT INTO option_choice (option_id, choice_id) VALUES ('d4aa64ba-49fd-4d00-9175-a646c1d6d559', 'f56b939c-9590-4b86-ab33-39b853ed9c2d');
INSERT INTO principal (username, password) VALUES ('interviewee715', 'qwerty');
INSERT INTO interviewee (id, username, age, gender, country, marital_status) VALUES ('3f88e65a-5ac0-4465-9623-23ba8ccb65c1', 'interviewee715', 70, 'male', 'MT', 'married');
INSERT INTO choice (id, questionnaire_id, interviewee_id) VALUES ('fdb67f24-bcf8-4369-ac9e-94d0ebf91e8b', 'e20dbb22-091f-4137-8450-fdeaea74363f', '3f88e65a-5ac0-4465-9623-23ba8ccb65c1');
INSERT INTO option_choice (option_id, choice_id) VALUES ('322bbc1b-4e8d-41ae-b4f2-3466891dc809', 'fdb67f24-bcf8-4369-ac9e-94d0ebf91e8b');
INSERT INTO option_choice (option_id, choice_id) VALUES ('ff3c7a97-70db-4404-b85b-274707745879', 'fdb67f24-bcf8-4369-ac9e-94d0ebf91e8b');
INSERT INTO option_choice (option_id, choice_id) VALUES ('b09da84d-7533-40da-b486-a820b6b7c110', 'fdb67f24-bcf8-4369-ac9e-94d0ebf91e8b');
INSERT INTO choice (id, questionnaire_id, interviewee_id) VALUES ('f55ce5f4-8657-43f2-8193-5455865b6cb6', '48b4658e-bc90-4bd2-97bb-92484114dfea', '3f88e65a-5ac0-4465-9623-23ba8ccb65c1');
INSERT INTO option_choice (option_id, choice_id) VALUES ('5a5b3a6f-7875-401c-8d0b-e9c8b854b985', 'f55ce5f4-8657-43f2-8193-5455865b6cb6');
INSERT INTO principal (username, password) VALUES ('interviewee716', 'qwerty');
INSERT INTO interviewee (id, username, age, gender, country, marital_status) VALUES ('b108822d-c82c-4ae8-9deb-8a2461b0a70e', 'interviewee716', 16, 'male', 'GP', 'divorced');
INSERT INTO choice (id, questionnaire_id, interviewee_id) VALUES ('ba857d75-142c-414f-86cd-56141b068dc3', '81a3f075-1324-4e67-90a5-493fe3324435', 'b108822d-c82c-4ae8-9deb-8a2461b0a70e');
INSERT INTO option_choice (option_id, choice_id) VALUES ('c5035143-d5d2-4934-8b99-4e66507a8603', 'ba857d75-142c-414f-86cd-56141b068dc3');
INSERT INTO option_choice (option_id, choice_id) VALUES ('ab9020e3-a12b-46eb-97f0-79dcfaab7356', 'ba857d75-142c-414f-86cd-56141b068dc3');
INSERT INTO option_choice (option_id, choice_id) VALUES ('a1737a4b-bfa2-4208-a103-ca4bea3afaaf', 'ba857d75-142c-414f-86cd-56141b068dc3');
INSERT INTO option_choice (option_id, choice_id) VALUES ('7b2bd172-1566-440a-81d8-f9b2fb43f8fc', 'ba857d75-142c-414f-86cd-56141b068dc3');
INSERT INTO option_choice (option_id, choice_id) VALUES ('c0afeee2-6628-4404-bc41-32bc0a1505c5', 'ba857d75-142c-414f-86cd-56141b068dc3');
INSERT INTO option_choice (option_id, choice_id) VALUES ('a0eef1f9-547a-4823-b7e0-bb52d6891f8f', 'ba857d75-142c-414f-86cd-56141b068dc3');
INSERT INTO choice (id, questionnaire_id, interviewee_id) VALUES ('1e6f7f44-d841-4d47-bfbf-f8501a701423', '4a4f7cbc-8533-42b3-923b-6b4309f53c64', 'b108822d-c82c-4ae8-9deb-8a2461b0a70e');
INSERT INTO option_choice (option_id, choice_id) VALUES ('655a67a1-3c81-4e22-99c2-2b849fa8c564', '1e6f7f44-d841-4d47-bfbf-f8501a701423');
INSERT INTO choice (id, questionnaire_id, interviewee_id) VALUES ('615bb10c-974c-4814-9bb7-ec40169bba6c', '51436662-4eca-40ce-b552-b1c7486cf609', 'b108822d-c82c-4ae8-9deb-8a2461b0a70e');
INSERT INTO option_choice (option_id, choice_id) VALUES ('e4c4b240-61c9-4253-a93b-9a7768fbfe3f', '615bb10c-974c-4814-9bb7-ec40169bba6c');
INSERT INTO principal (username, password) VALUES ('interviewee717', 'qwerty');
INSERT INTO interviewee (id, username, age, gender, country, marital_status) VALUES ('4e8d11af-a414-4888-9a06-63f5bf19ee59', 'interviewee717', 21, 'female', 'JM', 'married');
INSERT INTO choice (id, questionnaire_id, interviewee_id) VALUES ('ff72c3e9-f6c5-4bbb-8ec8-df0b60f26baa', '8e156ed6-1a8b-4fe6-9a58-0f7cbdd6af32', '4e8d11af-a414-4888-9a06-63f5bf19ee59');
INSERT INTO option_choice (option_id, choice_id) VALUES ('33a991d7-269a-4418-b89c-82e5467a34ad', 'ff72c3e9-f6c5-4bbb-8ec8-df0b60f26baa');
INSERT INTO choice (id, questionnaire_id, interviewee_id) VALUES ('49dafcd5-0c9b-46f0-b0ba-f2c98beb1b2f', '173a3ab0-8485-4aa4-8787-a2a4414f992e', '4e8d11af-a414-4888-9a06-63f5bf19ee59');
INSERT INTO option_choice (option_id, choice_id) VALUES ('3c8e0934-801c-4afd-98de-7aaf263889f6', '49dafcd5-0c9b-46f0-b0ba-f2c98beb1b2f');
INSERT INTO principal (username, password) VALUES ('interviewee718', 'qwerty');
INSERT INTO interviewee (id, username, age, gender, country, marital_status) VALUES ('5319c0d7-f585-45c6-b635-a6e4f1d1d9b3', 'interviewee718', 31, 'male', 'LC', 'was_not_married');
INSERT INTO choice (id, questionnaire_id, interviewee_id) VALUES ('2109b256-6400-4235-91e4-1cae212e72c8', '81a3f075-1324-4e67-90a5-493fe3324435', '5319c0d7-f585-45c6-b635-a6e4f1d1d9b3');
INSERT INTO option_choice (option_id, choice_id) VALUES ('a1737a4b-bfa2-4208-a103-ca4bea3afaaf', '2109b256-6400-4235-91e4-1cae212e72c8');
INSERT INTO option_choice (option_id, choice_id) VALUES ('c5035143-d5d2-4934-8b99-4e66507a8603', '2109b256-6400-4235-91e4-1cae212e72c8');
INSERT INTO option_choice (option_id, choice_id) VALUES ('c0afeee2-6628-4404-bc41-32bc0a1505c5', '2109b256-6400-4235-91e4-1cae212e72c8');
INSERT INTO choice (id, questionnaire_id, interviewee_id) VALUES ('c5ed9810-419a-4823-af47-2e746101e1a4', '4a4f7cbc-8533-42b3-923b-6b4309f53c64', '5319c0d7-f585-45c6-b635-a6e4f1d1d9b3');
INSERT INTO option_choice (option_id, choice_id) VALUES ('4afeb111-4ddc-421c-ad31-de17e1e12b0c', 'c5ed9810-419a-4823-af47-2e746101e1a4');
INSERT INTO choice (id, questionnaire_id, interviewee_id) VALUES ('a728b905-1b5e-49be-913c-95063293a749', 'aaacf497-4ae4-46e0-aa2e-27377271bafc', '5319c0d7-f585-45c6-b635-a6e4f1d1d9b3');
INSERT INTO option_choice (option_id, choice_id) VALUES ('070ce52d-21fd-4380-9c02-d25647a035a6', 'a728b905-1b5e-49be-913c-95063293a749');
INSERT INTO principal (username, password) VALUES ('interviewee719', 'qwerty');
INSERT INTO interviewee (id, username, age, gender, country, marital_status) VALUES ('99f3b7ac-9922-4cee-8148-2a4f98fad05e', 'interviewee719', 66, 'male', 'PN', 'married');
INSERT INTO choice (id, questionnaire_id, interviewee_id) VALUES ('0a9bd985-8f7e-4d84-9304-ea5f27de0f62', 'e20dbb22-091f-4137-8450-fdeaea74363f', '99f3b7ac-9922-4cee-8148-2a4f98fad05e');
INSERT INTO option_choice (option_id, choice_id) VALUES ('ff3c7a97-70db-4404-b85b-274707745879', '0a9bd985-8f7e-4d84-9304-ea5f27de0f62');
INSERT INTO option_choice (option_id, choice_id) VALUES ('946ecf06-2d9f-4fe5-b2b7-64c51a5fdf06', '0a9bd985-8f7e-4d84-9304-ea5f27de0f62');
INSERT INTO option_choice (option_id, choice_id) VALUES ('b09da84d-7533-40da-b486-a820b6b7c110', '0a9bd985-8f7e-4d84-9304-ea5f27de0f62');
INSERT INTO option_choice (option_id, choice_id) VALUES ('49d1bc1f-0fd1-4dad-ab6d-b123ea13d33a', '0a9bd985-8f7e-4d84-9304-ea5f27de0f62');
INSERT INTO principal (username, password) VALUES ('interviewee720', 'qwerty');
INSERT INTO interviewee (id, username, age, gender, country, marital_status) VALUES ('9fc492b7-5352-4b0d-88ba-a6099a7b8314', 'interviewee720', 27, 'female', 'TD', 'was_not_married');
INSERT INTO choice (id, questionnaire_id, interviewee_id) VALUES ('1aa4ddcd-8349-4e87-a4c5-b30af75fc221', 'aaacf497-4ae4-46e0-aa2e-27377271bafc', '9fc492b7-5352-4b0d-88ba-a6099a7b8314');
INSERT INTO option_choice (option_id, choice_id) VALUES ('4d7025a3-7520-4447-9769-c495cb62415e', '1aa4ddcd-8349-4e87-a4c5-b30af75fc221');
INSERT INTO principal (username, password) VALUES ('interviewee721', 'qwerty');
INSERT INTO interviewee (id, username, age, gender, country, marital_status) VALUES ('4cb4ee55-cb4e-49a0-a6ec-52d27c82577f', 'interviewee721', 14, 'male', 'AX', 'divorced');
INSERT INTO choice (id, questionnaire_id, interviewee_id) VALUES ('fc6bf2a1-4ae7-4c3c-99cf-ac4188b735b0', '49c46fd6-2111-4ef5-8b91-9ee67132426d', '4cb4ee55-cb4e-49a0-a6ec-52d27c82577f');
INSERT INTO option_choice (option_id, choice_id) VALUES ('9324aa44-2cdd-4334-9eee-ab97e62258df', 'fc6bf2a1-4ae7-4c3c-99cf-ac4188b735b0');
INSERT INTO choice (id, questionnaire_id, interviewee_id) VALUES ('f72121e6-4f2a-4e2d-895a-880368071677', '747d0763-c99f-47ce-809b-b378d489a158', '4cb4ee55-cb4e-49a0-a6ec-52d27c82577f');
INSERT INTO option_choice (option_id, choice_id) VALUES ('7cc0569f-f362-4ed1-9343-6ffd1369e812', 'f72121e6-4f2a-4e2d-895a-880368071677');
INSERT INTO option_choice (option_id, choice_id) VALUES ('65c86d12-f533-40f5-8dd6-10903d890b10', 'f72121e6-4f2a-4e2d-895a-880368071677');
INSERT INTO option_choice (option_id, choice_id) VALUES ('2095cf98-27de-4722-93f9-2c09ae6b4ed1', 'f72121e6-4f2a-4e2d-895a-880368071677');
INSERT INTO principal (username, password) VALUES ('interviewee722', 'qwerty');
INSERT INTO interviewee (id, username, age, gender, country, marital_status) VALUES ('0d84dea4-e5ce-4e1f-a13f-74fb65dc521c', 'interviewee722', 48, 'male', 'TF', 'married');
INSERT INTO choice (id, questionnaire_id, interviewee_id) VALUES ('5a454c09-e2c4-4177-b27c-7524516944ce', 'aaacf497-4ae4-46e0-aa2e-27377271bafc', '0d84dea4-e5ce-4e1f-a13f-74fb65dc521c');
INSERT INTO option_choice (option_id, choice_id) VALUES ('070ce52d-21fd-4380-9c02-d25647a035a6', '5a454c09-e2c4-4177-b27c-7524516944ce');
INSERT INTO principal (username, password) VALUES ('interviewee723', 'qwerty');
INSERT INTO interviewee (id, username, age, gender, country, marital_status) VALUES ('31b065cb-e18a-434e-9bed-a58da2af2952', 'interviewee723', 33, 'female', 'HR', 'divorced');
INSERT INTO choice (id, questionnaire_id, interviewee_id) VALUES ('06a1514d-fd35-4836-8605-7aaf27b5249f', '4a4f7cbc-8533-42b3-923b-6b4309f53c64', '31b065cb-e18a-434e-9bed-a58da2af2952');
INSERT INTO option_choice (option_id, choice_id) VALUES ('c8061f97-fb14-4a37-89ad-0a564fb1704d', '06a1514d-fd35-4836-8605-7aaf27b5249f');
INSERT INTO choice (id, questionnaire_id, interviewee_id) VALUES ('5f3b6c81-8f3f-4a82-82b0-c7d6fa0cd65b', '08310229-5370-44f1-8071-5c56f92e3dc5', '31b065cb-e18a-434e-9bed-a58da2af2952');
INSERT INTO option_choice (option_id, choice_id) VALUES ('7197ba86-c78b-43c4-bd28-4635a7094531', '5f3b6c81-8f3f-4a82-82b0-c7d6fa0cd65b');
INSERT INTO choice (id, questionnaire_id, interviewee_id) VALUES ('3530b606-afe9-4282-8706-09b2958e22a5', '81a3f075-1324-4e67-90a5-493fe3324435', '31b065cb-e18a-434e-9bed-a58da2af2952');
INSERT INTO option_choice (option_id, choice_id) VALUES ('a0eef1f9-547a-4823-b7e0-bb52d6891f8f', '3530b606-afe9-4282-8706-09b2958e22a5');
INSERT INTO option_choice (option_id, choice_id) VALUES ('ab9020e3-a12b-46eb-97f0-79dcfaab7356', '3530b606-afe9-4282-8706-09b2958e22a5');
INSERT INTO option_choice (option_id, choice_id) VALUES ('7b2bd172-1566-440a-81d8-f9b2fb43f8fc', '3530b606-afe9-4282-8706-09b2958e22a5');
INSERT INTO option_choice (option_id, choice_id) VALUES ('c5035143-d5d2-4934-8b99-4e66507a8603', '3530b606-afe9-4282-8706-09b2958e22a5');
INSERT INTO principal (username, password) VALUES ('interviewee724', 'qwerty');
INSERT INTO interviewee (id, username, age, gender, country, marital_status) VALUES ('aa96922a-65ac-4a3b-9f45-8a9fd620a464', 'interviewee724', 41, 'male', 'AL', 'divorced');
INSERT INTO choice (id, questionnaire_id, interviewee_id) VALUES ('6b564c19-05b0-4883-b4f9-c7594ab84d8c', 'e20dbb22-091f-4137-8450-fdeaea74363f', 'aa96922a-65ac-4a3b-9f45-8a9fd620a464');
INSERT INTO option_choice (option_id, choice_id) VALUES ('322bbc1b-4e8d-41ae-b4f2-3466891dc809', '6b564c19-05b0-4883-b4f9-c7594ab84d8c');
INSERT INTO option_choice (option_id, choice_id) VALUES ('a572f3cf-b3ba-491a-9687-6cee662749f1', '6b564c19-05b0-4883-b4f9-c7594ab84d8c');
INSERT INTO option_choice (option_id, choice_id) VALUES ('b09da84d-7533-40da-b486-a820b6b7c110', '6b564c19-05b0-4883-b4f9-c7594ab84d8c');
INSERT INTO option_choice (option_id, choice_id) VALUES ('ff3c7a97-70db-4404-b85b-274707745879', '6b564c19-05b0-4883-b4f9-c7594ab84d8c');
INSERT INTO option_choice (option_id, choice_id) VALUES ('742176a0-b7c8-400a-a370-5871099954a4', '6b564c19-05b0-4883-b4f9-c7594ab84d8c');
INSERT INTO option_choice (option_id, choice_id) VALUES ('946ecf06-2d9f-4fe5-b2b7-64c51a5fdf06', '6b564c19-05b0-4883-b4f9-c7594ab84d8c');
INSERT INTO option_choice (option_id, choice_id) VALUES ('49d1bc1f-0fd1-4dad-ab6d-b123ea13d33a', '6b564c19-05b0-4883-b4f9-c7594ab84d8c');
INSERT INTO choice (id, questionnaire_id, interviewee_id) VALUES ('6e028915-87e0-42f6-8845-ff84cac0f100', 'c6dd214b-43b7-401f-afe6-a5ab0d2d7767', 'aa96922a-65ac-4a3b-9f45-8a9fd620a464');
INSERT INTO option_choice (option_id, choice_id) VALUES ('17ceef0b-83da-42ec-a82c-9090a9be74af', '6e028915-87e0-42f6-8845-ff84cac0f100');
INSERT INTO option_choice (option_id, choice_id) VALUES ('069a6758-231c-4064-8e44-a0db84e86a21', '6e028915-87e0-42f6-8845-ff84cac0f100');
INSERT INTO principal (username, password) VALUES ('interviewee725', 'qwerty');
INSERT INTO interviewee (id, username, age, gender, country, marital_status) VALUES ('5d928718-e253-42d8-ae37-29d01f26d3fc', 'interviewee725', 27, 'male', 'AE', 'married');
INSERT INTO choice (id, questionnaire_id, interviewee_id) VALUES ('d2c5c96e-6330-42fb-998b-e9999beaac33', '2519c51c-9863-4531-85ff-a7ddd5ea08b2', '5d928718-e253-42d8-ae37-29d01f26d3fc');
INSERT INTO option_choice (option_id, choice_id) VALUES ('b2ff87be-cdaa-4b83-bb9c-9946660ea8b8', 'd2c5c96e-6330-42fb-998b-e9999beaac33');
INSERT INTO choice (id, questionnaire_id, interviewee_id) VALUES ('b53d3adf-3b94-4d21-931b-8c945abd16c9', 'b5c886d7-e86f-4083-958a-cbd232db7a84', '5d928718-e253-42d8-ae37-29d01f26d3fc');
INSERT INTO option_choice (option_id, choice_id) VALUES ('a446338d-133a-407b-9bd1-520fe1043ec3', 'b53d3adf-3b94-4d21-931b-8c945abd16c9');
INSERT INTO principal (username, password) VALUES ('interviewee726', 'qwerty');
INSERT INTO interviewee (id, username, age, gender, country, marital_status) VALUES ('287a042a-eb72-4dd0-a8cf-ab64b2d57363', 'interviewee726', 63, 'female', 'HN', 'was_not_married');
INSERT INTO choice (id, questionnaire_id, interviewee_id) VALUES ('479d3b26-d746-4f5e-bdaa-d0a7af0a03b3', '49c46fd6-2111-4ef5-8b91-9ee67132426d', '287a042a-eb72-4dd0-a8cf-ab64b2d57363');
INSERT INTO option_choice (option_id, choice_id) VALUES ('9324aa44-2cdd-4334-9eee-ab97e62258df', '479d3b26-d746-4f5e-bdaa-d0a7af0a03b3');
INSERT INTO choice (id, questionnaire_id, interviewee_id) VALUES ('773898ec-2589-4769-8804-a0f24870947c', 'b6df4d49-3f70-4802-90cb-4ab89e24a427', '287a042a-eb72-4dd0-a8cf-ab64b2d57363');
INSERT INTO option_choice (option_id, choice_id) VALUES ('03756c76-738d-45a3-8b02-6f36d78f3dfb', '773898ec-2589-4769-8804-a0f24870947c');
INSERT INTO principal (username, password) VALUES ('interviewee727', 'qwerty');
INSERT INTO interviewee (id, username, age, gender, country, marital_status) VALUES ('773affba-b5d8-49e4-ac79-bfbdbef57e65', 'interviewee727', 60, 'male', 'LB', 'was_not_married');
INSERT INTO choice (id, questionnaire_id, interviewee_id) VALUES ('7bba4470-3a37-407c-810a-3e99685aa667', '8e156ed6-1a8b-4fe6-9a58-0f7cbdd6af32', '773affba-b5d8-49e4-ac79-bfbdbef57e65');
INSERT INTO option_choice (option_id, choice_id) VALUES ('f6bf8b45-f0b9-47e2-b46b-2edc8b8541ed', '7bba4470-3a37-407c-810a-3e99685aa667');
INSERT INTO choice (id, questionnaire_id, interviewee_id) VALUES ('88bb2aad-bd85-4db2-b503-95f5c99fefbd', '173a3ab0-8485-4aa4-8787-a2a4414f992e', '773affba-b5d8-49e4-ac79-bfbdbef57e65');
INSERT INTO option_choice (option_id, choice_id) VALUES ('c453fc60-b896-4f66-8dbe-cc55bc42881e', '88bb2aad-bd85-4db2-b503-95f5c99fefbd');
INSERT INTO option_choice (option_id, choice_id) VALUES ('e03fcb10-1308-44a4-9ce2-e4eaf10452c1', '88bb2aad-bd85-4db2-b503-95f5c99fefbd');
INSERT INTO option_choice (option_id, choice_id) VALUES ('a477d3c8-db0a-4572-a680-b96fd792dc75', '88bb2aad-bd85-4db2-b503-95f5c99fefbd');
INSERT INTO option_choice (option_id, choice_id) VALUES ('bf89350f-11e0-4471-a3a1-95481edf5acd', '88bb2aad-bd85-4db2-b503-95f5c99fefbd');
INSERT INTO choice (id, questionnaire_id, interviewee_id) VALUES ('ec17ac4e-b022-4520-964a-14c207e39ffa', 'e4d0ba66-5e11-433c-8243-4d890cceaf69', '773affba-b5d8-49e4-ac79-bfbdbef57e65');
INSERT INTO option_choice (option_id, choice_id) VALUES ('7cfec70e-33b3-4c68-9c38-38cf292cd0f9', 'ec17ac4e-b022-4520-964a-14c207e39ffa');
INSERT INTO principal (username, password) VALUES ('interviewee728', 'qwerty');
INSERT INTO interviewee (id, username, age, gender, country, marital_status) VALUES ('5d258c6c-127e-4837-b198-6d88a8aa0dd5', 'interviewee728', 37, 'female', 'IS', 'was_not_married');
INSERT INTO choice (id, questionnaire_id, interviewee_id) VALUES ('ac119500-c285-4991-a42b-4d0d1e8b6d89', '8e156ed6-1a8b-4fe6-9a58-0f7cbdd6af32', '5d258c6c-127e-4837-b198-6d88a8aa0dd5');
INSERT INTO option_choice (option_id, choice_id) VALUES ('8518e149-5509-4398-b925-19d41cf70cb2', 'ac119500-c285-4991-a42b-4d0d1e8b6d89');
INSERT INTO principal (username, password) VALUES ('interviewee729', 'qwerty');
INSERT INTO interviewee (id, username, age, gender, country, marital_status) VALUES ('b52c3736-2c5d-4ba9-81fe-b6a58be71863', 'interviewee729', 42, 'female', 'CX', 'married');
INSERT INTO choice (id, questionnaire_id, interviewee_id) VALUES ('e3e87ed8-e7e0-49b8-babe-5af02d1f975e', 'aaacf497-4ae4-46e0-aa2e-27377271bafc', 'b52c3736-2c5d-4ba9-81fe-b6a58be71863');
INSERT INTO option_choice (option_id, choice_id) VALUES ('d4aa64ba-49fd-4d00-9175-a646c1d6d559', 'e3e87ed8-e7e0-49b8-babe-5af02d1f975e');
INSERT INTO choice (id, questionnaire_id, interviewee_id) VALUES ('4bba59ec-bca5-462d-b060-fb60573179b8', '51436662-4eca-40ce-b552-b1c7486cf609', 'b52c3736-2c5d-4ba9-81fe-b6a58be71863');
INSERT INTO option_choice (option_id, choice_id) VALUES ('e4c4b240-61c9-4253-a93b-9a7768fbfe3f', '4bba59ec-bca5-462d-b060-fb60573179b8');
INSERT INTO choice (id, questionnaire_id, interviewee_id) VALUES ('6dc2645a-8fab-4600-a137-5648ce0b74fe', '48b4658e-bc90-4bd2-97bb-92484114dfea', 'b52c3736-2c5d-4ba9-81fe-b6a58be71863');
INSERT INTO option_choice (option_id, choice_id) VALUES ('db310764-efc3-46ab-9d86-9914e34aa6cd', '6dc2645a-8fab-4600-a137-5648ce0b74fe');
INSERT INTO principal (username, password) VALUES ('interviewee730', 'qwerty');
INSERT INTO interviewee (id, username, age, gender, country, marital_status) VALUES ('2f255870-03d4-4b48-b581-060cf5299001', 'interviewee730', 63, 'female', 'KW', 'divorced');
INSERT INTO choice (id, questionnaire_id, interviewee_id) VALUES ('f5305f88-132c-4f66-ad43-0a6316ab9ae4', '49c46fd6-2111-4ef5-8b91-9ee67132426d', '2f255870-03d4-4b48-b581-060cf5299001');
INSERT INTO option_choice (option_id, choice_id) VALUES ('9324aa44-2cdd-4334-9eee-ab97e62258df', 'f5305f88-132c-4f66-ad43-0a6316ab9ae4');
INSERT INTO principal (username, password) VALUES ('interviewee731', 'qwerty');
INSERT INTO interviewee (id, username, age, gender, country, marital_status) VALUES ('339e3fba-4d23-4f65-9e0a-924b3fe97b40', 'interviewee731', 21, 'male', 'YE', 'married');
INSERT INTO choice (id, questionnaire_id, interviewee_id) VALUES ('b96b27d8-5280-4731-90c4-e84b48e3cb5c', '49c46fd6-2111-4ef5-8b91-9ee67132426d', '339e3fba-4d23-4f65-9e0a-924b3fe97b40');
INSERT INTO option_choice (option_id, choice_id) VALUES ('210da814-c19f-4c77-ba7b-e598584d62e4', 'b96b27d8-5280-4731-90c4-e84b48e3cb5c');
INSERT INTO choice (id, questionnaire_id, interviewee_id) VALUES ('ed57c955-a3d8-453b-85f7-eb9b67e1c78d', '2519c51c-9863-4531-85ff-a7ddd5ea08b2', '339e3fba-4d23-4f65-9e0a-924b3fe97b40');
INSERT INTO option_choice (option_id, choice_id) VALUES ('b2ff87be-cdaa-4b83-bb9c-9946660ea8b8', 'ed57c955-a3d8-453b-85f7-eb9b67e1c78d');
INSERT INTO choice (id, questionnaire_id, interviewee_id) VALUES ('b7fd4891-120a-4fe1-8e48-c7e02459ddd0', '8e156ed6-1a8b-4fe6-9a58-0f7cbdd6af32', '339e3fba-4d23-4f65-9e0a-924b3fe97b40');
INSERT INTO option_choice (option_id, choice_id) VALUES ('8518e149-5509-4398-b925-19d41cf70cb2', 'b7fd4891-120a-4fe1-8e48-c7e02459ddd0');
INSERT INTO principal (username, password) VALUES ('interviewee732', 'qwerty');
INSERT INTO interviewee (id, username, age, gender, country, marital_status) VALUES ('5c72677c-b463-42a1-8f21-60b832ef94b0', 'interviewee732', 57, 'female', 'MH', 'was_not_married');
INSERT INTO choice (id, questionnaire_id, interviewee_id) VALUES ('631b8270-a2c3-4e27-adad-0a756f759fcf', '05e2761c-9435-4970-ad6d-245d7a696140', '5c72677c-b463-42a1-8f21-60b832ef94b0');
INSERT INTO option_choice (option_id, choice_id) VALUES ('4431f860-831f-4fdf-9dbb-76fbdb1006a1', '631b8270-a2c3-4e27-adad-0a756f759fcf');
INSERT INTO option_choice (option_id, choice_id) VALUES ('ee58bf05-12ff-45e4-b7e9-d37a70181de4', '631b8270-a2c3-4e27-adad-0a756f759fcf');
INSERT INTO choice (id, questionnaire_id, interviewee_id) VALUES ('4e8f820b-8f4b-4258-beef-40b382b6573a', '49c46fd6-2111-4ef5-8b91-9ee67132426d', '5c72677c-b463-42a1-8f21-60b832ef94b0');
INSERT INTO option_choice (option_id, choice_id) VALUES ('210da814-c19f-4c77-ba7b-e598584d62e4', '4e8f820b-8f4b-4258-beef-40b382b6573a');
INSERT INTO principal (username, password) VALUES ('interviewee733', 'qwerty');
INSERT INTO interviewee (id, username, age, gender, country, marital_status) VALUES ('80623e9d-9f52-424b-984f-1465ae74af4e', 'interviewee733', 59, 'male', 'ID', 'was_not_married');
INSERT INTO choice (id, questionnaire_id, interviewee_id) VALUES ('ee5be1c3-2716-486d-b59d-d38d8559e689', '05e2761c-9435-4970-ad6d-245d7a696140', '80623e9d-9f52-424b-984f-1465ae74af4e');
INSERT INTO option_choice (option_id, choice_id) VALUES ('cd3191da-899e-4773-b914-291725c8c108', 'ee5be1c3-2716-486d-b59d-d38d8559e689');
INSERT INTO option_choice (option_id, choice_id) VALUES ('821d408d-9a3b-4716-a443-69cb45197037', 'ee5be1c3-2716-486d-b59d-d38d8559e689');
INSERT INTO choice (id, questionnaire_id, interviewee_id) VALUES ('208d4bf5-9e70-41b1-931d-cf07c9ae3bf7', '51436662-4eca-40ce-b552-b1c7486cf609', '80623e9d-9f52-424b-984f-1465ae74af4e');
INSERT INTO option_choice (option_id, choice_id) VALUES ('e4c4b240-61c9-4253-a93b-9a7768fbfe3f', '208d4bf5-9e70-41b1-931d-cf07c9ae3bf7');
INSERT INTO choice (id, questionnaire_id, interviewee_id) VALUES ('c4284430-4741-4564-a18c-5eeb95e4c1b5', '4a4f7cbc-8533-42b3-923b-6b4309f53c64', '80623e9d-9f52-424b-984f-1465ae74af4e');
INSERT INTO option_choice (option_id, choice_id) VALUES ('c8061f97-fb14-4a37-89ad-0a564fb1704d', 'c4284430-4741-4564-a18c-5eeb95e4c1b5');
INSERT INTO principal (username, password) VALUES ('interviewee734', 'qwerty');
INSERT INTO interviewee (id, username, age, gender, country, marital_status) VALUES ('36d86865-3256-4953-a233-8ec391e63f8f', 'interviewee734', 38, 'female', 'GB', 'was_not_married');
INSERT INTO choice (id, questionnaire_id, interviewee_id) VALUES ('5337e457-33e8-4e52-8eb4-25411c5bd358', '48b4658e-bc90-4bd2-97bb-92484114dfea', '36d86865-3256-4953-a233-8ec391e63f8f');
INSERT INTO option_choice (option_id, choice_id) VALUES ('db310764-efc3-46ab-9d86-9914e34aa6cd', '5337e457-33e8-4e52-8eb4-25411c5bd358');
INSERT INTO choice (id, questionnaire_id, interviewee_id) VALUES ('74571e48-fd73-4b2c-bcd1-4dac2cbd3c53', '49c46fd6-2111-4ef5-8b91-9ee67132426d', '36d86865-3256-4953-a233-8ec391e63f8f');
INSERT INTO option_choice (option_id, choice_id) VALUES ('9324aa44-2cdd-4334-9eee-ab97e62258df', '74571e48-fd73-4b2c-bcd1-4dac2cbd3c53');
INSERT INTO choice (id, questionnaire_id, interviewee_id) VALUES ('e630d619-cfa1-46ad-b64f-1dc02ebe6178', 'c6dd214b-43b7-401f-afe6-a5ab0d2d7767', '36d86865-3256-4953-a233-8ec391e63f8f');
INSERT INTO option_choice (option_id, choice_id) VALUES ('17ceef0b-83da-42ec-a82c-9090a9be74af', 'e630d619-cfa1-46ad-b64f-1dc02ebe6178');
INSERT INTO option_choice (option_id, choice_id) VALUES ('9d2a2dd1-7979-48a6-a0b7-3de8fdea75b6', 'e630d619-cfa1-46ad-b64f-1dc02ebe6178');
INSERT INTO principal (username, password) VALUES ('interviewee735', 'qwerty');
INSERT INTO interviewee (id, username, age, gender, country, marital_status) VALUES ('4231ed61-6df1-4319-b472-2b596db912e9', 'interviewee735', 20, 'male', 'AE', 'married');
INSERT INTO choice (id, questionnaire_id, interviewee_id) VALUES ('e043e753-b7b6-4993-b8b2-013f333466b6', 'b5c886d7-e86f-4083-958a-cbd232db7a84', '4231ed61-6df1-4319-b472-2b596db912e9');
INSERT INTO option_choice (option_id, choice_id) VALUES ('a446338d-133a-407b-9bd1-520fe1043ec3', 'e043e753-b7b6-4993-b8b2-013f333466b6');
INSERT INTO principal (username, password) VALUES ('interviewee736', 'qwerty');
INSERT INTO interviewee (id, username, age, gender, country, marital_status) VALUES ('40ec9b17-488f-4989-b05f-ccd608377543', 'interviewee736', 19, 'male', 'BS', 'was_not_married');
INSERT INTO choice (id, questionnaire_id, interviewee_id) VALUES ('5ddafcb6-036d-4449-ac88-4d5b83be17ac', '2519c51c-9863-4531-85ff-a7ddd5ea08b2', '40ec9b17-488f-4989-b05f-ccd608377543');
INSERT INTO option_choice (option_id, choice_id) VALUES ('a3b534e4-0e3d-437c-94bf-14e57f299a2c', '5ddafcb6-036d-4449-ac88-4d5b83be17ac');
INSERT INTO principal (username, password) VALUES ('interviewee737', 'qwerty');
INSERT INTO interviewee (id, username, age, gender, country, marital_status) VALUES ('57d27c63-4b34-4f83-8cfd-7db165f06163', 'interviewee737', 50, 'male', 'BE', 'divorced');
INSERT INTO choice (id, questionnaire_id, interviewee_id) VALUES ('40263d63-0eee-4e2c-a9a5-6d1dbb1bd16a', 'e4d0ba66-5e11-433c-8243-4d890cceaf69', '57d27c63-4b34-4f83-8cfd-7db165f06163');
INSERT INTO option_choice (option_id, choice_id) VALUES ('cb637eae-3b8f-4d17-81fb-9b271857e55c', '40263d63-0eee-4e2c-a9a5-6d1dbb1bd16a');
INSERT INTO option_choice (option_id, choice_id) VALUES ('7cfec70e-33b3-4c68-9c38-38cf292cd0f9', '40263d63-0eee-4e2c-a9a5-6d1dbb1bd16a');
INSERT INTO principal (username, password) VALUES ('interviewee738', 'qwerty');
INSERT INTO interviewee (id, username, age, gender, country, marital_status) VALUES ('0754336a-0da8-4363-a32c-e1eb9bd2d46c', 'interviewee738', 14, 'male', 'EH', 'divorced');
INSERT INTO choice (id, questionnaire_id, interviewee_id) VALUES ('5222a12c-3e05-4502-b2a3-1bdc284b53f1', '4a4f7cbc-8533-42b3-923b-6b4309f53c64', '0754336a-0da8-4363-a32c-e1eb9bd2d46c');
INSERT INTO option_choice (option_id, choice_id) VALUES ('9626a1a6-7214-4944-83a6-f582098c61a8', '5222a12c-3e05-4502-b2a3-1bdc284b53f1');
INSERT INTO choice (id, questionnaire_id, interviewee_id) VALUES ('eb2e14e4-94c5-4616-a1bd-b959139f8df9', '05e2761c-9435-4970-ad6d-245d7a696140', '0754336a-0da8-4363-a32c-e1eb9bd2d46c');
INSERT INTO option_choice (option_id, choice_id) VALUES ('26fa513d-ade2-4822-81ac-a6d8dc123679', 'eb2e14e4-94c5-4616-a1bd-b959139f8df9');
INSERT INTO principal (username, password) VALUES ('interviewee739', 'qwerty');
INSERT INTO interviewee (id, username, age, gender, country, marital_status) VALUES ('80f38a7d-9ea8-4c89-9485-0f81eff2e3d3', 'interviewee739', 55, 'female', 'KI', 'divorced');
INSERT INTO choice (id, questionnaire_id, interviewee_id) VALUES ('6807c4e8-a4c5-49ad-92bf-864ce0e7d0bd', 'b5c886d7-e86f-4083-958a-cbd232db7a84', '80f38a7d-9ea8-4c89-9485-0f81eff2e3d3');
INSERT INTO option_choice (option_id, choice_id) VALUES ('9d7ea78f-0edc-43db-94d7-3d31213df760', '6807c4e8-a4c5-49ad-92bf-864ce0e7d0bd');
INSERT INTO choice (id, questionnaire_id, interviewee_id) VALUES ('8c6a1c39-87b9-4451-aaf1-5a6111e6e3c7', 'aaacf497-4ae4-46e0-aa2e-27377271bafc', '80f38a7d-9ea8-4c89-9485-0f81eff2e3d3');
INSERT INTO option_choice (option_id, choice_id) VALUES ('4d7025a3-7520-4447-9769-c495cb62415e', '8c6a1c39-87b9-4451-aaf1-5a6111e6e3c7');
INSERT INTO choice (id, questionnaire_id, interviewee_id) VALUES ('800c0cc1-478c-462d-956e-5acc92dc1bad', '858287c2-e494-424b-a03f-6b0a55c2fce3', '80f38a7d-9ea8-4c89-9485-0f81eff2e3d3');
INSERT INTO option_choice (option_id, choice_id) VALUES ('a7e89931-dbca-4a6f-bdbb-b42e57f2e7f2', '800c0cc1-478c-462d-956e-5acc92dc1bad');
INSERT INTO option_choice (option_id, choice_id) VALUES ('a1e55f7c-aa45-466f-86bb-0d5e262ca0bc', '800c0cc1-478c-462d-956e-5acc92dc1bad');
INSERT INTO option_choice (option_id, choice_id) VALUES ('59c8e6e3-5895-4f0b-ae9e-3bb455a5f6b2', '800c0cc1-478c-462d-956e-5acc92dc1bad');
INSERT INTO option_choice (option_id, choice_id) VALUES ('f2fd1a72-0ca7-41a6-ad15-7bc21a02fe73', '800c0cc1-478c-462d-956e-5acc92dc1bad');
INSERT INTO principal (username, password) VALUES ('interviewee740', 'qwerty');
INSERT INTO interviewee (id, username, age, gender, country, marital_status) VALUES ('aa7b7f30-7968-45c7-ae82-6ced92ce95e0', 'interviewee740', 28, 'male', 'BN', 'married');
INSERT INTO choice (id, questionnaire_id, interviewee_id) VALUES ('c4ae9228-4463-4a54-a7e7-3bc1e36a67f3', 'b6df4d49-3f70-4802-90cb-4ab89e24a427', 'aa7b7f30-7968-45c7-ae82-6ced92ce95e0');
INSERT INTO option_choice (option_id, choice_id) VALUES ('372d528a-d173-4ec8-bba6-b6d6ccea7303', 'c4ae9228-4463-4a54-a7e7-3bc1e36a67f3');
INSERT INTO principal (username, password) VALUES ('interviewee741', 'qwerty');
INSERT INTO interviewee (id, username, age, gender, country, marital_status) VALUES ('e3c91c70-4492-43b1-b940-47fb5d5abfb3', 'interviewee741', 59, 'male', 'MC', 'divorced');
INSERT INTO choice (id, questionnaire_id, interviewee_id) VALUES ('d47d0f7d-4e3e-453b-a897-bf863266ace5', 'aaacf497-4ae4-46e0-aa2e-27377271bafc', 'e3c91c70-4492-43b1-b940-47fb5d5abfb3');
INSERT INTO option_choice (option_id, choice_id) VALUES ('4d7025a3-7520-4447-9769-c495cb62415e', 'd47d0f7d-4e3e-453b-a897-bf863266ace5');
INSERT INTO principal (username, password) VALUES ('interviewee742', 'qwerty');
INSERT INTO interviewee (id, username, age, gender, country, marital_status) VALUES ('e20d8e62-4aaf-446e-82b3-032b7d0d8215', 'interviewee742', 60, 'female', 'PE', 'was_not_married');
INSERT INTO choice (id, questionnaire_id, interviewee_id) VALUES ('424d487f-bca4-4d9d-ada5-2b9d9cfe5ffd', '48b4658e-bc90-4bd2-97bb-92484114dfea', 'e20d8e62-4aaf-446e-82b3-032b7d0d8215');
INSERT INTO option_choice (option_id, choice_id) VALUES ('db310764-efc3-46ab-9d86-9914e34aa6cd', '424d487f-bca4-4d9d-ada5-2b9d9cfe5ffd');
INSERT INTO choice (id, questionnaire_id, interviewee_id) VALUES ('dc255533-8d28-4a25-9119-63ba469b70b0', '5b0a67f5-cbf2-4fde-b526-fd512ff68e24', 'e20d8e62-4aaf-446e-82b3-032b7d0d8215');
INSERT INTO option_choice (option_id, choice_id) VALUES ('97aa1845-210d-4e42-8c05-737698b0c66c', 'dc255533-8d28-4a25-9119-63ba469b70b0');
INSERT INTO choice (id, questionnaire_id, interviewee_id) VALUES ('070940ad-a02c-410b-b574-a247a9abe4ee', 'e20dbb22-091f-4137-8450-fdeaea74363f', 'e20d8e62-4aaf-446e-82b3-032b7d0d8215');
INSERT INTO option_choice (option_id, choice_id) VALUES ('742176a0-b7c8-400a-a370-5871099954a4', '070940ad-a02c-410b-b574-a247a9abe4ee');
INSERT INTO option_choice (option_id, choice_id) VALUES ('ff3c7a97-70db-4404-b85b-274707745879', '070940ad-a02c-410b-b574-a247a9abe4ee');
INSERT INTO option_choice (option_id, choice_id) VALUES ('946ecf06-2d9f-4fe5-b2b7-64c51a5fdf06', '070940ad-a02c-410b-b574-a247a9abe4ee');
INSERT INTO option_choice (option_id, choice_id) VALUES ('49d1bc1f-0fd1-4dad-ab6d-b123ea13d33a', '070940ad-a02c-410b-b574-a247a9abe4ee');
INSERT INTO option_choice (option_id, choice_id) VALUES ('322bbc1b-4e8d-41ae-b4f2-3466891dc809', '070940ad-a02c-410b-b574-a247a9abe4ee');
INSERT INTO option_choice (option_id, choice_id) VALUES ('a572f3cf-b3ba-491a-9687-6cee662749f1', '070940ad-a02c-410b-b574-a247a9abe4ee');
INSERT INTO principal (username, password) VALUES ('interviewee743', 'qwerty');
INSERT INTO interviewee (id, username, age, gender, country, marital_status) VALUES ('5be16517-a942-4df5-8586-29e153010017', 'interviewee743', 18, 'male', 'NP', 'divorced');
INSERT INTO choice (id, questionnaire_id, interviewee_id) VALUES ('73339ded-94eb-4597-9eb8-757a543a37d1', '407203dd-9657-46e6-975f-3be5d664dd2a', '5be16517-a942-4df5-8586-29e153010017');
INSERT INTO option_choice (option_id, choice_id) VALUES ('ee1ee86e-3cfc-4173-b109-2a69851e8943', '73339ded-94eb-4597-9eb8-757a543a37d1');
INSERT INTO principal (username, password) VALUES ('interviewee744', 'qwerty');
INSERT INTO interviewee (id, username, age, gender, country, marital_status) VALUES ('94a5f4a6-a37a-4ed2-a315-d594a24e1daa', 'interviewee744', 60, 'female', 'TZ', 'was_not_married');
INSERT INTO choice (id, questionnaire_id, interviewee_id) VALUES ('ff02a7bf-3851-45ae-a179-62bb13097b12', 'aaacf497-4ae4-46e0-aa2e-27377271bafc', '94a5f4a6-a37a-4ed2-a315-d594a24e1daa');
INSERT INTO option_choice (option_id, choice_id) VALUES ('d4aa64ba-49fd-4d00-9175-a646c1d6d559', 'ff02a7bf-3851-45ae-a179-62bb13097b12');
INSERT INTO principal (username, password) VALUES ('interviewee745', 'qwerty');
INSERT INTO interviewee (id, username, age, gender, country, marital_status) VALUES ('a2b6af15-e1d9-498e-b20b-2b0a7e80e913', 'interviewee745', 31, 'male', 'MX', 'divorced');
INSERT INTO choice (id, questionnaire_id, interviewee_id) VALUES ('0074345f-3202-405e-865e-5b9d4b8f2e82', '407203dd-9657-46e6-975f-3be5d664dd2a', 'a2b6af15-e1d9-498e-b20b-2b0a7e80e913');
INSERT INTO option_choice (option_id, choice_id) VALUES ('3c882d4f-dfe1-416d-adc7-e8b41816b82e', '0074345f-3202-405e-865e-5b9d4b8f2e82');
INSERT INTO principal (username, password) VALUES ('interviewee746', 'qwerty');
INSERT INTO interviewee (id, username, age, gender, country, marital_status) VALUES ('ed9ed9f0-83e1-4897-9716-8a8787cc63a8', 'interviewee746', 62, 'male', 'YE', 'was_not_married');
INSERT INTO choice (id, questionnaire_id, interviewee_id) VALUES ('55e3370a-7c7f-46e5-92b5-f5142be5a7fb', '5b0a67f5-cbf2-4fde-b526-fd512ff68e24', 'ed9ed9f0-83e1-4897-9716-8a8787cc63a8');
INSERT INTO option_choice (option_id, choice_id) VALUES ('7dc1dfe8-a039-4c2a-a601-d1bc81a3e459', '55e3370a-7c7f-46e5-92b5-f5142be5a7fb');
INSERT INTO choice (id, questionnaire_id, interviewee_id) VALUES ('44a35915-8913-4911-929a-a82e780928ea', 'e4d0ba66-5e11-433c-8243-4d890cceaf69', 'ed9ed9f0-83e1-4897-9716-8a8787cc63a8');
INSERT INTO option_choice (option_id, choice_id) VALUES ('7cfec70e-33b3-4c68-9c38-38cf292cd0f9', '44a35915-8913-4911-929a-a82e780928ea');
INSERT INTO principal (username, password) VALUES ('interviewee747', 'qwerty');
INSERT INTO interviewee (id, username, age, gender, country, marital_status) VALUES ('86111357-9048-48e7-90e3-a461b9ed63c0', 'interviewee747', 44, 'male', 'PS', 'divorced');
INSERT INTO choice (id, questionnaire_id, interviewee_id) VALUES ('b2ff9c8f-b021-4669-90c1-3073e8646c9e', '2519c51c-9863-4531-85ff-a7ddd5ea08b2', '86111357-9048-48e7-90e3-a461b9ed63c0');
INSERT INTO option_choice (option_id, choice_id) VALUES ('e532cc1b-83fa-4902-9bd1-0868c31241bb', 'b2ff9c8f-b021-4669-90c1-3073e8646c9e');
INSERT INTO choice (id, questionnaire_id, interviewee_id) VALUES ('cda5d7a1-b265-4978-86bf-061db4abe446', 'b5c886d7-e86f-4083-958a-cbd232db7a84', '86111357-9048-48e7-90e3-a461b9ed63c0');
INSERT INTO option_choice (option_id, choice_id) VALUES ('b3fef8ac-34c1-4143-a4bd-73c39cbbac53', 'cda5d7a1-b265-4978-86bf-061db4abe446');
INSERT INTO principal (username, password) VALUES ('interviewee748', 'qwerty');
INSERT INTO interviewee (id, username, age, gender, country, marital_status) VALUES ('e74a186d-18ce-45e7-9fb6-4bcaa1a39b4f', 'interviewee748', 24, 'male', 'CM', 'divorced');
INSERT INTO choice (id, questionnaire_id, interviewee_id) VALUES ('5f2342e1-62ba-4820-8c2d-2192b4de60a8', '8e156ed6-1a8b-4fe6-9a58-0f7cbdd6af32', 'e74a186d-18ce-45e7-9fb6-4bcaa1a39b4f');
INSERT INTO option_choice (option_id, choice_id) VALUES ('38f39cdf-6292-4c51-8660-f27ad61185bf', '5f2342e1-62ba-4820-8c2d-2192b4de60a8');
INSERT INTO choice (id, questionnaire_id, interviewee_id) VALUES ('77ccaf71-682b-487b-bcde-83cf6db99751', '747d0763-c99f-47ce-809b-b378d489a158', 'e74a186d-18ce-45e7-9fb6-4bcaa1a39b4f');
INSERT INTO option_choice (option_id, choice_id) VALUES ('65c86d12-f533-40f5-8dd6-10903d890b10', '77ccaf71-682b-487b-bcde-83cf6db99751');
INSERT INTO option_choice (option_id, choice_id) VALUES ('2095cf98-27de-4722-93f9-2c09ae6b4ed1', '77ccaf71-682b-487b-bcde-83cf6db99751');
INSERT INTO principal (username, password) VALUES ('interviewee749', 'qwerty');
INSERT INTO interviewee (id, username, age, gender, country, marital_status) VALUES ('2846c049-4314-4046-b05c-97feb85f9200', 'interviewee749', 16, 'female', 'MX', 'was_not_married');
INSERT INTO choice (id, questionnaire_id, interviewee_id) VALUES ('a60d3d96-ea2b-4ed4-bd3e-5f02c3daad07', '5b0a67f5-cbf2-4fde-b526-fd512ff68e24', '2846c049-4314-4046-b05c-97feb85f9200');
INSERT INTO option_choice (option_id, choice_id) VALUES ('97aa1845-210d-4e42-8c05-737698b0c66c', 'a60d3d96-ea2b-4ed4-bd3e-5f02c3daad07');
INSERT INTO principal (username, password) VALUES ('interviewee750', 'qwerty');
INSERT INTO interviewee (id, username, age, gender, country, marital_status) VALUES ('c187e818-da75-4843-bae9-5c37f9c56573', 'interviewee750', 17, 'male', 'US', 'married');
INSERT INTO choice (id, questionnaire_id, interviewee_id) VALUES ('92767735-2106-425c-8636-6687cb1fc0c8', 'aaacf497-4ae4-46e0-aa2e-27377271bafc', 'c187e818-da75-4843-bae9-5c37f9c56573');
INSERT INTO option_choice (option_id, choice_id) VALUES ('070ce52d-21fd-4380-9c02-d25647a035a6', '92767735-2106-425c-8636-6687cb1fc0c8');
INSERT INTO choice (id, questionnaire_id, interviewee_id) VALUES ('25bab8ac-3010-4863-ad23-da80b2ff7d7a', '173a3ab0-8485-4aa4-8787-a2a4414f992e', 'c187e818-da75-4843-bae9-5c37f9c56573');
INSERT INTO option_choice (option_id, choice_id) VALUES ('3c8e0934-801c-4afd-98de-7aaf263889f6', '25bab8ac-3010-4863-ad23-da80b2ff7d7a');
INSERT INTO option_choice (option_id, choice_id) VALUES ('bf89350f-11e0-4471-a3a1-95481edf5acd', '25bab8ac-3010-4863-ad23-da80b2ff7d7a');
INSERT INTO choice (id, questionnaire_id, interviewee_id) VALUES ('2d1f9d03-edfb-4fff-847c-b847099c7048', '08310229-5370-44f1-8071-5c56f92e3dc5', 'c187e818-da75-4843-bae9-5c37f9c56573');
INSERT INTO option_choice (option_id, choice_id) VALUES ('38336259-fa95-40f4-865c-eff171ebbb80', '2d1f9d03-edfb-4fff-847c-b847099c7048');
INSERT INTO principal (username, password) VALUES ('interviewee751', 'qwerty');
INSERT INTO interviewee (id, username, age, gender, country, marital_status) VALUES ('11596bea-82c1-426c-b2f3-9783baf65196', 'interviewee751', 69, 'male', 'CL', 'was_not_married');
INSERT INTO choice (id, questionnaire_id, interviewee_id) VALUES ('bad5cc84-970b-429a-a3df-50c4e7cedab3', '05e2761c-9435-4970-ad6d-245d7a696140', '11596bea-82c1-426c-b2f3-9783baf65196');
INSERT INTO option_choice (option_id, choice_id) VALUES ('821d408d-9a3b-4716-a443-69cb45197037', 'bad5cc84-970b-429a-a3df-50c4e7cedab3');
INSERT INTO option_choice (option_id, choice_id) VALUES ('4431f860-831f-4fdf-9dbb-76fbdb1006a1', 'bad5cc84-970b-429a-a3df-50c4e7cedab3');
INSERT INTO option_choice (option_id, choice_id) VALUES ('cd3191da-899e-4773-b914-291725c8c108', 'bad5cc84-970b-429a-a3df-50c4e7cedab3');
INSERT INTO option_choice (option_id, choice_id) VALUES ('ee58bf05-12ff-45e4-b7e9-d37a70181de4', 'bad5cc84-970b-429a-a3df-50c4e7cedab3');
INSERT INTO option_choice (option_id, choice_id) VALUES ('26fa513d-ade2-4822-81ac-a6d8dc123679', 'bad5cc84-970b-429a-a3df-50c4e7cedab3');
INSERT INTO principal (username, password) VALUES ('interviewee752', 'qwerty');
INSERT INTO interviewee (id, username, age, gender, country, marital_status) VALUES ('fa83ed6c-9b54-499a-a2c1-ec5754adf264', 'interviewee752', 30, 'male', 'MR', 'was_not_married');
INSERT INTO choice (id, questionnaire_id, interviewee_id) VALUES ('51dc40df-2ee1-4e62-b2f2-5b21dde994a3', '05e2761c-9435-4970-ad6d-245d7a696140', 'fa83ed6c-9b54-499a-a2c1-ec5754adf264');
INSERT INTO option_choice (option_id, choice_id) VALUES ('4431f860-831f-4fdf-9dbb-76fbdb1006a1', '51dc40df-2ee1-4e62-b2f2-5b21dde994a3');
INSERT INTO option_choice (option_id, choice_id) VALUES ('ee58bf05-12ff-45e4-b7e9-d37a70181de4', '51dc40df-2ee1-4e62-b2f2-5b21dde994a3');
INSERT INTO option_choice (option_id, choice_id) VALUES ('cd3191da-899e-4773-b914-291725c8c108', '51dc40df-2ee1-4e62-b2f2-5b21dde994a3');
INSERT INTO option_choice (option_id, choice_id) VALUES ('821d408d-9a3b-4716-a443-69cb45197037', '51dc40df-2ee1-4e62-b2f2-5b21dde994a3');
INSERT INTO option_choice (option_id, choice_id) VALUES ('26fa513d-ade2-4822-81ac-a6d8dc123679', '51dc40df-2ee1-4e62-b2f2-5b21dde994a3');
INSERT INTO choice (id, questionnaire_id, interviewee_id) VALUES ('59a1c6ab-e749-450b-a17e-78e64d083e67', '173a3ab0-8485-4aa4-8787-a2a4414f992e', 'fa83ed6c-9b54-499a-a2c1-ec5754adf264');
INSERT INTO option_choice (option_id, choice_id) VALUES ('e03fcb10-1308-44a4-9ce2-e4eaf10452c1', '59a1c6ab-e749-450b-a17e-78e64d083e67');
INSERT INTO option_choice (option_id, choice_id) VALUES ('c453fc60-b896-4f66-8dbe-cc55bc42881e', '59a1c6ab-e749-450b-a17e-78e64d083e67');
INSERT INTO option_choice (option_id, choice_id) VALUES ('3f698183-af22-44ca-80c1-eb668697e9ea', '59a1c6ab-e749-450b-a17e-78e64d083e67');
INSERT INTO choice (id, questionnaire_id, interviewee_id) VALUES ('7bf776aa-2876-4daf-90ec-b81693d9f19c', 'aaacf497-4ae4-46e0-aa2e-27377271bafc', 'fa83ed6c-9b54-499a-a2c1-ec5754adf264');
INSERT INTO option_choice (option_id, choice_id) VALUES ('4d7025a3-7520-4447-9769-c495cb62415e', '7bf776aa-2876-4daf-90ec-b81693d9f19c');
INSERT INTO principal (username, password) VALUES ('interviewee753', 'qwerty');
INSERT INTO interviewee (id, username, age, gender, country, marital_status) VALUES ('72260a5b-fc3a-4ddf-89fa-1a47625773b0', 'interviewee753', 37, 'male', 'IR', 'divorced');
INSERT INTO choice (id, questionnaire_id, interviewee_id) VALUES ('1c017847-0721-4e2a-aedc-2ddd4a1068cf', '4a4f7cbc-8533-42b3-923b-6b4309f53c64', '72260a5b-fc3a-4ddf-89fa-1a47625773b0');
INSERT INTO option_choice (option_id, choice_id) VALUES ('3f8cd95c-177b-469f-b652-784cadd37582', '1c017847-0721-4e2a-aedc-2ddd4a1068cf');
INSERT INTO principal (username, password) VALUES ('interviewee754', 'qwerty');
INSERT INTO interviewee (id, username, age, gender, country, marital_status) VALUES ('317b74a2-7e59-4d80-bb88-032e5743ec1c', 'interviewee754', 55, 'female', 'FK', 'was_not_married');
INSERT INTO choice (id, questionnaire_id, interviewee_id) VALUES ('7a7bf84a-ced8-4cb8-9806-833e856529df', 'e20dbb22-091f-4137-8450-fdeaea74363f', '317b74a2-7e59-4d80-bb88-032e5743ec1c');
INSERT INTO option_choice (option_id, choice_id) VALUES ('4bd78eb1-72bb-47fa-8b7c-4cc826f39edd', '7a7bf84a-ced8-4cb8-9806-833e856529df');
INSERT INTO option_choice (option_id, choice_id) VALUES ('322bbc1b-4e8d-41ae-b4f2-3466891dc809', '7a7bf84a-ced8-4cb8-9806-833e856529df');
INSERT INTO option_choice (option_id, choice_id) VALUES ('b09da84d-7533-40da-b486-a820b6b7c110', '7a7bf84a-ced8-4cb8-9806-833e856529df');
INSERT INTO option_choice (option_id, choice_id) VALUES ('49d1bc1f-0fd1-4dad-ab6d-b123ea13d33a', '7a7bf84a-ced8-4cb8-9806-833e856529df');
INSERT INTO choice (id, questionnaire_id, interviewee_id) VALUES ('fb4ff3e2-c2e1-45fb-947d-5669fba181a7', '48b4658e-bc90-4bd2-97bb-92484114dfea', '317b74a2-7e59-4d80-bb88-032e5743ec1c');
INSERT INTO option_choice (option_id, choice_id) VALUES ('72884dca-8b91-4379-bf2e-f4dbfc8f13cd', 'fb4ff3e2-c2e1-45fb-947d-5669fba181a7');
INSERT INTO choice (id, questionnaire_id, interviewee_id) VALUES ('9dff34ae-89c5-4c20-849d-c770f9d51435', 'aaacf497-4ae4-46e0-aa2e-27377271bafc', '317b74a2-7e59-4d80-bb88-032e5743ec1c');
INSERT INTO option_choice (option_id, choice_id) VALUES ('070ce52d-21fd-4380-9c02-d25647a035a6', '9dff34ae-89c5-4c20-849d-c770f9d51435');
INSERT INTO principal (username, password) VALUES ('interviewee755', 'qwerty');
INSERT INTO interviewee (id, username, age, gender, country, marital_status) VALUES ('396222f7-717f-4e62-b078-f6ba39667204', 'interviewee755', 38, 'male', 'JE', 'married');
INSERT INTO choice (id, questionnaire_id, interviewee_id) VALUES ('b39ebd49-9870-41f1-9be4-530364ec1b2b', 'b5c886d7-e86f-4083-958a-cbd232db7a84', '396222f7-717f-4e62-b078-f6ba39667204');
INSERT INTO option_choice (option_id, choice_id) VALUES ('9d7ea78f-0edc-43db-94d7-3d31213df760', 'b39ebd49-9870-41f1-9be4-530364ec1b2b');
INSERT INTO choice (id, questionnaire_id, interviewee_id) VALUES ('489147ca-a592-4b48-8066-2023d8a7c0c1', 'e20dbb22-091f-4137-8450-fdeaea74363f', '396222f7-717f-4e62-b078-f6ba39667204');
INSERT INTO option_choice (option_id, choice_id) VALUES ('49d1bc1f-0fd1-4dad-ab6d-b123ea13d33a', '489147ca-a592-4b48-8066-2023d8a7c0c1');
INSERT INTO option_choice (option_id, choice_id) VALUES ('322bbc1b-4e8d-41ae-b4f2-3466891dc809', '489147ca-a592-4b48-8066-2023d8a7c0c1');
INSERT INTO option_choice (option_id, choice_id) VALUES ('b09da84d-7533-40da-b486-a820b6b7c110', '489147ca-a592-4b48-8066-2023d8a7c0c1');
INSERT INTO choice (id, questionnaire_id, interviewee_id) VALUES ('067ffde8-06f4-4b3a-85bc-7612e9fbfc79', '407203dd-9657-46e6-975f-3be5d664dd2a', '396222f7-717f-4e62-b078-f6ba39667204');
INSERT INTO option_choice (option_id, choice_id) VALUES ('048db851-6d32-476c-9654-e8b6208eabda', '067ffde8-06f4-4b3a-85bc-7612e9fbfc79');
INSERT INTO principal (username, password) VALUES ('interviewee756', 'qwerty');
INSERT INTO interviewee (id, username, age, gender, country, marital_status) VALUES ('c74b14b6-8813-4f10-85bf-082ea78d72b8', 'interviewee756', 39, 'male', 'BD', 'divorced');
INSERT INTO choice (id, questionnaire_id, interviewee_id) VALUES ('f6559649-9e18-49ee-b518-8af0ed302ee8', 'e20dbb22-091f-4137-8450-fdeaea74363f', 'c74b14b6-8813-4f10-85bf-082ea78d72b8');
INSERT INTO option_choice (option_id, choice_id) VALUES ('b09da84d-7533-40da-b486-a820b6b7c110', 'f6559649-9e18-49ee-b518-8af0ed302ee8');
INSERT INTO option_choice (option_id, choice_id) VALUES ('a572f3cf-b3ba-491a-9687-6cee662749f1', 'f6559649-9e18-49ee-b518-8af0ed302ee8');
INSERT INTO choice (id, questionnaire_id, interviewee_id) VALUES ('3a602fb1-abe2-45b9-b598-ca8d05c403f7', '81a3f075-1324-4e67-90a5-493fe3324435', 'c74b14b6-8813-4f10-85bf-082ea78d72b8');
INSERT INTO option_choice (option_id, choice_id) VALUES ('ab9020e3-a12b-46eb-97f0-79dcfaab7356', '3a602fb1-abe2-45b9-b598-ca8d05c403f7');
INSERT INTO option_choice (option_id, choice_id) VALUES ('7b2bd172-1566-440a-81d8-f9b2fb43f8fc', '3a602fb1-abe2-45b9-b598-ca8d05c403f7');
INSERT INTO option_choice (option_id, choice_id) VALUES ('c0afeee2-6628-4404-bc41-32bc0a1505c5', '3a602fb1-abe2-45b9-b598-ca8d05c403f7');
INSERT INTO choice (id, questionnaire_id, interviewee_id) VALUES ('05f9e175-7549-4cac-ad3e-6e318478f931', '49c46fd6-2111-4ef5-8b91-9ee67132426d', 'c74b14b6-8813-4f10-85bf-082ea78d72b8');
INSERT INTO option_choice (option_id, choice_id) VALUES ('0e4a5f7a-a4f3-45f1-8f7c-34efd574414b', '05f9e175-7549-4cac-ad3e-6e318478f931');
INSERT INTO principal (username, password) VALUES ('interviewee757', 'qwerty');
INSERT INTO interviewee (id, username, age, gender, country, marital_status) VALUES ('8c0fb01a-0727-489d-8e86-c17548c9dfa7', 'interviewee757', 52, 'female', 'BQ', 'was_not_married');
INSERT INTO choice (id, questionnaire_id, interviewee_id) VALUES ('6775c03b-ce11-4e7c-be70-29e7d37e1ac2', '48b4658e-bc90-4bd2-97bb-92484114dfea', '8c0fb01a-0727-489d-8e86-c17548c9dfa7');
INSERT INTO option_choice (option_id, choice_id) VALUES ('5a5b3a6f-7875-401c-8d0b-e9c8b854b985', '6775c03b-ce11-4e7c-be70-29e7d37e1ac2');
INSERT INTO principal (username, password) VALUES ('interviewee758', 'qwerty');
INSERT INTO interviewee (id, username, age, gender, country, marital_status) VALUES ('9e9a15d5-8673-4114-a4d7-dacceed96565', 'interviewee758', 28, 'male', 'MV', 'married');
INSERT INTO choice (id, questionnaire_id, interviewee_id) VALUES ('89fbb43f-30bb-494b-a1b5-4a63b1091b92', 'b6df4d49-3f70-4802-90cb-4ab89e24a427', '9e9a15d5-8673-4114-a4d7-dacceed96565');
INSERT INTO option_choice (option_id, choice_id) VALUES ('e6e95e42-0740-4517-bc42-3de8cd9b1be2', '89fbb43f-30bb-494b-a1b5-4a63b1091b92');
INSERT INTO choice (id, questionnaire_id, interviewee_id) VALUES ('e83a9d2f-a27a-4adc-8b4b-778021ee8e41', '858287c2-e494-424b-a03f-6b0a55c2fce3', '9e9a15d5-8673-4114-a4d7-dacceed96565');
INSERT INTO option_choice (option_id, choice_id) VALUES ('a7e89931-dbca-4a6f-bdbb-b42e57f2e7f2', 'e83a9d2f-a27a-4adc-8b4b-778021ee8e41');
INSERT INTO option_choice (option_id, choice_id) VALUES ('a1e55f7c-aa45-466f-86bb-0d5e262ca0bc', 'e83a9d2f-a27a-4adc-8b4b-778021ee8e41');
INSERT INTO choice (id, questionnaire_id, interviewee_id) VALUES ('0c61a249-a1df-4318-ae53-c08545a48e1d', '407203dd-9657-46e6-975f-3be5d664dd2a', '9e9a15d5-8673-4114-a4d7-dacceed96565');
INSERT INTO option_choice (option_id, choice_id) VALUES ('4285dd4d-8381-423b-8700-37e491ae1336', '0c61a249-a1df-4318-ae53-c08545a48e1d');
INSERT INTO principal (username, password) VALUES ('interviewee759', 'qwerty');
INSERT INTO interviewee (id, username, age, gender, country, marital_status) VALUES ('7773eb66-133c-4e3e-ba79-2be5f4cd8349', 'interviewee759', 60, 'male', 'SR', 'married');
INSERT INTO choice (id, questionnaire_id, interviewee_id) VALUES ('73603699-0850-4e66-81db-4e795152e9b7', '5b0a67f5-cbf2-4fde-b526-fd512ff68e24', '7773eb66-133c-4e3e-ba79-2be5f4cd8349');
INSERT INTO option_choice (option_id, choice_id) VALUES ('97aa1845-210d-4e42-8c05-737698b0c66c', '73603699-0850-4e66-81db-4e795152e9b7');
INSERT INTO choice (id, questionnaire_id, interviewee_id) VALUES ('c12ab115-cd15-4174-aefd-42d427a3fe7e', '51436662-4eca-40ce-b552-b1c7486cf609', '7773eb66-133c-4e3e-ba79-2be5f4cd8349');
INSERT INTO option_choice (option_id, choice_id) VALUES ('e4c4b240-61c9-4253-a93b-9a7768fbfe3f', 'c12ab115-cd15-4174-aefd-42d427a3fe7e');
INSERT INTO principal (username, password) VALUES ('interviewee760', 'qwerty');
INSERT INTO interviewee (id, username, age, gender, country, marital_status) VALUES ('aa64e3c9-d396-4033-a736-116f6ad9e48f', 'interviewee760', 46, 'female', 'LK', 'was_not_married');
INSERT INTO choice (id, questionnaire_id, interviewee_id) VALUES ('81806119-f8a7-4c23-a649-8a1b71e1fed2', '48b4658e-bc90-4bd2-97bb-92484114dfea', 'aa64e3c9-d396-4033-a736-116f6ad9e48f');
INSERT INTO option_choice (option_id, choice_id) VALUES ('db310764-efc3-46ab-9d86-9914e34aa6cd', '81806119-f8a7-4c23-a649-8a1b71e1fed2');
INSERT INTO choice (id, questionnaire_id, interviewee_id) VALUES ('757fa575-d1b4-4abf-b1ca-7efc55f5a998', '173a3ab0-8485-4aa4-8787-a2a4414f992e', 'aa64e3c9-d396-4033-a736-116f6ad9e48f');
INSERT INTO option_choice (option_id, choice_id) VALUES ('c453fc60-b896-4f66-8dbe-cc55bc42881e', '757fa575-d1b4-4abf-b1ca-7efc55f5a998');
INSERT INTO choice (id, questionnaire_id, interviewee_id) VALUES ('defe875b-c0e6-450f-a7ad-6668a4c65979', 'b6df4d49-3f70-4802-90cb-4ab89e24a427', 'aa64e3c9-d396-4033-a736-116f6ad9e48f');
INSERT INTO option_choice (option_id, choice_id) VALUES ('e6e95e42-0740-4517-bc42-3de8cd9b1be2', 'defe875b-c0e6-450f-a7ad-6668a4c65979');
INSERT INTO principal (username, password) VALUES ('interviewee761', 'qwerty');
INSERT INTO interviewee (id, username, age, gender, country, marital_status) VALUES ('e0edbc14-d582-4bba-95fc-6c2c047b7415', 'interviewee761', 65, 'female', 'GR', 'was_not_married');
INSERT INTO choice (id, questionnaire_id, interviewee_id) VALUES ('67f72296-8d24-43f4-adf9-4071751260b8', 'b6df4d49-3f70-4802-90cb-4ab89e24a427', 'e0edbc14-d582-4bba-95fc-6c2c047b7415');
INSERT INTO option_choice (option_id, choice_id) VALUES ('6168252e-0547-486b-8613-2eec6678d5a2', '67f72296-8d24-43f4-adf9-4071751260b8');
INSERT INTO choice (id, questionnaire_id, interviewee_id) VALUES ('f449cd99-ee9a-45d9-b487-a62a8ef10a06', 'e4d0ba66-5e11-433c-8243-4d890cceaf69', 'e0edbc14-d582-4bba-95fc-6c2c047b7415');
INSERT INTO option_choice (option_id, choice_id) VALUES ('7cfec70e-33b3-4c68-9c38-38cf292cd0f9', 'f449cd99-ee9a-45d9-b487-a62a8ef10a06');
INSERT INTO principal (username, password) VALUES ('interviewee762', 'qwerty');
INSERT INTO interviewee (id, username, age, gender, country, marital_status) VALUES ('e572f538-37d0-45c4-bab7-a1e1b71c0c96', 'interviewee762', 64, 'male', 'LA', 'was_not_married');
INSERT INTO choice (id, questionnaire_id, interviewee_id) VALUES ('b78fa974-a329-47cb-8246-7add4d21f996', 'aaacf497-4ae4-46e0-aa2e-27377271bafc', 'e572f538-37d0-45c4-bab7-a1e1b71c0c96');
INSERT INTO option_choice (option_id, choice_id) VALUES ('070ce52d-21fd-4380-9c02-d25647a035a6', 'b78fa974-a329-47cb-8246-7add4d21f996');
INSERT INTO choice (id, questionnaire_id, interviewee_id) VALUES ('fe3022f5-fad2-468f-a2b3-0404fd1d3e96', 'e4d0ba66-5e11-433c-8243-4d890cceaf69', 'e572f538-37d0-45c4-bab7-a1e1b71c0c96');
INSERT INTO option_choice (option_id, choice_id) VALUES ('cb637eae-3b8f-4d17-81fb-9b271857e55c', 'fe3022f5-fad2-468f-a2b3-0404fd1d3e96');
INSERT INTO option_choice (option_id, choice_id) VALUES ('7cfec70e-33b3-4c68-9c38-38cf292cd0f9', 'fe3022f5-fad2-468f-a2b3-0404fd1d3e96');
INSERT INTO principal (username, password) VALUES ('interviewee763', 'qwerty');
INSERT INTO interviewee (id, username, age, gender, country, marital_status) VALUES ('4d0b13d0-6a81-4532-bcbc-a6e57090e928', 'interviewee763', 44, 'female', 'FR', 'was_not_married');
INSERT INTO choice (id, questionnaire_id, interviewee_id) VALUES ('def84a86-dda9-43d9-8618-51284c84f1e9', '4a4f7cbc-8533-42b3-923b-6b4309f53c64', '4d0b13d0-6a81-4532-bcbc-a6e57090e928');
INSERT INTO option_choice (option_id, choice_id) VALUES ('ad268fe3-764b-4fca-aaa2-296127f7c891', 'def84a86-dda9-43d9-8618-51284c84f1e9');
INSERT INTO choice (id, questionnaire_id, interviewee_id) VALUES ('88b743e2-aaca-49ee-bbf1-5600f8a606e3', '5b0a67f5-cbf2-4fde-b526-fd512ff68e24', '4d0b13d0-6a81-4532-bcbc-a6e57090e928');
INSERT INTO option_choice (option_id, choice_id) VALUES ('7dc1dfe8-a039-4c2a-a601-d1bc81a3e459', '88b743e2-aaca-49ee-bbf1-5600f8a606e3');
INSERT INTO choice (id, questionnaire_id, interviewee_id) VALUES ('7f06c105-8a7c-4a9d-956c-e010582bddac', '81a3f075-1324-4e67-90a5-493fe3324435', '4d0b13d0-6a81-4532-bcbc-a6e57090e928');
INSERT INTO option_choice (option_id, choice_id) VALUES ('c0afeee2-6628-4404-bc41-32bc0a1505c5', '7f06c105-8a7c-4a9d-956c-e010582bddac');
INSERT INTO option_choice (option_id, choice_id) VALUES ('7b2bd172-1566-440a-81d8-f9b2fb43f8fc', '7f06c105-8a7c-4a9d-956c-e010582bddac');
INSERT INTO principal (username, password) VALUES ('interviewee764', 'qwerty');
INSERT INTO interviewee (id, username, age, gender, country, marital_status) VALUES ('4a0a4523-2632-45ff-9f79-90949a25828b', 'interviewee764', 42, 'female', 'BD', 'married');
INSERT INTO choice (id, questionnaire_id, interviewee_id) VALUES ('bbd53a58-fe56-4d26-bf7b-62911e0722a1', '49c46fd6-2111-4ef5-8b91-9ee67132426d', '4a0a4523-2632-45ff-9f79-90949a25828b');
INSERT INTO option_choice (option_id, choice_id) VALUES ('210da814-c19f-4c77-ba7b-e598584d62e4', 'bbd53a58-fe56-4d26-bf7b-62911e0722a1');
INSERT INTO choice (id, questionnaire_id, interviewee_id) VALUES ('e607ba44-eaa5-4b4d-a64b-5e8217e9be63', 'e20dbb22-091f-4137-8450-fdeaea74363f', '4a0a4523-2632-45ff-9f79-90949a25828b');
INSERT INTO option_choice (option_id, choice_id) VALUES ('b09da84d-7533-40da-b486-a820b6b7c110', 'e607ba44-eaa5-4b4d-a64b-5e8217e9be63');
INSERT INTO option_choice (option_id, choice_id) VALUES ('946ecf06-2d9f-4fe5-b2b7-64c51a5fdf06', 'e607ba44-eaa5-4b4d-a64b-5e8217e9be63');
INSERT INTO option_choice (option_id, choice_id) VALUES ('4bd78eb1-72bb-47fa-8b7c-4cc826f39edd', 'e607ba44-eaa5-4b4d-a64b-5e8217e9be63');
INSERT INTO option_choice (option_id, choice_id) VALUES ('a572f3cf-b3ba-491a-9687-6cee662749f1', 'e607ba44-eaa5-4b4d-a64b-5e8217e9be63');
INSERT INTO option_choice (option_id, choice_id) VALUES ('322bbc1b-4e8d-41ae-b4f2-3466891dc809', 'e607ba44-eaa5-4b4d-a64b-5e8217e9be63');
INSERT INTO principal (username, password) VALUES ('interviewee765', 'qwerty');
INSERT INTO interviewee (id, username, age, gender, country, marital_status) VALUES ('672c1b7b-9e54-454b-83f9-64430ff0d4d6', 'interviewee765', 53, 'female', 'BE', 'divorced');
INSERT INTO choice (id, questionnaire_id, interviewee_id) VALUES ('1342e365-fda5-46f7-a83b-8478d26031d7', '48b4658e-bc90-4bd2-97bb-92484114dfea', '672c1b7b-9e54-454b-83f9-64430ff0d4d6');
INSERT INTO option_choice (option_id, choice_id) VALUES ('5a5b3a6f-7875-401c-8d0b-e9c8b854b985', '1342e365-fda5-46f7-a83b-8478d26031d7');
INSERT INTO choice (id, questionnaire_id, interviewee_id) VALUES ('bb53a597-da76-4908-9e28-a5cf01636bf8', '49c46fd6-2111-4ef5-8b91-9ee67132426d', '672c1b7b-9e54-454b-83f9-64430ff0d4d6');
INSERT INTO option_choice (option_id, choice_id) VALUES ('1edad7c9-bfa7-40be-bc47-62530b1df2c4', 'bb53a597-da76-4908-9e28-a5cf01636bf8');
INSERT INTO principal (username, password) VALUES ('interviewee766', 'qwerty');
INSERT INTO interviewee (id, username, age, gender, country, marital_status) VALUES ('5f5b0a71-cad2-4635-a51e-eb2c8d9b04e0', 'interviewee766', 56, 'female', 'BT', 'divorced');
INSERT INTO choice (id, questionnaire_id, interviewee_id) VALUES ('441cb3a9-aec9-41a3-a542-f1fb65ce20a8', '5b0a67f5-cbf2-4fde-b526-fd512ff68e24', '5f5b0a71-cad2-4635-a51e-eb2c8d9b04e0');
INSERT INTO option_choice (option_id, choice_id) VALUES ('ce5bf814-daca-4ca0-825d-8408f4fe06ed', '441cb3a9-aec9-41a3-a542-f1fb65ce20a8');
INSERT INTO principal (username, password) VALUES ('interviewee767', 'qwerty');
INSERT INTO interviewee (id, username, age, gender, country, marital_status) VALUES ('6f37fb63-6d40-402f-b992-b5986ba32470', 'interviewee767', 28, 'female', 'CC', 'was_not_married');
INSERT INTO choice (id, questionnaire_id, interviewee_id) VALUES ('f715b397-3768-4af6-9c69-c955246d3481', '05e2761c-9435-4970-ad6d-245d7a696140', '6f37fb63-6d40-402f-b992-b5986ba32470');
INSERT INTO option_choice (option_id, choice_id) VALUES ('ee58bf05-12ff-45e4-b7e9-d37a70181de4', 'f715b397-3768-4af6-9c69-c955246d3481');
INSERT INTO option_choice (option_id, choice_id) VALUES ('cd3191da-899e-4773-b914-291725c8c108', 'f715b397-3768-4af6-9c69-c955246d3481');
INSERT INTO option_choice (option_id, choice_id) VALUES ('821d408d-9a3b-4716-a443-69cb45197037', 'f715b397-3768-4af6-9c69-c955246d3481');
INSERT INTO choice (id, questionnaire_id, interviewee_id) VALUES ('00b125e4-ad19-41be-98ab-95d751730269', '407203dd-9657-46e6-975f-3be5d664dd2a', '6f37fb63-6d40-402f-b992-b5986ba32470');
INSERT INTO option_choice (option_id, choice_id) VALUES ('d37dcf04-38aa-46a3-914b-a881661a3989', '00b125e4-ad19-41be-98ab-95d751730269');
INSERT INTO principal (username, password) VALUES ('interviewee768', 'qwerty');
INSERT INTO interviewee (id, username, age, gender, country, marital_status) VALUES ('df2862d4-6ffd-460c-9f68-1909b2ccdb1f', 'interviewee768', 24, 'male', 'DM', 'married');
INSERT INTO choice (id, questionnaire_id, interviewee_id) VALUES ('78166094-eb01-4f6a-a807-60eed1bd32af', '5b0a67f5-cbf2-4fde-b526-fd512ff68e24', 'df2862d4-6ffd-460c-9f68-1909b2ccdb1f');
INSERT INTO option_choice (option_id, choice_id) VALUES ('9340e0ac-c863-4fcf-ac40-126be2d1bfa4', '78166094-eb01-4f6a-a807-60eed1bd32af');
INSERT INTO choice (id, questionnaire_id, interviewee_id) VALUES ('54f2d438-d96b-46d9-b2f8-92ea1fbe472c', 'b6df4d49-3f70-4802-90cb-4ab89e24a427', 'df2862d4-6ffd-460c-9f68-1909b2ccdb1f');
INSERT INTO option_choice (option_id, choice_id) VALUES ('372d528a-d173-4ec8-bba6-b6d6ccea7303', '54f2d438-d96b-46d9-b2f8-92ea1fbe472c');
INSERT INTO choice (id, questionnaire_id, interviewee_id) VALUES ('5e74456b-0102-4d8c-860b-39757db91d5f', 'b5c886d7-e86f-4083-958a-cbd232db7a84', 'df2862d4-6ffd-460c-9f68-1909b2ccdb1f');
INSERT INTO option_choice (option_id, choice_id) VALUES ('9d7ea78f-0edc-43db-94d7-3d31213df760', '5e74456b-0102-4d8c-860b-39757db91d5f');
INSERT INTO principal (username, password) VALUES ('interviewee769', 'qwerty');
INSERT INTO interviewee (id, username, age, gender, country, marital_status) VALUES ('16c65ff8-aa71-4096-8d14-fef1b3b8908a', 'interviewee769', 15, 'female', 'AL', 'married');
INSERT INTO choice (id, questionnaire_id, interviewee_id) VALUES ('11a2a9ee-24d9-47e0-b964-c62ac9916b43', '49c46fd6-2111-4ef5-8b91-9ee67132426d', '16c65ff8-aa71-4096-8d14-fef1b3b8908a');
INSERT INTO option_choice (option_id, choice_id) VALUES ('210da814-c19f-4c77-ba7b-e598584d62e4', '11a2a9ee-24d9-47e0-b964-c62ac9916b43');
INSERT INTO choice (id, questionnaire_id, interviewee_id) VALUES ('52b69b16-e04e-41c0-948e-8bbb2f11cbdc', '8e156ed6-1a8b-4fe6-9a58-0f7cbdd6af32', '16c65ff8-aa71-4096-8d14-fef1b3b8908a');
INSERT INTO option_choice (option_id, choice_id) VALUES ('38f39cdf-6292-4c51-8660-f27ad61185bf', '52b69b16-e04e-41c0-948e-8bbb2f11cbdc');
INSERT INTO choice (id, questionnaire_id, interviewee_id) VALUES ('b01880f3-e08e-4155-9382-1600ad439503', 'e4d0ba66-5e11-433c-8243-4d890cceaf69', '16c65ff8-aa71-4096-8d14-fef1b3b8908a');
INSERT INTO option_choice (option_id, choice_id) VALUES ('7cfec70e-33b3-4c68-9c38-38cf292cd0f9', 'b01880f3-e08e-4155-9382-1600ad439503');
INSERT INTO principal (username, password) VALUES ('interviewee770', 'qwerty');
INSERT INTO interviewee (id, username, age, gender, country, marital_status) VALUES ('61bc19a7-878e-4e2f-88a8-2b117fdf1f71', 'interviewee770', 15, 'female', 'CZ', 'married');
INSERT INTO choice (id, questionnaire_id, interviewee_id) VALUES ('c27a57ff-5ad4-4050-a56b-1914ddb32305', '49c46fd6-2111-4ef5-8b91-9ee67132426d', '61bc19a7-878e-4e2f-88a8-2b117fdf1f71');
INSERT INTO option_choice (option_id, choice_id) VALUES ('82dcd7e2-d76d-47ad-b352-0b1d6482c730', 'c27a57ff-5ad4-4050-a56b-1914ddb32305');
INSERT INTO choice (id, questionnaire_id, interviewee_id) VALUES ('b7f70ab3-7458-4436-8bc6-d5239ce8e9b8', '2519c51c-9863-4531-85ff-a7ddd5ea08b2', '61bc19a7-878e-4e2f-88a8-2b117fdf1f71');
INSERT INTO option_choice (option_id, choice_id) VALUES ('8c388d58-c24e-468d-9d56-271abc2ab89d', 'b7f70ab3-7458-4436-8bc6-d5239ce8e9b8');
INSERT INTO choice (id, questionnaire_id, interviewee_id) VALUES ('d63f64e4-478a-40c4-8b28-27b16a235e4b', '5b0a67f5-cbf2-4fde-b526-fd512ff68e24', '61bc19a7-878e-4e2f-88a8-2b117fdf1f71');
INSERT INTO option_choice (option_id, choice_id) VALUES ('97aa1845-210d-4e42-8c05-737698b0c66c', 'd63f64e4-478a-40c4-8b28-27b16a235e4b');
INSERT INTO principal (username, password) VALUES ('interviewee771', 'qwerty');
INSERT INTO interviewee (id, username, age, gender, country, marital_status) VALUES ('66dbacae-3e00-4696-a451-1e08adcad6d8', 'interviewee771', 35, 'male', 'IM', 'married');
INSERT INTO choice (id, questionnaire_id, interviewee_id) VALUES ('44a9fb5a-7d72-421a-a330-3d0f32f590b3', '81a3f075-1324-4e67-90a5-493fe3324435', '66dbacae-3e00-4696-a451-1e08adcad6d8');
INSERT INTO option_choice (option_id, choice_id) VALUES ('c5035143-d5d2-4934-8b99-4e66507a8603', '44a9fb5a-7d72-421a-a330-3d0f32f590b3');
INSERT INTO option_choice (option_id, choice_id) VALUES ('a0eef1f9-547a-4823-b7e0-bb52d6891f8f', '44a9fb5a-7d72-421a-a330-3d0f32f590b3');
INSERT INTO choice (id, questionnaire_id, interviewee_id) VALUES ('f493c4b5-773f-4ac2-8e70-8f0693ce6c83', '858287c2-e494-424b-a03f-6b0a55c2fce3', '66dbacae-3e00-4696-a451-1e08adcad6d8');
INSERT INTO option_choice (option_id, choice_id) VALUES ('59c8e6e3-5895-4f0b-ae9e-3bb455a5f6b2', 'f493c4b5-773f-4ac2-8e70-8f0693ce6c83');
INSERT INTO option_choice (option_id, choice_id) VALUES ('a7e89931-dbca-4a6f-bdbb-b42e57f2e7f2', 'f493c4b5-773f-4ac2-8e70-8f0693ce6c83');
INSERT INTO principal (username, password) VALUES ('interviewee772', 'qwerty');
INSERT INTO interviewee (id, username, age, gender, country, marital_status) VALUES ('2e2373aa-0d19-478e-9567-8c023f6c5998', 'interviewee772', 26, 'male', 'IO', 'was_not_married');
INSERT INTO choice (id, questionnaire_id, interviewee_id) VALUES ('bf54dba9-4f67-4fb9-98a2-7ad79d7317e2', '51436662-4eca-40ce-b552-b1c7486cf609', '2e2373aa-0d19-478e-9567-8c023f6c5998');
INSERT INTO option_choice (option_id, choice_id) VALUES ('259215cc-47cc-4165-befd-cf997b4aaf7e', 'bf54dba9-4f67-4fb9-98a2-7ad79d7317e2');
INSERT INTO principal (username, password) VALUES ('interviewee773', 'qwerty');
INSERT INTO interviewee (id, username, age, gender, country, marital_status) VALUES ('386cac1b-a7da-4fa2-804b-70fb7aaabefe', 'interviewee773', 45, 'male', 'CO', 'was_not_married');
INSERT INTO choice (id, questionnaire_id, interviewee_id) VALUES ('2733e73f-da20-42f3-bca4-e988a3261198', '858287c2-e494-424b-a03f-6b0a55c2fce3', '386cac1b-a7da-4fa2-804b-70fb7aaabefe');
INSERT INTO option_choice (option_id, choice_id) VALUES ('a7e89931-dbca-4a6f-bdbb-b42e57f2e7f2', '2733e73f-da20-42f3-bca4-e988a3261198');
INSERT INTO option_choice (option_id, choice_id) VALUES ('a1e55f7c-aa45-466f-86bb-0d5e262ca0bc', '2733e73f-da20-42f3-bca4-e988a3261198');
INSERT INTO option_choice (option_id, choice_id) VALUES ('59c8e6e3-5895-4f0b-ae9e-3bb455a5f6b2', '2733e73f-da20-42f3-bca4-e988a3261198');
INSERT INTO choice (id, questionnaire_id, interviewee_id) VALUES ('a5f961cf-85f1-4e6b-b7bd-b95b96f70268', 'e20dbb22-091f-4137-8450-fdeaea74363f', '386cac1b-a7da-4fa2-804b-70fb7aaabefe');
INSERT INTO option_choice (option_id, choice_id) VALUES ('ff3c7a97-70db-4404-b85b-274707745879', 'a5f961cf-85f1-4e6b-b7bd-b95b96f70268');
INSERT INTO option_choice (option_id, choice_id) VALUES ('a572f3cf-b3ba-491a-9687-6cee662749f1', 'a5f961cf-85f1-4e6b-b7bd-b95b96f70268');
INSERT INTO option_choice (option_id, choice_id) VALUES ('742176a0-b7c8-400a-a370-5871099954a4', 'a5f961cf-85f1-4e6b-b7bd-b95b96f70268');
INSERT INTO option_choice (option_id, choice_id) VALUES ('4bd78eb1-72bb-47fa-8b7c-4cc826f39edd', 'a5f961cf-85f1-4e6b-b7bd-b95b96f70268');
INSERT INTO option_choice (option_id, choice_id) VALUES ('946ecf06-2d9f-4fe5-b2b7-64c51a5fdf06', 'a5f961cf-85f1-4e6b-b7bd-b95b96f70268');
INSERT INTO option_choice (option_id, choice_id) VALUES ('49d1bc1f-0fd1-4dad-ab6d-b123ea13d33a', 'a5f961cf-85f1-4e6b-b7bd-b95b96f70268');
INSERT INTO choice (id, questionnaire_id, interviewee_id) VALUES ('533dea21-3ac7-4e05-83ef-2e66c8de00cf', '48b4658e-bc90-4bd2-97bb-92484114dfea', '386cac1b-a7da-4fa2-804b-70fb7aaabefe');
INSERT INTO option_choice (option_id, choice_id) VALUES ('db310764-efc3-46ab-9d86-9914e34aa6cd', '533dea21-3ac7-4e05-83ef-2e66c8de00cf');
INSERT INTO principal (username, password) VALUES ('interviewee774', 'qwerty');
INSERT INTO interviewee (id, username, age, gender, country, marital_status) VALUES ('976baaf4-8770-4a7d-859e-686b51dce700', 'interviewee774', 42, 'male', 'DM', 'was_not_married');
INSERT INTO choice (id, questionnaire_id, interviewee_id) VALUES ('cca77a08-ad43-44c0-ae6e-bb069993e080', '858287c2-e494-424b-a03f-6b0a55c2fce3', '976baaf4-8770-4a7d-859e-686b51dce700');
INSERT INTO option_choice (option_id, choice_id) VALUES ('a1e55f7c-aa45-466f-86bb-0d5e262ca0bc', 'cca77a08-ad43-44c0-ae6e-bb069993e080');
INSERT INTO option_choice (option_id, choice_id) VALUES ('a7e89931-dbca-4a6f-bdbb-b42e57f2e7f2', 'cca77a08-ad43-44c0-ae6e-bb069993e080');
INSERT INTO option_choice (option_id, choice_id) VALUES ('f2fd1a72-0ca7-41a6-ad15-7bc21a02fe73', 'cca77a08-ad43-44c0-ae6e-bb069993e080');
INSERT INTO principal (username, password) VALUES ('interviewee775', 'qwerty');
INSERT INTO interviewee (id, username, age, gender, country, marital_status) VALUES ('cfb9cf1f-3dcf-4f26-9b1a-55ad92a35f49', 'interviewee775', 31, 'female', 'BE', 'married');
INSERT INTO choice (id, questionnaire_id, interviewee_id) VALUES ('b02a6b0c-62d0-4295-830e-b50dda279b19', '5b0a67f5-cbf2-4fde-b526-fd512ff68e24', 'cfb9cf1f-3dcf-4f26-9b1a-55ad92a35f49');
INSERT INTO option_choice (option_id, choice_id) VALUES ('ce5bf814-daca-4ca0-825d-8408f4fe06ed', 'b02a6b0c-62d0-4295-830e-b50dda279b19');
INSERT INTO principal (username, password) VALUES ('interviewee776', 'qwerty');
INSERT INTO interviewee (id, username, age, gender, country, marital_status) VALUES ('e425665a-ecf0-414c-8fde-0065ad62e5ff', 'interviewee776', 48, 'female', 'KE', 'divorced');
INSERT INTO choice (id, questionnaire_id, interviewee_id) VALUES ('4335c5a3-ec5c-4d5f-8253-e16bb9856048', 'c6dd214b-43b7-401f-afe6-a5ab0d2d7767', 'e425665a-ecf0-414c-8fde-0065ad62e5ff');
INSERT INTO option_choice (option_id, choice_id) VALUES ('c134384c-5eda-4957-9883-b965681b9fef', '4335c5a3-ec5c-4d5f-8253-e16bb9856048');
INSERT INTO choice (id, questionnaire_id, interviewee_id) VALUES ('dbd9774f-83e8-44b2-ab59-2224c07dd502', '49c46fd6-2111-4ef5-8b91-9ee67132426d', 'e425665a-ecf0-414c-8fde-0065ad62e5ff');
INSERT INTO option_choice (option_id, choice_id) VALUES ('82dcd7e2-d76d-47ad-b352-0b1d6482c730', 'dbd9774f-83e8-44b2-ab59-2224c07dd502');
INSERT INTO choice (id, questionnaire_id, interviewee_id) VALUES ('90fc9dd7-673e-4363-bdb3-a76d0022bb31', '51436662-4eca-40ce-b552-b1c7486cf609', 'e425665a-ecf0-414c-8fde-0065ad62e5ff');
INSERT INTO option_choice (option_id, choice_id) VALUES ('259215cc-47cc-4165-befd-cf997b4aaf7e', '90fc9dd7-673e-4363-bdb3-a76d0022bb31');
INSERT INTO principal (username, password) VALUES ('interviewee777', 'qwerty');
INSERT INTO interviewee (id, username, age, gender, country, marital_status) VALUES ('0249db45-3588-47b2-bfd4-8420a7240a68', 'interviewee777', 26, 'female', 'PY', 'was_not_married');
INSERT INTO choice (id, questionnaire_id, interviewee_id) VALUES ('507e79af-beac-4a04-bc19-46f7e33b8ee0', '81a3f075-1324-4e67-90a5-493fe3324435', '0249db45-3588-47b2-bfd4-8420a7240a68');
INSERT INTO option_choice (option_id, choice_id) VALUES ('ab9020e3-a12b-46eb-97f0-79dcfaab7356', '507e79af-beac-4a04-bc19-46f7e33b8ee0');
INSERT INTO option_choice (option_id, choice_id) VALUES ('7b2bd172-1566-440a-81d8-f9b2fb43f8fc', '507e79af-beac-4a04-bc19-46f7e33b8ee0');
INSERT INTO option_choice (option_id, choice_id) VALUES ('a0eef1f9-547a-4823-b7e0-bb52d6891f8f', '507e79af-beac-4a04-bc19-46f7e33b8ee0');
INSERT INTO option_choice (option_id, choice_id) VALUES ('a1737a4b-bfa2-4208-a103-ca4bea3afaaf', '507e79af-beac-4a04-bc19-46f7e33b8ee0');
INSERT INTO option_choice (option_id, choice_id) VALUES ('c0afeee2-6628-4404-bc41-32bc0a1505c5', '507e79af-beac-4a04-bc19-46f7e33b8ee0');
INSERT INTO choice (id, questionnaire_id, interviewee_id) VALUES ('73f1894a-f27c-4398-bf63-ed81e80caf09', '8e156ed6-1a8b-4fe6-9a58-0f7cbdd6af32', '0249db45-3588-47b2-bfd4-8420a7240a68');
INSERT INTO option_choice (option_id, choice_id) VALUES ('8518e149-5509-4398-b925-19d41cf70cb2', '73f1894a-f27c-4398-bf63-ed81e80caf09');
INSERT INTO choice (id, questionnaire_id, interviewee_id) VALUES ('e6332af3-1b48-4696-94c0-47270de14666', '858287c2-e494-424b-a03f-6b0a55c2fce3', '0249db45-3588-47b2-bfd4-8420a7240a68');
INSERT INTO option_choice (option_id, choice_id) VALUES ('f2fd1a72-0ca7-41a6-ad15-7bc21a02fe73', 'e6332af3-1b48-4696-94c0-47270de14666');
INSERT INTO principal (username, password) VALUES ('interviewee778', 'qwerty');
INSERT INTO interviewee (id, username, age, gender, country, marital_status) VALUES ('b95dcd36-8ea3-4b63-86e3-ee2752125ee1', 'interviewee778', 16, 'male', 'CV', 'divorced');
INSERT INTO choice (id, questionnaire_id, interviewee_id) VALUES ('878fbbb4-7cb3-4ec7-bb96-7e9a319912e8', 'e20dbb22-091f-4137-8450-fdeaea74363f', 'b95dcd36-8ea3-4b63-86e3-ee2752125ee1');
INSERT INTO option_choice (option_id, choice_id) VALUES ('b09da84d-7533-40da-b486-a820b6b7c110', '878fbbb4-7cb3-4ec7-bb96-7e9a319912e8');
INSERT INTO option_choice (option_id, choice_id) VALUES ('ff3c7a97-70db-4404-b85b-274707745879', '878fbbb4-7cb3-4ec7-bb96-7e9a319912e8');
INSERT INTO option_choice (option_id, choice_id) VALUES ('a572f3cf-b3ba-491a-9687-6cee662749f1', '878fbbb4-7cb3-4ec7-bb96-7e9a319912e8');
INSERT INTO option_choice (option_id, choice_id) VALUES ('742176a0-b7c8-400a-a370-5871099954a4', '878fbbb4-7cb3-4ec7-bb96-7e9a319912e8');
INSERT INTO option_choice (option_id, choice_id) VALUES ('49d1bc1f-0fd1-4dad-ab6d-b123ea13d33a', '878fbbb4-7cb3-4ec7-bb96-7e9a319912e8');
INSERT INTO choice (id, questionnaire_id, interviewee_id) VALUES ('0450314b-8d96-49ae-b821-8df1f8cf9fdd', '858287c2-e494-424b-a03f-6b0a55c2fce3', 'b95dcd36-8ea3-4b63-86e3-ee2752125ee1');
INSERT INTO option_choice (option_id, choice_id) VALUES ('a7e89931-dbca-4a6f-bdbb-b42e57f2e7f2', '0450314b-8d96-49ae-b821-8df1f8cf9fdd');
INSERT INTO principal (username, password) VALUES ('interviewee779', 'qwerty');
INSERT INTO interviewee (id, username, age, gender, country, marital_status) VALUES ('ecbad983-6298-41f2-a013-083934503db9', 'interviewee779', 66, 'male', 'SY', 'was_not_married');
INSERT INTO choice (id, questionnaire_id, interviewee_id) VALUES ('3092279f-2943-4084-993a-6f776a4a7eb0', '407203dd-9657-46e6-975f-3be5d664dd2a', 'ecbad983-6298-41f2-a013-083934503db9');
INSERT INTO option_choice (option_id, choice_id) VALUES ('d37dcf04-38aa-46a3-914b-a881661a3989', '3092279f-2943-4084-993a-6f776a4a7eb0');
INSERT INTO choice (id, questionnaire_id, interviewee_id) VALUES ('bebe74d7-7085-4636-b1be-89f43f90b015', '5b0a67f5-cbf2-4fde-b526-fd512ff68e24', 'ecbad983-6298-41f2-a013-083934503db9');
INSERT INTO option_choice (option_id, choice_id) VALUES ('ce5bf814-daca-4ca0-825d-8408f4fe06ed', 'bebe74d7-7085-4636-b1be-89f43f90b015');
INSERT INTO principal (username, password) VALUES ('interviewee780', 'qwerty');
INSERT INTO interviewee (id, username, age, gender, country, marital_status) VALUES ('0bcf371c-d0c0-4000-8c83-ecfabbb3092b', 'interviewee780', 38, 'female', 'PL', 'married');
INSERT INTO choice (id, questionnaire_id, interviewee_id) VALUES ('7745d194-dc28-488f-b702-24041a64b98f', 'b6df4d49-3f70-4802-90cb-4ab89e24a427', '0bcf371c-d0c0-4000-8c83-ecfabbb3092b');
INSERT INTO option_choice (option_id, choice_id) VALUES ('e6e95e42-0740-4517-bc42-3de8cd9b1be2', '7745d194-dc28-488f-b702-24041a64b98f');
INSERT INTO principal (username, password) VALUES ('interviewee781', 'qwerty');
INSERT INTO interviewee (id, username, age, gender, country, marital_status) VALUES ('fbade0c6-2dea-4e99-bdcf-2537fb30a86e', 'interviewee781', 56, 'female', 'AS', 'married');
INSERT INTO choice (id, questionnaire_id, interviewee_id) VALUES ('2ae67a81-fc0f-448e-9071-347f58aa6cda', '407203dd-9657-46e6-975f-3be5d664dd2a', 'fbade0c6-2dea-4e99-bdcf-2537fb30a86e');
INSERT INTO option_choice (option_id, choice_id) VALUES ('048db851-6d32-476c-9654-e8b6208eabda', '2ae67a81-fc0f-448e-9071-347f58aa6cda');
INSERT INTO choice (id, questionnaire_id, interviewee_id) VALUES ('01381d85-a408-4e83-97d0-0f4a00e4c7dc', '81a3f075-1324-4e67-90a5-493fe3324435', 'fbade0c6-2dea-4e99-bdcf-2537fb30a86e');
INSERT INTO option_choice (option_id, choice_id) VALUES ('a0eef1f9-547a-4823-b7e0-bb52d6891f8f', '01381d85-a408-4e83-97d0-0f4a00e4c7dc');
INSERT INTO principal (username, password) VALUES ('interviewee782', 'qwerty');
INSERT INTO interviewee (id, username, age, gender, country, marital_status) VALUES ('bffc8a5a-4024-49ba-a712-8997ca188309', 'interviewee782', 17, 'male', 'AM', 'married');
INSERT INTO choice (id, questionnaire_id, interviewee_id) VALUES ('4cef3fa0-2767-4142-b933-1428d06f1274', '747d0763-c99f-47ce-809b-b378d489a158', 'bffc8a5a-4024-49ba-a712-8997ca188309');
INSERT INTO option_choice (option_id, choice_id) VALUES ('65c86d12-f533-40f5-8dd6-10903d890b10', '4cef3fa0-2767-4142-b933-1428d06f1274');
INSERT INTO option_choice (option_id, choice_id) VALUES ('2095cf98-27de-4722-93f9-2c09ae6b4ed1', '4cef3fa0-2767-4142-b933-1428d06f1274');
INSERT INTO principal (username, password) VALUES ('interviewee783', 'qwerty');
INSERT INTO interviewee (id, username, age, gender, country, marital_status) VALUES ('bcd050c5-faf4-4340-a320-c39585d9fa3a', 'interviewee783', 45, 'male', 'GB', 'was_not_married');
INSERT INTO choice (id, questionnaire_id, interviewee_id) VALUES ('1231de0f-0225-4567-84f0-abbb52cd4c95', '173a3ab0-8485-4aa4-8787-a2a4414f992e', 'bcd050c5-faf4-4340-a320-c39585d9fa3a');
INSERT INTO option_choice (option_id, choice_id) VALUES ('3c8e0934-801c-4afd-98de-7aaf263889f6', '1231de0f-0225-4567-84f0-abbb52cd4c95');
INSERT INTO choice (id, questionnaire_id, interviewee_id) VALUES ('84f468bf-99fd-4432-b86a-7804a55f45de', '858287c2-e494-424b-a03f-6b0a55c2fce3', 'bcd050c5-faf4-4340-a320-c39585d9fa3a');
INSERT INTO option_choice (option_id, choice_id) VALUES ('59c8e6e3-5895-4f0b-ae9e-3bb455a5f6b2', '84f468bf-99fd-4432-b86a-7804a55f45de');
INSERT INTO option_choice (option_id, choice_id) VALUES ('a1e55f7c-aa45-466f-86bb-0d5e262ca0bc', '84f468bf-99fd-4432-b86a-7804a55f45de');
INSERT INTO choice (id, questionnaire_id, interviewee_id) VALUES ('f8a1fcd1-2dbe-446a-921b-3337865b5a3c', '81a3f075-1324-4e67-90a5-493fe3324435', 'bcd050c5-faf4-4340-a320-c39585d9fa3a');
INSERT INTO option_choice (option_id, choice_id) VALUES ('ab9020e3-a12b-46eb-97f0-79dcfaab7356', 'f8a1fcd1-2dbe-446a-921b-3337865b5a3c');
INSERT INTO option_choice (option_id, choice_id) VALUES ('c0afeee2-6628-4404-bc41-32bc0a1505c5', 'f8a1fcd1-2dbe-446a-921b-3337865b5a3c');
INSERT INTO principal (username, password) VALUES ('interviewee784', 'qwerty');
INSERT INTO interviewee (id, username, age, gender, country, marital_status) VALUES ('b1ef5c52-2eb4-4cb4-9d74-06a6efd1129b', 'interviewee784', 67, 'male', 'PF', 'divorced');
INSERT INTO choice (id, questionnaire_id, interviewee_id) VALUES ('1359f013-1617-4dc0-9741-32962f66df0a', '407203dd-9657-46e6-975f-3be5d664dd2a', 'b1ef5c52-2eb4-4cb4-9d74-06a6efd1129b');
INSERT INTO option_choice (option_id, choice_id) VALUES ('13fd08f6-1546-4289-9b91-c20aea1b69e9', '1359f013-1617-4dc0-9741-32962f66df0a');
INSERT INTO principal (username, password) VALUES ('interviewee785', 'qwerty');
INSERT INTO interviewee (id, username, age, gender, country, marital_status) VALUES ('134abe91-5949-4d1b-b6f9-44ffbef4f4a6', 'interviewee785', 29, 'male', 'FO', 'was_not_married');
INSERT INTO choice (id, questionnaire_id, interviewee_id) VALUES ('aa53cbe4-dfa7-45ec-9afd-75b0fa948729', '2519c51c-9863-4531-85ff-a7ddd5ea08b2', '134abe91-5949-4d1b-b6f9-44ffbef4f4a6');
INSERT INTO option_choice (option_id, choice_id) VALUES ('8c388d58-c24e-468d-9d56-271abc2ab89d', 'aa53cbe4-dfa7-45ec-9afd-75b0fa948729');
INSERT INTO principal (username, password) VALUES ('interviewee786', 'qwerty');
INSERT INTO interviewee (id, username, age, gender, country, marital_status) VALUES ('dbcdfc52-a493-4b89-88ce-e5cd6b2e4a7b', 'interviewee786', 20, 'female', 'AU', 'was_not_married');
INSERT INTO choice (id, questionnaire_id, interviewee_id) VALUES ('0e5ee9f0-b27b-4426-8156-85750a73a018', '81a3f075-1324-4e67-90a5-493fe3324435', 'dbcdfc52-a493-4b89-88ce-e5cd6b2e4a7b');
INSERT INTO option_choice (option_id, choice_id) VALUES ('a1737a4b-bfa2-4208-a103-ca4bea3afaaf', '0e5ee9f0-b27b-4426-8156-85750a73a018');
INSERT INTO option_choice (option_id, choice_id) VALUES ('7b2bd172-1566-440a-81d8-f9b2fb43f8fc', '0e5ee9f0-b27b-4426-8156-85750a73a018');
INSERT INTO option_choice (option_id, choice_id) VALUES ('a0eef1f9-547a-4823-b7e0-bb52d6891f8f', '0e5ee9f0-b27b-4426-8156-85750a73a018');
INSERT INTO option_choice (option_id, choice_id) VALUES ('ab9020e3-a12b-46eb-97f0-79dcfaab7356', '0e5ee9f0-b27b-4426-8156-85750a73a018');
INSERT INTO option_choice (option_id, choice_id) VALUES ('c0afeee2-6628-4404-bc41-32bc0a1505c5', '0e5ee9f0-b27b-4426-8156-85750a73a018');
INSERT INTO principal (username, password) VALUES ('interviewee787', 'qwerty');
INSERT INTO interviewee (id, username, age, gender, country, marital_status) VALUES ('043b493c-d20c-4975-91d2-919df17764d3', 'interviewee787', 21, 'male', 'BV', 'divorced');
INSERT INTO choice (id, questionnaire_id, interviewee_id) VALUES ('d61cb559-cf8d-4224-8aab-13be1c0666f3', 'b5c886d7-e86f-4083-958a-cbd232db7a84', '043b493c-d20c-4975-91d2-919df17764d3');
INSERT INTO option_choice (option_id, choice_id) VALUES ('9d7ea78f-0edc-43db-94d7-3d31213df760', 'd61cb559-cf8d-4224-8aab-13be1c0666f3');
INSERT INTO choice (id, questionnaire_id, interviewee_id) VALUES ('80b59386-bec0-4e36-a245-b8deaebe5c58', '08310229-5370-44f1-8071-5c56f92e3dc5', '043b493c-d20c-4975-91d2-919df17764d3');
INSERT INTO option_choice (option_id, choice_id) VALUES ('38336259-fa95-40f4-865c-eff171ebbb80', '80b59386-bec0-4e36-a245-b8deaebe5c58');
INSERT INTO principal (username, password) VALUES ('interviewee788', 'qwerty');
INSERT INTO interviewee (id, username, age, gender, country, marital_status) VALUES ('71c6f6b3-3c95-4591-a825-33530f03cd46', 'interviewee788', 19, 'female', 'MW', 'married');
INSERT INTO choice (id, questionnaire_id, interviewee_id) VALUES ('65de951d-6c98-4921-89aa-18562a87a339', 'b5c886d7-e86f-4083-958a-cbd232db7a84', '71c6f6b3-3c95-4591-a825-33530f03cd46');
INSERT INTO option_choice (option_id, choice_id) VALUES ('9d7ea78f-0edc-43db-94d7-3d31213df760', '65de951d-6c98-4921-89aa-18562a87a339');
INSERT INTO choice (id, questionnaire_id, interviewee_id) VALUES ('9af293eb-6036-4308-9e27-1dc747fddf97', '49c46fd6-2111-4ef5-8b91-9ee67132426d', '71c6f6b3-3c95-4591-a825-33530f03cd46');
INSERT INTO option_choice (option_id, choice_id) VALUES ('0e4a5f7a-a4f3-45f1-8f7c-34efd574414b', '9af293eb-6036-4308-9e27-1dc747fddf97');
INSERT INTO choice (id, questionnaire_id, interviewee_id) VALUES ('0876a8ac-3198-4047-a487-77f8993330c5', '05e2761c-9435-4970-ad6d-245d7a696140', '71c6f6b3-3c95-4591-a825-33530f03cd46');
INSERT INTO option_choice (option_id, choice_id) VALUES ('ee58bf05-12ff-45e4-b7e9-d37a70181de4', '0876a8ac-3198-4047-a487-77f8993330c5');
INSERT INTO option_choice (option_id, choice_id) VALUES ('821d408d-9a3b-4716-a443-69cb45197037', '0876a8ac-3198-4047-a487-77f8993330c5');
INSERT INTO principal (username, password) VALUES ('interviewee789', 'qwerty');
INSERT INTO interviewee (id, username, age, gender, country, marital_status) VALUES ('deeffff2-9017-4892-b8ef-e847c6381d4c', 'interviewee789', 39, 'female', 'YT', 'married');
INSERT INTO choice (id, questionnaire_id, interviewee_id) VALUES ('37dc44c8-438f-4996-a104-3111a3c6f338', 'b6df4d49-3f70-4802-90cb-4ab89e24a427', 'deeffff2-9017-4892-b8ef-e847c6381d4c');
INSERT INTO option_choice (option_id, choice_id) VALUES ('e6e95e42-0740-4517-bc42-3de8cd9b1be2', '37dc44c8-438f-4996-a104-3111a3c6f338');
INSERT INTO choice (id, questionnaire_id, interviewee_id) VALUES ('75e52612-ad51-4755-825d-043f4d5090f5', '858287c2-e494-424b-a03f-6b0a55c2fce3', 'deeffff2-9017-4892-b8ef-e847c6381d4c');
INSERT INTO option_choice (option_id, choice_id) VALUES ('a7e89931-dbca-4a6f-bdbb-b42e57f2e7f2', '75e52612-ad51-4755-825d-043f4d5090f5');
INSERT INTO option_choice (option_id, choice_id) VALUES ('a1e55f7c-aa45-466f-86bb-0d5e262ca0bc', '75e52612-ad51-4755-825d-043f4d5090f5');
INSERT INTO option_choice (option_id, choice_id) VALUES ('59c8e6e3-5895-4f0b-ae9e-3bb455a5f6b2', '75e52612-ad51-4755-825d-043f4d5090f5');
INSERT INTO option_choice (option_id, choice_id) VALUES ('f2fd1a72-0ca7-41a6-ad15-7bc21a02fe73', '75e52612-ad51-4755-825d-043f4d5090f5');
INSERT INTO principal (username, password) VALUES ('interviewee790', 'qwerty');
INSERT INTO interviewee (id, username, age, gender, country, marital_status) VALUES ('2580c2c0-e244-4ac4-abde-b78c8d508740', 'interviewee790', 64, 'male', 'SR', 'married');
INSERT INTO choice (id, questionnaire_id, interviewee_id) VALUES ('f63e10fd-d478-4ecc-9a4b-61f3d1ec0be0', '81a3f075-1324-4e67-90a5-493fe3324435', '2580c2c0-e244-4ac4-abde-b78c8d508740');
INSERT INTO option_choice (option_id, choice_id) VALUES ('c5035143-d5d2-4934-8b99-4e66507a8603', 'f63e10fd-d478-4ecc-9a4b-61f3d1ec0be0');
INSERT INTO option_choice (option_id, choice_id) VALUES ('a0eef1f9-547a-4823-b7e0-bb52d6891f8f', 'f63e10fd-d478-4ecc-9a4b-61f3d1ec0be0');
INSERT INTO principal (username, password) VALUES ('interviewee791', 'qwerty');
INSERT INTO interviewee (id, username, age, gender, country, marital_status) VALUES ('e75ba245-6370-4d65-9dad-ba2d2356b329', 'interviewee791', 15, 'female', 'ME', 'married');
INSERT INTO choice (id, questionnaire_id, interviewee_id) VALUES ('710d153f-0108-4ba0-8c84-13cd46d706ab', 'aaacf497-4ae4-46e0-aa2e-27377271bafc', 'e75ba245-6370-4d65-9dad-ba2d2356b329');
INSERT INTO option_choice (option_id, choice_id) VALUES ('4d7025a3-7520-4447-9769-c495cb62415e', '710d153f-0108-4ba0-8c84-13cd46d706ab');
INSERT INTO choice (id, questionnaire_id, interviewee_id) VALUES ('1bdbc3fa-28e2-40da-99d5-78abd814df4d', '8e156ed6-1a8b-4fe6-9a58-0f7cbdd6af32', 'e75ba245-6370-4d65-9dad-ba2d2356b329');
INSERT INTO option_choice (option_id, choice_id) VALUES ('7fae89aa-9ca6-4957-9ced-40423f6209b1', '1bdbc3fa-28e2-40da-99d5-78abd814df4d');
INSERT INTO principal (username, password) VALUES ('interviewee792', 'qwerty');
INSERT INTO interviewee (id, username, age, gender, country, marital_status) VALUES ('9476d60b-49e7-4b2c-b57c-a75f6fcefef0', 'interviewee792', 70, 'male', 'LY', 'divorced');
INSERT INTO choice (id, questionnaire_id, interviewee_id) VALUES ('1cef7ffc-ed62-4c77-bb02-8952b67eb094', '407203dd-9657-46e6-975f-3be5d664dd2a', '9476d60b-49e7-4b2c-b57c-a75f6fcefef0');
INSERT INTO option_choice (option_id, choice_id) VALUES ('4285dd4d-8381-423b-8700-37e491ae1336', '1cef7ffc-ed62-4c77-bb02-8952b67eb094');
INSERT INTO choice (id, questionnaire_id, interviewee_id) VALUES ('e7fb6804-f47f-47b9-b8ab-2a18a5e3b771', '747d0763-c99f-47ce-809b-b378d489a158', '9476d60b-49e7-4b2c-b57c-a75f6fcefef0');
INSERT INTO option_choice (option_id, choice_id) VALUES ('65c86d12-f533-40f5-8dd6-10903d890b10', 'e7fb6804-f47f-47b9-b8ab-2a18a5e3b771');
INSERT INTO choice (id, questionnaire_id, interviewee_id) VALUES ('5828229f-cb82-4c31-9193-df6323b4e1b1', '8e156ed6-1a8b-4fe6-9a58-0f7cbdd6af32', '9476d60b-49e7-4b2c-b57c-a75f6fcefef0');
INSERT INTO option_choice (option_id, choice_id) VALUES ('358a2bcc-fa9d-4ee1-915b-f4d44b5896ff', '5828229f-cb82-4c31-9193-df6323b4e1b1');
INSERT INTO principal (username, password) VALUES ('interviewee793', 'qwerty');
INSERT INTO interviewee (id, username, age, gender, country, marital_status) VALUES ('74f202a1-6d9b-4f20-b53a-4f139b288171', 'interviewee793', 49, 'female', 'GA', 'was_not_married');
INSERT INTO choice (id, questionnaire_id, interviewee_id) VALUES ('f19ad869-9b81-434d-80f0-f9c5f57990c9', 'b5c886d7-e86f-4083-958a-cbd232db7a84', '74f202a1-6d9b-4f20-b53a-4f139b288171');
INSERT INTO option_choice (option_id, choice_id) VALUES ('b3fef8ac-34c1-4143-a4bd-73c39cbbac53', 'f19ad869-9b81-434d-80f0-f9c5f57990c9');
INSERT INTO choice (id, questionnaire_id, interviewee_id) VALUES ('0a299f3e-2de3-4928-8943-22a085c1edf7', '81a3f075-1324-4e67-90a5-493fe3324435', '74f202a1-6d9b-4f20-b53a-4f139b288171');
INSERT INTO option_choice (option_id, choice_id) VALUES ('ab9020e3-a12b-46eb-97f0-79dcfaab7356', '0a299f3e-2de3-4928-8943-22a085c1edf7');
INSERT INTO choice (id, questionnaire_id, interviewee_id) VALUES ('d11a2708-ae14-4354-b497-cb20fe12b06c', '407203dd-9657-46e6-975f-3be5d664dd2a', '74f202a1-6d9b-4f20-b53a-4f139b288171');
INSERT INTO option_choice (option_id, choice_id) VALUES ('d37dcf04-38aa-46a3-914b-a881661a3989', 'd11a2708-ae14-4354-b497-cb20fe12b06c');
INSERT INTO principal (username, password) VALUES ('interviewee794', 'qwerty');
INSERT INTO interviewee (id, username, age, gender, country, marital_status) VALUES ('7cfee331-8207-4df6-9b83-404f1f4028be', 'interviewee794', 58, 'female', 'DZ', 'divorced');
INSERT INTO choice (id, questionnaire_id, interviewee_id) VALUES ('ee470fa1-7415-44da-9185-8cb4f913a8a6', '4a4f7cbc-8533-42b3-923b-6b4309f53c64', '7cfee331-8207-4df6-9b83-404f1f4028be');
INSERT INTO option_choice (option_id, choice_id) VALUES ('3372ec3f-fffa-472e-ac84-938ef71e30be', 'ee470fa1-7415-44da-9185-8cb4f913a8a6');
INSERT INTO choice (id, questionnaire_id, interviewee_id) VALUES ('ba32a514-9f20-4abf-ba04-d27b1710db50', '49c46fd6-2111-4ef5-8b91-9ee67132426d', '7cfee331-8207-4df6-9b83-404f1f4028be');
INSERT INTO option_choice (option_id, choice_id) VALUES ('1edad7c9-bfa7-40be-bc47-62530b1df2c4', 'ba32a514-9f20-4abf-ba04-d27b1710db50');
INSERT INTO choice (id, questionnaire_id, interviewee_id) VALUES ('0c71d4e4-28ba-44ba-a2e7-a0554ced3d52', '08310229-5370-44f1-8071-5c56f92e3dc5', '7cfee331-8207-4df6-9b83-404f1f4028be');
INSERT INTO option_choice (option_id, choice_id) VALUES ('996311da-bd48-491d-b381-d19b001465c4', '0c71d4e4-28ba-44ba-a2e7-a0554ced3d52');
INSERT INTO principal (username, password) VALUES ('interviewee795', 'qwerty');
INSERT INTO interviewee (id, username, age, gender, country, marital_status) VALUES ('91637503-67f5-4bcc-90d9-a07850fde8ad', 'interviewee795', 61, 'male', 'NL', 'married');
INSERT INTO choice (id, questionnaire_id, interviewee_id) VALUES ('0e423b26-9bff-4957-9551-d31eeb014f00', '51436662-4eca-40ce-b552-b1c7486cf609', '91637503-67f5-4bcc-90d9-a07850fde8ad');
INSERT INTO option_choice (option_id, choice_id) VALUES ('259215cc-47cc-4165-befd-cf997b4aaf7e', '0e423b26-9bff-4957-9551-d31eeb014f00');
INSERT INTO choice (id, questionnaire_id, interviewee_id) VALUES ('ec86085f-4f7c-488a-a1cf-d2b0398060d5', '5b0a67f5-cbf2-4fde-b526-fd512ff68e24', '91637503-67f5-4bcc-90d9-a07850fde8ad');
INSERT INTO option_choice (option_id, choice_id) VALUES ('97aa1845-210d-4e42-8c05-737698b0c66c', 'ec86085f-4f7c-488a-a1cf-d2b0398060d5');
INSERT INTO choice (id, questionnaire_id, interviewee_id) VALUES ('f93cde6c-f590-4e62-b423-0fc0dfdf4d5a', '81a3f075-1324-4e67-90a5-493fe3324435', '91637503-67f5-4bcc-90d9-a07850fde8ad');
INSERT INTO option_choice (option_id, choice_id) VALUES ('a0eef1f9-547a-4823-b7e0-bb52d6891f8f', 'f93cde6c-f590-4e62-b423-0fc0dfdf4d5a');
INSERT INTO option_choice (option_id, choice_id) VALUES ('a1737a4b-bfa2-4208-a103-ca4bea3afaaf', 'f93cde6c-f590-4e62-b423-0fc0dfdf4d5a');
INSERT INTO principal (username, password) VALUES ('interviewee796', 'qwerty');
INSERT INTO interviewee (id, username, age, gender, country, marital_status) VALUES ('c946074b-bdfd-4c6a-8ec2-30d07ca0d577', 'interviewee796', 45, 'male', 'KZ', 'divorced');
INSERT INTO choice (id, questionnaire_id, interviewee_id) VALUES ('6610ae46-3cae-4aab-86dc-7c2fd8b83c8c', 'e20dbb22-091f-4137-8450-fdeaea74363f', 'c946074b-bdfd-4c6a-8ec2-30d07ca0d577');
INSERT INTO option_choice (option_id, choice_id) VALUES ('322bbc1b-4e8d-41ae-b4f2-3466891dc809', '6610ae46-3cae-4aab-86dc-7c2fd8b83c8c');
INSERT INTO option_choice (option_id, choice_id) VALUES ('a572f3cf-b3ba-491a-9687-6cee662749f1', '6610ae46-3cae-4aab-86dc-7c2fd8b83c8c');
INSERT INTO option_choice (option_id, choice_id) VALUES ('742176a0-b7c8-400a-a370-5871099954a4', '6610ae46-3cae-4aab-86dc-7c2fd8b83c8c');
INSERT INTO option_choice (option_id, choice_id) VALUES ('ff3c7a97-70db-4404-b85b-274707745879', '6610ae46-3cae-4aab-86dc-7c2fd8b83c8c');
INSERT INTO option_choice (option_id, choice_id) VALUES ('4bd78eb1-72bb-47fa-8b7c-4cc826f39edd', '6610ae46-3cae-4aab-86dc-7c2fd8b83c8c');
INSERT INTO choice (id, questionnaire_id, interviewee_id) VALUES ('8cd815df-701e-4cf1-ba8e-0cffb97b1f88', 'e4d0ba66-5e11-433c-8243-4d890cceaf69', 'c946074b-bdfd-4c6a-8ec2-30d07ca0d577');
INSERT INTO option_choice (option_id, choice_id) VALUES ('7cfec70e-33b3-4c68-9c38-38cf292cd0f9', '8cd815df-701e-4cf1-ba8e-0cffb97b1f88');
INSERT INTO option_choice (option_id, choice_id) VALUES ('cb637eae-3b8f-4d17-81fb-9b271857e55c', '8cd815df-701e-4cf1-ba8e-0cffb97b1f88');
INSERT INTO principal (username, password) VALUES ('interviewee797', 'qwerty');
INSERT INTO interviewee (id, username, age, gender, country, marital_status) VALUES ('b86253b2-b92d-476b-93ff-9ced91056bb5', 'interviewee797', 32, 'male', 'CY', 'married');
INSERT INTO choice (id, questionnaire_id, interviewee_id) VALUES ('e01d7469-2c20-433f-9c4e-90b2ee465e3a', 'b6df4d49-3f70-4802-90cb-4ab89e24a427', 'b86253b2-b92d-476b-93ff-9ced91056bb5');
INSERT INTO option_choice (option_id, choice_id) VALUES ('03756c76-738d-45a3-8b02-6f36d78f3dfb', 'e01d7469-2c20-433f-9c4e-90b2ee465e3a');
INSERT INTO choice (id, questionnaire_id, interviewee_id) VALUES ('40eeb646-0c88-49d1-881e-f46fd1819d73', '5b0a67f5-cbf2-4fde-b526-fd512ff68e24', 'b86253b2-b92d-476b-93ff-9ced91056bb5');
INSERT INTO option_choice (option_id, choice_id) VALUES ('9340e0ac-c863-4fcf-ac40-126be2d1bfa4', '40eeb646-0c88-49d1-881e-f46fd1819d73');
INSERT INTO principal (username, password) VALUES ('interviewee798', 'qwerty');
INSERT INTO interviewee (id, username, age, gender, country, marital_status) VALUES ('d00d3370-215f-4963-84b5-904cbe391b3f', 'interviewee798', 28, 'female', 'AM', 'married');
INSERT INTO choice (id, questionnaire_id, interviewee_id) VALUES ('7c19854a-f8e1-4933-a895-a6798cae0fe4', 'e4d0ba66-5e11-433c-8243-4d890cceaf69', 'd00d3370-215f-4963-84b5-904cbe391b3f');
INSERT INTO option_choice (option_id, choice_id) VALUES ('cb637eae-3b8f-4d17-81fb-9b271857e55c', '7c19854a-f8e1-4933-a895-a6798cae0fe4');
INSERT INTO option_choice (option_id, choice_id) VALUES ('7cfec70e-33b3-4c68-9c38-38cf292cd0f9', '7c19854a-f8e1-4933-a895-a6798cae0fe4');
INSERT INTO choice (id, questionnaire_id, interviewee_id) VALUES ('9760a73f-93c4-405a-bd2c-393e995920df', 'aaacf497-4ae4-46e0-aa2e-27377271bafc', 'd00d3370-215f-4963-84b5-904cbe391b3f');
INSERT INTO option_choice (option_id, choice_id) VALUES ('070ce52d-21fd-4380-9c02-d25647a035a6', '9760a73f-93c4-405a-bd2c-393e995920df');
INSERT INTO choice (id, questionnaire_id, interviewee_id) VALUES ('1f4eaec7-12d6-4e49-850e-00e697e08bf3', '2519c51c-9863-4531-85ff-a7ddd5ea08b2', 'd00d3370-215f-4963-84b5-904cbe391b3f');
INSERT INTO option_choice (option_id, choice_id) VALUES ('e532cc1b-83fa-4902-9bd1-0868c31241bb', '1f4eaec7-12d6-4e49-850e-00e697e08bf3');
INSERT INTO principal (username, password) VALUES ('interviewee799', 'qwerty');
INSERT INTO interviewee (id, username, age, gender, country, marital_status) VALUES ('a8c4537f-1445-4549-9692-4dd25f8d362c', 'interviewee799', 34, 'male', 'TR', 'divorced');
INSERT INTO choice (id, questionnaire_id, interviewee_id) VALUES ('48a07f21-d9e5-434b-91fb-bbc8cbaaf4d2', '4a4f7cbc-8533-42b3-923b-6b4309f53c64', 'a8c4537f-1445-4549-9692-4dd25f8d362c');
INSERT INTO option_choice (option_id, choice_id) VALUES ('ad268fe3-764b-4fca-aaa2-296127f7c891', '48a07f21-d9e5-434b-91fb-bbc8cbaaf4d2');
INSERT INTO choice (id, questionnaire_id, interviewee_id) VALUES ('b4a004a9-9e3e-422d-8587-1b6b78c8ceaa', 'c6dd214b-43b7-401f-afe6-a5ab0d2d7767', 'a8c4537f-1445-4549-9692-4dd25f8d362c');
INSERT INTO option_choice (option_id, choice_id) VALUES ('069a6758-231c-4064-8e44-a0db84e86a21', 'b4a004a9-9e3e-422d-8587-1b6b78c8ceaa');
INSERT INTO choice (id, questionnaire_id, interviewee_id) VALUES ('f7fd17a0-6aff-484a-a71f-7d7a631b1f4b', '49c46fd6-2111-4ef5-8b91-9ee67132426d', 'a8c4537f-1445-4549-9692-4dd25f8d362c');
INSERT INTO option_choice (option_id, choice_id) VALUES ('1edad7c9-bfa7-40be-bc47-62530b1df2c4', 'f7fd17a0-6aff-484a-a71f-7d7a631b1f4b');
INSERT INTO principal (username, password) VALUES ('interviewee800', 'qwerty');
INSERT INTO interviewee (id, username, age, gender, country, marital_status) VALUES ('adfc569f-a0d1-47b6-beb2-15e3beec1319', 'interviewee800', 48, 'male', 'SI', 'was_not_married');
INSERT INTO choice (id, questionnaire_id, interviewee_id) VALUES ('f5343bee-fd66-4d2b-939c-8a6db66539cc', '747d0763-c99f-47ce-809b-b378d489a158', 'adfc569f-a0d1-47b6-beb2-15e3beec1319');
INSERT INTO option_choice (option_id, choice_id) VALUES ('7cc0569f-f362-4ed1-9343-6ffd1369e812', 'f5343bee-fd66-4d2b-939c-8a6db66539cc');
INSERT INTO principal (username, password) VALUES ('interviewee801', 'qwerty');
INSERT INTO interviewee (id, username, age, gender, country, marital_status) VALUES ('0f4977d4-271c-4382-a853-4fcd3b8b33a2', 'interviewee801', 51, 'female', 'LS', 'divorced');
INSERT INTO choice (id, questionnaire_id, interviewee_id) VALUES ('6ec4ce8e-6d91-4827-92fa-1cf412e218d5', 'e4d0ba66-5e11-433c-8243-4d890cceaf69', '0f4977d4-271c-4382-a853-4fcd3b8b33a2');
INSERT INTO option_choice (option_id, choice_id) VALUES ('cb637eae-3b8f-4d17-81fb-9b271857e55c', '6ec4ce8e-6d91-4827-92fa-1cf412e218d5');
INSERT INTO option_choice (option_id, choice_id) VALUES ('7cfec70e-33b3-4c68-9c38-38cf292cd0f9', '6ec4ce8e-6d91-4827-92fa-1cf412e218d5');
INSERT INTO principal (username, password) VALUES ('interviewee802', 'qwerty');
INSERT INTO interviewee (id, username, age, gender, country, marital_status) VALUES ('5e383a56-ae49-4508-bef5-52a69f29d572', 'interviewee802', 65, 'male', 'GP', 'was_not_married');
INSERT INTO choice (id, questionnaire_id, interviewee_id) VALUES ('d2be86b1-eac7-4d86-8229-b9de9452b0e8', '747d0763-c99f-47ce-809b-b378d489a158', '5e383a56-ae49-4508-bef5-52a69f29d572');
INSERT INTO option_choice (option_id, choice_id) VALUES ('2095cf98-27de-4722-93f9-2c09ae6b4ed1', 'd2be86b1-eac7-4d86-8229-b9de9452b0e8');
INSERT INTO choice (id, questionnaire_id, interviewee_id) VALUES ('fccd97fa-6d07-480b-a05e-125fa54f89f4', '407203dd-9657-46e6-975f-3be5d664dd2a', '5e383a56-ae49-4508-bef5-52a69f29d572');
INSERT INTO option_choice (option_id, choice_id) VALUES ('3c882d4f-dfe1-416d-adc7-e8b41816b82e', 'fccd97fa-6d07-480b-a05e-125fa54f89f4');
INSERT INTO principal (username, password) VALUES ('interviewee803', 'qwerty');
INSERT INTO interviewee (id, username, age, gender, country, marital_status) VALUES ('66de7035-68ac-49b6-8c9b-1adc2709598b', 'interviewee803', 51, 'male', 'VU', 'divorced');
INSERT INTO choice (id, questionnaire_id, interviewee_id) VALUES ('dbb92269-4bbb-4ffe-a12e-8e8d84e7b965', '747d0763-c99f-47ce-809b-b378d489a158', '66de7035-68ac-49b6-8c9b-1adc2709598b');
INSERT INTO option_choice (option_id, choice_id) VALUES ('2095cf98-27de-4722-93f9-2c09ae6b4ed1', 'dbb92269-4bbb-4ffe-a12e-8e8d84e7b965');
INSERT INTO option_choice (option_id, choice_id) VALUES ('65c86d12-f533-40f5-8dd6-10903d890b10', 'dbb92269-4bbb-4ffe-a12e-8e8d84e7b965');
INSERT INTO choice (id, questionnaire_id, interviewee_id) VALUES ('17adb087-375a-440e-8d58-f021269e552e', 'aaacf497-4ae4-46e0-aa2e-27377271bafc', '66de7035-68ac-49b6-8c9b-1adc2709598b');
INSERT INTO option_choice (option_id, choice_id) VALUES ('d4aa64ba-49fd-4d00-9175-a646c1d6d559', '17adb087-375a-440e-8d58-f021269e552e');
INSERT INTO principal (username, password) VALUES ('interviewee804', 'qwerty');
INSERT INTO interviewee (id, username, age, gender, country, marital_status) VALUES ('9651165e-c427-4c25-8d29-333ffcb0b2f1', 'interviewee804', 19, 'male', 'MD', 'married');
INSERT INTO choice (id, questionnaire_id, interviewee_id) VALUES ('91fb161a-c5bb-4a44-be94-8d827e445fd2', '81a3f075-1324-4e67-90a5-493fe3324435', '9651165e-c427-4c25-8d29-333ffcb0b2f1');
INSERT INTO option_choice (option_id, choice_id) VALUES ('a0eef1f9-547a-4823-b7e0-bb52d6891f8f', '91fb161a-c5bb-4a44-be94-8d827e445fd2');
INSERT INTO option_choice (option_id, choice_id) VALUES ('7b2bd172-1566-440a-81d8-f9b2fb43f8fc', '91fb161a-c5bb-4a44-be94-8d827e445fd2');
INSERT INTO option_choice (option_id, choice_id) VALUES ('c0afeee2-6628-4404-bc41-32bc0a1505c5', '91fb161a-c5bb-4a44-be94-8d827e445fd2');
INSERT INTO option_choice (option_id, choice_id) VALUES ('c5035143-d5d2-4934-8b99-4e66507a8603', '91fb161a-c5bb-4a44-be94-8d827e445fd2');
INSERT INTO choice (id, questionnaire_id, interviewee_id) VALUES ('67aff870-52f7-43c3-aff4-4c7f4db03867', '08310229-5370-44f1-8071-5c56f92e3dc5', '9651165e-c427-4c25-8d29-333ffcb0b2f1');
INSERT INTO option_choice (option_id, choice_id) VALUES ('38336259-fa95-40f4-865c-eff171ebbb80', '67aff870-52f7-43c3-aff4-4c7f4db03867');
INSERT INTO principal (username, password) VALUES ('interviewee805', 'qwerty');
INSERT INTO interviewee (id, username, age, gender, country, marital_status) VALUES ('b3aac00b-8765-4682-911d-8516261d31b2', 'interviewee805', 24, 'female', 'NP', 'was_not_married');
INSERT INTO choice (id, questionnaire_id, interviewee_id) VALUES ('ff74ece6-b6d7-4d66-846c-746407e0fdd9', '8e156ed6-1a8b-4fe6-9a58-0f7cbdd6af32', 'b3aac00b-8765-4682-911d-8516261d31b2');
INSERT INTO option_choice (option_id, choice_id) VALUES ('f6bf8b45-f0b9-47e2-b46b-2edc8b8541ed', 'ff74ece6-b6d7-4d66-846c-746407e0fdd9');
INSERT INTO choice (id, questionnaire_id, interviewee_id) VALUES ('c76aaa5b-abd6-4b99-a263-32ad833238a7', '51436662-4eca-40ce-b552-b1c7486cf609', 'b3aac00b-8765-4682-911d-8516261d31b2');
INSERT INTO option_choice (option_id, choice_id) VALUES ('259215cc-47cc-4165-befd-cf997b4aaf7e', 'c76aaa5b-abd6-4b99-a263-32ad833238a7');
INSERT INTO principal (username, password) VALUES ('interviewee806', 'qwerty');
INSERT INTO interviewee (id, username, age, gender, country, marital_status) VALUES ('90c7ef5f-4716-4450-b209-deed20f051aa', 'interviewee806', 15, 'female', 'NR', 'was_not_married');
INSERT INTO choice (id, questionnaire_id, interviewee_id) VALUES ('f2a2d73b-4a75-44d2-a4f3-81e667eccd23', 'aaacf497-4ae4-46e0-aa2e-27377271bafc', '90c7ef5f-4716-4450-b209-deed20f051aa');
INSERT INTO option_choice (option_id, choice_id) VALUES ('4d7025a3-7520-4447-9769-c495cb62415e', 'f2a2d73b-4a75-44d2-a4f3-81e667eccd23');
INSERT INTO choice (id, questionnaire_id, interviewee_id) VALUES ('60be5287-58ae-4f11-ad49-b1a78939be1a', '81a3f075-1324-4e67-90a5-493fe3324435', '90c7ef5f-4716-4450-b209-deed20f051aa');
INSERT INTO option_choice (option_id, choice_id) VALUES ('a1737a4b-bfa2-4208-a103-ca4bea3afaaf', '60be5287-58ae-4f11-ad49-b1a78939be1a');
INSERT INTO option_choice (option_id, choice_id) VALUES ('c0afeee2-6628-4404-bc41-32bc0a1505c5', '60be5287-58ae-4f11-ad49-b1a78939be1a');
INSERT INTO option_choice (option_id, choice_id) VALUES ('7b2bd172-1566-440a-81d8-f9b2fb43f8fc', '60be5287-58ae-4f11-ad49-b1a78939be1a');
INSERT INTO option_choice (option_id, choice_id) VALUES ('a0eef1f9-547a-4823-b7e0-bb52d6891f8f', '60be5287-58ae-4f11-ad49-b1a78939be1a');
INSERT INTO principal (username, password) VALUES ('interviewee807', 'qwerty');
INSERT INTO interviewee (id, username, age, gender, country, marital_status) VALUES ('f02550cb-e5bb-4d72-a935-c0d57910090c', 'interviewee807', 64, 'male', 'IO', 'divorced');
INSERT INTO choice (id, questionnaire_id, interviewee_id) VALUES ('5a52a1f0-3158-46a7-9144-c3fe89ba16c9', 'e4d0ba66-5e11-433c-8243-4d890cceaf69', 'f02550cb-e5bb-4d72-a935-c0d57910090c');
INSERT INTO option_choice (option_id, choice_id) VALUES ('7cfec70e-33b3-4c68-9c38-38cf292cd0f9', '5a52a1f0-3158-46a7-9144-c3fe89ba16c9');
INSERT INTO option_choice (option_id, choice_id) VALUES ('cb637eae-3b8f-4d17-81fb-9b271857e55c', '5a52a1f0-3158-46a7-9144-c3fe89ba16c9');
INSERT INTO choice (id, questionnaire_id, interviewee_id) VALUES ('fb30bbb0-c02d-4164-afa0-2b56e8115636', '51436662-4eca-40ce-b552-b1c7486cf609', 'f02550cb-e5bb-4d72-a935-c0d57910090c');
INSERT INTO option_choice (option_id, choice_id) VALUES ('259215cc-47cc-4165-befd-cf997b4aaf7e', 'fb30bbb0-c02d-4164-afa0-2b56e8115636');
INSERT INTO principal (username, password) VALUES ('interviewee808', 'qwerty');
INSERT INTO interviewee (id, username, age, gender, country, marital_status) VALUES ('9660898e-c0b7-49bd-a65f-59ac6de380eb', 'interviewee808', 33, 'female', 'TJ', 'divorced');
INSERT INTO choice (id, questionnaire_id, interviewee_id) VALUES ('c84bc0fe-a205-43bd-8d48-066f8de821f3', '407203dd-9657-46e6-975f-3be5d664dd2a', '9660898e-c0b7-49bd-a65f-59ac6de380eb');
INSERT INTO option_choice (option_id, choice_id) VALUES ('ee1ee86e-3cfc-4173-b109-2a69851e8943', 'c84bc0fe-a205-43bd-8d48-066f8de821f3');
INSERT INTO principal (username, password) VALUES ('interviewee809', 'qwerty');
INSERT INTO interviewee (id, username, age, gender, country, marital_status) VALUES ('d6075162-9e37-46ff-a9dd-3797f665e371', 'interviewee809', 37, 'male', 'UM', 'was_not_married');
INSERT INTO choice (id, questionnaire_id, interviewee_id) VALUES ('4817b50d-7508-4d79-bdff-a66614c55128', '51436662-4eca-40ce-b552-b1c7486cf609', 'd6075162-9e37-46ff-a9dd-3797f665e371');
INSERT INTO option_choice (option_id, choice_id) VALUES ('259215cc-47cc-4165-befd-cf997b4aaf7e', '4817b50d-7508-4d79-bdff-a66614c55128');
INSERT INTO choice (id, questionnaire_id, interviewee_id) VALUES ('b383c5fc-3edd-46a4-a7e7-8d308184b473', '81a3f075-1324-4e67-90a5-493fe3324435', 'd6075162-9e37-46ff-a9dd-3797f665e371');
INSERT INTO option_choice (option_id, choice_id) VALUES ('c0afeee2-6628-4404-bc41-32bc0a1505c5', 'b383c5fc-3edd-46a4-a7e7-8d308184b473');
INSERT INTO option_choice (option_id, choice_id) VALUES ('a1737a4b-bfa2-4208-a103-ca4bea3afaaf', 'b383c5fc-3edd-46a4-a7e7-8d308184b473');
INSERT INTO option_choice (option_id, choice_id) VALUES ('c5035143-d5d2-4934-8b99-4e66507a8603', 'b383c5fc-3edd-46a4-a7e7-8d308184b473');
INSERT INTO option_choice (option_id, choice_id) VALUES ('a0eef1f9-547a-4823-b7e0-bb52d6891f8f', 'b383c5fc-3edd-46a4-a7e7-8d308184b473');
INSERT INTO principal (username, password) VALUES ('interviewee810', 'qwerty');
INSERT INTO interviewee (id, username, age, gender, country, marital_status) VALUES ('440af86b-4522-43d1-98af-b14482d01c4f', 'interviewee810', 36, 'female', 'ET', 'divorced');
INSERT INTO choice (id, questionnaire_id, interviewee_id) VALUES ('6d097099-fa31-4f6c-bf7a-db0e3d1ad4ac', '51436662-4eca-40ce-b552-b1c7486cf609', '440af86b-4522-43d1-98af-b14482d01c4f');
INSERT INTO option_choice (option_id, choice_id) VALUES ('259215cc-47cc-4165-befd-cf997b4aaf7e', '6d097099-fa31-4f6c-bf7a-db0e3d1ad4ac');
INSERT INTO principal (username, password) VALUES ('interviewee811', 'qwerty');
INSERT INTO interviewee (id, username, age, gender, country, marital_status) VALUES ('66cc719b-4ffc-4a1f-91b8-8b44e83b300e', 'interviewee811', 59, 'female', 'VI', 'was_not_married');
INSERT INTO choice (id, questionnaire_id, interviewee_id) VALUES ('8a2984c6-5b12-4587-bcaf-050fb71d672a', 'aaacf497-4ae4-46e0-aa2e-27377271bafc', '66cc719b-4ffc-4a1f-91b8-8b44e83b300e');
INSERT INTO option_choice (option_id, choice_id) VALUES ('de1098e4-e0b7-4df4-890a-1958a8d5d465', '8a2984c6-5b12-4587-bcaf-050fb71d672a');
INSERT INTO choice (id, questionnaire_id, interviewee_id) VALUES ('c002bcd8-efa7-42a2-9f04-3cebd5e7ebae', 'b5c886d7-e86f-4083-958a-cbd232db7a84', '66cc719b-4ffc-4a1f-91b8-8b44e83b300e');
INSERT INTO option_choice (option_id, choice_id) VALUES ('bbe6d273-ce07-449f-a3eb-96165f0d7b7d', 'c002bcd8-efa7-42a2-9f04-3cebd5e7ebae');
INSERT INTO principal (username, password) VALUES ('interviewee812', 'qwerty');
INSERT INTO interviewee (id, username, age, gender, country, marital_status) VALUES ('4b4f6cdf-288c-44ba-89eb-e147ac8de289', 'interviewee812', 54, 'female', 'FI', 'was_not_married');
INSERT INTO choice (id, questionnaire_id, interviewee_id) VALUES ('3254e6b7-3d65-4cf7-92dc-41e63031fa60', '5b0a67f5-cbf2-4fde-b526-fd512ff68e24', '4b4f6cdf-288c-44ba-89eb-e147ac8de289');
INSERT INTO option_choice (option_id, choice_id) VALUES ('ce5bf814-daca-4ca0-825d-8408f4fe06ed', '3254e6b7-3d65-4cf7-92dc-41e63031fa60');
INSERT INTO choice (id, questionnaire_id, interviewee_id) VALUES ('67a78987-cc99-4def-86da-ba10e1d67d91', 'aaacf497-4ae4-46e0-aa2e-27377271bafc', '4b4f6cdf-288c-44ba-89eb-e147ac8de289');
INSERT INTO option_choice (option_id, choice_id) VALUES ('de1098e4-e0b7-4df4-890a-1958a8d5d465', '67a78987-cc99-4def-86da-ba10e1d67d91');
INSERT INTO choice (id, questionnaire_id, interviewee_id) VALUES ('e0eb1ae9-8a72-4dde-9a70-74f06dfc89d5', 'e4d0ba66-5e11-433c-8243-4d890cceaf69', '4b4f6cdf-288c-44ba-89eb-e147ac8de289');
INSERT INTO option_choice (option_id, choice_id) VALUES ('cb637eae-3b8f-4d17-81fb-9b271857e55c', 'e0eb1ae9-8a72-4dde-9a70-74f06dfc89d5');
INSERT INTO option_choice (option_id, choice_id) VALUES ('7cfec70e-33b3-4c68-9c38-38cf292cd0f9', 'e0eb1ae9-8a72-4dde-9a70-74f06dfc89d5');
INSERT INTO principal (username, password) VALUES ('interviewee813', 'qwerty');
INSERT INTO interviewee (id, username, age, gender, country, marital_status) VALUES ('d0b1a1dc-c872-4f92-b7c7-887b9f26ca62', 'interviewee813', 65, 'male', 'MM', 'was_not_married');
INSERT INTO choice (id, questionnaire_id, interviewee_id) VALUES ('85f8f9ea-29eb-4359-9b23-8405319b5297', '747d0763-c99f-47ce-809b-b378d489a158', 'd0b1a1dc-c872-4f92-b7c7-887b9f26ca62');
INSERT INTO option_choice (option_id, choice_id) VALUES ('7cc0569f-f362-4ed1-9343-6ffd1369e812', '85f8f9ea-29eb-4359-9b23-8405319b5297');
INSERT INTO option_choice (option_id, choice_id) VALUES ('65c86d12-f533-40f5-8dd6-10903d890b10', '85f8f9ea-29eb-4359-9b23-8405319b5297');
INSERT INTO option_choice (option_id, choice_id) VALUES ('2095cf98-27de-4722-93f9-2c09ae6b4ed1', '85f8f9ea-29eb-4359-9b23-8405319b5297');
INSERT INTO choice (id, questionnaire_id, interviewee_id) VALUES ('240a31b8-9433-41df-b624-593fa5484aab', '2519c51c-9863-4531-85ff-a7ddd5ea08b2', 'd0b1a1dc-c872-4f92-b7c7-887b9f26ca62');
INSERT INTO option_choice (option_id, choice_id) VALUES ('dffcbd6b-b37a-4468-8c01-26ae752e283e', '240a31b8-9433-41df-b624-593fa5484aab');
INSERT INTO choice (id, questionnaire_id, interviewee_id) VALUES ('83039eb3-fd99-4f03-a6ad-c210f7a192e7', 'c6dd214b-43b7-401f-afe6-a5ab0d2d7767', 'd0b1a1dc-c872-4f92-b7c7-887b9f26ca62');
INSERT INTO option_choice (option_id, choice_id) VALUES ('17ceef0b-83da-42ec-a82c-9090a9be74af', '83039eb3-fd99-4f03-a6ad-c210f7a192e7');
INSERT INTO option_choice (option_id, choice_id) VALUES ('c134384c-5eda-4957-9883-b965681b9fef', '83039eb3-fd99-4f03-a6ad-c210f7a192e7');
INSERT INTO principal (username, password) VALUES ('interviewee814', 'qwerty');
INSERT INTO interviewee (id, username, age, gender, country, marital_status) VALUES ('d69f3f41-6c8d-41d4-9272-1857d6913c87', 'interviewee814', 64, 'female', 'MZ', 'divorced');
INSERT INTO choice (id, questionnaire_id, interviewee_id) VALUES ('9918db89-281d-47f2-9caf-4616737f718a', '8e156ed6-1a8b-4fe6-9a58-0f7cbdd6af32', 'd69f3f41-6c8d-41d4-9272-1857d6913c87');
INSERT INTO option_choice (option_id, choice_id) VALUES ('8fdd8f9f-7c9b-45e0-9ac8-45e46fe68791', '9918db89-281d-47f2-9caf-4616737f718a');
INSERT INTO principal (username, password) VALUES ('interviewee815', 'qwerty');
INSERT INTO interviewee (id, username, age, gender, country, marital_status) VALUES ('996a86bb-2e75-4659-be71-91413b1c1009', 'interviewee815', 67, 'female', 'IO', 'married');
INSERT INTO choice (id, questionnaire_id, interviewee_id) VALUES ('60bba220-2390-4a42-b0f3-1dba48771373', 'b5c886d7-e86f-4083-958a-cbd232db7a84', '996a86bb-2e75-4659-be71-91413b1c1009');
INSERT INTO option_choice (option_id, choice_id) VALUES ('e9ae0eb7-ed92-45ff-8ec1-bb688c3f1bfe', '60bba220-2390-4a42-b0f3-1dba48771373');
INSERT INTO choice (id, questionnaire_id, interviewee_id) VALUES ('354a22fd-575b-49af-86fe-22af6ba42ede', '08310229-5370-44f1-8071-5c56f92e3dc5', '996a86bb-2e75-4659-be71-91413b1c1009');
INSERT INTO option_choice (option_id, choice_id) VALUES ('996311da-bd48-491d-b381-d19b001465c4', '354a22fd-575b-49af-86fe-22af6ba42ede');
INSERT INTO principal (username, password) VALUES ('interviewee816', 'qwerty');
INSERT INTO interviewee (id, username, age, gender, country, marital_status) VALUES ('49bc15c9-9401-4d38-a852-a09711e4fcfe', 'interviewee816', 67, 'female', 'TN', 'divorced');
INSERT INTO choice (id, questionnaire_id, interviewee_id) VALUES ('fa29aace-2ee4-4bbc-a836-83e3382b0595', '08310229-5370-44f1-8071-5c56f92e3dc5', '49bc15c9-9401-4d38-a852-a09711e4fcfe');
INSERT INTO option_choice (option_id, choice_id) VALUES ('7197ba86-c78b-43c4-bd28-4635a7094531', 'fa29aace-2ee4-4bbc-a836-83e3382b0595');
INSERT INTO choice (id, questionnaire_id, interviewee_id) VALUES ('d548601b-6baa-4e5f-bca0-79c45e087b94', 'b6df4d49-3f70-4802-90cb-4ab89e24a427', '49bc15c9-9401-4d38-a852-a09711e4fcfe');
INSERT INTO option_choice (option_id, choice_id) VALUES ('6168252e-0547-486b-8613-2eec6678d5a2', 'd548601b-6baa-4e5f-bca0-79c45e087b94');
INSERT INTO choice (id, questionnaire_id, interviewee_id) VALUES ('e5643c89-f1f1-418d-8c95-93c69fc217f2', '49c46fd6-2111-4ef5-8b91-9ee67132426d', '49bc15c9-9401-4d38-a852-a09711e4fcfe');
INSERT INTO option_choice (option_id, choice_id) VALUES ('0e4a5f7a-a4f3-45f1-8f7c-34efd574414b', 'e5643c89-f1f1-418d-8c95-93c69fc217f2');
INSERT INTO principal (username, password) VALUES ('interviewee817', 'qwerty');
INSERT INTO interviewee (id, username, age, gender, country, marital_status) VALUES ('e0440f29-0d16-4ad9-846d-bfc533ed7756', 'interviewee817', 61, 'female', 'MC', 'married');
INSERT INTO choice (id, questionnaire_id, interviewee_id) VALUES ('e7ce5b89-fb07-48da-9cd8-ec4c76678ff3', '8e156ed6-1a8b-4fe6-9a58-0f7cbdd6af32', 'e0440f29-0d16-4ad9-846d-bfc533ed7756');
INSERT INTO option_choice (option_id, choice_id) VALUES ('f6bf8b45-f0b9-47e2-b46b-2edc8b8541ed', 'e7ce5b89-fb07-48da-9cd8-ec4c76678ff3');
INSERT INTO principal (username, password) VALUES ('interviewee818', 'qwerty');
INSERT INTO interviewee (id, username, age, gender, country, marital_status) VALUES ('3fd80b7a-2e73-4a2b-a0ef-a480d83283e4', 'interviewee818', 66, 'female', 'PK', 'was_not_married');
INSERT INTO choice (id, questionnaire_id, interviewee_id) VALUES ('44406bdb-c8ca-4532-a616-5a693fc15078', '08310229-5370-44f1-8071-5c56f92e3dc5', '3fd80b7a-2e73-4a2b-a0ef-a480d83283e4');
INSERT INTO option_choice (option_id, choice_id) VALUES ('38336259-fa95-40f4-865c-eff171ebbb80', '44406bdb-c8ca-4532-a616-5a693fc15078');
INSERT INTO choice (id, questionnaire_id, interviewee_id) VALUES ('104264bd-8b4b-499f-8e15-02fc63c305fe', '173a3ab0-8485-4aa4-8787-a2a4414f992e', '3fd80b7a-2e73-4a2b-a0ef-a480d83283e4');
INSERT INTO option_choice (option_id, choice_id) VALUES ('e03fcb10-1308-44a4-9ce2-e4eaf10452c1', '104264bd-8b4b-499f-8e15-02fc63c305fe');
INSERT INTO option_choice (option_id, choice_id) VALUES ('3c8e0934-801c-4afd-98de-7aaf263889f6', '104264bd-8b4b-499f-8e15-02fc63c305fe');
INSERT INTO option_choice (option_id, choice_id) VALUES ('f9a527bc-3f55-40db-b05e-d549f1801594', '104264bd-8b4b-499f-8e15-02fc63c305fe');
INSERT INTO option_choice (option_id, choice_id) VALUES ('a477d3c8-db0a-4572-a680-b96fd792dc75', '104264bd-8b4b-499f-8e15-02fc63c305fe');
INSERT INTO option_choice (option_id, choice_id) VALUES ('c453fc60-b896-4f66-8dbe-cc55bc42881e', '104264bd-8b4b-499f-8e15-02fc63c305fe');
INSERT INTO choice (id, questionnaire_id, interviewee_id) VALUES ('76eaaedc-2560-42f0-bd83-108973349db0', '4a4f7cbc-8533-42b3-923b-6b4309f53c64', '3fd80b7a-2e73-4a2b-a0ef-a480d83283e4');
INSERT INTO option_choice (option_id, choice_id) VALUES ('c8061f97-fb14-4a37-89ad-0a564fb1704d', '76eaaedc-2560-42f0-bd83-108973349db0');
INSERT INTO principal (username, password) VALUES ('interviewee819', 'qwerty');
INSERT INTO interviewee (id, username, age, gender, country, marital_status) VALUES ('1353ff5c-428b-4bcf-b62f-031f71af4c0a', 'interviewee819', 26, 'male', 'TT', 'divorced');
INSERT INTO choice (id, questionnaire_id, interviewee_id) VALUES ('d12dcc6c-a1c2-4cbe-8034-5cbcc3b93770', '407203dd-9657-46e6-975f-3be5d664dd2a', '1353ff5c-428b-4bcf-b62f-031f71af4c0a');
INSERT INTO option_choice (option_id, choice_id) VALUES ('13fd08f6-1546-4289-9b91-c20aea1b69e9', 'd12dcc6c-a1c2-4cbe-8034-5cbcc3b93770');
INSERT INTO principal (username, password) VALUES ('interviewee820', 'qwerty');
INSERT INTO interviewee (id, username, age, gender, country, marital_status) VALUES ('c3ec3add-9229-4406-9db5-3243594f38ff', 'interviewee820', 60, 'male', 'QA', 'was_not_married');
INSERT INTO choice (id, questionnaire_id, interviewee_id) VALUES ('45a35be5-1be9-4420-b7f8-91a506e06a0b', '49c46fd6-2111-4ef5-8b91-9ee67132426d', 'c3ec3add-9229-4406-9db5-3243594f38ff');
INSERT INTO option_choice (option_id, choice_id) VALUES ('0e4a5f7a-a4f3-45f1-8f7c-34efd574414b', '45a35be5-1be9-4420-b7f8-91a506e06a0b');
INSERT INTO choice (id, questionnaire_id, interviewee_id) VALUES ('0eb4fcf5-0c8c-472e-8c78-c2687bc233ac', '48b4658e-bc90-4bd2-97bb-92484114dfea', 'c3ec3add-9229-4406-9db5-3243594f38ff');
INSERT INTO option_choice (option_id, choice_id) VALUES ('db310764-efc3-46ab-9d86-9914e34aa6cd', '0eb4fcf5-0c8c-472e-8c78-c2687bc233ac');
INSERT INTO choice (id, questionnaire_id, interviewee_id) VALUES ('ff48bbfc-1b2a-4ce0-92ec-84a8672fc168', '5b0a67f5-cbf2-4fde-b526-fd512ff68e24', 'c3ec3add-9229-4406-9db5-3243594f38ff');
INSERT INTO option_choice (option_id, choice_id) VALUES ('771f0011-824c-4e77-8245-8f61e026b171', 'ff48bbfc-1b2a-4ce0-92ec-84a8672fc168');
INSERT INTO principal (username, password) VALUES ('interviewee821', 'qwerty');
INSERT INTO interviewee (id, username, age, gender, country, marital_status) VALUES ('18846729-e033-4d6f-b94a-d65e5afa181a', 'interviewee821', 67, 'male', 'LK', 'divorced');
INSERT INTO choice (id, questionnaire_id, interviewee_id) VALUES ('11efb8eb-135a-46fb-b27c-edeb73427601', '747d0763-c99f-47ce-809b-b378d489a158', '18846729-e033-4d6f-b94a-d65e5afa181a');
INSERT INTO option_choice (option_id, choice_id) VALUES ('7cc0569f-f362-4ed1-9343-6ffd1369e812', '11efb8eb-135a-46fb-b27c-edeb73427601');
INSERT INTO choice (id, questionnaire_id, interviewee_id) VALUES ('bb4f01fa-78e5-43fd-a24a-965511cd78ec', '51436662-4eca-40ce-b552-b1c7486cf609', '18846729-e033-4d6f-b94a-d65e5afa181a');
INSERT INTO option_choice (option_id, choice_id) VALUES ('e4c4b240-61c9-4253-a93b-9a7768fbfe3f', 'bb4f01fa-78e5-43fd-a24a-965511cd78ec');
INSERT INTO principal (username, password) VALUES ('interviewee822', 'qwerty');
INSERT INTO interviewee (id, username, age, gender, country, marital_status) VALUES ('4bfbb0b3-ce45-4d42-b2da-9d17fe2c535d', 'interviewee822', 30, 'male', 'IE', 'divorced');
INSERT INTO choice (id, questionnaire_id, interviewee_id) VALUES ('91ad468b-7429-4e96-ad7e-135398fcd95d', '48b4658e-bc90-4bd2-97bb-92484114dfea', '4bfbb0b3-ce45-4d42-b2da-9d17fe2c535d');
INSERT INTO option_choice (option_id, choice_id) VALUES ('db310764-efc3-46ab-9d86-9914e34aa6cd', '91ad468b-7429-4e96-ad7e-135398fcd95d');
INSERT INTO choice (id, questionnaire_id, interviewee_id) VALUES ('d4dceb08-c060-4f91-ac3e-3e9c8e6b6b1f', '05e2761c-9435-4970-ad6d-245d7a696140', '4bfbb0b3-ce45-4d42-b2da-9d17fe2c535d');
INSERT INTO option_choice (option_id, choice_id) VALUES ('821d408d-9a3b-4716-a443-69cb45197037', 'd4dceb08-c060-4f91-ac3e-3e9c8e6b6b1f');
INSERT INTO option_choice (option_id, choice_id) VALUES ('4431f860-831f-4fdf-9dbb-76fbdb1006a1', 'd4dceb08-c060-4f91-ac3e-3e9c8e6b6b1f');
INSERT INTO option_choice (option_id, choice_id) VALUES ('cd3191da-899e-4773-b914-291725c8c108', 'd4dceb08-c060-4f91-ac3e-3e9c8e6b6b1f');
INSERT INTO option_choice (option_id, choice_id) VALUES ('26fa513d-ade2-4822-81ac-a6d8dc123679', 'd4dceb08-c060-4f91-ac3e-3e9c8e6b6b1f');
INSERT INTO principal (username, password) VALUES ('interviewee823', 'qwerty');
INSERT INTO interviewee (id, username, age, gender, country, marital_status) VALUES ('9896927e-5286-4e47-ac7b-f340b67033b5', 'interviewee823', 32, 'male', 'MM', 'married');
INSERT INTO choice (id, questionnaire_id, interviewee_id) VALUES ('1abbba0a-9b49-4a61-b263-b3f769c5b8b7', '5b0a67f5-cbf2-4fde-b526-fd512ff68e24', '9896927e-5286-4e47-ac7b-f340b67033b5');
INSERT INTO option_choice (option_id, choice_id) VALUES ('ce5bf814-daca-4ca0-825d-8408f4fe06ed', '1abbba0a-9b49-4a61-b263-b3f769c5b8b7');
INSERT INTO principal (username, password) VALUES ('interviewee824', 'qwerty');
INSERT INTO interviewee (id, username, age, gender, country, marital_status) VALUES ('6923b4df-849b-4b9b-a8e3-a322f05416ef', 'interviewee824', 35, 'female', 'SZ', 'married');
INSERT INTO choice (id, questionnaire_id, interviewee_id) VALUES ('ee2bd80a-6aec-44fd-a92e-ba5438b7b00a', '407203dd-9657-46e6-975f-3be5d664dd2a', '6923b4df-849b-4b9b-a8e3-a322f05416ef');
INSERT INTO option_choice (option_id, choice_id) VALUES ('ec3a75fb-52ee-48b8-a136-1c4ef02978e8', 'ee2bd80a-6aec-44fd-a92e-ba5438b7b00a');
INSERT INTO choice (id, questionnaire_id, interviewee_id) VALUES ('6c035e11-00eb-46fd-83c6-2d007562414b', '08310229-5370-44f1-8071-5c56f92e3dc5', '6923b4df-849b-4b9b-a8e3-a322f05416ef');
INSERT INTO option_choice (option_id, choice_id) VALUES ('996311da-bd48-491d-b381-d19b001465c4', '6c035e11-00eb-46fd-83c6-2d007562414b');
INSERT INTO choice (id, questionnaire_id, interviewee_id) VALUES ('35767e4b-fe65-4a5e-80a2-54652e623054', '48b4658e-bc90-4bd2-97bb-92484114dfea', '6923b4df-849b-4b9b-a8e3-a322f05416ef');
INSERT INTO option_choice (option_id, choice_id) VALUES ('5a5b3a6f-7875-401c-8d0b-e9c8b854b985', '35767e4b-fe65-4a5e-80a2-54652e623054');
INSERT INTO principal (username, password) VALUES ('interviewee825', 'qwerty');
INSERT INTO interviewee (id, username, age, gender, country, marital_status) VALUES ('77d1495b-cc99-41e7-9099-38a338c20da9', 'interviewee825', 37, 'female', 'EE', 'divorced');
INSERT INTO choice (id, questionnaire_id, interviewee_id) VALUES ('abba9bff-e26d-4a1a-9dd6-b53982d1b58f', '8e156ed6-1a8b-4fe6-9a58-0f7cbdd6af32', '77d1495b-cc99-41e7-9099-38a338c20da9');
INSERT INTO option_choice (option_id, choice_id) VALUES ('358a2bcc-fa9d-4ee1-915b-f4d44b5896ff', 'abba9bff-e26d-4a1a-9dd6-b53982d1b58f');
INSERT INTO choice (id, questionnaire_id, interviewee_id) VALUES ('68e63736-cf28-4fe1-9fcc-358abc7c673a', '48b4658e-bc90-4bd2-97bb-92484114dfea', '77d1495b-cc99-41e7-9099-38a338c20da9');
INSERT INTO option_choice (option_id, choice_id) VALUES ('72884dca-8b91-4379-bf2e-f4dbfc8f13cd', '68e63736-cf28-4fe1-9fcc-358abc7c673a');
INSERT INTO principal (username, password) VALUES ('interviewee826', 'qwerty');
INSERT INTO interviewee (id, username, age, gender, country, marital_status) VALUES ('e51cef6f-e31a-4cc1-add2-bf37e2ec0b38', 'interviewee826', 37, 'male', 'TO', 'divorced');
INSERT INTO choice (id, questionnaire_id, interviewee_id) VALUES ('909eef45-41fe-4d28-91cb-395524c19d4c', 'aaacf497-4ae4-46e0-aa2e-27377271bafc', 'e51cef6f-e31a-4cc1-add2-bf37e2ec0b38');
INSERT INTO option_choice (option_id, choice_id) VALUES ('de1098e4-e0b7-4df4-890a-1958a8d5d465', '909eef45-41fe-4d28-91cb-395524c19d4c');
INSERT INTO choice (id, questionnaire_id, interviewee_id) VALUES ('ede1d949-435c-4e02-8b9d-2a514b83fb74', 'e20dbb22-091f-4137-8450-fdeaea74363f', 'e51cef6f-e31a-4cc1-add2-bf37e2ec0b38');
INSERT INTO option_choice (option_id, choice_id) VALUES ('4bd78eb1-72bb-47fa-8b7c-4cc826f39edd', 'ede1d949-435c-4e02-8b9d-2a514b83fb74');
INSERT INTO option_choice (option_id, choice_id) VALUES ('b09da84d-7533-40da-b486-a820b6b7c110', 'ede1d949-435c-4e02-8b9d-2a514b83fb74');
INSERT INTO option_choice (option_id, choice_id) VALUES ('49d1bc1f-0fd1-4dad-ab6d-b123ea13d33a', 'ede1d949-435c-4e02-8b9d-2a514b83fb74');
INSERT INTO option_choice (option_id, choice_id) VALUES ('946ecf06-2d9f-4fe5-b2b7-64c51a5fdf06', 'ede1d949-435c-4e02-8b9d-2a514b83fb74');
INSERT INTO option_choice (option_id, choice_id) VALUES ('322bbc1b-4e8d-41ae-b4f2-3466891dc809', 'ede1d949-435c-4e02-8b9d-2a514b83fb74');
INSERT INTO option_choice (option_id, choice_id) VALUES ('a572f3cf-b3ba-491a-9687-6cee662749f1', 'ede1d949-435c-4e02-8b9d-2a514b83fb74');
INSERT INTO option_choice (option_id, choice_id) VALUES ('ff3c7a97-70db-4404-b85b-274707745879', 'ede1d949-435c-4e02-8b9d-2a514b83fb74');
INSERT INTO option_choice (option_id, choice_id) VALUES ('742176a0-b7c8-400a-a370-5871099954a4', 'ede1d949-435c-4e02-8b9d-2a514b83fb74');
INSERT INTO principal (username, password) VALUES ('interviewee827', 'qwerty');
INSERT INTO interviewee (id, username, age, gender, country, marital_status) VALUES ('84f57570-d6e6-4f43-94ee-7da4b4127157', 'interviewee827', 34, 'female', 'UY', 'divorced');
INSERT INTO choice (id, questionnaire_id, interviewee_id) VALUES ('31167aa5-1682-4102-be19-378d73b64391', '81a3f075-1324-4e67-90a5-493fe3324435', '84f57570-d6e6-4f43-94ee-7da4b4127157');
INSERT INTO option_choice (option_id, choice_id) VALUES ('7b2bd172-1566-440a-81d8-f9b2fb43f8fc', '31167aa5-1682-4102-be19-378d73b64391');
INSERT INTO option_choice (option_id, choice_id) VALUES ('a1737a4b-bfa2-4208-a103-ca4bea3afaaf', '31167aa5-1682-4102-be19-378d73b64391');
INSERT INTO option_choice (option_id, choice_id) VALUES ('c5035143-d5d2-4934-8b99-4e66507a8603', '31167aa5-1682-4102-be19-378d73b64391');
INSERT INTO principal (username, password) VALUES ('interviewee828', 'qwerty');
INSERT INTO interviewee (id, username, age, gender, country, marital_status) VALUES ('acaa5cd8-d3e5-4fbf-9500-52beca64be70', 'interviewee828', 22, 'male', 'CF', 'divorced');
INSERT INTO choice (id, questionnaire_id, interviewee_id) VALUES ('c1db9d15-6b38-4676-8c73-d0f895834857', 'e20dbb22-091f-4137-8450-fdeaea74363f', 'acaa5cd8-d3e5-4fbf-9500-52beca64be70');
INSERT INTO option_choice (option_id, choice_id) VALUES ('ff3c7a97-70db-4404-b85b-274707745879', 'c1db9d15-6b38-4676-8c73-d0f895834857');
INSERT INTO option_choice (option_id, choice_id) VALUES ('a572f3cf-b3ba-491a-9687-6cee662749f1', 'c1db9d15-6b38-4676-8c73-d0f895834857');
INSERT INTO principal (username, password) VALUES ('interviewee829', 'qwerty');
INSERT INTO interviewee (id, username, age, gender, country, marital_status) VALUES ('dc33be1c-a4fe-465e-ad81-35790251aeba', 'interviewee829', 52, 'female', 'TV', 'was_not_married');
INSERT INTO choice (id, questionnaire_id, interviewee_id) VALUES ('c7e01711-8381-4901-a197-0d9083bd362a', '81a3f075-1324-4e67-90a5-493fe3324435', 'dc33be1c-a4fe-465e-ad81-35790251aeba');
INSERT INTO option_choice (option_id, choice_id) VALUES ('7b2bd172-1566-440a-81d8-f9b2fb43f8fc', 'c7e01711-8381-4901-a197-0d9083bd362a');
INSERT INTO option_choice (option_id, choice_id) VALUES ('c5035143-d5d2-4934-8b99-4e66507a8603', 'c7e01711-8381-4901-a197-0d9083bd362a');
INSERT INTO option_choice (option_id, choice_id) VALUES ('ab9020e3-a12b-46eb-97f0-79dcfaab7356', 'c7e01711-8381-4901-a197-0d9083bd362a');
INSERT INTO choice (id, questionnaire_id, interviewee_id) VALUES ('851a155e-c2e9-4b00-b02e-a13223c0d037', 'e4d0ba66-5e11-433c-8243-4d890cceaf69', 'dc33be1c-a4fe-465e-ad81-35790251aeba');
INSERT INTO option_choice (option_id, choice_id) VALUES ('7cfec70e-33b3-4c68-9c38-38cf292cd0f9', '851a155e-c2e9-4b00-b02e-a13223c0d037');
INSERT INTO option_choice (option_id, choice_id) VALUES ('cb637eae-3b8f-4d17-81fb-9b271857e55c', '851a155e-c2e9-4b00-b02e-a13223c0d037');
INSERT INTO choice (id, questionnaire_id, interviewee_id) VALUES ('17ded3e0-aa79-45a0-9a16-aca7db7c3aa2', '2519c51c-9863-4531-85ff-a7ddd5ea08b2', 'dc33be1c-a4fe-465e-ad81-35790251aeba');
INSERT INTO option_choice (option_id, choice_id) VALUES ('e532cc1b-83fa-4902-9bd1-0868c31241bb', '17ded3e0-aa79-45a0-9a16-aca7db7c3aa2');
INSERT INTO principal (username, password) VALUES ('interviewee830', 'qwerty');
INSERT INTO interviewee (id, username, age, gender, country, marital_status) VALUES ('be0407a5-70c0-421b-8e22-658f75dc09a9', 'interviewee830', 28, 'male', 'CL', 'divorced');
INSERT INTO choice (id, questionnaire_id, interviewee_id) VALUES ('ca51b39d-5d89-4d73-a659-d7a357ea1abe', '4a4f7cbc-8533-42b3-923b-6b4309f53c64', 'be0407a5-70c0-421b-8e22-658f75dc09a9');
INSERT INTO option_choice (option_id, choice_id) VALUES ('3f8cd95c-177b-469f-b652-784cadd37582', 'ca51b39d-5d89-4d73-a659-d7a357ea1abe');
INSERT INTO choice (id, questionnaire_id, interviewee_id) VALUES ('ece985d4-76cb-4a6c-9328-db17b0aa7620', '5b0a67f5-cbf2-4fde-b526-fd512ff68e24', 'be0407a5-70c0-421b-8e22-658f75dc09a9');
INSERT INTO option_choice (option_id, choice_id) VALUES ('7dc1dfe8-a039-4c2a-a601-d1bc81a3e459', 'ece985d4-76cb-4a6c-9328-db17b0aa7620');
INSERT INTO principal (username, password) VALUES ('interviewee831', 'qwerty');
INSERT INTO interviewee (id, username, age, gender, country, marital_status) VALUES ('610cadc8-29e8-4c89-b920-b6eaa94041e8', 'interviewee831', 19, 'male', 'PL', 'was_not_married');
INSERT INTO choice (id, questionnaire_id, interviewee_id) VALUES ('f20c6b10-2213-40e8-a722-76d8926a623f', '407203dd-9657-46e6-975f-3be5d664dd2a', '610cadc8-29e8-4c89-b920-b6eaa94041e8');
INSERT INTO option_choice (option_id, choice_id) VALUES ('4285dd4d-8381-423b-8700-37e491ae1336', 'f20c6b10-2213-40e8-a722-76d8926a623f');
INSERT INTO choice (id, questionnaire_id, interviewee_id) VALUES ('b1028fc8-02f1-4365-afec-adfb4efbce1b', '2519c51c-9863-4531-85ff-a7ddd5ea08b2', '610cadc8-29e8-4c89-b920-b6eaa94041e8');
INSERT INTO option_choice (option_id, choice_id) VALUES ('8c388d58-c24e-468d-9d56-271abc2ab89d', 'b1028fc8-02f1-4365-afec-adfb4efbce1b');
INSERT INTO principal (username, password) VALUES ('interviewee832', 'qwerty');
INSERT INTO interviewee (id, username, age, gender, country, marital_status) VALUES ('75e36bcb-ff0e-4cf3-8b75-ad4e89463b66', 'interviewee832', 51, 'female', 'CA', 'was_not_married');
INSERT INTO choice (id, questionnaire_id, interviewee_id) VALUES ('c7a18f1d-f527-40f8-8baf-6e47a8643942', '49c46fd6-2111-4ef5-8b91-9ee67132426d', '75e36bcb-ff0e-4cf3-8b75-ad4e89463b66');
INSERT INTO option_choice (option_id, choice_id) VALUES ('9324aa44-2cdd-4334-9eee-ab97e62258df', 'c7a18f1d-f527-40f8-8baf-6e47a8643942');
INSERT INTO choice (id, questionnaire_id, interviewee_id) VALUES ('bd02b8ee-b9ce-4add-9345-95810413042a', '48b4658e-bc90-4bd2-97bb-92484114dfea', '75e36bcb-ff0e-4cf3-8b75-ad4e89463b66');
INSERT INTO option_choice (option_id, choice_id) VALUES ('72884dca-8b91-4379-bf2e-f4dbfc8f13cd', 'bd02b8ee-b9ce-4add-9345-95810413042a');
INSERT INTO principal (username, password) VALUES ('interviewee833', 'qwerty');
INSERT INTO interviewee (id, username, age, gender, country, marital_status) VALUES ('3b6bb895-0425-4bf3-96e6-db1667859d4c', 'interviewee833', 26, 'female', 'TC', 'married');
INSERT INTO choice (id, questionnaire_id, interviewee_id) VALUES ('7c951284-fc49-425f-9ca4-08632a4e418a', '173a3ab0-8485-4aa4-8787-a2a4414f992e', '3b6bb895-0425-4bf3-96e6-db1667859d4c');
INSERT INTO option_choice (option_id, choice_id) VALUES ('c453fc60-b896-4f66-8dbe-cc55bc42881e', '7c951284-fc49-425f-9ca4-08632a4e418a');
INSERT INTO option_choice (option_id, choice_id) VALUES ('f9a527bc-3f55-40db-b05e-d549f1801594', '7c951284-fc49-425f-9ca4-08632a4e418a');
INSERT INTO principal (username, password) VALUES ('interviewee834', 'qwerty');
INSERT INTO interviewee (id, username, age, gender, country, marital_status) VALUES ('57c2a42e-da1d-456a-91e8-911cdd6ffa96', 'interviewee834', 46, 'female', 'TG', 'divorced');
INSERT INTO choice (id, questionnaire_id, interviewee_id) VALUES ('4c429ac9-97d1-47da-982f-2e01c117840d', '05e2761c-9435-4970-ad6d-245d7a696140', '57c2a42e-da1d-456a-91e8-911cdd6ffa96');
INSERT INTO option_choice (option_id, choice_id) VALUES ('ee58bf05-12ff-45e4-b7e9-d37a70181de4', '4c429ac9-97d1-47da-982f-2e01c117840d');
INSERT INTO option_choice (option_id, choice_id) VALUES ('821d408d-9a3b-4716-a443-69cb45197037', '4c429ac9-97d1-47da-982f-2e01c117840d');
INSERT INTO option_choice (option_id, choice_id) VALUES ('4431f860-831f-4fdf-9dbb-76fbdb1006a1', '4c429ac9-97d1-47da-982f-2e01c117840d');
INSERT INTO option_choice (option_id, choice_id) VALUES ('cd3191da-899e-4773-b914-291725c8c108', '4c429ac9-97d1-47da-982f-2e01c117840d');
INSERT INTO option_choice (option_id, choice_id) VALUES ('26fa513d-ade2-4822-81ac-a6d8dc123679', '4c429ac9-97d1-47da-982f-2e01c117840d');
INSERT INTO choice (id, questionnaire_id, interviewee_id) VALUES ('33b9e0e7-99c1-4143-8975-748e34756cce', 'aaacf497-4ae4-46e0-aa2e-27377271bafc', '57c2a42e-da1d-456a-91e8-911cdd6ffa96');
INSERT INTO option_choice (option_id, choice_id) VALUES ('de1098e4-e0b7-4df4-890a-1958a8d5d465', '33b9e0e7-99c1-4143-8975-748e34756cce');
INSERT INTO principal (username, password) VALUES ('interviewee835', 'qwerty');
INSERT INTO interviewee (id, username, age, gender, country, marital_status) VALUES ('d4c24cdb-9b46-4244-8e8a-5028615d7f1d', 'interviewee835', 17, 'male', 'FM', 'married');
INSERT INTO choice (id, questionnaire_id, interviewee_id) VALUES ('78da957c-9d34-4c19-9616-40653d098660', '5b0a67f5-cbf2-4fde-b526-fd512ff68e24', 'd4c24cdb-9b46-4244-8e8a-5028615d7f1d');
INSERT INTO option_choice (option_id, choice_id) VALUES ('97aa1845-210d-4e42-8c05-737698b0c66c', '78da957c-9d34-4c19-9616-40653d098660');
INSERT INTO principal (username, password) VALUES ('interviewee836', 'qwerty');
INSERT INTO interviewee (id, username, age, gender, country, marital_status) VALUES ('58a77e21-2965-436b-a098-d896c400dbd8', 'interviewee836', 17, 'female', 'CR', 'married');
INSERT INTO choice (id, questionnaire_id, interviewee_id) VALUES ('70edc5d2-680d-4bf6-b969-33a2f63b5111', 'aaacf497-4ae4-46e0-aa2e-27377271bafc', '58a77e21-2965-436b-a098-d896c400dbd8');
INSERT INTO option_choice (option_id, choice_id) VALUES ('4d7025a3-7520-4447-9769-c495cb62415e', '70edc5d2-680d-4bf6-b969-33a2f63b5111');
INSERT INTO principal (username, password) VALUES ('interviewee837', 'qwerty');
INSERT INTO interviewee (id, username, age, gender, country, marital_status) VALUES ('15834ebc-049b-4341-af49-9af4f5a1590b', 'interviewee837', 26, 'female', 'CL', 'divorced');
INSERT INTO choice (id, questionnaire_id, interviewee_id) VALUES ('d8c59d29-0d40-4a4c-8cf6-fee82dd57c7c', '407203dd-9657-46e6-975f-3be5d664dd2a', '15834ebc-049b-4341-af49-9af4f5a1590b');
INSERT INTO option_choice (option_id, choice_id) VALUES ('d37dcf04-38aa-46a3-914b-a881661a3989', 'd8c59d29-0d40-4a4c-8cf6-fee82dd57c7c');
INSERT INTO choice (id, questionnaire_id, interviewee_id) VALUES ('2e844bf4-3f21-4345-9a81-ef337fd138b3', '48b4658e-bc90-4bd2-97bb-92484114dfea', '15834ebc-049b-4341-af49-9af4f5a1590b');
INSERT INTO option_choice (option_id, choice_id) VALUES ('72884dca-8b91-4379-bf2e-f4dbfc8f13cd', '2e844bf4-3f21-4345-9a81-ef337fd138b3');
INSERT INTO principal (username, password) VALUES ('interviewee838', 'qwerty');
INSERT INTO interviewee (id, username, age, gender, country, marital_status) VALUES ('981f3a83-02d2-4b9f-a7fd-6db7ea6f7b08', 'interviewee838', 28, 'female', 'CY', 'married');
INSERT INTO choice (id, questionnaire_id, interviewee_id) VALUES ('ac8f6ed3-08cc-4985-9644-c90ccb9619a7', '08310229-5370-44f1-8071-5c56f92e3dc5', '981f3a83-02d2-4b9f-a7fd-6db7ea6f7b08');
INSERT INTO option_choice (option_id, choice_id) VALUES ('fc94d716-ca6a-45f3-8cbb-afd6a3ea72a3', 'ac8f6ed3-08cc-4985-9644-c90ccb9619a7');
INSERT INTO choice (id, questionnaire_id, interviewee_id) VALUES ('44d707be-52f4-4610-8379-d47e08af1208', '48b4658e-bc90-4bd2-97bb-92484114dfea', '981f3a83-02d2-4b9f-a7fd-6db7ea6f7b08');
INSERT INTO option_choice (option_id, choice_id) VALUES ('72884dca-8b91-4379-bf2e-f4dbfc8f13cd', '44d707be-52f4-4610-8379-d47e08af1208');
INSERT INTO principal (username, password) VALUES ('interviewee839', 'qwerty');
INSERT INTO interviewee (id, username, age, gender, country, marital_status) VALUES ('89452fc9-9f85-4acf-b9b5-6c272b384753', 'interviewee839', 47, 'male', 'VG', 'was_not_married');
INSERT INTO choice (id, questionnaire_id, interviewee_id) VALUES ('9568edbd-8428-4f0e-95f1-67a0696a20b2', '81a3f075-1324-4e67-90a5-493fe3324435', '89452fc9-9f85-4acf-b9b5-6c272b384753');
INSERT INTO option_choice (option_id, choice_id) VALUES ('a1737a4b-bfa2-4208-a103-ca4bea3afaaf', '9568edbd-8428-4f0e-95f1-67a0696a20b2');
INSERT INTO option_choice (option_id, choice_id) VALUES ('a0eef1f9-547a-4823-b7e0-bb52d6891f8f', '9568edbd-8428-4f0e-95f1-67a0696a20b2');
INSERT INTO option_choice (option_id, choice_id) VALUES ('7b2bd172-1566-440a-81d8-f9b2fb43f8fc', '9568edbd-8428-4f0e-95f1-67a0696a20b2');
INSERT INTO principal (username, password) VALUES ('interviewee840', 'qwerty');
INSERT INTO interviewee (id, username, age, gender, country, marital_status) VALUES ('49dc0d33-d8d8-4b2c-94e3-a5f9432037d9', 'interviewee840', 69, 'female', 'BB', 'was_not_married');
INSERT INTO choice (id, questionnaire_id, interviewee_id) VALUES ('9174a111-36b5-4874-9a6f-a903be7d8f01', '81a3f075-1324-4e67-90a5-493fe3324435', '49dc0d33-d8d8-4b2c-94e3-a5f9432037d9');
INSERT INTO option_choice (option_id, choice_id) VALUES ('7b2bd172-1566-440a-81d8-f9b2fb43f8fc', '9174a111-36b5-4874-9a6f-a903be7d8f01');
INSERT INTO option_choice (option_id, choice_id) VALUES ('ab9020e3-a12b-46eb-97f0-79dcfaab7356', '9174a111-36b5-4874-9a6f-a903be7d8f01');
INSERT INTO option_choice (option_id, choice_id) VALUES ('c0afeee2-6628-4404-bc41-32bc0a1505c5', '9174a111-36b5-4874-9a6f-a903be7d8f01');
INSERT INTO option_choice (option_id, choice_id) VALUES ('a1737a4b-bfa2-4208-a103-ca4bea3afaaf', '9174a111-36b5-4874-9a6f-a903be7d8f01');
INSERT INTO choice (id, questionnaire_id, interviewee_id) VALUES ('a8b9acee-0f29-415f-a4eb-3d375981ce42', 'e20dbb22-091f-4137-8450-fdeaea74363f', '49dc0d33-d8d8-4b2c-94e3-a5f9432037d9');
INSERT INTO option_choice (option_id, choice_id) VALUES ('a572f3cf-b3ba-491a-9687-6cee662749f1', 'a8b9acee-0f29-415f-a4eb-3d375981ce42');
INSERT INTO option_choice (option_id, choice_id) VALUES ('4bd78eb1-72bb-47fa-8b7c-4cc826f39edd', 'a8b9acee-0f29-415f-a4eb-3d375981ce42');
INSERT INTO choice (id, questionnaire_id, interviewee_id) VALUES ('f8713cca-c11b-400a-99bd-1e38d2bc6ca8', '48b4658e-bc90-4bd2-97bb-92484114dfea', '49dc0d33-d8d8-4b2c-94e3-a5f9432037d9');
INSERT INTO option_choice (option_id, choice_id) VALUES ('5a5b3a6f-7875-401c-8d0b-e9c8b854b985', 'f8713cca-c11b-400a-99bd-1e38d2bc6ca8');
INSERT INTO principal (username, password) VALUES ('interviewee841', 'qwerty');
INSERT INTO interviewee (id, username, age, gender, country, marital_status) VALUES ('9eb47e9d-2001-4115-b308-11006facf672', 'interviewee841', 43, 'male', 'AZ', 'divorced');
INSERT INTO choice (id, questionnaire_id, interviewee_id) VALUES ('4a78b3b8-b934-441f-9f78-d5925e8ebc02', '2519c51c-9863-4531-85ff-a7ddd5ea08b2', '9eb47e9d-2001-4115-b308-11006facf672');
INSERT INTO option_choice (option_id, choice_id) VALUES ('a3b534e4-0e3d-437c-94bf-14e57f299a2c', '4a78b3b8-b934-441f-9f78-d5925e8ebc02');
INSERT INTO choice (id, questionnaire_id, interviewee_id) VALUES ('cae1e184-2e3e-4555-9429-ca57113c4152', 'c6dd214b-43b7-401f-afe6-a5ab0d2d7767', '9eb47e9d-2001-4115-b308-11006facf672');
INSERT INTO option_choice (option_id, choice_id) VALUES ('c134384c-5eda-4957-9883-b965681b9fef', 'cae1e184-2e3e-4555-9429-ca57113c4152');
INSERT INTO option_choice (option_id, choice_id) VALUES ('9d2a2dd1-7979-48a6-a0b7-3de8fdea75b6', 'cae1e184-2e3e-4555-9429-ca57113c4152');
INSERT INTO option_choice (option_id, choice_id) VALUES ('17ceef0b-83da-42ec-a82c-9090a9be74af', 'cae1e184-2e3e-4555-9429-ca57113c4152');
INSERT INTO option_choice (option_id, choice_id) VALUES ('069a6758-231c-4064-8e44-a0db84e86a21', 'cae1e184-2e3e-4555-9429-ca57113c4152');
INSERT INTO principal (username, password) VALUES ('interviewee842', 'qwerty');
INSERT INTO interviewee (id, username, age, gender, country, marital_status) VALUES ('0fc53e76-e911-431a-b9fc-783d993d5020', 'interviewee842', 35, 'female', 'NL', 'divorced');
INSERT INTO choice (id, questionnaire_id, interviewee_id) VALUES ('da087b10-1d99-4380-b9bf-561ce468a7c5', 'c6dd214b-43b7-401f-afe6-a5ab0d2d7767', '0fc53e76-e911-431a-b9fc-783d993d5020');
INSERT INTO option_choice (option_id, choice_id) VALUES ('c134384c-5eda-4957-9883-b965681b9fef', 'da087b10-1d99-4380-b9bf-561ce468a7c5');
INSERT INTO option_choice (option_id, choice_id) VALUES ('9d2a2dd1-7979-48a6-a0b7-3de8fdea75b6', 'da087b10-1d99-4380-b9bf-561ce468a7c5');
INSERT INTO option_choice (option_id, choice_id) VALUES ('069a6758-231c-4064-8e44-a0db84e86a21', 'da087b10-1d99-4380-b9bf-561ce468a7c5');
INSERT INTO option_choice (option_id, choice_id) VALUES ('17ceef0b-83da-42ec-a82c-9090a9be74af', 'da087b10-1d99-4380-b9bf-561ce468a7c5');
INSERT INTO choice (id, questionnaire_id, interviewee_id) VALUES ('ea41a529-4820-41ed-90bd-43bc749a4272', 'e4d0ba66-5e11-433c-8243-4d890cceaf69', '0fc53e76-e911-431a-b9fc-783d993d5020');
INSERT INTO option_choice (option_id, choice_id) VALUES ('cb637eae-3b8f-4d17-81fb-9b271857e55c', 'ea41a529-4820-41ed-90bd-43bc749a4272');
INSERT INTO option_choice (option_id, choice_id) VALUES ('7cfec70e-33b3-4c68-9c38-38cf292cd0f9', 'ea41a529-4820-41ed-90bd-43bc749a4272');
INSERT INTO choice (id, questionnaire_id, interviewee_id) VALUES ('0ec6c905-d4f2-4d3f-a88c-7c8570b8dea3', '05e2761c-9435-4970-ad6d-245d7a696140', '0fc53e76-e911-431a-b9fc-783d993d5020');
INSERT INTO option_choice (option_id, choice_id) VALUES ('4431f860-831f-4fdf-9dbb-76fbdb1006a1', '0ec6c905-d4f2-4d3f-a88c-7c8570b8dea3');
INSERT INTO option_choice (option_id, choice_id) VALUES ('ee58bf05-12ff-45e4-b7e9-d37a70181de4', '0ec6c905-d4f2-4d3f-a88c-7c8570b8dea3');
INSERT INTO principal (username, password) VALUES ('interviewee843', 'qwerty');
INSERT INTO interviewee (id, username, age, gender, country, marital_status) VALUES ('10bfc0f6-afae-4794-8800-009ff43070ed', 'interviewee843', 19, 'female', 'SE', 'married');
INSERT INTO choice (id, questionnaire_id, interviewee_id) VALUES ('f55594a4-eb6d-4240-869b-0b1bd56b5519', '51436662-4eca-40ce-b552-b1c7486cf609', '10bfc0f6-afae-4794-8800-009ff43070ed');
INSERT INTO option_choice (option_id, choice_id) VALUES ('259215cc-47cc-4165-befd-cf997b4aaf7e', 'f55594a4-eb6d-4240-869b-0b1bd56b5519');
INSERT INTO choice (id, questionnaire_id, interviewee_id) VALUES ('aa0ea593-f7bc-49ad-b862-a415c47f267a', 'e20dbb22-091f-4137-8450-fdeaea74363f', '10bfc0f6-afae-4794-8800-009ff43070ed');
INSERT INTO option_choice (option_id, choice_id) VALUES ('742176a0-b7c8-400a-a370-5871099954a4', 'aa0ea593-f7bc-49ad-b862-a415c47f267a');
INSERT INTO option_choice (option_id, choice_id) VALUES ('4bd78eb1-72bb-47fa-8b7c-4cc826f39edd', 'aa0ea593-f7bc-49ad-b862-a415c47f267a');
INSERT INTO choice (id, questionnaire_id, interviewee_id) VALUES ('a31fd15f-443b-4082-ba3e-29eceffd5d8a', 'b5c886d7-e86f-4083-958a-cbd232db7a84', '10bfc0f6-afae-4794-8800-009ff43070ed');
INSERT INTO option_choice (option_id, choice_id) VALUES ('a446338d-133a-407b-9bd1-520fe1043ec3', 'a31fd15f-443b-4082-ba3e-29eceffd5d8a');
INSERT INTO principal (username, password) VALUES ('interviewee844', 'qwerty');
INSERT INTO interviewee (id, username, age, gender, country, marital_status) VALUES ('6723980b-7bf1-498e-8c9f-98d937b14a85', 'interviewee844', 36, 'female', 'MU', 'was_not_married');
INSERT INTO choice (id, questionnaire_id, interviewee_id) VALUES ('f74865e3-0baf-4960-9d82-4b5d33d33475', '49c46fd6-2111-4ef5-8b91-9ee67132426d', '6723980b-7bf1-498e-8c9f-98d937b14a85');
INSERT INTO option_choice (option_id, choice_id) VALUES ('1edad7c9-bfa7-40be-bc47-62530b1df2c4', 'f74865e3-0baf-4960-9d82-4b5d33d33475');
INSERT INTO principal (username, password) VALUES ('interviewee845', 'qwerty');
INSERT INTO interviewee (id, username, age, gender, country, marital_status) VALUES ('5d87d355-9f73-4428-9e93-887e0b3a60cb', 'interviewee845', 46, 'male', 'BD', 'married');
INSERT INTO choice (id, questionnaire_id, interviewee_id) VALUES ('f10a88a9-6d77-456f-9bb2-c876e97ab124', '173a3ab0-8485-4aa4-8787-a2a4414f992e', '5d87d355-9f73-4428-9e93-887e0b3a60cb');
INSERT INTO option_choice (option_id, choice_id) VALUES ('3f698183-af22-44ca-80c1-eb668697e9ea', 'f10a88a9-6d77-456f-9bb2-c876e97ab124');
INSERT INTO option_choice (option_id, choice_id) VALUES ('bf89350f-11e0-4471-a3a1-95481edf5acd', 'f10a88a9-6d77-456f-9bb2-c876e97ab124');
INSERT INTO option_choice (option_id, choice_id) VALUES ('a477d3c8-db0a-4572-a680-b96fd792dc75', 'f10a88a9-6d77-456f-9bb2-c876e97ab124');
INSERT INTO option_choice (option_id, choice_id) VALUES ('c453fc60-b896-4f66-8dbe-cc55bc42881e', 'f10a88a9-6d77-456f-9bb2-c876e97ab124');
INSERT INTO option_choice (option_id, choice_id) VALUES ('3c8e0934-801c-4afd-98de-7aaf263889f6', 'f10a88a9-6d77-456f-9bb2-c876e97ab124');
INSERT INTO choice (id, questionnaire_id, interviewee_id) VALUES ('f025b18b-053a-497d-bdd0-80dc82a5f0b0', '48b4658e-bc90-4bd2-97bb-92484114dfea', '5d87d355-9f73-4428-9e93-887e0b3a60cb');
INSERT INTO option_choice (option_id, choice_id) VALUES ('72884dca-8b91-4379-bf2e-f4dbfc8f13cd', 'f025b18b-053a-497d-bdd0-80dc82a5f0b0');
INSERT INTO choice (id, questionnaire_id, interviewee_id) VALUES ('8300a463-7349-4f9a-979c-d7dad1a8d8a7', 'c6dd214b-43b7-401f-afe6-a5ab0d2d7767', '5d87d355-9f73-4428-9e93-887e0b3a60cb');
INSERT INTO option_choice (option_id, choice_id) VALUES ('c134384c-5eda-4957-9883-b965681b9fef', '8300a463-7349-4f9a-979c-d7dad1a8d8a7');
INSERT INTO principal (username, password) VALUES ('interviewee846', 'qwerty');
INSERT INTO interviewee (id, username, age, gender, country, marital_status) VALUES ('0b481717-6a02-43f8-91d0-537879ac109a', 'interviewee846', 56, 'male', 'TV', 'divorced');
INSERT INTO choice (id, questionnaire_id, interviewee_id) VALUES ('61b61df9-47df-46b8-831f-42cfaa2e171f', '05e2761c-9435-4970-ad6d-245d7a696140', '0b481717-6a02-43f8-91d0-537879ac109a');
INSERT INTO option_choice (option_id, choice_id) VALUES ('cd3191da-899e-4773-b914-291725c8c108', '61b61df9-47df-46b8-831f-42cfaa2e171f');
INSERT INTO option_choice (option_id, choice_id) VALUES ('ee58bf05-12ff-45e4-b7e9-d37a70181de4', '61b61df9-47df-46b8-831f-42cfaa2e171f');
INSERT INTO option_choice (option_id, choice_id) VALUES ('26fa513d-ade2-4822-81ac-a6d8dc123679', '61b61df9-47df-46b8-831f-42cfaa2e171f');
INSERT INTO option_choice (option_id, choice_id) VALUES ('4431f860-831f-4fdf-9dbb-76fbdb1006a1', '61b61df9-47df-46b8-831f-42cfaa2e171f');
INSERT INTO principal (username, password) VALUES ('interviewee847', 'qwerty');
INSERT INTO interviewee (id, username, age, gender, country, marital_status) VALUES ('a9dd8f68-3276-4900-8d2b-8718f3b7fc1e', 'interviewee847', 25, 'male', 'OM', 'married');
INSERT INTO choice (id, questionnaire_id, interviewee_id) VALUES ('ccfd9bc4-b9b3-44a5-a83f-6f56d82137b7', 'e4d0ba66-5e11-433c-8243-4d890cceaf69', 'a9dd8f68-3276-4900-8d2b-8718f3b7fc1e');
INSERT INTO option_choice (option_id, choice_id) VALUES ('7cfec70e-33b3-4c68-9c38-38cf292cd0f9', 'ccfd9bc4-b9b3-44a5-a83f-6f56d82137b7');
INSERT INTO principal (username, password) VALUES ('interviewee848', 'qwerty');
INSERT INTO interviewee (id, username, age, gender, country, marital_status) VALUES ('e3bd3bf6-ba74-48ac-bd82-7db1bbec4878', 'interviewee848', 29, 'male', 'NL', 'divorced');
INSERT INTO choice (id, questionnaire_id, interviewee_id) VALUES ('1252c1bc-85f3-402b-8f4c-3fcccb81ba08', '173a3ab0-8485-4aa4-8787-a2a4414f992e', 'e3bd3bf6-ba74-48ac-bd82-7db1bbec4878');
INSERT INTO option_choice (option_id, choice_id) VALUES ('f9a527bc-3f55-40db-b05e-d549f1801594', '1252c1bc-85f3-402b-8f4c-3fcccb81ba08');
INSERT INTO option_choice (option_id, choice_id) VALUES ('c453fc60-b896-4f66-8dbe-cc55bc42881e', '1252c1bc-85f3-402b-8f4c-3fcccb81ba08');
INSERT INTO option_choice (option_id, choice_id) VALUES ('3f698183-af22-44ca-80c1-eb668697e9ea', '1252c1bc-85f3-402b-8f4c-3fcccb81ba08');
INSERT INTO option_choice (option_id, choice_id) VALUES ('a477d3c8-db0a-4572-a680-b96fd792dc75', '1252c1bc-85f3-402b-8f4c-3fcccb81ba08');
INSERT INTO option_choice (option_id, choice_id) VALUES ('e03fcb10-1308-44a4-9ce2-e4eaf10452c1', '1252c1bc-85f3-402b-8f4c-3fcccb81ba08');
INSERT INTO option_choice (option_id, choice_id) VALUES ('bf89350f-11e0-4471-a3a1-95481edf5acd', '1252c1bc-85f3-402b-8f4c-3fcccb81ba08');
INSERT INTO option_choice (option_id, choice_id) VALUES ('ce62e0a7-1873-4aa1-a448-2fad3cc888ee', '1252c1bc-85f3-402b-8f4c-3fcccb81ba08');
INSERT INTO principal (username, password) VALUES ('interviewee849', 'qwerty');
INSERT INTO interviewee (id, username, age, gender, country, marital_status) VALUES ('e89a9eaf-23d2-489b-b230-3d002433000d', 'interviewee849', 57, 'female', 'LK', 'was_not_married');
INSERT INTO choice (id, questionnaire_id, interviewee_id) VALUES ('c500af58-44f4-42a6-8647-3b8331f3d981', '08310229-5370-44f1-8071-5c56f92e3dc5', 'e89a9eaf-23d2-489b-b230-3d002433000d');
INSERT INTO option_choice (option_id, choice_id) VALUES ('fc94d716-ca6a-45f3-8cbb-afd6a3ea72a3', 'c500af58-44f4-42a6-8647-3b8331f3d981');
INSERT INTO principal (username, password) VALUES ('interviewee850', 'qwerty');
INSERT INTO interviewee (id, username, age, gender, country, marital_status) VALUES ('b7725f8c-54de-4e3b-8a88-923c7d4bc3fc', 'interviewee850', 56, 'male', 'GS', 'married');
INSERT INTO choice (id, questionnaire_id, interviewee_id) VALUES ('8fb1439c-87d7-4527-941b-f44dc39b1641', 'b5c886d7-e86f-4083-958a-cbd232db7a84', 'b7725f8c-54de-4e3b-8a88-923c7d4bc3fc');
INSERT INTO option_choice (option_id, choice_id) VALUES ('e9ae0eb7-ed92-45ff-8ec1-bb688c3f1bfe', '8fb1439c-87d7-4527-941b-f44dc39b1641');
INSERT INTO choice (id, questionnaire_id, interviewee_id) VALUES ('92846e8b-a3e3-4921-9a5e-3add984c7568', 'aaacf497-4ae4-46e0-aa2e-27377271bafc', 'b7725f8c-54de-4e3b-8a88-923c7d4bc3fc');
INSERT INTO option_choice (option_id, choice_id) VALUES ('070ce52d-21fd-4380-9c02-d25647a035a6', '92846e8b-a3e3-4921-9a5e-3add984c7568');
INSERT INTO choice (id, questionnaire_id, interviewee_id) VALUES ('5cb45f2c-97dc-4d54-8e33-ec7ae3591c15', '81a3f075-1324-4e67-90a5-493fe3324435', 'b7725f8c-54de-4e3b-8a88-923c7d4bc3fc');
INSERT INTO option_choice (option_id, choice_id) VALUES ('a0eef1f9-547a-4823-b7e0-bb52d6891f8f', '5cb45f2c-97dc-4d54-8e33-ec7ae3591c15');
INSERT INTO option_choice (option_id, choice_id) VALUES ('a1737a4b-bfa2-4208-a103-ca4bea3afaaf', '5cb45f2c-97dc-4d54-8e33-ec7ae3591c15');
INSERT INTO option_choice (option_id, choice_id) VALUES ('ab9020e3-a12b-46eb-97f0-79dcfaab7356', '5cb45f2c-97dc-4d54-8e33-ec7ae3591c15');
INSERT INTO option_choice (option_id, choice_id) VALUES ('7b2bd172-1566-440a-81d8-f9b2fb43f8fc', '5cb45f2c-97dc-4d54-8e33-ec7ae3591c15');
INSERT INTO option_choice (option_id, choice_id) VALUES ('c5035143-d5d2-4934-8b99-4e66507a8603', '5cb45f2c-97dc-4d54-8e33-ec7ae3591c15');
INSERT INTO option_choice (option_id, choice_id) VALUES ('c0afeee2-6628-4404-bc41-32bc0a1505c5', '5cb45f2c-97dc-4d54-8e33-ec7ae3591c15');
INSERT INTO principal (username, password) VALUES ('interviewee851', 'qwerty');
INSERT INTO interviewee (id, username, age, gender, country, marital_status) VALUES ('c3540e6d-7edc-49e7-be2c-3fa9493403ae', 'interviewee851', 14, 'male', 'HM', 'was_not_married');
INSERT INTO choice (id, questionnaire_id, interviewee_id) VALUES ('d86fb969-c978-472a-8e5d-3e30c72eeb69', '8e156ed6-1a8b-4fe6-9a58-0f7cbdd6af32', 'c3540e6d-7edc-49e7-be2c-3fa9493403ae');
INSERT INTO option_choice (option_id, choice_id) VALUES ('33a991d7-269a-4418-b89c-82e5467a34ad', 'd86fb969-c978-472a-8e5d-3e30c72eeb69');
INSERT INTO choice (id, questionnaire_id, interviewee_id) VALUES ('d0f77a11-112e-4abb-acb8-744e3a6b384e', '08310229-5370-44f1-8071-5c56f92e3dc5', 'c3540e6d-7edc-49e7-be2c-3fa9493403ae');
INSERT INTO option_choice (option_id, choice_id) VALUES ('996311da-bd48-491d-b381-d19b001465c4', 'd0f77a11-112e-4abb-acb8-744e3a6b384e');
INSERT INTO principal (username, password) VALUES ('interviewee852', 'qwerty');
INSERT INTO interviewee (id, username, age, gender, country, marital_status) VALUES ('6467d1a5-034a-4760-87e9-42127fb6958d', 'interviewee852', 46, 'male', 'CA', 'divorced');
INSERT INTO choice (id, questionnaire_id, interviewee_id) VALUES ('91d6edc8-b957-4507-90fd-9e2134db36f5', '81a3f075-1324-4e67-90a5-493fe3324435', '6467d1a5-034a-4760-87e9-42127fb6958d');
INSERT INTO option_choice (option_id, choice_id) VALUES ('a0eef1f9-547a-4823-b7e0-bb52d6891f8f', '91d6edc8-b957-4507-90fd-9e2134db36f5');
INSERT INTO option_choice (option_id, choice_id) VALUES ('c0afeee2-6628-4404-bc41-32bc0a1505c5', '91d6edc8-b957-4507-90fd-9e2134db36f5');
INSERT INTO option_choice (option_id, choice_id) VALUES ('7b2bd172-1566-440a-81d8-f9b2fb43f8fc', '91d6edc8-b957-4507-90fd-9e2134db36f5');
INSERT INTO option_choice (option_id, choice_id) VALUES ('c5035143-d5d2-4934-8b99-4e66507a8603', '91d6edc8-b957-4507-90fd-9e2134db36f5');
INSERT INTO option_choice (option_id, choice_id) VALUES ('a1737a4b-bfa2-4208-a103-ca4bea3afaaf', '91d6edc8-b957-4507-90fd-9e2134db36f5');
INSERT INTO principal (username, password) VALUES ('interviewee853', 'qwerty');
INSERT INTO interviewee (id, username, age, gender, country, marital_status) VALUES ('990748af-2f74-4dfb-902b-64ea6481ba9f', 'interviewee853', 45, 'female', 'TJ', 'was_not_married');
INSERT INTO choice (id, questionnaire_id, interviewee_id) VALUES ('dcd3d2b2-ed90-4d5a-9b14-9c73bb17f547', 'aaacf497-4ae4-46e0-aa2e-27377271bafc', '990748af-2f74-4dfb-902b-64ea6481ba9f');
INSERT INTO option_choice (option_id, choice_id) VALUES ('de1098e4-e0b7-4df4-890a-1958a8d5d465', 'dcd3d2b2-ed90-4d5a-9b14-9c73bb17f547');
INSERT INTO principal (username, password) VALUES ('interviewee854', 'qwerty');
INSERT INTO interviewee (id, username, age, gender, country, marital_status) VALUES ('9cb25430-7d76-478c-86b2-0320dc2f3b1f', 'interviewee854', 14, 'female', 'SY', 'divorced');
INSERT INTO choice (id, questionnaire_id, interviewee_id) VALUES ('451a27cc-ed17-4e2f-bc8a-7b6e1fb6a3ab', '2519c51c-9863-4531-85ff-a7ddd5ea08b2', '9cb25430-7d76-478c-86b2-0320dc2f3b1f');
INSERT INTO option_choice (option_id, choice_id) VALUES ('dffcbd6b-b37a-4468-8c01-26ae752e283e', '451a27cc-ed17-4e2f-bc8a-7b6e1fb6a3ab');
INSERT INTO choice (id, questionnaire_id, interviewee_id) VALUES ('438a96a5-3db1-4b60-b2e6-ecb98b3e0bd6', '49c46fd6-2111-4ef5-8b91-9ee67132426d', '9cb25430-7d76-478c-86b2-0320dc2f3b1f');
INSERT INTO option_choice (option_id, choice_id) VALUES ('1edad7c9-bfa7-40be-bc47-62530b1df2c4', '438a96a5-3db1-4b60-b2e6-ecb98b3e0bd6');
INSERT INTO choice (id, questionnaire_id, interviewee_id) VALUES ('122a0b7f-d7af-44bb-bdc4-2c08069216c4', 'c6dd214b-43b7-401f-afe6-a5ab0d2d7767', '9cb25430-7d76-478c-86b2-0320dc2f3b1f');
INSERT INTO option_choice (option_id, choice_id) VALUES ('17ceef0b-83da-42ec-a82c-9090a9be74af', '122a0b7f-d7af-44bb-bdc4-2c08069216c4');
INSERT INTO principal (username, password) VALUES ('interviewee855', 'qwerty');
INSERT INTO interviewee (id, username, age, gender, country, marital_status) VALUES ('38dac646-9dde-4bd6-a0b5-72f86309e911', 'interviewee855', 41, 'female', 'VI', 'was_not_married');
INSERT INTO choice (id, questionnaire_id, interviewee_id) VALUES ('00941e84-efed-4cc8-8d8f-576f7b197481', '4a4f7cbc-8533-42b3-923b-6b4309f53c64', '38dac646-9dde-4bd6-a0b5-72f86309e911');
INSERT INTO option_choice (option_id, choice_id) VALUES ('3372ec3f-fffa-472e-ac84-938ef71e30be', '00941e84-efed-4cc8-8d8f-576f7b197481');
INSERT INTO choice (id, questionnaire_id, interviewee_id) VALUES ('1459375b-0d0d-46cf-8e27-35d18c9fc0cc', 'e20dbb22-091f-4137-8450-fdeaea74363f', '38dac646-9dde-4bd6-a0b5-72f86309e911');
INSERT INTO option_choice (option_id, choice_id) VALUES ('49d1bc1f-0fd1-4dad-ab6d-b123ea13d33a', '1459375b-0d0d-46cf-8e27-35d18c9fc0cc');
INSERT INTO option_choice (option_id, choice_id) VALUES ('b09da84d-7533-40da-b486-a820b6b7c110', '1459375b-0d0d-46cf-8e27-35d18c9fc0cc');
INSERT INTO principal (username, password) VALUES ('interviewee856', 'qwerty');
INSERT INTO interviewee (id, username, age, gender, country, marital_status) VALUES ('1b4a3940-0490-433f-9762-44f2260af1a3', 'interviewee856', 29, 'male', 'YE', 'married');
INSERT INTO choice (id, questionnaire_id, interviewee_id) VALUES ('f1b92dbc-e057-418b-9fe2-eabb4e4e5f73', 'e20dbb22-091f-4137-8450-fdeaea74363f', '1b4a3940-0490-433f-9762-44f2260af1a3');
INSERT INTO option_choice (option_id, choice_id) VALUES ('4bd78eb1-72bb-47fa-8b7c-4cc826f39edd', 'f1b92dbc-e057-418b-9fe2-eabb4e4e5f73');
INSERT INTO option_choice (option_id, choice_id) VALUES ('ff3c7a97-70db-4404-b85b-274707745879', 'f1b92dbc-e057-418b-9fe2-eabb4e4e5f73');
INSERT INTO option_choice (option_id, choice_id) VALUES ('a572f3cf-b3ba-491a-9687-6cee662749f1', 'f1b92dbc-e057-418b-9fe2-eabb4e4e5f73');
INSERT INTO choice (id, questionnaire_id, interviewee_id) VALUES ('dda28d4c-c1c6-4e42-927c-3907adf012c7', '407203dd-9657-46e6-975f-3be5d664dd2a', '1b4a3940-0490-433f-9762-44f2260af1a3');
INSERT INTO option_choice (option_id, choice_id) VALUES ('d37dcf04-38aa-46a3-914b-a881661a3989', 'dda28d4c-c1c6-4e42-927c-3907adf012c7');
INSERT INTO choice (id, questionnaire_id, interviewee_id) VALUES ('73ac91c3-247e-4808-bb76-1b1385e08615', '5b0a67f5-cbf2-4fde-b526-fd512ff68e24', '1b4a3940-0490-433f-9762-44f2260af1a3');
INSERT INTO option_choice (option_id, choice_id) VALUES ('771f0011-824c-4e77-8245-8f61e026b171', '73ac91c3-247e-4808-bb76-1b1385e08615');
INSERT INTO principal (username, password) VALUES ('interviewee857', 'qwerty');
INSERT INTO interviewee (id, username, age, gender, country, marital_status) VALUES ('b12e3186-7e45-4cbf-be38-24a3d5542a82', 'interviewee857', 59, 'female', 'BG', 'married');
INSERT INTO choice (id, questionnaire_id, interviewee_id) VALUES ('3b9b458d-93f4-4b1a-931c-8e86aa9de115', 'e4d0ba66-5e11-433c-8243-4d890cceaf69', 'b12e3186-7e45-4cbf-be38-24a3d5542a82');
INSERT INTO option_choice (option_id, choice_id) VALUES ('7cfec70e-33b3-4c68-9c38-38cf292cd0f9', '3b9b458d-93f4-4b1a-931c-8e86aa9de115');
INSERT INTO choice (id, questionnaire_id, interviewee_id) VALUES ('ced8158e-3b4f-462d-a17a-844d98e2dc53', '08310229-5370-44f1-8071-5c56f92e3dc5', 'b12e3186-7e45-4cbf-be38-24a3d5542a82');
INSERT INTO option_choice (option_id, choice_id) VALUES ('996311da-bd48-491d-b381-d19b001465c4', 'ced8158e-3b4f-462d-a17a-844d98e2dc53');
INSERT INTO choice (id, questionnaire_id, interviewee_id) VALUES ('1b15d323-8754-44da-ad12-a6b5555b813a', 'aaacf497-4ae4-46e0-aa2e-27377271bafc', 'b12e3186-7e45-4cbf-be38-24a3d5542a82');
INSERT INTO option_choice (option_id, choice_id) VALUES ('070ce52d-21fd-4380-9c02-d25647a035a6', '1b15d323-8754-44da-ad12-a6b5555b813a');
INSERT INTO principal (username, password) VALUES ('interviewee858', 'qwerty');
INSERT INTO interviewee (id, username, age, gender, country, marital_status) VALUES ('001991a9-470b-4856-9907-09320b12f3f9', 'interviewee858', 15, 'male', 'TF', 'divorced');
INSERT INTO choice (id, questionnaire_id, interviewee_id) VALUES ('2aa3216e-33b7-425f-bc67-f35bde397c98', '173a3ab0-8485-4aa4-8787-a2a4414f992e', '001991a9-470b-4856-9907-09320b12f3f9');
INSERT INTO option_choice (option_id, choice_id) VALUES ('e03fcb10-1308-44a4-9ce2-e4eaf10452c1', '2aa3216e-33b7-425f-bc67-f35bde397c98');
INSERT INTO option_choice (option_id, choice_id) VALUES ('3c8e0934-801c-4afd-98de-7aaf263889f6', '2aa3216e-33b7-425f-bc67-f35bde397c98');
INSERT INTO choice (id, questionnaire_id, interviewee_id) VALUES ('672b69c9-1c2c-47e9-b0b6-5d9ac0ceca68', 'aaacf497-4ae4-46e0-aa2e-27377271bafc', '001991a9-470b-4856-9907-09320b12f3f9');
INSERT INTO option_choice (option_id, choice_id) VALUES ('4d7025a3-7520-4447-9769-c495cb62415e', '672b69c9-1c2c-47e9-b0b6-5d9ac0ceca68');
INSERT INTO choice (id, questionnaire_id, interviewee_id) VALUES ('e0597b5d-9ed9-46ce-b691-a08cb6613d06', '49c46fd6-2111-4ef5-8b91-9ee67132426d', '001991a9-470b-4856-9907-09320b12f3f9');
INSERT INTO option_choice (option_id, choice_id) VALUES ('0e4a5f7a-a4f3-45f1-8f7c-34efd574414b', 'e0597b5d-9ed9-46ce-b691-a08cb6613d06');
INSERT INTO principal (username, password) VALUES ('interviewee859', 'qwerty');
INSERT INTO interviewee (id, username, age, gender, country, marital_status) VALUES ('bdd46a40-1a91-44ca-a3d5-23a7e1777a38', 'interviewee859', 53, 'male', 'SS', 'was_not_married');
INSERT INTO choice (id, questionnaire_id, interviewee_id) VALUES ('5ecfe5a7-f20e-46b5-a579-94e3629fcdb6', '747d0763-c99f-47ce-809b-b378d489a158', 'bdd46a40-1a91-44ca-a3d5-23a7e1777a38');
INSERT INTO option_choice (option_id, choice_id) VALUES ('65c86d12-f533-40f5-8dd6-10903d890b10', '5ecfe5a7-f20e-46b5-a579-94e3629fcdb6');
INSERT INTO option_choice (option_id, choice_id) VALUES ('7cc0569f-f362-4ed1-9343-6ffd1369e812', '5ecfe5a7-f20e-46b5-a579-94e3629fcdb6');
INSERT INTO option_choice (option_id, choice_id) VALUES ('2095cf98-27de-4722-93f9-2c09ae6b4ed1', '5ecfe5a7-f20e-46b5-a579-94e3629fcdb6');
INSERT INTO choice (id, questionnaire_id, interviewee_id) VALUES ('b7d0f819-91ce-4b43-8e02-d3f3c5987926', '51436662-4eca-40ce-b552-b1c7486cf609', 'bdd46a40-1a91-44ca-a3d5-23a7e1777a38');
INSERT INTO option_choice (option_id, choice_id) VALUES ('e4c4b240-61c9-4253-a93b-9a7768fbfe3f', 'b7d0f819-91ce-4b43-8e02-d3f3c5987926');
INSERT INTO choice (id, questionnaire_id, interviewee_id) VALUES ('86feec81-74f7-43e4-bff0-0294bcf79501', 'c6dd214b-43b7-401f-afe6-a5ab0d2d7767', 'bdd46a40-1a91-44ca-a3d5-23a7e1777a38');
INSERT INTO option_choice (option_id, choice_id) VALUES ('9d2a2dd1-7979-48a6-a0b7-3de8fdea75b6', '86feec81-74f7-43e4-bff0-0294bcf79501');
INSERT INTO option_choice (option_id, choice_id) VALUES ('069a6758-231c-4064-8e44-a0db84e86a21', '86feec81-74f7-43e4-bff0-0294bcf79501');
INSERT INTO option_choice (option_id, choice_id) VALUES ('c134384c-5eda-4957-9883-b965681b9fef', '86feec81-74f7-43e4-bff0-0294bcf79501');
INSERT INTO option_choice (option_id, choice_id) VALUES ('17ceef0b-83da-42ec-a82c-9090a9be74af', '86feec81-74f7-43e4-bff0-0294bcf79501');
INSERT INTO principal (username, password) VALUES ('interviewee860', 'qwerty');
INSERT INTO interviewee (id, username, age, gender, country, marital_status) VALUES ('da067ffd-b582-4f30-9137-145159677f8a', 'interviewee860', 59, 'female', 'MC', 'was_not_married');
INSERT INTO choice (id, questionnaire_id, interviewee_id) VALUES ('800883cf-4a58-4c9d-b6ee-5cf83dec03d5', '8e156ed6-1a8b-4fe6-9a58-0f7cbdd6af32', 'da067ffd-b582-4f30-9137-145159677f8a');
INSERT INTO option_choice (option_id, choice_id) VALUES ('8518e149-5509-4398-b925-19d41cf70cb2', '800883cf-4a58-4c9d-b6ee-5cf83dec03d5');
INSERT INTO principal (username, password) VALUES ('interviewee861', 'qwerty');
INSERT INTO interviewee (id, username, age, gender, country, marital_status) VALUES ('5dcb1441-5fb8-448d-8d45-ee0fca5dbeb2', 'interviewee861', 68, 'female', 'GI', 'was_not_married');
INSERT INTO choice (id, questionnaire_id, interviewee_id) VALUES ('64f9d968-784d-4a7a-bd26-601de1e15ccf', 'c6dd214b-43b7-401f-afe6-a5ab0d2d7767', '5dcb1441-5fb8-448d-8d45-ee0fca5dbeb2');
INSERT INTO option_choice (option_id, choice_id) VALUES ('17ceef0b-83da-42ec-a82c-9090a9be74af', '64f9d968-784d-4a7a-bd26-601de1e15ccf');
INSERT INTO option_choice (option_id, choice_id) VALUES ('c134384c-5eda-4957-9883-b965681b9fef', '64f9d968-784d-4a7a-bd26-601de1e15ccf');
INSERT INTO option_choice (option_id, choice_id) VALUES ('069a6758-231c-4064-8e44-a0db84e86a21', '64f9d968-784d-4a7a-bd26-601de1e15ccf');
INSERT INTO option_choice (option_id, choice_id) VALUES ('9d2a2dd1-7979-48a6-a0b7-3de8fdea75b6', '64f9d968-784d-4a7a-bd26-601de1e15ccf');
INSERT INTO principal (username, password) VALUES ('interviewee862', 'qwerty');
INSERT INTO interviewee (id, username, age, gender, country, marital_status) VALUES ('229fdf53-5814-4d8f-bf72-42d4ffc10c51', 'interviewee862', 58, 'male', 'BS', 'divorced');
INSERT INTO choice (id, questionnaire_id, interviewee_id) VALUES ('49e63e6c-8e49-40b9-b586-b1ad74b208f6', '4a4f7cbc-8533-42b3-923b-6b4309f53c64', '229fdf53-5814-4d8f-bf72-42d4ffc10c51');
INSERT INTO option_choice (option_id, choice_id) VALUES ('c8061f97-fb14-4a37-89ad-0a564fb1704d', '49e63e6c-8e49-40b9-b586-b1ad74b208f6');
INSERT INTO choice (id, questionnaire_id, interviewee_id) VALUES ('e2c01b1a-edcc-4d67-a14f-179b2fbf5ddd', '2519c51c-9863-4531-85ff-a7ddd5ea08b2', '229fdf53-5814-4d8f-bf72-42d4ffc10c51');
INSERT INTO option_choice (option_id, choice_id) VALUES ('dffcbd6b-b37a-4468-8c01-26ae752e283e', 'e2c01b1a-edcc-4d67-a14f-179b2fbf5ddd');
INSERT INTO principal (username, password) VALUES ('interviewee863', 'qwerty');
INSERT INTO interviewee (id, username, age, gender, country, marital_status) VALUES ('1192670c-2cdb-4372-b1bc-19d5d290e624', 'interviewee863', 24, 'female', 'TT', 'married');
INSERT INTO choice (id, questionnaire_id, interviewee_id) VALUES ('d47b5544-c1a8-4e2c-85b6-579fcd9f330b', '858287c2-e494-424b-a03f-6b0a55c2fce3', '1192670c-2cdb-4372-b1bc-19d5d290e624');
INSERT INTO option_choice (option_id, choice_id) VALUES ('a7e89931-dbca-4a6f-bdbb-b42e57f2e7f2', 'd47b5544-c1a8-4e2c-85b6-579fcd9f330b');
INSERT INTO option_choice (option_id, choice_id) VALUES ('59c8e6e3-5895-4f0b-ae9e-3bb455a5f6b2', 'd47b5544-c1a8-4e2c-85b6-579fcd9f330b');
INSERT INTO principal (username, password) VALUES ('interviewee864', 'qwerty');
INSERT INTO interviewee (id, username, age, gender, country, marital_status) VALUES ('2cdc1039-9cfd-401f-8e82-a61fc6ecc6a3', 'interviewee864', 16, 'female', 'TN', 'married');
INSERT INTO choice (id, questionnaire_id, interviewee_id) VALUES ('25edf1a3-2270-4f39-9d11-5a34d861eddd', '08310229-5370-44f1-8071-5c56f92e3dc5', '2cdc1039-9cfd-401f-8e82-a61fc6ecc6a3');
INSERT INTO option_choice (option_id, choice_id) VALUES ('fc94d716-ca6a-45f3-8cbb-afd6a3ea72a3', '25edf1a3-2270-4f39-9d11-5a34d861eddd');
INSERT INTO principal (username, password) VALUES ('interviewee865', 'qwerty');
INSERT INTO interviewee (id, username, age, gender, country, marital_status) VALUES ('0d398a69-d3de-4431-9284-856dbd18a280', 'interviewee865', 24, 'female', 'SY', 'was_not_married');
INSERT INTO choice (id, questionnaire_id, interviewee_id) VALUES ('52645f08-81eb-4ce2-a536-488d9ed10e54', '4a4f7cbc-8533-42b3-923b-6b4309f53c64', '0d398a69-d3de-4431-9284-856dbd18a280');
INSERT INTO option_choice (option_id, choice_id) VALUES ('3372ec3f-fffa-472e-ac84-938ef71e30be', '52645f08-81eb-4ce2-a536-488d9ed10e54');
INSERT INTO choice (id, questionnaire_id, interviewee_id) VALUES ('3fc2a413-5e86-4553-8918-2128fb70e619', '49c46fd6-2111-4ef5-8b91-9ee67132426d', '0d398a69-d3de-4431-9284-856dbd18a280');
INSERT INTO option_choice (option_id, choice_id) VALUES ('210da814-c19f-4c77-ba7b-e598584d62e4', '3fc2a413-5e86-4553-8918-2128fb70e619');
INSERT INTO principal (username, password) VALUES ('interviewee866', 'qwerty');
INSERT INTO interviewee (id, username, age, gender, country, marital_status) VALUES ('5c4da55c-a109-41d2-bde4-1fa4e854a948', 'interviewee866', 19, 'male', 'AT', 'divorced');
INSERT INTO choice (id, questionnaire_id, interviewee_id) VALUES ('96458b64-7154-45a4-b235-98915c65f1c7', '08310229-5370-44f1-8071-5c56f92e3dc5', '5c4da55c-a109-41d2-bde4-1fa4e854a948');
INSERT INTO option_choice (option_id, choice_id) VALUES ('996311da-bd48-491d-b381-d19b001465c4', '96458b64-7154-45a4-b235-98915c65f1c7');
INSERT INTO choice (id, questionnaire_id, interviewee_id) VALUES ('3ade1afc-fcf4-42f1-beee-ccdc85e2de77', 'e20dbb22-091f-4137-8450-fdeaea74363f', '5c4da55c-a109-41d2-bde4-1fa4e854a948');
INSERT INTO option_choice (option_id, choice_id) VALUES ('b09da84d-7533-40da-b486-a820b6b7c110', '3ade1afc-fcf4-42f1-beee-ccdc85e2de77');
INSERT INTO principal (username, password) VALUES ('interviewee867', 'qwerty');
INSERT INTO interviewee (id, username, age, gender, country, marital_status) VALUES ('0e5f9efa-a0ec-464f-9bfb-0b4bf93acd14', 'interviewee867', 67, 'female', 'KM', 'was_not_married');
INSERT INTO choice (id, questionnaire_id, interviewee_id) VALUES ('f1d99954-881b-48b3-9a80-f961765c1986', 'b5c886d7-e86f-4083-958a-cbd232db7a84', '0e5f9efa-a0ec-464f-9bfb-0b4bf93acd14');
INSERT INTO option_choice (option_id, choice_id) VALUES ('bbe6d273-ce07-449f-a3eb-96165f0d7b7d', 'f1d99954-881b-48b3-9a80-f961765c1986');
INSERT INTO choice (id, questionnaire_id, interviewee_id) VALUES ('04fa91ed-8bc2-4023-b14b-98fc32025d66', '81a3f075-1324-4e67-90a5-493fe3324435', '0e5f9efa-a0ec-464f-9bfb-0b4bf93acd14');
INSERT INTO option_choice (option_id, choice_id) VALUES ('ab9020e3-a12b-46eb-97f0-79dcfaab7356', '04fa91ed-8bc2-4023-b14b-98fc32025d66');
INSERT INTO option_choice (option_id, choice_id) VALUES ('c0afeee2-6628-4404-bc41-32bc0a1505c5', '04fa91ed-8bc2-4023-b14b-98fc32025d66');
INSERT INTO option_choice (option_id, choice_id) VALUES ('a0eef1f9-547a-4823-b7e0-bb52d6891f8f', '04fa91ed-8bc2-4023-b14b-98fc32025d66');
INSERT INTO option_choice (option_id, choice_id) VALUES ('a1737a4b-bfa2-4208-a103-ca4bea3afaaf', '04fa91ed-8bc2-4023-b14b-98fc32025d66');
INSERT INTO principal (username, password) VALUES ('interviewee868', 'qwerty');
INSERT INTO interviewee (id, username, age, gender, country, marital_status) VALUES ('63ea1be6-d6a1-4751-a3c1-32cefbcd6771', 'interviewee868', 69, 'female', 'KM', 'was_not_married');
INSERT INTO choice (id, questionnaire_id, interviewee_id) VALUES ('c8717c7b-de77-4390-b830-66cc4b5e413d', '48b4658e-bc90-4bd2-97bb-92484114dfea', '63ea1be6-d6a1-4751-a3c1-32cefbcd6771');
INSERT INTO option_choice (option_id, choice_id) VALUES ('5a5b3a6f-7875-401c-8d0b-e9c8b854b985', 'c8717c7b-de77-4390-b830-66cc4b5e413d');
INSERT INTO principal (username, password) VALUES ('interviewee869', 'qwerty');
INSERT INTO interviewee (id, username, age, gender, country, marital_status) VALUES ('20d72ea9-0e6b-473d-be0f-b95a2423a123', 'interviewee869', 42, 'female', 'SH', 'was_not_married');
INSERT INTO choice (id, questionnaire_id, interviewee_id) VALUES ('f4031bc6-6e42-4fb1-b700-22a4550c5e73', '2519c51c-9863-4531-85ff-a7ddd5ea08b2', '20d72ea9-0e6b-473d-be0f-b95a2423a123');
INSERT INTO option_choice (option_id, choice_id) VALUES ('dffcbd6b-b37a-4468-8c01-26ae752e283e', 'f4031bc6-6e42-4fb1-b700-22a4550c5e73');
INSERT INTO choice (id, questionnaire_id, interviewee_id) VALUES ('7a6e0cb7-2e9f-44a4-9319-17f8e04c946d', '858287c2-e494-424b-a03f-6b0a55c2fce3', '20d72ea9-0e6b-473d-be0f-b95a2423a123');
INSERT INTO option_choice (option_id, choice_id) VALUES ('a7e89931-dbca-4a6f-bdbb-b42e57f2e7f2', '7a6e0cb7-2e9f-44a4-9319-17f8e04c946d');
INSERT INTO choice (id, questionnaire_id, interviewee_id) VALUES ('cb0548cb-e30f-471d-8445-0667eab15abe', '51436662-4eca-40ce-b552-b1c7486cf609', '20d72ea9-0e6b-473d-be0f-b95a2423a123');
INSERT INTO option_choice (option_id, choice_id) VALUES ('259215cc-47cc-4165-befd-cf997b4aaf7e', 'cb0548cb-e30f-471d-8445-0667eab15abe');
INSERT INTO principal (username, password) VALUES ('interviewee870', 'qwerty');
INSERT INTO interviewee (id, username, age, gender, country, marital_status) VALUES ('8c7c71dc-299f-4d35-8bd0-c446caece6ab', 'interviewee870', 44, 'male', 'GP', 'married');
INSERT INTO choice (id, questionnaire_id, interviewee_id) VALUES ('8561876f-1dae-4d15-99df-0642d019d24a', '8e156ed6-1a8b-4fe6-9a58-0f7cbdd6af32', '8c7c71dc-299f-4d35-8bd0-c446caece6ab');
INSERT INTO option_choice (option_id, choice_id) VALUES ('33a991d7-269a-4418-b89c-82e5467a34ad', '8561876f-1dae-4d15-99df-0642d019d24a');
INSERT INTO choice (id, questionnaire_id, interviewee_id) VALUES ('3a35159e-0a8d-4587-aff1-61b7301ab09e', '51436662-4eca-40ce-b552-b1c7486cf609', '8c7c71dc-299f-4d35-8bd0-c446caece6ab');
INSERT INTO option_choice (option_id, choice_id) VALUES ('e4c4b240-61c9-4253-a93b-9a7768fbfe3f', '3a35159e-0a8d-4587-aff1-61b7301ab09e');
INSERT INTO principal (username, password) VALUES ('interviewee871', 'qwerty');
INSERT INTO interviewee (id, username, age, gender, country, marital_status) VALUES ('57707adb-e2ef-4f12-a85d-bdfe0a878a0c', 'interviewee871', 69, 'female', 'PR', 'was_not_married');
INSERT INTO choice (id, questionnaire_id, interviewee_id) VALUES ('951ce35b-c833-4378-ac85-5f34bed7663d', 'e20dbb22-091f-4137-8450-fdeaea74363f', '57707adb-e2ef-4f12-a85d-bdfe0a878a0c');
INSERT INTO option_choice (option_id, choice_id) VALUES ('49d1bc1f-0fd1-4dad-ab6d-b123ea13d33a', '951ce35b-c833-4378-ac85-5f34bed7663d');
INSERT INTO option_choice (option_id, choice_id) VALUES ('ff3c7a97-70db-4404-b85b-274707745879', '951ce35b-c833-4378-ac85-5f34bed7663d');
INSERT INTO option_choice (option_id, choice_id) VALUES ('742176a0-b7c8-400a-a370-5871099954a4', '951ce35b-c833-4378-ac85-5f34bed7663d');
INSERT INTO option_choice (option_id, choice_id) VALUES ('322bbc1b-4e8d-41ae-b4f2-3466891dc809', '951ce35b-c833-4378-ac85-5f34bed7663d');
INSERT INTO option_choice (option_id, choice_id) VALUES ('a572f3cf-b3ba-491a-9687-6cee662749f1', '951ce35b-c833-4378-ac85-5f34bed7663d');
INSERT INTO option_choice (option_id, choice_id) VALUES ('946ecf06-2d9f-4fe5-b2b7-64c51a5fdf06', '951ce35b-c833-4378-ac85-5f34bed7663d');
INSERT INTO option_choice (option_id, choice_id) VALUES ('b09da84d-7533-40da-b486-a820b6b7c110', '951ce35b-c833-4378-ac85-5f34bed7663d');
INSERT INTO option_choice (option_id, choice_id) VALUES ('4bd78eb1-72bb-47fa-8b7c-4cc826f39edd', '951ce35b-c833-4378-ac85-5f34bed7663d');
INSERT INTO principal (username, password) VALUES ('interviewee872', 'qwerty');
INSERT INTO interviewee (id, username, age, gender, country, marital_status) VALUES ('ca8f66e6-b8be-45c3-afa5-a88da428c70b', 'interviewee872', 36, 'female', 'LK', 'divorced');
INSERT INTO choice (id, questionnaire_id, interviewee_id) VALUES ('64563f5c-5c19-48a1-b1e6-df8d0de6f516', 'c6dd214b-43b7-401f-afe6-a5ab0d2d7767', 'ca8f66e6-b8be-45c3-afa5-a88da428c70b');
INSERT INTO option_choice (option_id, choice_id) VALUES ('9d2a2dd1-7979-48a6-a0b7-3de8fdea75b6', '64563f5c-5c19-48a1-b1e6-df8d0de6f516');
INSERT INTO option_choice (option_id, choice_id) VALUES ('069a6758-231c-4064-8e44-a0db84e86a21', '64563f5c-5c19-48a1-b1e6-df8d0de6f516');
INSERT INTO choice (id, questionnaire_id, interviewee_id) VALUES ('ba16aa2a-d337-4726-b759-d64afcb41043', '4a4f7cbc-8533-42b3-923b-6b4309f53c64', 'ca8f66e6-b8be-45c3-afa5-a88da428c70b');
INSERT INTO option_choice (option_id, choice_id) VALUES ('c8061f97-fb14-4a37-89ad-0a564fb1704d', 'ba16aa2a-d337-4726-b759-d64afcb41043');
INSERT INTO principal (username, password) VALUES ('interviewee873', 'qwerty');
INSERT INTO interviewee (id, username, age, gender, country, marital_status) VALUES ('e9078778-2562-478c-adc0-30ba6064722d', 'interviewee873', 56, 'male', 'AD', 'was_not_married');
INSERT INTO choice (id, questionnaire_id, interviewee_id) VALUES ('8c5612e4-e935-42b7-9ca1-9b8e181487bc', 'b6df4d49-3f70-4802-90cb-4ab89e24a427', 'e9078778-2562-478c-adc0-30ba6064722d');
INSERT INTO option_choice (option_id, choice_id) VALUES ('372d528a-d173-4ec8-bba6-b6d6ccea7303', '8c5612e4-e935-42b7-9ca1-9b8e181487bc');
INSERT INTO principal (username, password) VALUES ('interviewee874', 'qwerty');
INSERT INTO interviewee (id, username, age, gender, country, marital_status) VALUES ('75078499-d239-45ae-8524-72054afd5229', 'interviewee874', 33, 'male', 'BG', 'married');
INSERT INTO choice (id, questionnaire_id, interviewee_id) VALUES ('4e97bea2-af50-48bb-96c3-f49efed5a562', '8e156ed6-1a8b-4fe6-9a58-0f7cbdd6af32', '75078499-d239-45ae-8524-72054afd5229');
INSERT INTO option_choice (option_id, choice_id) VALUES ('7fae89aa-9ca6-4957-9ced-40423f6209b1', '4e97bea2-af50-48bb-96c3-f49efed5a562');
INSERT INTO principal (username, password) VALUES ('interviewee875', 'qwerty');
INSERT INTO interviewee (id, username, age, gender, country, marital_status) VALUES ('e1b8e9f3-ce5c-4128-a86d-c0dddd22ac41', 'interviewee875', 24, 'male', 'KG', 'divorced');
INSERT INTO choice (id, questionnaire_id, interviewee_id) VALUES ('92c49607-4e93-4dea-a2f9-22519d5c180d', '173a3ab0-8485-4aa4-8787-a2a4414f992e', 'e1b8e9f3-ce5c-4128-a86d-c0dddd22ac41');
INSERT INTO option_choice (option_id, choice_id) VALUES ('3c8e0934-801c-4afd-98de-7aaf263889f6', '92c49607-4e93-4dea-a2f9-22519d5c180d');
INSERT INTO option_choice (option_id, choice_id) VALUES ('3f698183-af22-44ca-80c1-eb668697e9ea', '92c49607-4e93-4dea-a2f9-22519d5c180d');
INSERT INTO option_choice (option_id, choice_id) VALUES ('c453fc60-b896-4f66-8dbe-cc55bc42881e', '92c49607-4e93-4dea-a2f9-22519d5c180d');
INSERT INTO principal (username, password) VALUES ('interviewee876', 'qwerty');
INSERT INTO interviewee (id, username, age, gender, country, marital_status) VALUES ('d28d645a-abdb-4ecd-aee6-4e92d43020c1', 'interviewee876', 53, 'female', 'PG', 'married');
INSERT INTO choice (id, questionnaire_id, interviewee_id) VALUES ('7b345573-b152-4f31-ba77-ff80baccb863', '4a4f7cbc-8533-42b3-923b-6b4309f53c64', 'd28d645a-abdb-4ecd-aee6-4e92d43020c1');
INSERT INTO option_choice (option_id, choice_id) VALUES ('3372ec3f-fffa-472e-ac84-938ef71e30be', '7b345573-b152-4f31-ba77-ff80baccb863');
INSERT INTO principal (username, password) VALUES ('interviewee877', 'qwerty');
INSERT INTO interviewee (id, username, age, gender, country, marital_status) VALUES ('87317a60-7655-4fbe-a013-852f7bbbe618', 'interviewee877', 69, 'female', 'LC', 'divorced');
INSERT INTO choice (id, questionnaire_id, interviewee_id) VALUES ('8c887e6f-d048-4d4c-9a5d-933b084ce38f', 'b5c886d7-e86f-4083-958a-cbd232db7a84', '87317a60-7655-4fbe-a013-852f7bbbe618');
INSERT INTO option_choice (option_id, choice_id) VALUES ('a446338d-133a-407b-9bd1-520fe1043ec3', '8c887e6f-d048-4d4c-9a5d-933b084ce38f');
INSERT INTO choice (id, questionnaire_id, interviewee_id) VALUES ('718338aa-11d4-44ac-826d-e9d83142f145', '49c46fd6-2111-4ef5-8b91-9ee67132426d', '87317a60-7655-4fbe-a013-852f7bbbe618');
INSERT INTO option_choice (option_id, choice_id) VALUES ('1edad7c9-bfa7-40be-bc47-62530b1df2c4', '718338aa-11d4-44ac-826d-e9d83142f145');
INSERT INTO choice (id, questionnaire_id, interviewee_id) VALUES ('1e2743de-2ffd-4e4d-9e45-845696f370d0', '858287c2-e494-424b-a03f-6b0a55c2fce3', '87317a60-7655-4fbe-a013-852f7bbbe618');
INSERT INTO option_choice (option_id, choice_id) VALUES ('a1e55f7c-aa45-466f-86bb-0d5e262ca0bc', '1e2743de-2ffd-4e4d-9e45-845696f370d0');
INSERT INTO option_choice (option_id, choice_id) VALUES ('f2fd1a72-0ca7-41a6-ad15-7bc21a02fe73', '1e2743de-2ffd-4e4d-9e45-845696f370d0');
INSERT INTO option_choice (option_id, choice_id) VALUES ('59c8e6e3-5895-4f0b-ae9e-3bb455a5f6b2', '1e2743de-2ffd-4e4d-9e45-845696f370d0');
INSERT INTO principal (username, password) VALUES ('interviewee878', 'qwerty');
INSERT INTO interviewee (id, username, age, gender, country, marital_status) VALUES ('18121d11-5265-4301-818d-fcc20447e2ad', 'interviewee878', 19, 'male', 'AR', 'was_not_married');
INSERT INTO choice (id, questionnaire_id, interviewee_id) VALUES ('d19ce697-ba90-4807-b860-3cd9a2aea467', 'e4d0ba66-5e11-433c-8243-4d890cceaf69', '18121d11-5265-4301-818d-fcc20447e2ad');
INSERT INTO option_choice (option_id, choice_id) VALUES ('cb637eae-3b8f-4d17-81fb-9b271857e55c', 'd19ce697-ba90-4807-b860-3cd9a2aea467');
INSERT INTO option_choice (option_id, choice_id) VALUES ('7cfec70e-33b3-4c68-9c38-38cf292cd0f9', 'd19ce697-ba90-4807-b860-3cd9a2aea467');
INSERT INTO choice (id, questionnaire_id, interviewee_id) VALUES ('df94a032-a160-40dd-aa01-2b0e5c774f94', '05e2761c-9435-4970-ad6d-245d7a696140', '18121d11-5265-4301-818d-fcc20447e2ad');
INSERT INTO option_choice (option_id, choice_id) VALUES ('cd3191da-899e-4773-b914-291725c8c108', 'df94a032-a160-40dd-aa01-2b0e5c774f94');
INSERT INTO option_choice (option_id, choice_id) VALUES ('26fa513d-ade2-4822-81ac-a6d8dc123679', 'df94a032-a160-40dd-aa01-2b0e5c774f94');
INSERT INTO option_choice (option_id, choice_id) VALUES ('ee58bf05-12ff-45e4-b7e9-d37a70181de4', 'df94a032-a160-40dd-aa01-2b0e5c774f94');
INSERT INTO choice (id, questionnaire_id, interviewee_id) VALUES ('4c169d3e-0119-49ab-bfdf-d5348ce752fc', '49c46fd6-2111-4ef5-8b91-9ee67132426d', '18121d11-5265-4301-818d-fcc20447e2ad');
INSERT INTO option_choice (option_id, choice_id) VALUES ('210da814-c19f-4c77-ba7b-e598584d62e4', '4c169d3e-0119-49ab-bfdf-d5348ce752fc');
INSERT INTO principal (username, password) VALUES ('interviewee879', 'qwerty');
INSERT INTO interviewee (id, username, age, gender, country, marital_status) VALUES ('63a865bd-e4e2-43eb-a943-14a71429fa45', 'interviewee879', 33, 'male', 'HN', 'divorced');
INSERT INTO choice (id, questionnaire_id, interviewee_id) VALUES ('6506d1a1-9637-47e7-96c5-c8ce75f44db4', '407203dd-9657-46e6-975f-3be5d664dd2a', '63a865bd-e4e2-43eb-a943-14a71429fa45');
INSERT INTO option_choice (option_id, choice_id) VALUES ('d37dcf04-38aa-46a3-914b-a881661a3989', '6506d1a1-9637-47e7-96c5-c8ce75f44db4');
INSERT INTO choice (id, questionnaire_id, interviewee_id) VALUES ('c24361d5-75e4-4f34-8e54-afbb0961ffc1', 'b6df4d49-3f70-4802-90cb-4ab89e24a427', '63a865bd-e4e2-43eb-a943-14a71429fa45');
INSERT INTO option_choice (option_id, choice_id) VALUES ('6168252e-0547-486b-8613-2eec6678d5a2', 'c24361d5-75e4-4f34-8e54-afbb0961ffc1');
INSERT INTO principal (username, password) VALUES ('interviewee880', 'qwerty');
INSERT INTO interviewee (id, username, age, gender, country, marital_status) VALUES ('4fd7e77c-6d68-44ee-98af-78f6f6ec3994', 'interviewee880', 38, 'female', 'SK', 'divorced');
INSERT INTO choice (id, questionnaire_id, interviewee_id) VALUES ('5c84aa83-7a94-49ee-9534-5f1b7d735503', '81a3f075-1324-4e67-90a5-493fe3324435', '4fd7e77c-6d68-44ee-98af-78f6f6ec3994');
INSERT INTO option_choice (option_id, choice_id) VALUES ('a0eef1f9-547a-4823-b7e0-bb52d6891f8f', '5c84aa83-7a94-49ee-9534-5f1b7d735503');
INSERT INTO option_choice (option_id, choice_id) VALUES ('a1737a4b-bfa2-4208-a103-ca4bea3afaaf', '5c84aa83-7a94-49ee-9534-5f1b7d735503');
INSERT INTO option_choice (option_id, choice_id) VALUES ('ab9020e3-a12b-46eb-97f0-79dcfaab7356', '5c84aa83-7a94-49ee-9534-5f1b7d735503');
INSERT INTO choice (id, questionnaire_id, interviewee_id) VALUES ('f2d38218-cad5-4c65-a25c-5650f8721fc5', '5b0a67f5-cbf2-4fde-b526-fd512ff68e24', '4fd7e77c-6d68-44ee-98af-78f6f6ec3994');
INSERT INTO option_choice (option_id, choice_id) VALUES ('771f0011-824c-4e77-8245-8f61e026b171', 'f2d38218-cad5-4c65-a25c-5650f8721fc5');
INSERT INTO principal (username, password) VALUES ('interviewee881', 'qwerty');
INSERT INTO interviewee (id, username, age, gender, country, marital_status) VALUES ('b00db321-ce1c-44c4-a82f-e42dce86520a', 'interviewee881', 59, 'male', 'KP', 'divorced');
INSERT INTO choice (id, questionnaire_id, interviewee_id) VALUES ('170bc5ae-11af-4328-b1fc-17a92e8e3ba8', 'aaacf497-4ae4-46e0-aa2e-27377271bafc', 'b00db321-ce1c-44c4-a82f-e42dce86520a');
INSERT INTO option_choice (option_id, choice_id) VALUES ('4d7025a3-7520-4447-9769-c495cb62415e', '170bc5ae-11af-4328-b1fc-17a92e8e3ba8');
INSERT INTO choice (id, questionnaire_id, interviewee_id) VALUES ('5b4bf154-a1ad-4cbd-85db-d18a789dd59f', '05e2761c-9435-4970-ad6d-245d7a696140', 'b00db321-ce1c-44c4-a82f-e42dce86520a');
INSERT INTO option_choice (option_id, choice_id) VALUES ('26fa513d-ade2-4822-81ac-a6d8dc123679', '5b4bf154-a1ad-4cbd-85db-d18a789dd59f');
INSERT INTO option_choice (option_id, choice_id) VALUES ('4431f860-831f-4fdf-9dbb-76fbdb1006a1', '5b4bf154-a1ad-4cbd-85db-d18a789dd59f');
INSERT INTO option_choice (option_id, choice_id) VALUES ('ee58bf05-12ff-45e4-b7e9-d37a70181de4', '5b4bf154-a1ad-4cbd-85db-d18a789dd59f');
INSERT INTO option_choice (option_id, choice_id) VALUES ('cd3191da-899e-4773-b914-291725c8c108', '5b4bf154-a1ad-4cbd-85db-d18a789dd59f');
INSERT INTO choice (id, questionnaire_id, interviewee_id) VALUES ('bc2af656-3740-48cc-8d68-1a74f511bf30', '81a3f075-1324-4e67-90a5-493fe3324435', 'b00db321-ce1c-44c4-a82f-e42dce86520a');
INSERT INTO option_choice (option_id, choice_id) VALUES ('a0eef1f9-547a-4823-b7e0-bb52d6891f8f', 'bc2af656-3740-48cc-8d68-1a74f511bf30');
INSERT INTO option_choice (option_id, choice_id) VALUES ('c0afeee2-6628-4404-bc41-32bc0a1505c5', 'bc2af656-3740-48cc-8d68-1a74f511bf30');
INSERT INTO option_choice (option_id, choice_id) VALUES ('c5035143-d5d2-4934-8b99-4e66507a8603', 'bc2af656-3740-48cc-8d68-1a74f511bf30');
INSERT INTO option_choice (option_id, choice_id) VALUES ('7b2bd172-1566-440a-81d8-f9b2fb43f8fc', 'bc2af656-3740-48cc-8d68-1a74f511bf30');
INSERT INTO option_choice (option_id, choice_id) VALUES ('ab9020e3-a12b-46eb-97f0-79dcfaab7356', 'bc2af656-3740-48cc-8d68-1a74f511bf30');
INSERT INTO option_choice (option_id, choice_id) VALUES ('a1737a4b-bfa2-4208-a103-ca4bea3afaaf', 'bc2af656-3740-48cc-8d68-1a74f511bf30');
INSERT INTO principal (username, password) VALUES ('interviewee882', 'qwerty');
INSERT INTO interviewee (id, username, age, gender, country, marital_status) VALUES ('2deb2b8e-3f55-4e7c-972e-8754f905abda', 'interviewee882', 63, 'female', 'US', 'divorced');
INSERT INTO choice (id, questionnaire_id, interviewee_id) VALUES ('6ab4223d-b950-41c8-b38e-c889ee971e26', 'e20dbb22-091f-4137-8450-fdeaea74363f', '2deb2b8e-3f55-4e7c-972e-8754f905abda');
INSERT INTO option_choice (option_id, choice_id) VALUES ('b09da84d-7533-40da-b486-a820b6b7c110', '6ab4223d-b950-41c8-b38e-c889ee971e26');
INSERT INTO option_choice (option_id, choice_id) VALUES ('946ecf06-2d9f-4fe5-b2b7-64c51a5fdf06', '6ab4223d-b950-41c8-b38e-c889ee971e26');
INSERT INTO option_choice (option_id, choice_id) VALUES ('742176a0-b7c8-400a-a370-5871099954a4', '6ab4223d-b950-41c8-b38e-c889ee971e26');
INSERT INTO option_choice (option_id, choice_id) VALUES ('4bd78eb1-72bb-47fa-8b7c-4cc826f39edd', '6ab4223d-b950-41c8-b38e-c889ee971e26');
INSERT INTO option_choice (option_id, choice_id) VALUES ('ff3c7a97-70db-4404-b85b-274707745879', '6ab4223d-b950-41c8-b38e-c889ee971e26');
INSERT INTO option_choice (option_id, choice_id) VALUES ('49d1bc1f-0fd1-4dad-ab6d-b123ea13d33a', '6ab4223d-b950-41c8-b38e-c889ee971e26');
INSERT INTO choice (id, questionnaire_id, interviewee_id) VALUES ('06fa9f89-d089-46d2-ad07-a96a479e3afe', '858287c2-e494-424b-a03f-6b0a55c2fce3', '2deb2b8e-3f55-4e7c-972e-8754f905abda');
INSERT INTO option_choice (option_id, choice_id) VALUES ('a1e55f7c-aa45-466f-86bb-0d5e262ca0bc', '06fa9f89-d089-46d2-ad07-a96a479e3afe');
INSERT INTO option_choice (option_id, choice_id) VALUES ('59c8e6e3-5895-4f0b-ae9e-3bb455a5f6b2', '06fa9f89-d089-46d2-ad07-a96a479e3afe');
INSERT INTO option_choice (option_id, choice_id) VALUES ('a7e89931-dbca-4a6f-bdbb-b42e57f2e7f2', '06fa9f89-d089-46d2-ad07-a96a479e3afe');
INSERT INTO choice (id, questionnaire_id, interviewee_id) VALUES ('f41830ee-e967-4a52-a024-bb7b9cb54072', '747d0763-c99f-47ce-809b-b378d489a158', '2deb2b8e-3f55-4e7c-972e-8754f905abda');
INSERT INTO option_choice (option_id, choice_id) VALUES ('2095cf98-27de-4722-93f9-2c09ae6b4ed1', 'f41830ee-e967-4a52-a024-bb7b9cb54072');
INSERT INTO option_choice (option_id, choice_id) VALUES ('7cc0569f-f362-4ed1-9343-6ffd1369e812', 'f41830ee-e967-4a52-a024-bb7b9cb54072');
INSERT INTO principal (username, password) VALUES ('interviewee883', 'qwerty');
INSERT INTO interviewee (id, username, age, gender, country, marital_status) VALUES ('7f45cecb-16ce-4a3e-bef8-7a8b1c3cd14c', 'interviewee883', 60, 'male', 'CW', 'married');
INSERT INTO choice (id, questionnaire_id, interviewee_id) VALUES ('9d54f204-f91d-4d5c-a33c-5bbc1cfd7505', '8e156ed6-1a8b-4fe6-9a58-0f7cbdd6af32', '7f45cecb-16ce-4a3e-bef8-7a8b1c3cd14c');
INSERT INTO option_choice (option_id, choice_id) VALUES ('33a991d7-269a-4418-b89c-82e5467a34ad', '9d54f204-f91d-4d5c-a33c-5bbc1cfd7505');
INSERT INTO choice (id, questionnaire_id, interviewee_id) VALUES ('6d1e0ea6-c699-4326-b849-a7cfcf0b5d4e', 'e4d0ba66-5e11-433c-8243-4d890cceaf69', '7f45cecb-16ce-4a3e-bef8-7a8b1c3cd14c');
INSERT INTO option_choice (option_id, choice_id) VALUES ('cb637eae-3b8f-4d17-81fb-9b271857e55c', '6d1e0ea6-c699-4326-b849-a7cfcf0b5d4e');
INSERT INTO option_choice (option_id, choice_id) VALUES ('7cfec70e-33b3-4c68-9c38-38cf292cd0f9', '6d1e0ea6-c699-4326-b849-a7cfcf0b5d4e');
INSERT INTO choice (id, questionnaire_id, interviewee_id) VALUES ('cf23b657-38ad-4e55-8505-ddb417b6b597', '173a3ab0-8485-4aa4-8787-a2a4414f992e', '7f45cecb-16ce-4a3e-bef8-7a8b1c3cd14c');
INSERT INTO option_choice (option_id, choice_id) VALUES ('a477d3c8-db0a-4572-a680-b96fd792dc75', 'cf23b657-38ad-4e55-8505-ddb417b6b597');
INSERT INTO option_choice (option_id, choice_id) VALUES ('bf89350f-11e0-4471-a3a1-95481edf5acd', 'cf23b657-38ad-4e55-8505-ddb417b6b597');
INSERT INTO option_choice (option_id, choice_id) VALUES ('c453fc60-b896-4f66-8dbe-cc55bc42881e', 'cf23b657-38ad-4e55-8505-ddb417b6b597');
INSERT INTO option_choice (option_id, choice_id) VALUES ('e03fcb10-1308-44a4-9ce2-e4eaf10452c1', 'cf23b657-38ad-4e55-8505-ddb417b6b597');
INSERT INTO option_choice (option_id, choice_id) VALUES ('ce62e0a7-1873-4aa1-a448-2fad3cc888ee', 'cf23b657-38ad-4e55-8505-ddb417b6b597');
INSERT INTO option_choice (option_id, choice_id) VALUES ('3c8e0934-801c-4afd-98de-7aaf263889f6', 'cf23b657-38ad-4e55-8505-ddb417b6b597');
INSERT INTO option_choice (option_id, choice_id) VALUES ('f9a527bc-3f55-40db-b05e-d549f1801594', 'cf23b657-38ad-4e55-8505-ddb417b6b597');
INSERT INTO principal (username, password) VALUES ('interviewee884', 'qwerty');
INSERT INTO interviewee (id, username, age, gender, country, marital_status) VALUES ('76610d18-85c0-4941-a646-83fb84f474d1', 'interviewee884', 57, 'female', 'BS', 'married');
INSERT INTO choice (id, questionnaire_id, interviewee_id) VALUES ('803a04f5-ceb0-4a70-b879-042ba685f2fc', '5b0a67f5-cbf2-4fde-b526-fd512ff68e24', '76610d18-85c0-4941-a646-83fb84f474d1');
INSERT INTO option_choice (option_id, choice_id) VALUES ('ce5bf814-daca-4ca0-825d-8408f4fe06ed', '803a04f5-ceb0-4a70-b879-042ba685f2fc');
INSERT INTO principal (username, password) VALUES ('interviewee885', 'qwerty');
INSERT INTO interviewee (id, username, age, gender, country, marital_status) VALUES ('46e9fd7a-b27f-4405-bb31-a51ed5bbae57', 'interviewee885', 68, 'male', 'RO', 'divorced');
INSERT INTO choice (id, questionnaire_id, interviewee_id) VALUES ('f0249eea-05c3-4329-865c-82a76a75d577', 'b5c886d7-e86f-4083-958a-cbd232db7a84', '46e9fd7a-b27f-4405-bb31-a51ed5bbae57');
INSERT INTO option_choice (option_id, choice_id) VALUES ('e9ae0eb7-ed92-45ff-8ec1-bb688c3f1bfe', 'f0249eea-05c3-4329-865c-82a76a75d577');
INSERT INTO choice (id, questionnaire_id, interviewee_id) VALUES ('05565fba-0d55-4c7e-a5e2-6731ba51449f', '4a4f7cbc-8533-42b3-923b-6b4309f53c64', '46e9fd7a-b27f-4405-bb31-a51ed5bbae57');
INSERT INTO option_choice (option_id, choice_id) VALUES ('c8061f97-fb14-4a37-89ad-0a564fb1704d', '05565fba-0d55-4c7e-a5e2-6731ba51449f');
INSERT INTO principal (username, password) VALUES ('interviewee886', 'qwerty');
INSERT INTO interviewee (id, username, age, gender, country, marital_status) VALUES ('feafb38d-9e5f-44c9-943f-9330b75ea50a', 'interviewee886', 27, 'female', 'CM', 'was_not_married');
INSERT INTO choice (id, questionnaire_id, interviewee_id) VALUES ('6f63dfe6-748d-4374-88e9-5abadc0c79a1', 'c6dd214b-43b7-401f-afe6-a5ab0d2d7767', 'feafb38d-9e5f-44c9-943f-9330b75ea50a');
INSERT INTO option_choice (option_id, choice_id) VALUES ('9d2a2dd1-7979-48a6-a0b7-3de8fdea75b6', '6f63dfe6-748d-4374-88e9-5abadc0c79a1');
INSERT INTO option_choice (option_id, choice_id) VALUES ('069a6758-231c-4064-8e44-a0db84e86a21', '6f63dfe6-748d-4374-88e9-5abadc0c79a1');
INSERT INTO principal (username, password) VALUES ('interviewee887', 'qwerty');
INSERT INTO interviewee (id, username, age, gender, country, marital_status) VALUES ('5a754178-29d7-4ac8-858a-88b8ad992c1b', 'interviewee887', 41, 'female', 'LS', 'divorced');
INSERT INTO choice (id, questionnaire_id, interviewee_id) VALUES ('11668022-3b10-48df-a5db-72e391b5f9f2', '48b4658e-bc90-4bd2-97bb-92484114dfea', '5a754178-29d7-4ac8-858a-88b8ad992c1b');
INSERT INTO option_choice (option_id, choice_id) VALUES ('5a5b3a6f-7875-401c-8d0b-e9c8b854b985', '11668022-3b10-48df-a5db-72e391b5f9f2');
INSERT INTO choice (id, questionnaire_id, interviewee_id) VALUES ('d8b66f9f-b000-401b-9a09-0968179895ec', '08310229-5370-44f1-8071-5c56f92e3dc5', '5a754178-29d7-4ac8-858a-88b8ad992c1b');
INSERT INTO option_choice (option_id, choice_id) VALUES ('996311da-bd48-491d-b381-d19b001465c4', 'd8b66f9f-b000-401b-9a09-0968179895ec');
INSERT INTO choice (id, questionnaire_id, interviewee_id) VALUES ('57c29c1c-ec94-4ff3-848c-8153dd643213', 'b6df4d49-3f70-4802-90cb-4ab89e24a427', '5a754178-29d7-4ac8-858a-88b8ad992c1b');
INSERT INTO option_choice (option_id, choice_id) VALUES ('372d528a-d173-4ec8-bba6-b6d6ccea7303', '57c29c1c-ec94-4ff3-848c-8153dd643213');
INSERT INTO principal (username, password) VALUES ('interviewee888', 'qwerty');
INSERT INTO interviewee (id, username, age, gender, country, marital_status) VALUES ('9bdea5e0-ce13-4766-8c18-acbf4588c3f3', 'interviewee888', 15, 'female', 'CF', 'divorced');
INSERT INTO choice (id, questionnaire_id, interviewee_id) VALUES ('cfc73be6-4503-46c4-b1e0-ffcfeb022baa', 'e20dbb22-091f-4137-8450-fdeaea74363f', '9bdea5e0-ce13-4766-8c18-acbf4588c3f3');
INSERT INTO option_choice (option_id, choice_id) VALUES ('b09da84d-7533-40da-b486-a820b6b7c110', 'cfc73be6-4503-46c4-b1e0-ffcfeb022baa');
INSERT INTO option_choice (option_id, choice_id) VALUES ('742176a0-b7c8-400a-a370-5871099954a4', 'cfc73be6-4503-46c4-b1e0-ffcfeb022baa');
INSERT INTO option_choice (option_id, choice_id) VALUES ('49d1bc1f-0fd1-4dad-ab6d-b123ea13d33a', 'cfc73be6-4503-46c4-b1e0-ffcfeb022baa');
INSERT INTO option_choice (option_id, choice_id) VALUES ('322bbc1b-4e8d-41ae-b4f2-3466891dc809', 'cfc73be6-4503-46c4-b1e0-ffcfeb022baa');
INSERT INTO option_choice (option_id, choice_id) VALUES ('4bd78eb1-72bb-47fa-8b7c-4cc826f39edd', 'cfc73be6-4503-46c4-b1e0-ffcfeb022baa');
INSERT INTO option_choice (option_id, choice_id) VALUES ('946ecf06-2d9f-4fe5-b2b7-64c51a5fdf06', 'cfc73be6-4503-46c4-b1e0-ffcfeb022baa');
INSERT INTO option_choice (option_id, choice_id) VALUES ('ff3c7a97-70db-4404-b85b-274707745879', 'cfc73be6-4503-46c4-b1e0-ffcfeb022baa');
INSERT INTO choice (id, questionnaire_id, interviewee_id) VALUES ('dd4bd233-d6e6-4aa8-a620-cdbb9eab07f9', '747d0763-c99f-47ce-809b-b378d489a158', '9bdea5e0-ce13-4766-8c18-acbf4588c3f3');
INSERT INTO option_choice (option_id, choice_id) VALUES ('2095cf98-27de-4722-93f9-2c09ae6b4ed1', 'dd4bd233-d6e6-4aa8-a620-cdbb9eab07f9');
INSERT INTO principal (username, password) VALUES ('interviewee889', 'qwerty');
INSERT INTO interviewee (id, username, age, gender, country, marital_status) VALUES ('c4ebe3c9-268d-4e87-ad11-253b5aa829c1', 'interviewee889', 62, 'male', 'ID', 'married');
INSERT INTO choice (id, questionnaire_id, interviewee_id) VALUES ('0a806218-6e4c-4ba3-a483-1aa937dbb556', '05e2761c-9435-4970-ad6d-245d7a696140', 'c4ebe3c9-268d-4e87-ad11-253b5aa829c1');
INSERT INTO option_choice (option_id, choice_id) VALUES ('821d408d-9a3b-4716-a443-69cb45197037', '0a806218-6e4c-4ba3-a483-1aa937dbb556');
INSERT INTO option_choice (option_id, choice_id) VALUES ('cd3191da-899e-4773-b914-291725c8c108', '0a806218-6e4c-4ba3-a483-1aa937dbb556');
INSERT INTO option_choice (option_id, choice_id) VALUES ('ee58bf05-12ff-45e4-b7e9-d37a70181de4', '0a806218-6e4c-4ba3-a483-1aa937dbb556');
INSERT INTO option_choice (option_id, choice_id) VALUES ('26fa513d-ade2-4822-81ac-a6d8dc123679', '0a806218-6e4c-4ba3-a483-1aa937dbb556');
INSERT INTO choice (id, questionnaire_id, interviewee_id) VALUES ('e394fdc1-6ae5-448c-890c-1e302a907e58', '173a3ab0-8485-4aa4-8787-a2a4414f992e', 'c4ebe3c9-268d-4e87-ad11-253b5aa829c1');
INSERT INTO option_choice (option_id, choice_id) VALUES ('bf89350f-11e0-4471-a3a1-95481edf5acd', 'e394fdc1-6ae5-448c-890c-1e302a907e58');
INSERT INTO option_choice (option_id, choice_id) VALUES ('ce62e0a7-1873-4aa1-a448-2fad3cc888ee', 'e394fdc1-6ae5-448c-890c-1e302a907e58');
INSERT INTO principal (username, password) VALUES ('interviewee890', 'qwerty');
INSERT INTO interviewee (id, username, age, gender, country, marital_status) VALUES ('ab1547d1-72c3-4d99-8987-b97bf8a2187e', 'interviewee890', 61, 'male', 'AU', 'married');
INSERT INTO choice (id, questionnaire_id, interviewee_id) VALUES ('f7c35950-4f46-40c7-a3af-0b97efb8da6b', '173a3ab0-8485-4aa4-8787-a2a4414f992e', 'ab1547d1-72c3-4d99-8987-b97bf8a2187e');
INSERT INTO option_choice (option_id, choice_id) VALUES ('e03fcb10-1308-44a4-9ce2-e4eaf10452c1', 'f7c35950-4f46-40c7-a3af-0b97efb8da6b');
INSERT INTO option_choice (option_id, choice_id) VALUES ('3c8e0934-801c-4afd-98de-7aaf263889f6', 'f7c35950-4f46-40c7-a3af-0b97efb8da6b');
INSERT INTO option_choice (option_id, choice_id) VALUES ('bf89350f-11e0-4471-a3a1-95481edf5acd', 'f7c35950-4f46-40c7-a3af-0b97efb8da6b');
INSERT INTO option_choice (option_id, choice_id) VALUES ('a477d3c8-db0a-4572-a680-b96fd792dc75', 'f7c35950-4f46-40c7-a3af-0b97efb8da6b');
INSERT INTO option_choice (option_id, choice_id) VALUES ('3f698183-af22-44ca-80c1-eb668697e9ea', 'f7c35950-4f46-40c7-a3af-0b97efb8da6b');
INSERT INTO option_choice (option_id, choice_id) VALUES ('c453fc60-b896-4f66-8dbe-cc55bc42881e', 'f7c35950-4f46-40c7-a3af-0b97efb8da6b');
INSERT INTO option_choice (option_id, choice_id) VALUES ('f9a527bc-3f55-40db-b05e-d549f1801594', 'f7c35950-4f46-40c7-a3af-0b97efb8da6b');
INSERT INTO principal (username, password) VALUES ('interviewee891', 'qwerty');
INSERT INTO interviewee (id, username, age, gender, country, marital_status) VALUES ('10dce10b-d768-47bd-b98e-09cbd40a51d8', 'interviewee891', 38, 'female', 'KN', 'divorced');
INSERT INTO choice (id, questionnaire_id, interviewee_id) VALUES ('77218d61-2cf5-4eaf-85f0-bb3c20903be3', '747d0763-c99f-47ce-809b-b378d489a158', '10dce10b-d768-47bd-b98e-09cbd40a51d8');
INSERT INTO option_choice (option_id, choice_id) VALUES ('65c86d12-f533-40f5-8dd6-10903d890b10', '77218d61-2cf5-4eaf-85f0-bb3c20903be3');
INSERT INTO option_choice (option_id, choice_id) VALUES ('2095cf98-27de-4722-93f9-2c09ae6b4ed1', '77218d61-2cf5-4eaf-85f0-bb3c20903be3');
INSERT INTO option_choice (option_id, choice_id) VALUES ('7cc0569f-f362-4ed1-9343-6ffd1369e812', '77218d61-2cf5-4eaf-85f0-bb3c20903be3');
INSERT INTO principal (username, password) VALUES ('interviewee892', 'qwerty');
INSERT INTO interviewee (id, username, age, gender, country, marital_status) VALUES ('b1f6236a-9b30-423f-bf39-4c5a1c3b6a4b', 'interviewee892', 38, 'male', 'IM', 'married');
INSERT INTO choice (id, questionnaire_id, interviewee_id) VALUES ('557636af-9015-4b2b-935e-2d76819422c1', 'c6dd214b-43b7-401f-afe6-a5ab0d2d7767', 'b1f6236a-9b30-423f-bf39-4c5a1c3b6a4b');
INSERT INTO option_choice (option_id, choice_id) VALUES ('069a6758-231c-4064-8e44-a0db84e86a21', '557636af-9015-4b2b-935e-2d76819422c1');
INSERT INTO principal (username, password) VALUES ('interviewee893', 'qwerty');
INSERT INTO interviewee (id, username, age, gender, country, marital_status) VALUES ('03f1a6a1-3357-4cad-b1ba-b3d338c7e489', 'interviewee893', 69, 'male', 'AU', 'was_not_married');
INSERT INTO choice (id, questionnaire_id, interviewee_id) VALUES ('365f8238-7ebc-4aab-8e81-2200147730ee', '407203dd-9657-46e6-975f-3be5d664dd2a', '03f1a6a1-3357-4cad-b1ba-b3d338c7e489');
INSERT INTO option_choice (option_id, choice_id) VALUES ('4285dd4d-8381-423b-8700-37e491ae1336', '365f8238-7ebc-4aab-8e81-2200147730ee');
INSERT INTO choice (id, questionnaire_id, interviewee_id) VALUES ('1621b353-5d49-4f40-bc49-039aa3d3d1e3', '2519c51c-9863-4531-85ff-a7ddd5ea08b2', '03f1a6a1-3357-4cad-b1ba-b3d338c7e489');
INSERT INTO option_choice (option_id, choice_id) VALUES ('dffcbd6b-b37a-4468-8c01-26ae752e283e', '1621b353-5d49-4f40-bc49-039aa3d3d1e3');
INSERT INTO principal (username, password) VALUES ('interviewee894', 'qwerty');
INSERT INTO interviewee (id, username, age, gender, country, marital_status) VALUES ('5c751735-b3d5-4c71-86c5-bcb32d4f5b60', 'interviewee894', 61, 'female', 'HT', 'was_not_married');
INSERT INTO choice (id, questionnaire_id, interviewee_id) VALUES ('2b0ccb5d-f6c6-4f69-a826-c54f4cedff5f', 'c6dd214b-43b7-401f-afe6-a5ab0d2d7767', '5c751735-b3d5-4c71-86c5-bcb32d4f5b60');
INSERT INTO option_choice (option_id, choice_id) VALUES ('9d2a2dd1-7979-48a6-a0b7-3de8fdea75b6', '2b0ccb5d-f6c6-4f69-a826-c54f4cedff5f');
INSERT INTO option_choice (option_id, choice_id) VALUES ('17ceef0b-83da-42ec-a82c-9090a9be74af', '2b0ccb5d-f6c6-4f69-a826-c54f4cedff5f');
INSERT INTO choice (id, questionnaire_id, interviewee_id) VALUES ('cd4b1eac-b0d8-4280-b888-18658d147c3a', 'aaacf497-4ae4-46e0-aa2e-27377271bafc', '5c751735-b3d5-4c71-86c5-bcb32d4f5b60');
INSERT INTO option_choice (option_id, choice_id) VALUES ('de1098e4-e0b7-4df4-890a-1958a8d5d465', 'cd4b1eac-b0d8-4280-b888-18658d147c3a');
INSERT INTO choice (id, questionnaire_id, interviewee_id) VALUES ('0034410d-1481-425a-beef-1bb29c4e44da', '51436662-4eca-40ce-b552-b1c7486cf609', '5c751735-b3d5-4c71-86c5-bcb32d4f5b60');
INSERT INTO option_choice (option_id, choice_id) VALUES ('e4c4b240-61c9-4253-a93b-9a7768fbfe3f', '0034410d-1481-425a-beef-1bb29c4e44da');
INSERT INTO principal (username, password) VALUES ('interviewee895', 'qwerty');
INSERT INTO interviewee (id, username, age, gender, country, marital_status) VALUES ('7f3787c1-985a-483e-bff1-5fff1e38e682', 'interviewee895', 56, 'female', 'BQ', 'was_not_married');
INSERT INTO choice (id, questionnaire_id, interviewee_id) VALUES ('f78a6597-0007-4c66-8a8c-5933dc781cb2', '08310229-5370-44f1-8071-5c56f92e3dc5', '7f3787c1-985a-483e-bff1-5fff1e38e682');
INSERT INTO option_choice (option_id, choice_id) VALUES ('7197ba86-c78b-43c4-bd28-4635a7094531', 'f78a6597-0007-4c66-8a8c-5933dc781cb2');
INSERT INTO choice (id, questionnaire_id, interviewee_id) VALUES ('c1769488-edbe-4c86-8a86-2e1d50981ff8', '8e156ed6-1a8b-4fe6-9a58-0f7cbdd6af32', '7f3787c1-985a-483e-bff1-5fff1e38e682');
INSERT INTO option_choice (option_id, choice_id) VALUES ('7fae89aa-9ca6-4957-9ced-40423f6209b1', 'c1769488-edbe-4c86-8a86-2e1d50981ff8');
INSERT INTO choice (id, questionnaire_id, interviewee_id) VALUES ('2b70cc8c-ce1d-4411-b9c4-4149109b827b', '858287c2-e494-424b-a03f-6b0a55c2fce3', '7f3787c1-985a-483e-bff1-5fff1e38e682');
INSERT INTO option_choice (option_id, choice_id) VALUES ('f2fd1a72-0ca7-41a6-ad15-7bc21a02fe73', '2b70cc8c-ce1d-4411-b9c4-4149109b827b');
INSERT INTO principal (username, password) VALUES ('interviewee896', 'qwerty');
INSERT INTO interviewee (id, username, age, gender, country, marital_status) VALUES ('73f58b08-bc5c-44b5-ad1c-bf3fe88d0b2d', 'interviewee896', 58, 'female', 'IL', 'divorced');
INSERT INTO choice (id, questionnaire_id, interviewee_id) VALUES ('23a9aaf0-bc1a-4822-9e83-9ed9a33f9769', 'c6dd214b-43b7-401f-afe6-a5ab0d2d7767', '73f58b08-bc5c-44b5-ad1c-bf3fe88d0b2d');
INSERT INTO option_choice (option_id, choice_id) VALUES ('17ceef0b-83da-42ec-a82c-9090a9be74af', '23a9aaf0-bc1a-4822-9e83-9ed9a33f9769');
INSERT INTO option_choice (option_id, choice_id) VALUES ('069a6758-231c-4064-8e44-a0db84e86a21', '23a9aaf0-bc1a-4822-9e83-9ed9a33f9769');
INSERT INTO option_choice (option_id, choice_id) VALUES ('9d2a2dd1-7979-48a6-a0b7-3de8fdea75b6', '23a9aaf0-bc1a-4822-9e83-9ed9a33f9769');
INSERT INTO option_choice (option_id, choice_id) VALUES ('c134384c-5eda-4957-9883-b965681b9fef', '23a9aaf0-bc1a-4822-9e83-9ed9a33f9769');
INSERT INTO choice (id, questionnaire_id, interviewee_id) VALUES ('4eba3181-0ecd-4d29-968d-f4c0d806a7f7', '48b4658e-bc90-4bd2-97bb-92484114dfea', '73f58b08-bc5c-44b5-ad1c-bf3fe88d0b2d');
INSERT INTO option_choice (option_id, choice_id) VALUES ('db310764-efc3-46ab-9d86-9914e34aa6cd', '4eba3181-0ecd-4d29-968d-f4c0d806a7f7');
INSERT INTO principal (username, password) VALUES ('interviewee897', 'qwerty');
INSERT INTO interviewee (id, username, age, gender, country, marital_status) VALUES ('c25fe24d-5e2a-488e-9fa6-318e1f4ece97', 'interviewee897', 40, 'male', 'RS', 'divorced');
INSERT INTO choice (id, questionnaire_id, interviewee_id) VALUES ('3556290a-652a-4c8f-8afa-51c341deef49', '858287c2-e494-424b-a03f-6b0a55c2fce3', 'c25fe24d-5e2a-488e-9fa6-318e1f4ece97');
INSERT INTO option_choice (option_id, choice_id) VALUES ('a1e55f7c-aa45-466f-86bb-0d5e262ca0bc', '3556290a-652a-4c8f-8afa-51c341deef49');
INSERT INTO option_choice (option_id, choice_id) VALUES ('a7e89931-dbca-4a6f-bdbb-b42e57f2e7f2', '3556290a-652a-4c8f-8afa-51c341deef49');
INSERT INTO choice (id, questionnaire_id, interviewee_id) VALUES ('29a1e93f-b5d2-4bec-aac6-7ada45ffd662', 'e20dbb22-091f-4137-8450-fdeaea74363f', 'c25fe24d-5e2a-488e-9fa6-318e1f4ece97');
INSERT INTO option_choice (option_id, choice_id) VALUES ('946ecf06-2d9f-4fe5-b2b7-64c51a5fdf06', '29a1e93f-b5d2-4bec-aac6-7ada45ffd662');
INSERT INTO option_choice (option_id, choice_id) VALUES ('ff3c7a97-70db-4404-b85b-274707745879', '29a1e93f-b5d2-4bec-aac6-7ada45ffd662');
INSERT INTO option_choice (option_id, choice_id) VALUES ('4bd78eb1-72bb-47fa-8b7c-4cc826f39edd', '29a1e93f-b5d2-4bec-aac6-7ada45ffd662');
INSERT INTO option_choice (option_id, choice_id) VALUES ('a572f3cf-b3ba-491a-9687-6cee662749f1', '29a1e93f-b5d2-4bec-aac6-7ada45ffd662');
INSERT INTO option_choice (option_id, choice_id) VALUES ('b09da84d-7533-40da-b486-a820b6b7c110', '29a1e93f-b5d2-4bec-aac6-7ada45ffd662');
INSERT INTO option_choice (option_id, choice_id) VALUES ('322bbc1b-4e8d-41ae-b4f2-3466891dc809', '29a1e93f-b5d2-4bec-aac6-7ada45ffd662');
INSERT INTO option_choice (option_id, choice_id) VALUES ('742176a0-b7c8-400a-a370-5871099954a4', '29a1e93f-b5d2-4bec-aac6-7ada45ffd662');
INSERT INTO choice (id, questionnaire_id, interviewee_id) VALUES ('9ba92ad3-e05a-4756-afe2-eac498f05ca3', 'b6df4d49-3f70-4802-90cb-4ab89e24a427', 'c25fe24d-5e2a-488e-9fa6-318e1f4ece97');
INSERT INTO option_choice (option_id, choice_id) VALUES ('03756c76-738d-45a3-8b02-6f36d78f3dfb', '9ba92ad3-e05a-4756-afe2-eac498f05ca3');
INSERT INTO principal (username, password) VALUES ('interviewee898', 'qwerty');
INSERT INTO interviewee (id, username, age, gender, country, marital_status) VALUES ('3102caa0-2b2b-4512-8875-d23e4f0dc5fa', 'interviewee898', 40, 'male', 'LC', 'was_not_married');
INSERT INTO choice (id, questionnaire_id, interviewee_id) VALUES ('94a71321-e7cf-4e1d-8ce2-2dec4ef76ff9', '48b4658e-bc90-4bd2-97bb-92484114dfea', '3102caa0-2b2b-4512-8875-d23e4f0dc5fa');
INSERT INTO option_choice (option_id, choice_id) VALUES ('5a5b3a6f-7875-401c-8d0b-e9c8b854b985', '94a71321-e7cf-4e1d-8ce2-2dec4ef76ff9');
INSERT INTO choice (id, questionnaire_id, interviewee_id) VALUES ('5ec5c8e6-00a6-4a73-b343-c09ba91d528e', '8e156ed6-1a8b-4fe6-9a58-0f7cbdd6af32', '3102caa0-2b2b-4512-8875-d23e4f0dc5fa');
INSERT INTO option_choice (option_id, choice_id) VALUES ('33a991d7-269a-4418-b89c-82e5467a34ad', '5ec5c8e6-00a6-4a73-b343-c09ba91d528e');
INSERT INTO choice (id, questionnaire_id, interviewee_id) VALUES ('4fc1a2fe-90fb-4b71-9b55-b2c5ef49fc40', '81a3f075-1324-4e67-90a5-493fe3324435', '3102caa0-2b2b-4512-8875-d23e4f0dc5fa');
INSERT INTO option_choice (option_id, choice_id) VALUES ('ab9020e3-a12b-46eb-97f0-79dcfaab7356', '4fc1a2fe-90fb-4b71-9b55-b2c5ef49fc40');
INSERT INTO option_choice (option_id, choice_id) VALUES ('a0eef1f9-547a-4823-b7e0-bb52d6891f8f', '4fc1a2fe-90fb-4b71-9b55-b2c5ef49fc40');
INSERT INTO principal (username, password) VALUES ('interviewee899', 'qwerty');
INSERT INTO interviewee (id, username, age, gender, country, marital_status) VALUES ('a8998c80-b576-402b-b91f-51c2b958bc73', 'interviewee899', 17, 'male', 'AG', 'was_not_married');
INSERT INTO choice (id, questionnaire_id, interviewee_id) VALUES ('0d5100d7-0f10-4fe7-9eba-212e6f5709d2', 'aaacf497-4ae4-46e0-aa2e-27377271bafc', 'a8998c80-b576-402b-b91f-51c2b958bc73');
INSERT INTO option_choice (option_id, choice_id) VALUES ('4d7025a3-7520-4447-9769-c495cb62415e', '0d5100d7-0f10-4fe7-9eba-212e6f5709d2');
INSERT INTO choice (id, questionnaire_id, interviewee_id) VALUES ('5ce73aa9-0f16-4f1b-b444-c3129c55cb12', '48b4658e-bc90-4bd2-97bb-92484114dfea', 'a8998c80-b576-402b-b91f-51c2b958bc73');
INSERT INTO option_choice (option_id, choice_id) VALUES ('72884dca-8b91-4379-bf2e-f4dbfc8f13cd', '5ce73aa9-0f16-4f1b-b444-c3129c55cb12');
INSERT INTO choice (id, questionnaire_id, interviewee_id) VALUES ('8fc0b557-a612-4aa9-ae59-68e11a4901cb', '05e2761c-9435-4970-ad6d-245d7a696140', 'a8998c80-b576-402b-b91f-51c2b958bc73');
INSERT INTO option_choice (option_id, choice_id) VALUES ('ee58bf05-12ff-45e4-b7e9-d37a70181de4', '8fc0b557-a612-4aa9-ae59-68e11a4901cb');
INSERT INTO option_choice (option_id, choice_id) VALUES ('cd3191da-899e-4773-b914-291725c8c108', '8fc0b557-a612-4aa9-ae59-68e11a4901cb');
INSERT INTO principal (username, password) VALUES ('interviewee900', 'qwerty');
INSERT INTO interviewee (id, username, age, gender, country, marital_status) VALUES ('e376e61a-9dd4-46f9-b9f8-6830779f29a0', 'interviewee900', 39, 'female', 'PL', 'married');
INSERT INTO choice (id, questionnaire_id, interviewee_id) VALUES ('fcde300c-c0d3-4c5f-9870-23574b55f16e', '4a4f7cbc-8533-42b3-923b-6b4309f53c64', 'e376e61a-9dd4-46f9-b9f8-6830779f29a0');
INSERT INTO option_choice (option_id, choice_id) VALUES ('655a67a1-3c81-4e22-99c2-2b849fa8c564', 'fcde300c-c0d3-4c5f-9870-23574b55f16e');
INSERT INTO principal (username, password) VALUES ('interviewee901', 'qwerty');
INSERT INTO interviewee (id, username, age, gender, country, marital_status) VALUES ('5ef874f5-f660-4080-b1fb-b541f230dbda', 'interviewee901', 68, 'female', 'IL', 'married');
INSERT INTO choice (id, questionnaire_id, interviewee_id) VALUES ('80db230a-ddbe-46cf-b2a5-99b973f0760e', '2519c51c-9863-4531-85ff-a7ddd5ea08b2', '5ef874f5-f660-4080-b1fb-b541f230dbda');
INSERT INTO option_choice (option_id, choice_id) VALUES ('dffcbd6b-b37a-4468-8c01-26ae752e283e', '80db230a-ddbe-46cf-b2a5-99b973f0760e');
INSERT INTO choice (id, questionnaire_id, interviewee_id) VALUES ('9a0c5042-d1f5-4ba1-b79f-b9226b784c2a', '05e2761c-9435-4970-ad6d-245d7a696140', '5ef874f5-f660-4080-b1fb-b541f230dbda');
INSERT INTO option_choice (option_id, choice_id) VALUES ('ee58bf05-12ff-45e4-b7e9-d37a70181de4', '9a0c5042-d1f5-4ba1-b79f-b9226b784c2a');
INSERT INTO option_choice (option_id, choice_id) VALUES ('4431f860-831f-4fdf-9dbb-76fbdb1006a1', '9a0c5042-d1f5-4ba1-b79f-b9226b784c2a');
INSERT INTO option_choice (option_id, choice_id) VALUES ('821d408d-9a3b-4716-a443-69cb45197037', '9a0c5042-d1f5-4ba1-b79f-b9226b784c2a');
INSERT INTO principal (username, password) VALUES ('interviewee902', 'qwerty');
INSERT INTO interviewee (id, username, age, gender, country, marital_status) VALUES ('dcc6329f-9f15-4689-af1c-5c63fe72ab96', 'interviewee902', 51, 'male', 'VI', 'was_not_married');
INSERT INTO choice (id, questionnaire_id, interviewee_id) VALUES ('85216868-21c0-4e1f-86f1-d869902f705f', 'b5c886d7-e86f-4083-958a-cbd232db7a84', 'dcc6329f-9f15-4689-af1c-5c63fe72ab96');
INSERT INTO option_choice (option_id, choice_id) VALUES ('a446338d-133a-407b-9bd1-520fe1043ec3', '85216868-21c0-4e1f-86f1-d869902f705f');
INSERT INTO choice (id, questionnaire_id, interviewee_id) VALUES ('406b4c9d-7ac9-4bf4-8960-e2d667b64a91', '2519c51c-9863-4531-85ff-a7ddd5ea08b2', 'dcc6329f-9f15-4689-af1c-5c63fe72ab96');
INSERT INTO option_choice (option_id, choice_id) VALUES ('b2ff87be-cdaa-4b83-bb9c-9946660ea8b8', '406b4c9d-7ac9-4bf4-8960-e2d667b64a91');
INSERT INTO choice (id, questionnaire_id, interviewee_id) VALUES ('e8c4a89f-52df-4d8b-a6eb-28bc631e30b1', '173a3ab0-8485-4aa4-8787-a2a4414f992e', 'dcc6329f-9f15-4689-af1c-5c63fe72ab96');
INSERT INTO option_choice (option_id, choice_id) VALUES ('c453fc60-b896-4f66-8dbe-cc55bc42881e', 'e8c4a89f-52df-4d8b-a6eb-28bc631e30b1');
INSERT INTO option_choice (option_id, choice_id) VALUES ('bf89350f-11e0-4471-a3a1-95481edf5acd', 'e8c4a89f-52df-4d8b-a6eb-28bc631e30b1');
INSERT INTO option_choice (option_id, choice_id) VALUES ('ce62e0a7-1873-4aa1-a448-2fad3cc888ee', 'e8c4a89f-52df-4d8b-a6eb-28bc631e30b1');
INSERT INTO option_choice (option_id, choice_id) VALUES ('a477d3c8-db0a-4572-a680-b96fd792dc75', 'e8c4a89f-52df-4d8b-a6eb-28bc631e30b1');
INSERT INTO option_choice (option_id, choice_id) VALUES ('e03fcb10-1308-44a4-9ce2-e4eaf10452c1', 'e8c4a89f-52df-4d8b-a6eb-28bc631e30b1');
INSERT INTO option_choice (option_id, choice_id) VALUES ('f9a527bc-3f55-40db-b05e-d549f1801594', 'e8c4a89f-52df-4d8b-a6eb-28bc631e30b1');
INSERT INTO principal (username, password) VALUES ('interviewee903', 'qwerty');
INSERT INTO interviewee (id, username, age, gender, country, marital_status) VALUES ('ef5616de-e8f5-4592-8d77-13b5a48917f0', 'interviewee903', 34, 'male', 'EH', 'was_not_married');
INSERT INTO choice (id, questionnaire_id, interviewee_id) VALUES ('93effc69-4c85-4f77-92fa-9c42069ad8c4', '48b4658e-bc90-4bd2-97bb-92484114dfea', 'ef5616de-e8f5-4592-8d77-13b5a48917f0');
INSERT INTO option_choice (option_id, choice_id) VALUES ('db310764-efc3-46ab-9d86-9914e34aa6cd', '93effc69-4c85-4f77-92fa-9c42069ad8c4');
INSERT INTO choice (id, questionnaire_id, interviewee_id) VALUES ('28fa6d19-edf5-4903-b9b8-3d40524059ca', '5b0a67f5-cbf2-4fde-b526-fd512ff68e24', 'ef5616de-e8f5-4592-8d77-13b5a48917f0');
INSERT INTO option_choice (option_id, choice_id) VALUES ('7dc1dfe8-a039-4c2a-a601-d1bc81a3e459', '28fa6d19-edf5-4903-b9b8-3d40524059ca');
INSERT INTO choice (id, questionnaire_id, interviewee_id) VALUES ('af681597-7d12-498c-add0-c8ed5d302104', '8e156ed6-1a8b-4fe6-9a58-0f7cbdd6af32', 'ef5616de-e8f5-4592-8d77-13b5a48917f0');
INSERT INTO option_choice (option_id, choice_id) VALUES ('0628ee4c-c0ee-4de7-be13-535fe01fb064', 'af681597-7d12-498c-add0-c8ed5d302104');
INSERT INTO principal (username, password) VALUES ('interviewee904', 'qwerty');
INSERT INTO interviewee (id, username, age, gender, country, marital_status) VALUES ('ab76d65b-2f98-4aba-88fa-5af7e6a0a393', 'interviewee904', 53, 'male', 'PS', 'was_not_married');
INSERT INTO choice (id, questionnaire_id, interviewee_id) VALUES ('a5868937-498b-4f38-a024-f32b1266ac07', 'e4d0ba66-5e11-433c-8243-4d890cceaf69', 'ab76d65b-2f98-4aba-88fa-5af7e6a0a393');
INSERT INTO option_choice (option_id, choice_id) VALUES ('cb637eae-3b8f-4d17-81fb-9b271857e55c', 'a5868937-498b-4f38-a024-f32b1266ac07');
INSERT INTO option_choice (option_id, choice_id) VALUES ('7cfec70e-33b3-4c68-9c38-38cf292cd0f9', 'a5868937-498b-4f38-a024-f32b1266ac07');
INSERT INTO principal (username, password) VALUES ('interviewee905', 'qwerty');
INSERT INTO interviewee (id, username, age, gender, country, marital_status) VALUES ('1a3eeaaa-dd01-4824-8b18-f127edf49f73', 'interviewee905', 34, 'female', 'BM', 'divorced');
INSERT INTO choice (id, questionnaire_id, interviewee_id) VALUES ('273ab83b-a7e2-4d8f-8657-5246c4acaca2', 'aaacf497-4ae4-46e0-aa2e-27377271bafc', '1a3eeaaa-dd01-4824-8b18-f127edf49f73');
INSERT INTO option_choice (option_id, choice_id) VALUES ('de1098e4-e0b7-4df4-890a-1958a8d5d465', '273ab83b-a7e2-4d8f-8657-5246c4acaca2');
INSERT INTO choice (id, questionnaire_id, interviewee_id) VALUES ('cd096a38-ac26-44d8-a84d-a60405631136', '8e156ed6-1a8b-4fe6-9a58-0f7cbdd6af32', '1a3eeaaa-dd01-4824-8b18-f127edf49f73');
INSERT INTO option_choice (option_id, choice_id) VALUES ('0628ee4c-c0ee-4de7-be13-535fe01fb064', 'cd096a38-ac26-44d8-a84d-a60405631136');
INSERT INTO principal (username, password) VALUES ('interviewee906', 'qwerty');
INSERT INTO interviewee (id, username, age, gender, country, marital_status) VALUES ('d703a4e1-0bf1-4c78-b5e7-82e4deb191b8', 'interviewee906', 70, 'female', 'VG', 'married');
INSERT INTO choice (id, questionnaire_id, interviewee_id) VALUES ('d00cd877-8125-4f78-99ce-4d1a2651fa30', 'c6dd214b-43b7-401f-afe6-a5ab0d2d7767', 'd703a4e1-0bf1-4c78-b5e7-82e4deb191b8');
INSERT INTO option_choice (option_id, choice_id) VALUES ('069a6758-231c-4064-8e44-a0db84e86a21', 'd00cd877-8125-4f78-99ce-4d1a2651fa30');
INSERT INTO option_choice (option_id, choice_id) VALUES ('17ceef0b-83da-42ec-a82c-9090a9be74af', 'd00cd877-8125-4f78-99ce-4d1a2651fa30');
INSERT INTO choice (id, questionnaire_id, interviewee_id) VALUES ('23aee2c4-90f6-46a4-b7af-833d3eb4427f', 'aaacf497-4ae4-46e0-aa2e-27377271bafc', 'd703a4e1-0bf1-4c78-b5e7-82e4deb191b8');
INSERT INTO option_choice (option_id, choice_id) VALUES ('070ce52d-21fd-4380-9c02-d25647a035a6', '23aee2c4-90f6-46a4-b7af-833d3eb4427f');
INSERT INTO principal (username, password) VALUES ('interviewee907', 'qwerty');
INSERT INTO interviewee (id, username, age, gender, country, marital_status) VALUES ('f1dc5354-c844-482f-82e3-e2f1bb4233b2', 'interviewee907', 31, 'male', 'PS', 'was_not_married');
INSERT INTO choice (id, questionnaire_id, interviewee_id) VALUES ('faf86440-081f-48a8-b45b-de95f0766f51', 'c6dd214b-43b7-401f-afe6-a5ab0d2d7767', 'f1dc5354-c844-482f-82e3-e2f1bb4233b2');
INSERT INTO option_choice (option_id, choice_id) VALUES ('9d2a2dd1-7979-48a6-a0b7-3de8fdea75b6', 'faf86440-081f-48a8-b45b-de95f0766f51');
INSERT INTO choice (id, questionnaire_id, interviewee_id) VALUES ('c89b1b41-e5c9-478f-b02f-a52e8cae16e5', '48b4658e-bc90-4bd2-97bb-92484114dfea', 'f1dc5354-c844-482f-82e3-e2f1bb4233b2');
INSERT INTO option_choice (option_id, choice_id) VALUES ('72884dca-8b91-4379-bf2e-f4dbfc8f13cd', 'c89b1b41-e5c9-478f-b02f-a52e8cae16e5');
INSERT INTO principal (username, password) VALUES ('interviewee908', 'qwerty');
INSERT INTO interviewee (id, username, age, gender, country, marital_status) VALUES ('a59a5293-8c3b-485a-8a53-38d2f24a15ba', 'interviewee908', 59, 'male', 'CC', 'divorced');
INSERT INTO choice (id, questionnaire_id, interviewee_id) VALUES ('522e0a12-434d-45f3-bdff-1a088e420691', '51436662-4eca-40ce-b552-b1c7486cf609', 'a59a5293-8c3b-485a-8a53-38d2f24a15ba');
INSERT INTO option_choice (option_id, choice_id) VALUES ('259215cc-47cc-4165-befd-cf997b4aaf7e', '522e0a12-434d-45f3-bdff-1a088e420691');
INSERT INTO choice (id, questionnaire_id, interviewee_id) VALUES ('c681e530-030f-4dfc-a474-a5919d1533d1', '858287c2-e494-424b-a03f-6b0a55c2fce3', 'a59a5293-8c3b-485a-8a53-38d2f24a15ba');
INSERT INTO option_choice (option_id, choice_id) VALUES ('59c8e6e3-5895-4f0b-ae9e-3bb455a5f6b2', 'c681e530-030f-4dfc-a474-a5919d1533d1');
INSERT INTO option_choice (option_id, choice_id) VALUES ('a7e89931-dbca-4a6f-bdbb-b42e57f2e7f2', 'c681e530-030f-4dfc-a474-a5919d1533d1');
INSERT INTO option_choice (option_id, choice_id) VALUES ('a1e55f7c-aa45-466f-86bb-0d5e262ca0bc', 'c681e530-030f-4dfc-a474-a5919d1533d1');
INSERT INTO option_choice (option_id, choice_id) VALUES ('f2fd1a72-0ca7-41a6-ad15-7bc21a02fe73', 'c681e530-030f-4dfc-a474-a5919d1533d1');
INSERT INTO principal (username, password) VALUES ('interviewee909', 'qwerty');
INSERT INTO interviewee (id, username, age, gender, country, marital_status) VALUES ('d4e245b7-5331-4831-9f9c-0dc99ab3936e', 'interviewee909', 70, 'female', 'VC', 'married');
INSERT INTO choice (id, questionnaire_id, interviewee_id) VALUES ('860189f4-4250-47c8-a5da-92707622577a', '05e2761c-9435-4970-ad6d-245d7a696140', 'd4e245b7-5331-4831-9f9c-0dc99ab3936e');
INSERT INTO option_choice (option_id, choice_id) VALUES ('26fa513d-ade2-4822-81ac-a6d8dc123679', '860189f4-4250-47c8-a5da-92707622577a');
INSERT INTO option_choice (option_id, choice_id) VALUES ('4431f860-831f-4fdf-9dbb-76fbdb1006a1', '860189f4-4250-47c8-a5da-92707622577a');
INSERT INTO principal (username, password) VALUES ('interviewee910', 'qwerty');
INSERT INTO interviewee (id, username, age, gender, country, marital_status) VALUES ('ee23b26d-3e60-40f2-9f57-8c614552a27a', 'interviewee910', 21, 'female', 'TV', 'divorced');
INSERT INTO choice (id, questionnaire_id, interviewee_id) VALUES ('c09aafe9-6743-4d41-b7af-cddc5b9eb7fc', '8e156ed6-1a8b-4fe6-9a58-0f7cbdd6af32', 'ee23b26d-3e60-40f2-9f57-8c614552a27a');
INSERT INTO option_choice (option_id, choice_id) VALUES ('8fdd8f9f-7c9b-45e0-9ac8-45e46fe68791', 'c09aafe9-6743-4d41-b7af-cddc5b9eb7fc');
INSERT INTO principal (username, password) VALUES ('interviewee911', 'qwerty');
INSERT INTO interviewee (id, username, age, gender, country, marital_status) VALUES ('7c19e7a2-5f61-4a27-ae69-d0cec45c05f6', 'interviewee911', 14, 'female', 'MG', 'married');
INSERT INTO choice (id, questionnaire_id, interviewee_id) VALUES ('268058f4-9bcc-4183-a47e-2fe3e37ffc20', '4a4f7cbc-8533-42b3-923b-6b4309f53c64', '7c19e7a2-5f61-4a27-ae69-d0cec45c05f6');
INSERT INTO option_choice (option_id, choice_id) VALUES ('9626a1a6-7214-4944-83a6-f582098c61a8', '268058f4-9bcc-4183-a47e-2fe3e37ffc20');
INSERT INTO choice (id, questionnaire_id, interviewee_id) VALUES ('ce313a26-2250-49b1-ac50-3b53a394a792', '49c46fd6-2111-4ef5-8b91-9ee67132426d', '7c19e7a2-5f61-4a27-ae69-d0cec45c05f6');
INSERT INTO option_choice (option_id, choice_id) VALUES ('1edad7c9-bfa7-40be-bc47-62530b1df2c4', 'ce313a26-2250-49b1-ac50-3b53a394a792');
INSERT INTO choice (id, questionnaire_id, interviewee_id) VALUES ('c752b501-b7a9-4f47-bffa-5b3007f21d6f', '48b4658e-bc90-4bd2-97bb-92484114dfea', '7c19e7a2-5f61-4a27-ae69-d0cec45c05f6');
INSERT INTO option_choice (option_id, choice_id) VALUES ('db310764-efc3-46ab-9d86-9914e34aa6cd', 'c752b501-b7a9-4f47-bffa-5b3007f21d6f');
INSERT INTO principal (username, password) VALUES ('interviewee912', 'qwerty');
INSERT INTO interviewee (id, username, age, gender, country, marital_status) VALUES ('70bc993e-f71b-4475-9340-5cc1d161ad32', 'interviewee912', 56, 'female', 'ST', 'married');
INSERT INTO choice (id, questionnaire_id, interviewee_id) VALUES ('8052af31-e962-4e70-93dc-837bb17d219b', '05e2761c-9435-4970-ad6d-245d7a696140', '70bc993e-f71b-4475-9340-5cc1d161ad32');
INSERT INTO option_choice (option_id, choice_id) VALUES ('26fa513d-ade2-4822-81ac-a6d8dc123679', '8052af31-e962-4e70-93dc-837bb17d219b');
INSERT INTO option_choice (option_id, choice_id) VALUES ('4431f860-831f-4fdf-9dbb-76fbdb1006a1', '8052af31-e962-4e70-93dc-837bb17d219b');
INSERT INTO option_choice (option_id, choice_id) VALUES ('cd3191da-899e-4773-b914-291725c8c108', '8052af31-e962-4e70-93dc-837bb17d219b');
INSERT INTO option_choice (option_id, choice_id) VALUES ('ee58bf05-12ff-45e4-b7e9-d37a70181de4', '8052af31-e962-4e70-93dc-837bb17d219b');
INSERT INTO principal (username, password) VALUES ('interviewee913', 'qwerty');
INSERT INTO interviewee (id, username, age, gender, country, marital_status) VALUES ('ff74e448-b982-4275-910d-c12e649f21f9', 'interviewee913', 33, 'female', 'GB', 'was_not_married');
INSERT INTO choice (id, questionnaire_id, interviewee_id) VALUES ('2f0b2a22-ad40-420c-b701-110dab2c71dd', '51436662-4eca-40ce-b552-b1c7486cf609', 'ff74e448-b982-4275-910d-c12e649f21f9');
INSERT INTO option_choice (option_id, choice_id) VALUES ('259215cc-47cc-4165-befd-cf997b4aaf7e', '2f0b2a22-ad40-420c-b701-110dab2c71dd');
INSERT INTO choice (id, questionnaire_id, interviewee_id) VALUES ('d1df67fe-5848-47e0-a2e2-d9bbe85325c3', 'b5c886d7-e86f-4083-958a-cbd232db7a84', 'ff74e448-b982-4275-910d-c12e649f21f9');
INSERT INTO option_choice (option_id, choice_id) VALUES ('9d7ea78f-0edc-43db-94d7-3d31213df760', 'd1df67fe-5848-47e0-a2e2-d9bbe85325c3');
INSERT INTO principal (username, password) VALUES ('interviewee914', 'qwerty');
INSERT INTO interviewee (id, username, age, gender, country, marital_status) VALUES ('6447795d-71a1-4e52-bb47-04a266eee44d', 'interviewee914', 70, 'female', 'MX', 'was_not_married');
INSERT INTO choice (id, questionnaire_id, interviewee_id) VALUES ('32d8dc5a-75bb-4f8c-a7bf-69d05dcfaf2a', 'e20dbb22-091f-4137-8450-fdeaea74363f', '6447795d-71a1-4e52-bb47-04a266eee44d');
INSERT INTO option_choice (option_id, choice_id) VALUES ('ff3c7a97-70db-4404-b85b-274707745879', '32d8dc5a-75bb-4f8c-a7bf-69d05dcfaf2a');
INSERT INTO option_choice (option_id, choice_id) VALUES ('946ecf06-2d9f-4fe5-b2b7-64c51a5fdf06', '32d8dc5a-75bb-4f8c-a7bf-69d05dcfaf2a');
INSERT INTO option_choice (option_id, choice_id) VALUES ('b09da84d-7533-40da-b486-a820b6b7c110', '32d8dc5a-75bb-4f8c-a7bf-69d05dcfaf2a');
INSERT INTO option_choice (option_id, choice_id) VALUES ('742176a0-b7c8-400a-a370-5871099954a4', '32d8dc5a-75bb-4f8c-a7bf-69d05dcfaf2a');
INSERT INTO option_choice (option_id, choice_id) VALUES ('a572f3cf-b3ba-491a-9687-6cee662749f1', '32d8dc5a-75bb-4f8c-a7bf-69d05dcfaf2a');
INSERT INTO option_choice (option_id, choice_id) VALUES ('322bbc1b-4e8d-41ae-b4f2-3466891dc809', '32d8dc5a-75bb-4f8c-a7bf-69d05dcfaf2a');
INSERT INTO option_choice (option_id, choice_id) VALUES ('4bd78eb1-72bb-47fa-8b7c-4cc826f39edd', '32d8dc5a-75bb-4f8c-a7bf-69d05dcfaf2a');
INSERT INTO option_choice (option_id, choice_id) VALUES ('49d1bc1f-0fd1-4dad-ab6d-b123ea13d33a', '32d8dc5a-75bb-4f8c-a7bf-69d05dcfaf2a');
INSERT INTO principal (username, password) VALUES ('interviewee915', 'qwerty');
INSERT INTO interviewee (id, username, age, gender, country, marital_status) VALUES ('6f348183-d076-4222-be15-c592071af53f', 'interviewee915', 67, 'female', 'BB', 'divorced');
INSERT INTO choice (id, questionnaire_id, interviewee_id) VALUES ('f709b8b1-1bd6-4a9e-a355-fc6f9165dd49', '407203dd-9657-46e6-975f-3be5d664dd2a', '6f348183-d076-4222-be15-c592071af53f');
INSERT INTO option_choice (option_id, choice_id) VALUES ('ec3a75fb-52ee-48b8-a136-1c4ef02978e8', 'f709b8b1-1bd6-4a9e-a355-fc6f9165dd49');
INSERT INTO choice (id, questionnaire_id, interviewee_id) VALUES ('8fcdfc44-57ee-46df-a9fa-7afd6391532b', 'b5c886d7-e86f-4083-958a-cbd232db7a84', '6f348183-d076-4222-be15-c592071af53f');
INSERT INTO option_choice (option_id, choice_id) VALUES ('e9ae0eb7-ed92-45ff-8ec1-bb688c3f1bfe', '8fcdfc44-57ee-46df-a9fa-7afd6391532b');
INSERT INTO principal (username, password) VALUES ('interviewee916', 'qwerty');
INSERT INTO interviewee (id, username, age, gender, country, marital_status) VALUES ('aebb89b4-ad9c-4fc5-b36b-1b10acd29f64', 'interviewee916', 40, 'female', 'MA', 'divorced');
INSERT INTO choice (id, questionnaire_id, interviewee_id) VALUES ('38aa1a01-1093-4029-90e4-a38a72c9439b', '173a3ab0-8485-4aa4-8787-a2a4414f992e', 'aebb89b4-ad9c-4fc5-b36b-1b10acd29f64');
INSERT INTO option_choice (option_id, choice_id) VALUES ('ce62e0a7-1873-4aa1-a448-2fad3cc888ee', '38aa1a01-1093-4029-90e4-a38a72c9439b');
INSERT INTO option_choice (option_id, choice_id) VALUES ('e03fcb10-1308-44a4-9ce2-e4eaf10452c1', '38aa1a01-1093-4029-90e4-a38a72c9439b');
INSERT INTO principal (username, password) VALUES ('interviewee917', 'qwerty');
INSERT INTO interviewee (id, username, age, gender, country, marital_status) VALUES ('8e2e7431-1c82-46bc-a859-71a10bb64faf', 'interviewee917', 30, 'male', 'CW', 'divorced');
INSERT INTO choice (id, questionnaire_id, interviewee_id) VALUES ('c4074c78-da4b-461d-a702-cd2b281e3a9a', '4a4f7cbc-8533-42b3-923b-6b4309f53c64', '8e2e7431-1c82-46bc-a859-71a10bb64faf');
INSERT INTO option_choice (option_id, choice_id) VALUES ('3f8cd95c-177b-469f-b652-784cadd37582', 'c4074c78-da4b-461d-a702-cd2b281e3a9a');
INSERT INTO choice (id, questionnaire_id, interviewee_id) VALUES ('5afbcde3-7aba-414d-a789-f0b2c4648e62', '2519c51c-9863-4531-85ff-a7ddd5ea08b2', '8e2e7431-1c82-46bc-a859-71a10bb64faf');
INSERT INTO option_choice (option_id, choice_id) VALUES ('e532cc1b-83fa-4902-9bd1-0868c31241bb', '5afbcde3-7aba-414d-a789-f0b2c4648e62');
INSERT INTO principal (username, password) VALUES ('interviewee918', 'qwerty');
INSERT INTO interviewee (id, username, age, gender, country, marital_status) VALUES ('7f424e6d-a05f-48fc-b2c5-a65eda5977c1', 'interviewee918', 31, 'female', 'ID', 'was_not_married');
INSERT INTO choice (id, questionnaire_id, interviewee_id) VALUES ('8556c8be-a94a-481e-8bf8-e02e7c5a4894', '8e156ed6-1a8b-4fe6-9a58-0f7cbdd6af32', '7f424e6d-a05f-48fc-b2c5-a65eda5977c1');
INSERT INTO option_choice (option_id, choice_id) VALUES ('38f39cdf-6292-4c51-8660-f27ad61185bf', '8556c8be-a94a-481e-8bf8-e02e7c5a4894');
INSERT INTO principal (username, password) VALUES ('interviewee919', 'qwerty');
INSERT INTO interviewee (id, username, age, gender, country, marital_status) VALUES ('d596d26f-6e65-41e9-8208-7a988a8ee83e', 'interviewee919', 39, 'male', 'TL', 'married');
INSERT INTO choice (id, questionnaire_id, interviewee_id) VALUES ('092b1443-cbd5-416a-81f1-8cf4eb9610ca', '05e2761c-9435-4970-ad6d-245d7a696140', 'd596d26f-6e65-41e9-8208-7a988a8ee83e');
INSERT INTO option_choice (option_id, choice_id) VALUES ('26fa513d-ade2-4822-81ac-a6d8dc123679', '092b1443-cbd5-416a-81f1-8cf4eb9610ca');
INSERT INTO option_choice (option_id, choice_id) VALUES ('4431f860-831f-4fdf-9dbb-76fbdb1006a1', '092b1443-cbd5-416a-81f1-8cf4eb9610ca');
INSERT INTO option_choice (option_id, choice_id) VALUES ('cd3191da-899e-4773-b914-291725c8c108', '092b1443-cbd5-416a-81f1-8cf4eb9610ca');
INSERT INTO option_choice (option_id, choice_id) VALUES ('ee58bf05-12ff-45e4-b7e9-d37a70181de4', '092b1443-cbd5-416a-81f1-8cf4eb9610ca');
INSERT INTO option_choice (option_id, choice_id) VALUES ('821d408d-9a3b-4716-a443-69cb45197037', '092b1443-cbd5-416a-81f1-8cf4eb9610ca');
INSERT INTO choice (id, questionnaire_id, interviewee_id) VALUES ('309c25eb-4122-4484-99ad-7557eca2b50c', '51436662-4eca-40ce-b552-b1c7486cf609', 'd596d26f-6e65-41e9-8208-7a988a8ee83e');
INSERT INTO option_choice (option_id, choice_id) VALUES ('259215cc-47cc-4165-befd-cf997b4aaf7e', '309c25eb-4122-4484-99ad-7557eca2b50c');
INSERT INTO choice (id, questionnaire_id, interviewee_id) VALUES ('e6349076-95bd-4a13-af56-6273d21176da', 'aaacf497-4ae4-46e0-aa2e-27377271bafc', 'd596d26f-6e65-41e9-8208-7a988a8ee83e');
INSERT INTO option_choice (option_id, choice_id) VALUES ('de1098e4-e0b7-4df4-890a-1958a8d5d465', 'e6349076-95bd-4a13-af56-6273d21176da');
INSERT INTO principal (username, password) VALUES ('interviewee920', 'qwerty');
INSERT INTO interviewee (id, username, age, gender, country, marital_status) VALUES ('75097d5b-ff2c-4790-8e8e-7d6c2fc369de', 'interviewee920', 67, 'male', 'MT', 'was_not_married');
INSERT INTO choice (id, questionnaire_id, interviewee_id) VALUES ('ddb0290c-ba2f-4539-9a21-a73f98393a90', 'e4d0ba66-5e11-433c-8243-4d890cceaf69', '75097d5b-ff2c-4790-8e8e-7d6c2fc369de');
INSERT INTO option_choice (option_id, choice_id) VALUES ('cb637eae-3b8f-4d17-81fb-9b271857e55c', 'ddb0290c-ba2f-4539-9a21-a73f98393a90');
INSERT INTO choice (id, questionnaire_id, interviewee_id) VALUES ('4173ef5b-9ca6-4a5e-8af4-47b4973b8100', 'b5c886d7-e86f-4083-958a-cbd232db7a84', '75097d5b-ff2c-4790-8e8e-7d6c2fc369de');
INSERT INTO option_choice (option_id, choice_id) VALUES ('c7575671-3918-48d7-bc48-356ad1dd79e9', '4173ef5b-9ca6-4a5e-8af4-47b4973b8100');
INSERT INTO principal (username, password) VALUES ('interviewee921', 'qwerty');
INSERT INTO interviewee (id, username, age, gender, country, marital_status) VALUES ('9ba3c124-c16a-4e34-b3bb-2b1ef84057c2', 'interviewee921', 66, 'female', 'MU', 'married');
INSERT INTO choice (id, questionnaire_id, interviewee_id) VALUES ('445f00fd-2127-413e-84b4-b7f818752dfc', '49c46fd6-2111-4ef5-8b91-9ee67132426d', '9ba3c124-c16a-4e34-b3bb-2b1ef84057c2');
INSERT INTO option_choice (option_id, choice_id) VALUES ('9324aa44-2cdd-4334-9eee-ab97e62258df', '445f00fd-2127-413e-84b4-b7f818752dfc');
INSERT INTO choice (id, questionnaire_id, interviewee_id) VALUES ('33608c62-6cdc-4766-81a2-ed8a0c3e794c', '48b4658e-bc90-4bd2-97bb-92484114dfea', '9ba3c124-c16a-4e34-b3bb-2b1ef84057c2');
INSERT INTO option_choice (option_id, choice_id) VALUES ('72884dca-8b91-4379-bf2e-f4dbfc8f13cd', '33608c62-6cdc-4766-81a2-ed8a0c3e794c');
INSERT INTO principal (username, password) VALUES ('interviewee922', 'qwerty');
INSERT INTO interviewee (id, username, age, gender, country, marital_status) VALUES ('11c5538d-dd38-4d07-9bfe-7ec3b5311250', 'interviewee922', 19, 'female', 'PW', 'married');
INSERT INTO choice (id, questionnaire_id, interviewee_id) VALUES ('338156d3-8a60-426c-8961-2b65d4053940', '49c46fd6-2111-4ef5-8b91-9ee67132426d', '11c5538d-dd38-4d07-9bfe-7ec3b5311250');
INSERT INTO option_choice (option_id, choice_id) VALUES ('1edad7c9-bfa7-40be-bc47-62530b1df2c4', '338156d3-8a60-426c-8961-2b65d4053940');
INSERT INTO choice (id, questionnaire_id, interviewee_id) VALUES ('e6b714f6-b53b-42cc-a8b3-1418e3bcf3fe', 'e4d0ba66-5e11-433c-8243-4d890cceaf69', '11c5538d-dd38-4d07-9bfe-7ec3b5311250');
INSERT INTO option_choice (option_id, choice_id) VALUES ('cb637eae-3b8f-4d17-81fb-9b271857e55c', 'e6b714f6-b53b-42cc-a8b3-1418e3bcf3fe');
INSERT INTO choice (id, questionnaire_id, interviewee_id) VALUES ('f67a541b-bd0c-4b9d-9389-18df2bde75b9', '2519c51c-9863-4531-85ff-a7ddd5ea08b2', '11c5538d-dd38-4d07-9bfe-7ec3b5311250');
INSERT INTO option_choice (option_id, choice_id) VALUES ('a3b534e4-0e3d-437c-94bf-14e57f299a2c', 'f67a541b-bd0c-4b9d-9389-18df2bde75b9');
INSERT INTO principal (username, password) VALUES ('interviewee923', 'qwerty');
INSERT INTO interviewee (id, username, age, gender, country, marital_status) VALUES ('6ed3aa9b-85aa-4537-86ab-6b1aafbd90a0', 'interviewee923', 29, 'male', 'LC', 'was_not_married');
INSERT INTO choice (id, questionnaire_id, interviewee_id) VALUES ('3e8a7bb5-4fee-4611-a530-23508edf5689', '48b4658e-bc90-4bd2-97bb-92484114dfea', '6ed3aa9b-85aa-4537-86ab-6b1aafbd90a0');
INSERT INTO option_choice (option_id, choice_id) VALUES ('72884dca-8b91-4379-bf2e-f4dbfc8f13cd', '3e8a7bb5-4fee-4611-a530-23508edf5689');
INSERT INTO choice (id, questionnaire_id, interviewee_id) VALUES ('eb935bfa-1f53-44b6-9d10-5b224c7dd4d2', '8e156ed6-1a8b-4fe6-9a58-0f7cbdd6af32', '6ed3aa9b-85aa-4537-86ab-6b1aafbd90a0');
INSERT INTO option_choice (option_id, choice_id) VALUES ('7fae89aa-9ca6-4957-9ced-40423f6209b1', 'eb935bfa-1f53-44b6-9d10-5b224c7dd4d2');
INSERT INTO choice (id, questionnaire_id, interviewee_id) VALUES ('e2623146-d236-4db0-8eb2-83a17b487385', 'b5c886d7-e86f-4083-958a-cbd232db7a84', '6ed3aa9b-85aa-4537-86ab-6b1aafbd90a0');
INSERT INTO option_choice (option_id, choice_id) VALUES ('e9ae0eb7-ed92-45ff-8ec1-bb688c3f1bfe', 'e2623146-d236-4db0-8eb2-83a17b487385');
INSERT INTO principal (username, password) VALUES ('interviewee924', 'qwerty');
INSERT INTO interviewee (id, username, age, gender, country, marital_status) VALUES ('14448ae0-448a-43b5-b86a-e07f6cca6ad6', 'interviewee924', 16, 'female', 'FO', 'married');
INSERT INTO choice (id, questionnaire_id, interviewee_id) VALUES ('100730e3-37b0-4e89-b8b8-a05a4ca22dc0', '08310229-5370-44f1-8071-5c56f92e3dc5', '14448ae0-448a-43b5-b86a-e07f6cca6ad6');
INSERT INTO option_choice (option_id, choice_id) VALUES ('7197ba86-c78b-43c4-bd28-4635a7094531', '100730e3-37b0-4e89-b8b8-a05a4ca22dc0');
INSERT INTO principal (username, password) VALUES ('interviewee925', 'qwerty');
INSERT INTO interviewee (id, username, age, gender, country, marital_status) VALUES ('65ee5da3-5ed2-43f1-9939-8015fc0ebbf0', 'interviewee925', 22, 'male', 'LA', 'married');
INSERT INTO choice (id, questionnaire_id, interviewee_id) VALUES ('5ceb55b5-39df-47fd-8445-633c533d40bf', '5b0a67f5-cbf2-4fde-b526-fd512ff68e24', '65ee5da3-5ed2-43f1-9939-8015fc0ebbf0');
INSERT INTO option_choice (option_id, choice_id) VALUES ('a8cdd5b8-35f3-4a35-a54f-11129d88f64d', '5ceb55b5-39df-47fd-8445-633c533d40bf');
INSERT INTO principal (username, password) VALUES ('interviewee926', 'qwerty');
INSERT INTO interviewee (id, username, age, gender, country, marital_status) VALUES ('dd477cb3-3303-478a-a12c-de7e707aed27', 'interviewee926', 69, 'female', 'GI', 'divorced');
INSERT INTO choice (id, questionnaire_id, interviewee_id) VALUES ('37514439-4a44-4086-a077-1a3e7f1cb2b2', 'c6dd214b-43b7-401f-afe6-a5ab0d2d7767', 'dd477cb3-3303-478a-a12c-de7e707aed27');
INSERT INTO option_choice (option_id, choice_id) VALUES ('17ceef0b-83da-42ec-a82c-9090a9be74af', '37514439-4a44-4086-a077-1a3e7f1cb2b2');
INSERT INTO option_choice (option_id, choice_id) VALUES ('9d2a2dd1-7979-48a6-a0b7-3de8fdea75b6', '37514439-4a44-4086-a077-1a3e7f1cb2b2');
INSERT INTO choice (id, questionnaire_id, interviewee_id) VALUES ('97a33e39-fe9a-4abd-a78d-8896c367032d', '08310229-5370-44f1-8071-5c56f92e3dc5', 'dd477cb3-3303-478a-a12c-de7e707aed27');
INSERT INTO option_choice (option_id, choice_id) VALUES ('996311da-bd48-491d-b381-d19b001465c4', '97a33e39-fe9a-4abd-a78d-8896c367032d');
INSERT INTO choice (id, questionnaire_id, interviewee_id) VALUES ('7c844cca-5993-44f5-babf-eb54baf654b5', '5b0a67f5-cbf2-4fde-b526-fd512ff68e24', 'dd477cb3-3303-478a-a12c-de7e707aed27');
INSERT INTO option_choice (option_id, choice_id) VALUES ('a8cdd5b8-35f3-4a35-a54f-11129d88f64d', '7c844cca-5993-44f5-babf-eb54baf654b5');
INSERT INTO principal (username, password) VALUES ('interviewee927', 'qwerty');
INSERT INTO interviewee (id, username, age, gender, country, marital_status) VALUES ('3e2943a4-7198-411a-903d-3af03601ac9d', 'interviewee927', 63, 'female', 'YT', 'married');
INSERT INTO choice (id, questionnaire_id, interviewee_id) VALUES ('a4a4e7ad-9d5d-403a-a9d6-08be7e5d164a', '51436662-4eca-40ce-b552-b1c7486cf609', '3e2943a4-7198-411a-903d-3af03601ac9d');
INSERT INTO option_choice (option_id, choice_id) VALUES ('e4c4b240-61c9-4253-a93b-9a7768fbfe3f', 'a4a4e7ad-9d5d-403a-a9d6-08be7e5d164a');
INSERT INTO principal (username, password) VALUES ('interviewee928', 'qwerty');
INSERT INTO interviewee (id, username, age, gender, country, marital_status) VALUES ('93fcfdda-8b70-4b77-b1ab-1d1bb7d5958d', 'interviewee928', 59, 'female', 'MC', 'divorced');
INSERT INTO choice (id, questionnaire_id, interviewee_id) VALUES ('3e0a3527-72ee-47d1-a1b7-b9454463c9d1', 'b6df4d49-3f70-4802-90cb-4ab89e24a427', '93fcfdda-8b70-4b77-b1ab-1d1bb7d5958d');
INSERT INTO option_choice (option_id, choice_id) VALUES ('e6e95e42-0740-4517-bc42-3de8cd9b1be2', '3e0a3527-72ee-47d1-a1b7-b9454463c9d1');
INSERT INTO choice (id, questionnaire_id, interviewee_id) VALUES ('6ed4d04c-1d29-4558-b4c5-f169b0b80f59', '81a3f075-1324-4e67-90a5-493fe3324435', '93fcfdda-8b70-4b77-b1ab-1d1bb7d5958d');
INSERT INTO option_choice (option_id, choice_id) VALUES ('a0eef1f9-547a-4823-b7e0-bb52d6891f8f', '6ed4d04c-1d29-4558-b4c5-f169b0b80f59');
INSERT INTO option_choice (option_id, choice_id) VALUES ('ab9020e3-a12b-46eb-97f0-79dcfaab7356', '6ed4d04c-1d29-4558-b4c5-f169b0b80f59');
INSERT INTO option_choice (option_id, choice_id) VALUES ('c0afeee2-6628-4404-bc41-32bc0a1505c5', '6ed4d04c-1d29-4558-b4c5-f169b0b80f59');
INSERT INTO choice (id, questionnaire_id, interviewee_id) VALUES ('1aaa18af-44ec-4f0a-be5d-15cb1052ebc9', '5b0a67f5-cbf2-4fde-b526-fd512ff68e24', '93fcfdda-8b70-4b77-b1ab-1d1bb7d5958d');
INSERT INTO option_choice (option_id, choice_id) VALUES ('9340e0ac-c863-4fcf-ac40-126be2d1bfa4', '1aaa18af-44ec-4f0a-be5d-15cb1052ebc9');
INSERT INTO principal (username, password) VALUES ('interviewee929', 'qwerty');
INSERT INTO interviewee (id, username, age, gender, country, marital_status) VALUES ('9712b4cf-aa79-4e13-97a2-8b3df9a91333', 'interviewee929', 19, 'male', 'ST', 'married');
INSERT INTO choice (id, questionnaire_id, interviewee_id) VALUES ('1ee40815-4b20-434a-ba79-63f0eee65411', '858287c2-e494-424b-a03f-6b0a55c2fce3', '9712b4cf-aa79-4e13-97a2-8b3df9a91333');
INSERT INTO option_choice (option_id, choice_id) VALUES ('a7e89931-dbca-4a6f-bdbb-b42e57f2e7f2', '1ee40815-4b20-434a-ba79-63f0eee65411');
INSERT INTO principal (username, password) VALUES ('interviewee930', 'qwerty');
INSERT INTO interviewee (id, username, age, gender, country, marital_status) VALUES ('852a3840-3daf-449f-b3d0-8930055207a4', 'interviewee930', 30, 'female', 'TM', 'divorced');
INSERT INTO choice (id, questionnaire_id, interviewee_id) VALUES ('b15b0916-d617-4695-a580-891ef13e68db', '08310229-5370-44f1-8071-5c56f92e3dc5', '852a3840-3daf-449f-b3d0-8930055207a4');
INSERT INTO option_choice (option_id, choice_id) VALUES ('7197ba86-c78b-43c4-bd28-4635a7094531', 'b15b0916-d617-4695-a580-891ef13e68db');
INSERT INTO choice (id, questionnaire_id, interviewee_id) VALUES ('22022da4-e794-4547-a916-3de29f6c8a8f', 'b6df4d49-3f70-4802-90cb-4ab89e24a427', '852a3840-3daf-449f-b3d0-8930055207a4');
INSERT INTO option_choice (option_id, choice_id) VALUES ('e6e95e42-0740-4517-bc42-3de8cd9b1be2', '22022da4-e794-4547-a916-3de29f6c8a8f');
INSERT INTO principal (username, password) VALUES ('interviewee931', 'qwerty');
INSERT INTO interviewee (id, username, age, gender, country, marital_status) VALUES ('f6693c5e-b67f-4f88-9ada-04073710b5ca', 'interviewee931', 43, 'female', 'MU', 'married');
INSERT INTO choice (id, questionnaire_id, interviewee_id) VALUES ('86766f33-c988-46a3-9a6e-7d063a9673fe', '49c46fd6-2111-4ef5-8b91-9ee67132426d', 'f6693c5e-b67f-4f88-9ada-04073710b5ca');
INSERT INTO option_choice (option_id, choice_id) VALUES ('82dcd7e2-d76d-47ad-b352-0b1d6482c730', '86766f33-c988-46a3-9a6e-7d063a9673fe');
INSERT INTO principal (username, password) VALUES ('interviewee932', 'qwerty');
INSERT INTO interviewee (id, username, age, gender, country, marital_status) VALUES ('d4582323-9e4e-4772-ba06-68309aded66c', 'interviewee932', 26, 'male', 'MH', 'was_not_married');
INSERT INTO choice (id, questionnaire_id, interviewee_id) VALUES ('e8ea73d1-a2ce-4587-a168-ff2a98db962c', '858287c2-e494-424b-a03f-6b0a55c2fce3', 'd4582323-9e4e-4772-ba06-68309aded66c');
INSERT INTO option_choice (option_id, choice_id) VALUES ('59c8e6e3-5895-4f0b-ae9e-3bb455a5f6b2', 'e8ea73d1-a2ce-4587-a168-ff2a98db962c');
INSERT INTO option_choice (option_id, choice_id) VALUES ('a1e55f7c-aa45-466f-86bb-0d5e262ca0bc', 'e8ea73d1-a2ce-4587-a168-ff2a98db962c');
INSERT INTO principal (username, password) VALUES ('interviewee933', 'qwerty');
INSERT INTO interviewee (id, username, age, gender, country, marital_status) VALUES ('052e1340-2f8b-4511-bf3d-402232df348a', 'interviewee933', 37, 'male', 'AU', 'divorced');
INSERT INTO choice (id, questionnaire_id, interviewee_id) VALUES ('e06799d7-a132-4961-879a-d22afc55ac8c', 'aaacf497-4ae4-46e0-aa2e-27377271bafc', '052e1340-2f8b-4511-bf3d-402232df348a');
INSERT INTO option_choice (option_id, choice_id) VALUES ('d4aa64ba-49fd-4d00-9175-a646c1d6d559', 'e06799d7-a132-4961-879a-d22afc55ac8c');
INSERT INTO choice (id, questionnaire_id, interviewee_id) VALUES ('9de8f8cc-1cbd-4508-bbf6-3734daaf71ab', '8e156ed6-1a8b-4fe6-9a58-0f7cbdd6af32', '052e1340-2f8b-4511-bf3d-402232df348a');
INSERT INTO option_choice (option_id, choice_id) VALUES ('f6bf8b45-f0b9-47e2-b46b-2edc8b8541ed', '9de8f8cc-1cbd-4508-bbf6-3734daaf71ab');
INSERT INTO principal (username, password) VALUES ('interviewee934', 'qwerty');
INSERT INTO interviewee (id, username, age, gender, country, marital_status) VALUES ('38d61f4e-11c7-4b00-9409-396a105f0746', 'interviewee934', 50, 'male', 'TN', 'divorced');
INSERT INTO choice (id, questionnaire_id, interviewee_id) VALUES ('8ff4f8d7-b482-45a0-82c9-4283a4519f47', '08310229-5370-44f1-8071-5c56f92e3dc5', '38d61f4e-11c7-4b00-9409-396a105f0746');
INSERT INTO option_choice (option_id, choice_id) VALUES ('38336259-fa95-40f4-865c-eff171ebbb80', '8ff4f8d7-b482-45a0-82c9-4283a4519f47');
INSERT INTO principal (username, password) VALUES ('interviewee935', 'qwerty');
INSERT INTO interviewee (id, username, age, gender, country, marital_status) VALUES ('810cd25c-325c-49a2-935f-5786c3183218', 'interviewee935', 35, 'female', 'JE', 'married');
INSERT INTO choice (id, questionnaire_id, interviewee_id) VALUES ('0d6fe179-e175-454d-ad23-9fd0f5137f5a', '858287c2-e494-424b-a03f-6b0a55c2fce3', '810cd25c-325c-49a2-935f-5786c3183218');
INSERT INTO option_choice (option_id, choice_id) VALUES ('a1e55f7c-aa45-466f-86bb-0d5e262ca0bc', '0d6fe179-e175-454d-ad23-9fd0f5137f5a');
INSERT INTO option_choice (option_id, choice_id) VALUES ('a7e89931-dbca-4a6f-bdbb-b42e57f2e7f2', '0d6fe179-e175-454d-ad23-9fd0f5137f5a');
INSERT INTO option_choice (option_id, choice_id) VALUES ('f2fd1a72-0ca7-41a6-ad15-7bc21a02fe73', '0d6fe179-e175-454d-ad23-9fd0f5137f5a');
INSERT INTO option_choice (option_id, choice_id) VALUES ('59c8e6e3-5895-4f0b-ae9e-3bb455a5f6b2', '0d6fe179-e175-454d-ad23-9fd0f5137f5a');
INSERT INTO principal (username, password) VALUES ('interviewee936', 'qwerty');
INSERT INTO interviewee (id, username, age, gender, country, marital_status) VALUES ('08013770-d3c3-4a92-88dd-b384999fb6d9', 'interviewee936', 23, 'female', 'BS', 'married');
INSERT INTO choice (id, questionnaire_id, interviewee_id) VALUES ('b174b5a9-f2d0-431a-841d-8750baf8c0a6', '858287c2-e494-424b-a03f-6b0a55c2fce3', '08013770-d3c3-4a92-88dd-b384999fb6d9');
INSERT INTO option_choice (option_id, choice_id) VALUES ('a7e89931-dbca-4a6f-bdbb-b42e57f2e7f2', 'b174b5a9-f2d0-431a-841d-8750baf8c0a6');
INSERT INTO option_choice (option_id, choice_id) VALUES ('a1e55f7c-aa45-466f-86bb-0d5e262ca0bc', 'b174b5a9-f2d0-431a-841d-8750baf8c0a6');
INSERT INTO option_choice (option_id, choice_id) VALUES ('59c8e6e3-5895-4f0b-ae9e-3bb455a5f6b2', 'b174b5a9-f2d0-431a-841d-8750baf8c0a6');
INSERT INTO choice (id, questionnaire_id, interviewee_id) VALUES ('a43fbb38-573c-45ec-93aa-c15d9ea86c12', '48b4658e-bc90-4bd2-97bb-92484114dfea', '08013770-d3c3-4a92-88dd-b384999fb6d9');
INSERT INTO option_choice (option_id, choice_id) VALUES ('72884dca-8b91-4379-bf2e-f4dbfc8f13cd', 'a43fbb38-573c-45ec-93aa-c15d9ea86c12');
INSERT INTO principal (username, password) VALUES ('interviewee937', 'qwerty');
INSERT INTO interviewee (id, username, age, gender, country, marital_status) VALUES ('a6817c77-eaa2-47df-a6bc-7a0fc60a69b0', 'interviewee937', 64, 'male', 'PH', 'married');
INSERT INTO choice (id, questionnaire_id, interviewee_id) VALUES ('3ab9dd26-a824-4054-a3cb-f37621a58471', '05e2761c-9435-4970-ad6d-245d7a696140', 'a6817c77-eaa2-47df-a6bc-7a0fc60a69b0');
INSERT INTO option_choice (option_id, choice_id) VALUES ('821d408d-9a3b-4716-a443-69cb45197037', '3ab9dd26-a824-4054-a3cb-f37621a58471');
INSERT INTO option_choice (option_id, choice_id) VALUES ('4431f860-831f-4fdf-9dbb-76fbdb1006a1', '3ab9dd26-a824-4054-a3cb-f37621a58471');
INSERT INTO option_choice (option_id, choice_id) VALUES ('cd3191da-899e-4773-b914-291725c8c108', '3ab9dd26-a824-4054-a3cb-f37621a58471');
INSERT INTO choice (id, questionnaire_id, interviewee_id) VALUES ('464654da-f1d4-47b8-b722-043f06e6c4cf', '8e156ed6-1a8b-4fe6-9a58-0f7cbdd6af32', 'a6817c77-eaa2-47df-a6bc-7a0fc60a69b0');
INSERT INTO option_choice (option_id, choice_id) VALUES ('8fdd8f9f-7c9b-45e0-9ac8-45e46fe68791', '464654da-f1d4-47b8-b722-043f06e6c4cf');
INSERT INTO principal (username, password) VALUES ('interviewee938', 'qwerty');
INSERT INTO interviewee (id, username, age, gender, country, marital_status) VALUES ('d938a338-5be8-4eff-8aec-6f8f8e46ed2f', 'interviewee938', 30, 'female', 'AW', 'was_not_married');
INSERT INTO choice (id, questionnaire_id, interviewee_id) VALUES ('2b22b43e-4e99-40bb-9366-f435ef4859a8', '858287c2-e494-424b-a03f-6b0a55c2fce3', 'd938a338-5be8-4eff-8aec-6f8f8e46ed2f');
INSERT INTO option_choice (option_id, choice_id) VALUES ('a1e55f7c-aa45-466f-86bb-0d5e262ca0bc', '2b22b43e-4e99-40bb-9366-f435ef4859a8');
INSERT INTO choice (id, questionnaire_id, interviewee_id) VALUES ('fe91c5fa-959f-423e-9681-f20a079b0641', 'aaacf497-4ae4-46e0-aa2e-27377271bafc', 'd938a338-5be8-4eff-8aec-6f8f8e46ed2f');
INSERT INTO option_choice (option_id, choice_id) VALUES ('4d7025a3-7520-4447-9769-c495cb62415e', 'fe91c5fa-959f-423e-9681-f20a079b0641');
INSERT INTO principal (username, password) VALUES ('interviewee939', 'qwerty');
INSERT INTO interviewee (id, username, age, gender, country, marital_status) VALUES ('5f647d80-5805-468f-a67b-78c3e022aaae', 'interviewee939', 66, 'male', 'BQ', 'divorced');
INSERT INTO choice (id, questionnaire_id, interviewee_id) VALUES ('79b4ef2f-c530-40fe-94f7-c7f100e42079', 'e4d0ba66-5e11-433c-8243-4d890cceaf69', '5f647d80-5805-468f-a67b-78c3e022aaae');
INSERT INTO option_choice (option_id, choice_id) VALUES ('7cfec70e-33b3-4c68-9c38-38cf292cd0f9', '79b4ef2f-c530-40fe-94f7-c7f100e42079');
INSERT INTO principal (username, password) VALUES ('interviewee940', 'qwerty');
INSERT INTO interviewee (id, username, age, gender, country, marital_status) VALUES ('3c3ad83c-6a64-475d-80ac-cc6c35e3be2e', 'interviewee940', 61, 'male', 'CR', 'married');
INSERT INTO choice (id, questionnaire_id, interviewee_id) VALUES ('c89f8857-fe4f-4060-8da8-634fde5aa88d', '173a3ab0-8485-4aa4-8787-a2a4414f992e', '3c3ad83c-6a64-475d-80ac-cc6c35e3be2e');
INSERT INTO option_choice (option_id, choice_id) VALUES ('ce62e0a7-1873-4aa1-a448-2fad3cc888ee', 'c89f8857-fe4f-4060-8da8-634fde5aa88d');
INSERT INTO option_choice (option_id, choice_id) VALUES ('c453fc60-b896-4f66-8dbe-cc55bc42881e', 'c89f8857-fe4f-4060-8da8-634fde5aa88d');
INSERT INTO option_choice (option_id, choice_id) VALUES ('3f698183-af22-44ca-80c1-eb668697e9ea', 'c89f8857-fe4f-4060-8da8-634fde5aa88d');
INSERT INTO option_choice (option_id, choice_id) VALUES ('e03fcb10-1308-44a4-9ce2-e4eaf10452c1', 'c89f8857-fe4f-4060-8da8-634fde5aa88d');
INSERT INTO option_choice (option_id, choice_id) VALUES ('3c8e0934-801c-4afd-98de-7aaf263889f6', 'c89f8857-fe4f-4060-8da8-634fde5aa88d');
INSERT INTO option_choice (option_id, choice_id) VALUES ('bf89350f-11e0-4471-a3a1-95481edf5acd', 'c89f8857-fe4f-4060-8da8-634fde5aa88d');
INSERT INTO option_choice (option_id, choice_id) VALUES ('a477d3c8-db0a-4572-a680-b96fd792dc75', 'c89f8857-fe4f-4060-8da8-634fde5aa88d');
INSERT INTO option_choice (option_id, choice_id) VALUES ('f9a527bc-3f55-40db-b05e-d549f1801594', 'c89f8857-fe4f-4060-8da8-634fde5aa88d');
INSERT INTO choice (id, questionnaire_id, interviewee_id) VALUES ('f5c8e597-f734-488d-a3c3-c641e9bad602', '2519c51c-9863-4531-85ff-a7ddd5ea08b2', '3c3ad83c-6a64-475d-80ac-cc6c35e3be2e');
INSERT INTO option_choice (option_id, choice_id) VALUES ('8c388d58-c24e-468d-9d56-271abc2ab89d', 'f5c8e597-f734-488d-a3c3-c641e9bad602');
INSERT INTO principal (username, password) VALUES ('interviewee941', 'qwerty');
INSERT INTO interviewee (id, username, age, gender, country, marital_status) VALUES ('d5a574a0-571d-4f85-b8f0-f4aea3b8738f', 'interviewee941', 15, 'female', 'LK', 'divorced');
INSERT INTO choice (id, questionnaire_id, interviewee_id) VALUES ('8b2ef156-3f54-40dc-84d4-f6e470faf032', '8e156ed6-1a8b-4fe6-9a58-0f7cbdd6af32', 'd5a574a0-571d-4f85-b8f0-f4aea3b8738f');
INSERT INTO option_choice (option_id, choice_id) VALUES ('f6bf8b45-f0b9-47e2-b46b-2edc8b8541ed', '8b2ef156-3f54-40dc-84d4-f6e470faf032');
INSERT INTO choice (id, questionnaire_id, interviewee_id) VALUES ('dd94f3f3-70b8-4034-8279-0a6af26b7ec8', '747d0763-c99f-47ce-809b-b378d489a158', 'd5a574a0-571d-4f85-b8f0-f4aea3b8738f');
INSERT INTO option_choice (option_id, choice_id) VALUES ('65c86d12-f533-40f5-8dd6-10903d890b10', 'dd94f3f3-70b8-4034-8279-0a6af26b7ec8');
INSERT INTO option_choice (option_id, choice_id) VALUES ('7cc0569f-f362-4ed1-9343-6ffd1369e812', 'dd94f3f3-70b8-4034-8279-0a6af26b7ec8');
INSERT INTO option_choice (option_id, choice_id) VALUES ('2095cf98-27de-4722-93f9-2c09ae6b4ed1', 'dd94f3f3-70b8-4034-8279-0a6af26b7ec8');
INSERT INTO choice (id, questionnaire_id, interviewee_id) VALUES ('a44687b8-cb05-43dc-b301-dbd370c65612', 'aaacf497-4ae4-46e0-aa2e-27377271bafc', 'd5a574a0-571d-4f85-b8f0-f4aea3b8738f');
INSERT INTO option_choice (option_id, choice_id) VALUES ('d4aa64ba-49fd-4d00-9175-a646c1d6d559', 'a44687b8-cb05-43dc-b301-dbd370c65612');
INSERT INTO principal (username, password) VALUES ('interviewee942', 'qwerty');
INSERT INTO interviewee (id, username, age, gender, country, marital_status) VALUES ('02944c47-b4ad-4309-be67-5d33eca702d0', 'interviewee942', 33, 'female', 'MY', 'divorced');
INSERT INTO choice (id, questionnaire_id, interviewee_id) VALUES ('35bbbe81-a10d-4263-8f3b-6769eacf4c70', 'b5c886d7-e86f-4083-958a-cbd232db7a84', '02944c47-b4ad-4309-be67-5d33eca702d0');
INSERT INTO option_choice (option_id, choice_id) VALUES ('c7575671-3918-48d7-bc48-356ad1dd79e9', '35bbbe81-a10d-4263-8f3b-6769eacf4c70');
INSERT INTO principal (username, password) VALUES ('interviewee943', 'qwerty');
INSERT INTO interviewee (id, username, age, gender, country, marital_status) VALUES ('6d3cfda0-a8fc-43e0-80c6-5e22ab2c5ef0', 'interviewee943', 64, 'female', 'EE', 'married');
INSERT INTO choice (id, questionnaire_id, interviewee_id) VALUES ('04aee69b-c41a-411b-840f-7994483afd9a', 'e4d0ba66-5e11-433c-8243-4d890cceaf69', '6d3cfda0-a8fc-43e0-80c6-5e22ab2c5ef0');
INSERT INTO option_choice (option_id, choice_id) VALUES ('cb637eae-3b8f-4d17-81fb-9b271857e55c', '04aee69b-c41a-411b-840f-7994483afd9a');
INSERT INTO option_choice (option_id, choice_id) VALUES ('7cfec70e-33b3-4c68-9c38-38cf292cd0f9', '04aee69b-c41a-411b-840f-7994483afd9a');
INSERT INTO choice (id, questionnaire_id, interviewee_id) VALUES ('5a7e4539-3857-4891-a9ea-b0dd5960e760', '08310229-5370-44f1-8071-5c56f92e3dc5', '6d3cfda0-a8fc-43e0-80c6-5e22ab2c5ef0');
INSERT INTO option_choice (option_id, choice_id) VALUES ('38336259-fa95-40f4-865c-eff171ebbb80', '5a7e4539-3857-4891-a9ea-b0dd5960e760');
INSERT INTO principal (username, password) VALUES ('interviewee944', 'qwerty');
INSERT INTO interviewee (id, username, age, gender, country, marital_status) VALUES ('2577bbd6-44da-4214-a873-0c8097cf67d2', 'interviewee944', 31, 'male', 'SZ', 'married');
INSERT INTO choice (id, questionnaire_id, interviewee_id) VALUES ('b5856a3f-14da-4b28-a374-d44b925b07f2', 'e4d0ba66-5e11-433c-8243-4d890cceaf69', '2577bbd6-44da-4214-a873-0c8097cf67d2');
INSERT INTO option_choice (option_id, choice_id) VALUES ('7cfec70e-33b3-4c68-9c38-38cf292cd0f9', 'b5856a3f-14da-4b28-a374-d44b925b07f2');
INSERT INTO choice (id, questionnaire_id, interviewee_id) VALUES ('80f46ce6-f896-43bf-bd7f-a9720f33fa97', 'aaacf497-4ae4-46e0-aa2e-27377271bafc', '2577bbd6-44da-4214-a873-0c8097cf67d2');
INSERT INTO option_choice (option_id, choice_id) VALUES ('de1098e4-e0b7-4df4-890a-1958a8d5d465', '80f46ce6-f896-43bf-bd7f-a9720f33fa97');
INSERT INTO choice (id, questionnaire_id, interviewee_id) VALUES ('0bb7fd09-5a0b-4647-bb54-bbb6cc9d4a8b', '8e156ed6-1a8b-4fe6-9a58-0f7cbdd6af32', '2577bbd6-44da-4214-a873-0c8097cf67d2');
INSERT INTO option_choice (option_id, choice_id) VALUES ('33a991d7-269a-4418-b89c-82e5467a34ad', '0bb7fd09-5a0b-4647-bb54-bbb6cc9d4a8b');
INSERT INTO principal (username, password) VALUES ('interviewee945', 'qwerty');
INSERT INTO interviewee (id, username, age, gender, country, marital_status) VALUES ('024efc7d-7493-4b17-aff4-731e62230f09', 'interviewee945', 23, 'female', 'HT', 'divorced');
INSERT INTO choice (id, questionnaire_id, interviewee_id) VALUES ('e3d10bb1-4ca4-4364-945c-669d57f9f530', 'c6dd214b-43b7-401f-afe6-a5ab0d2d7767', '024efc7d-7493-4b17-aff4-731e62230f09');
INSERT INTO option_choice (option_id, choice_id) VALUES ('9d2a2dd1-7979-48a6-a0b7-3de8fdea75b6', 'e3d10bb1-4ca4-4364-945c-669d57f9f530');
INSERT INTO principal (username, password) VALUES ('interviewee946', 'qwerty');
INSERT INTO interviewee (id, username, age, gender, country, marital_status) VALUES ('94cd8960-f1ca-4d9d-b2ce-157a53ad7a95', 'interviewee946', 55, 'female', 'CA', 'was_not_married');
INSERT INTO choice (id, questionnaire_id, interviewee_id) VALUES ('501e9dde-7bd8-4b21-8c11-2dbc4b01e61e', '08310229-5370-44f1-8071-5c56f92e3dc5', '94cd8960-f1ca-4d9d-b2ce-157a53ad7a95');
INSERT INTO option_choice (option_id, choice_id) VALUES ('7197ba86-c78b-43c4-bd28-4635a7094531', '501e9dde-7bd8-4b21-8c11-2dbc4b01e61e');
INSERT INTO principal (username, password) VALUES ('interviewee947', 'qwerty');
INSERT INTO interviewee (id, username, age, gender, country, marital_status) VALUES ('ce4999aa-923c-4626-a017-9cd150de285c', 'interviewee947', 43, 'male', 'KN', 'married');
INSERT INTO choice (id, questionnaire_id, interviewee_id) VALUES ('d8948267-22cf-414b-af36-28bb33cd605e', '747d0763-c99f-47ce-809b-b378d489a158', 'ce4999aa-923c-4626-a017-9cd150de285c');
INSERT INTO option_choice (option_id, choice_id) VALUES ('65c86d12-f533-40f5-8dd6-10903d890b10', 'd8948267-22cf-414b-af36-28bb33cd605e');
INSERT INTO option_choice (option_id, choice_id) VALUES ('2095cf98-27de-4722-93f9-2c09ae6b4ed1', 'd8948267-22cf-414b-af36-28bb33cd605e');
INSERT INTO option_choice (option_id, choice_id) VALUES ('7cc0569f-f362-4ed1-9343-6ffd1369e812', 'd8948267-22cf-414b-af36-28bb33cd605e');
INSERT INTO choice (id, questionnaire_id, interviewee_id) VALUES ('e7e04d25-60c3-445d-be86-59491e7dc5f0', '173a3ab0-8485-4aa4-8787-a2a4414f992e', 'ce4999aa-923c-4626-a017-9cd150de285c');
INSERT INTO option_choice (option_id, choice_id) VALUES ('bf89350f-11e0-4471-a3a1-95481edf5acd', 'e7e04d25-60c3-445d-be86-59491e7dc5f0');
INSERT INTO option_choice (option_id, choice_id) VALUES ('3f698183-af22-44ca-80c1-eb668697e9ea', 'e7e04d25-60c3-445d-be86-59491e7dc5f0');
INSERT INTO option_choice (option_id, choice_id) VALUES ('f9a527bc-3f55-40db-b05e-d549f1801594', 'e7e04d25-60c3-445d-be86-59491e7dc5f0');
INSERT INTO option_choice (option_id, choice_id) VALUES ('c453fc60-b896-4f66-8dbe-cc55bc42881e', 'e7e04d25-60c3-445d-be86-59491e7dc5f0');
INSERT INTO option_choice (option_id, choice_id) VALUES ('a477d3c8-db0a-4572-a680-b96fd792dc75', 'e7e04d25-60c3-445d-be86-59491e7dc5f0');
INSERT INTO option_choice (option_id, choice_id) VALUES ('ce62e0a7-1873-4aa1-a448-2fad3cc888ee', 'e7e04d25-60c3-445d-be86-59491e7dc5f0');
INSERT INTO option_choice (option_id, choice_id) VALUES ('e03fcb10-1308-44a4-9ce2-e4eaf10452c1', 'e7e04d25-60c3-445d-be86-59491e7dc5f0');
INSERT INTO option_choice (option_id, choice_id) VALUES ('3c8e0934-801c-4afd-98de-7aaf263889f6', 'e7e04d25-60c3-445d-be86-59491e7dc5f0');
INSERT INTO choice (id, questionnaire_id, interviewee_id) VALUES ('1569df29-5c99-44a1-887d-ba64e609a343', '49c46fd6-2111-4ef5-8b91-9ee67132426d', 'ce4999aa-923c-4626-a017-9cd150de285c');
INSERT INTO option_choice (option_id, choice_id) VALUES ('82dcd7e2-d76d-47ad-b352-0b1d6482c730', '1569df29-5c99-44a1-887d-ba64e609a343');
INSERT INTO principal (username, password) VALUES ('interviewee948', 'qwerty');
INSERT INTO interviewee (id, username, age, gender, country, marital_status) VALUES ('d086e38f-3970-4847-aa64-804946b07415', 'interviewee948', 36, 'female', 'AO', 'divorced');
INSERT INTO choice (id, questionnaire_id, interviewee_id) VALUES ('3741e90e-656f-4b7f-8c26-5dcc4d38a165', '173a3ab0-8485-4aa4-8787-a2a4414f992e', 'd086e38f-3970-4847-aa64-804946b07415');
INSERT INTO option_choice (option_id, choice_id) VALUES ('c453fc60-b896-4f66-8dbe-cc55bc42881e', '3741e90e-656f-4b7f-8c26-5dcc4d38a165');
INSERT INTO option_choice (option_id, choice_id) VALUES ('3c8e0934-801c-4afd-98de-7aaf263889f6', '3741e90e-656f-4b7f-8c26-5dcc4d38a165');
INSERT INTO option_choice (option_id, choice_id) VALUES ('e03fcb10-1308-44a4-9ce2-e4eaf10452c1', '3741e90e-656f-4b7f-8c26-5dcc4d38a165');
INSERT INTO option_choice (option_id, choice_id) VALUES ('ce62e0a7-1873-4aa1-a448-2fad3cc888ee', '3741e90e-656f-4b7f-8c26-5dcc4d38a165');
INSERT INTO option_choice (option_id, choice_id) VALUES ('3f698183-af22-44ca-80c1-eb668697e9ea', '3741e90e-656f-4b7f-8c26-5dcc4d38a165');
INSERT INTO choice (id, questionnaire_id, interviewee_id) VALUES ('69746779-3add-42b8-bd35-d9775093919c', '858287c2-e494-424b-a03f-6b0a55c2fce3', 'd086e38f-3970-4847-aa64-804946b07415');
INSERT INTO option_choice (option_id, choice_id) VALUES ('a1e55f7c-aa45-466f-86bb-0d5e262ca0bc', '69746779-3add-42b8-bd35-d9775093919c');
INSERT INTO option_choice (option_id, choice_id) VALUES ('a7e89931-dbca-4a6f-bdbb-b42e57f2e7f2', '69746779-3add-42b8-bd35-d9775093919c');
INSERT INTO option_choice (option_id, choice_id) VALUES ('59c8e6e3-5895-4f0b-ae9e-3bb455a5f6b2', '69746779-3add-42b8-bd35-d9775093919c');
INSERT INTO principal (username, password) VALUES ('interviewee949', 'qwerty');
INSERT INTO interviewee (id, username, age, gender, country, marital_status) VALUES ('d9366804-9fd2-45f3-a94b-28a066f7d99f', 'interviewee949', 55, 'female', 'TD', 'divorced');
INSERT INTO choice (id, questionnaire_id, interviewee_id) VALUES ('65c90522-6844-453e-9ca8-1e7d316e8688', '08310229-5370-44f1-8071-5c56f92e3dc5', 'd9366804-9fd2-45f3-a94b-28a066f7d99f');
INSERT INTO option_choice (option_id, choice_id) VALUES ('996311da-bd48-491d-b381-d19b001465c4', '65c90522-6844-453e-9ca8-1e7d316e8688');
INSERT INTO choice (id, questionnaire_id, interviewee_id) VALUES ('1698a83f-5aef-4ce3-bd3e-a211398aeeb9', '407203dd-9657-46e6-975f-3be5d664dd2a', 'd9366804-9fd2-45f3-a94b-28a066f7d99f');
INSERT INTO option_choice (option_id, choice_id) VALUES ('ec3a75fb-52ee-48b8-a136-1c4ef02978e8', '1698a83f-5aef-4ce3-bd3e-a211398aeeb9');
INSERT INTO choice (id, questionnaire_id, interviewee_id) VALUES ('c6a54767-794d-425c-b147-bd55c6a526e0', '05e2761c-9435-4970-ad6d-245d7a696140', 'd9366804-9fd2-45f3-a94b-28a066f7d99f');
INSERT INTO option_choice (option_id, choice_id) VALUES ('cd3191da-899e-4773-b914-291725c8c108', 'c6a54767-794d-425c-b147-bd55c6a526e0');
INSERT INTO option_choice (option_id, choice_id) VALUES ('26fa513d-ade2-4822-81ac-a6d8dc123679', 'c6a54767-794d-425c-b147-bd55c6a526e0');
INSERT INTO principal (username, password) VALUES ('interviewee950', 'qwerty');
INSERT INTO interviewee (id, username, age, gender, country, marital_status) VALUES ('a38f9d20-3007-433a-905d-372aaa715d51', 'interviewee950', 51, 'male', 'RW', 'married');
INSERT INTO choice (id, questionnaire_id, interviewee_id) VALUES ('1e976c31-2391-453f-971a-0fd7aa41a5f8', '51436662-4eca-40ce-b552-b1c7486cf609', 'a38f9d20-3007-433a-905d-372aaa715d51');
INSERT INTO option_choice (option_id, choice_id) VALUES ('e4c4b240-61c9-4253-a93b-9a7768fbfe3f', '1e976c31-2391-453f-971a-0fd7aa41a5f8');
INSERT INTO principal (username, password) VALUES ('interviewee951', 'qwerty');
INSERT INTO interviewee (id, username, age, gender, country, marital_status) VALUES ('1cc6058c-ffde-4bcb-8622-5537e3729c7b', 'interviewee951', 69, 'female', 'MG', 'was_not_married');
INSERT INTO choice (id, questionnaire_id, interviewee_id) VALUES ('baee3926-57cf-4be5-99ac-8918fe710594', '858287c2-e494-424b-a03f-6b0a55c2fce3', '1cc6058c-ffde-4bcb-8622-5537e3729c7b');
INSERT INTO option_choice (option_id, choice_id) VALUES ('59c8e6e3-5895-4f0b-ae9e-3bb455a5f6b2', 'baee3926-57cf-4be5-99ac-8918fe710594');
INSERT INTO option_choice (option_id, choice_id) VALUES ('a7e89931-dbca-4a6f-bdbb-b42e57f2e7f2', 'baee3926-57cf-4be5-99ac-8918fe710594');
INSERT INTO option_choice (option_id, choice_id) VALUES ('f2fd1a72-0ca7-41a6-ad15-7bc21a02fe73', 'baee3926-57cf-4be5-99ac-8918fe710594');
INSERT INTO option_choice (option_id, choice_id) VALUES ('a1e55f7c-aa45-466f-86bb-0d5e262ca0bc', 'baee3926-57cf-4be5-99ac-8918fe710594');
INSERT INTO principal (username, password) VALUES ('interviewee952', 'qwerty');
INSERT INTO interviewee (id, username, age, gender, country, marital_status) VALUES ('3ec1b0b5-9338-46a7-acc4-25e422b724e7', 'interviewee952', 57, 'female', 'HK', 'divorced');
INSERT INTO choice (id, questionnaire_id, interviewee_id) VALUES ('ef957e74-daec-4599-a690-6e5cef4c6f15', '4a4f7cbc-8533-42b3-923b-6b4309f53c64', '3ec1b0b5-9338-46a7-acc4-25e422b724e7');
INSERT INTO option_choice (option_id, choice_id) VALUES ('655a67a1-3c81-4e22-99c2-2b849fa8c564', 'ef957e74-daec-4599-a690-6e5cef4c6f15');
INSERT INTO principal (username, password) VALUES ('interviewee953', 'qwerty');
INSERT INTO interviewee (id, username, age, gender, country, marital_status) VALUES ('0eac9cdb-08f0-4f8c-858f-848973423a20', 'interviewee953', 63, 'male', 'AW', 'married');
INSERT INTO choice (id, questionnaire_id, interviewee_id) VALUES ('ff469cd7-1d25-4cf3-ae23-166c593ddca9', '08310229-5370-44f1-8071-5c56f92e3dc5', '0eac9cdb-08f0-4f8c-858f-848973423a20');
INSERT INTO option_choice (option_id, choice_id) VALUES ('38336259-fa95-40f4-865c-eff171ebbb80', 'ff469cd7-1d25-4cf3-ae23-166c593ddca9');
INSERT INTO choice (id, questionnaire_id, interviewee_id) VALUES ('65c320ff-4787-4c56-a7b0-0dd644a5ffd7', '747d0763-c99f-47ce-809b-b378d489a158', '0eac9cdb-08f0-4f8c-858f-848973423a20');
INSERT INTO option_choice (option_id, choice_id) VALUES ('65c86d12-f533-40f5-8dd6-10903d890b10', '65c320ff-4787-4c56-a7b0-0dd644a5ffd7');
INSERT INTO option_choice (option_id, choice_id) VALUES ('7cc0569f-f362-4ed1-9343-6ffd1369e812', '65c320ff-4787-4c56-a7b0-0dd644a5ffd7');
INSERT INTO principal (username, password) VALUES ('interviewee954', 'qwerty');
INSERT INTO interviewee (id, username, age, gender, country, marital_status) VALUES ('faa56c0c-11e7-463d-94dd-1a203e0edd81', 'interviewee954', 32, 'male', 'MZ', 'was_not_married');
INSERT INTO choice (id, questionnaire_id, interviewee_id) VALUES ('fee09526-058d-4ddf-ba58-1175ec00c501', '2519c51c-9863-4531-85ff-a7ddd5ea08b2', 'faa56c0c-11e7-463d-94dd-1a203e0edd81');
INSERT INTO option_choice (option_id, choice_id) VALUES ('a3b534e4-0e3d-437c-94bf-14e57f299a2c', 'fee09526-058d-4ddf-ba58-1175ec00c501');
INSERT INTO principal (username, password) VALUES ('interviewee955', 'qwerty');
INSERT INTO interviewee (id, username, age, gender, country, marital_status) VALUES ('2a78bfb8-21f7-470e-847b-6d5af85b9919', 'interviewee955', 29, 'male', 'ES', 'divorced');
INSERT INTO choice (id, questionnaire_id, interviewee_id) VALUES ('23fee363-abbd-410d-9a6f-a7b0158a76a8', 'c6dd214b-43b7-401f-afe6-a5ab0d2d7767', '2a78bfb8-21f7-470e-847b-6d5af85b9919');
INSERT INTO option_choice (option_id, choice_id) VALUES ('17ceef0b-83da-42ec-a82c-9090a9be74af', '23fee363-abbd-410d-9a6f-a7b0158a76a8');
INSERT INTO principal (username, password) VALUES ('interviewee956', 'qwerty');
INSERT INTO interviewee (id, username, age, gender, country, marital_status) VALUES ('2bd5badf-8459-480f-86c8-dc6c1679a73f', 'interviewee956', 63, 'male', 'UM', 'married');
INSERT INTO choice (id, questionnaire_id, interviewee_id) VALUES ('bc45f3d6-62a0-491e-aa48-71b42d26ad12', '05e2761c-9435-4970-ad6d-245d7a696140', '2bd5badf-8459-480f-86c8-dc6c1679a73f');
INSERT INTO option_choice (option_id, choice_id) VALUES ('26fa513d-ade2-4822-81ac-a6d8dc123679', 'bc45f3d6-62a0-491e-aa48-71b42d26ad12');
INSERT INTO option_choice (option_id, choice_id) VALUES ('821d408d-9a3b-4716-a443-69cb45197037', 'bc45f3d6-62a0-491e-aa48-71b42d26ad12');
INSERT INTO option_choice (option_id, choice_id) VALUES ('ee58bf05-12ff-45e4-b7e9-d37a70181de4', 'bc45f3d6-62a0-491e-aa48-71b42d26ad12');
INSERT INTO option_choice (option_id, choice_id) VALUES ('cd3191da-899e-4773-b914-291725c8c108', 'bc45f3d6-62a0-491e-aa48-71b42d26ad12');
INSERT INTO option_choice (option_id, choice_id) VALUES ('4431f860-831f-4fdf-9dbb-76fbdb1006a1', 'bc45f3d6-62a0-491e-aa48-71b42d26ad12');
INSERT INTO choice (id, questionnaire_id, interviewee_id) VALUES ('b163d225-c50a-43d2-9ea3-0500b3421e5c', '51436662-4eca-40ce-b552-b1c7486cf609', '2bd5badf-8459-480f-86c8-dc6c1679a73f');
INSERT INTO option_choice (option_id, choice_id) VALUES ('e4c4b240-61c9-4253-a93b-9a7768fbfe3f', 'b163d225-c50a-43d2-9ea3-0500b3421e5c');
INSERT INTO principal (username, password) VALUES ('interviewee957', 'qwerty');
INSERT INTO interviewee (id, username, age, gender, country, marital_status) VALUES ('504f75d8-e418-4513-88ef-bd9846736919', 'interviewee957', 29, 'male', 'MW', 'divorced');
INSERT INTO choice (id, questionnaire_id, interviewee_id) VALUES ('d2e47994-1c3b-4b8d-88df-8be6cd52c6f6', 'b5c886d7-e86f-4083-958a-cbd232db7a84', '504f75d8-e418-4513-88ef-bd9846736919');
INSERT INTO option_choice (option_id, choice_id) VALUES ('a446338d-133a-407b-9bd1-520fe1043ec3', 'd2e47994-1c3b-4b8d-88df-8be6cd52c6f6');
INSERT INTO principal (username, password) VALUES ('interviewee958', 'qwerty');
INSERT INTO interviewee (id, username, age, gender, country, marital_status) VALUES ('19b36a6b-11fb-4cc8-a16a-49de61dc927a', 'interviewee958', 57, 'male', 'KH', 'divorced');
INSERT INTO choice (id, questionnaire_id, interviewee_id) VALUES ('7a48392b-c304-433d-8254-832fa07d0cb8', 'e20dbb22-091f-4137-8450-fdeaea74363f', '19b36a6b-11fb-4cc8-a16a-49de61dc927a');
INSERT INTO option_choice (option_id, choice_id) VALUES ('946ecf06-2d9f-4fe5-b2b7-64c51a5fdf06', '7a48392b-c304-433d-8254-832fa07d0cb8');
INSERT INTO option_choice (option_id, choice_id) VALUES ('4bd78eb1-72bb-47fa-8b7c-4cc826f39edd', '7a48392b-c304-433d-8254-832fa07d0cb8');
INSERT INTO choice (id, questionnaire_id, interviewee_id) VALUES ('fa647328-f8f2-4c50-87f6-69ce6d04c8e1', '08310229-5370-44f1-8071-5c56f92e3dc5', '19b36a6b-11fb-4cc8-a16a-49de61dc927a');
INSERT INTO option_choice (option_id, choice_id) VALUES ('996311da-bd48-491d-b381-d19b001465c4', 'fa647328-f8f2-4c50-87f6-69ce6d04c8e1');
INSERT INTO principal (username, password) VALUES ('interviewee959', 'qwerty');
INSERT INTO interviewee (id, username, age, gender, country, marital_status) VALUES ('2234ceda-5585-4944-9e70-c22a5b298a21', 'interviewee959', 49, 'female', 'BR', 'was_not_married');
INSERT INTO choice (id, questionnaire_id, interviewee_id) VALUES ('a5303cdd-d359-41fc-9aca-2d117c56364a', 'e20dbb22-091f-4137-8450-fdeaea74363f', '2234ceda-5585-4944-9e70-c22a5b298a21');
INSERT INTO option_choice (option_id, choice_id) VALUES ('a572f3cf-b3ba-491a-9687-6cee662749f1', 'a5303cdd-d359-41fc-9aca-2d117c56364a');
INSERT INTO option_choice (option_id, choice_id) VALUES ('ff3c7a97-70db-4404-b85b-274707745879', 'a5303cdd-d359-41fc-9aca-2d117c56364a');
INSERT INTO option_choice (option_id, choice_id) VALUES ('4bd78eb1-72bb-47fa-8b7c-4cc826f39edd', 'a5303cdd-d359-41fc-9aca-2d117c56364a');
INSERT INTO choice (id, questionnaire_id, interviewee_id) VALUES ('32318348-5b94-47ec-a3b8-db9afde77568', '5b0a67f5-cbf2-4fde-b526-fd512ff68e24', '2234ceda-5585-4944-9e70-c22a5b298a21');
INSERT INTO option_choice (option_id, choice_id) VALUES ('97aa1845-210d-4e42-8c05-737698b0c66c', '32318348-5b94-47ec-a3b8-db9afde77568');
INSERT INTO principal (username, password) VALUES ('interviewee960', 'qwerty');
INSERT INTO interviewee (id, username, age, gender, country, marital_status) VALUES ('11bec96c-a73e-4770-8803-42514efe78b9', 'interviewee960', 29, 'male', 'BY', 'divorced');
INSERT INTO choice (id, questionnaire_id, interviewee_id) VALUES ('d7681459-c9a5-4e56-92b6-cb05ce0e579f', '81a3f075-1324-4e67-90a5-493fe3324435', '11bec96c-a73e-4770-8803-42514efe78b9');
INSERT INTO option_choice (option_id, choice_id) VALUES ('7b2bd172-1566-440a-81d8-f9b2fb43f8fc', 'd7681459-c9a5-4e56-92b6-cb05ce0e579f');
INSERT INTO option_choice (option_id, choice_id) VALUES ('a1737a4b-bfa2-4208-a103-ca4bea3afaaf', 'd7681459-c9a5-4e56-92b6-cb05ce0e579f');
INSERT INTO choice (id, questionnaire_id, interviewee_id) VALUES ('8241d358-c186-4882-b3fd-f4ef7f87fb86', 'c6dd214b-43b7-401f-afe6-a5ab0d2d7767', '11bec96c-a73e-4770-8803-42514efe78b9');
INSERT INTO option_choice (option_id, choice_id) VALUES ('17ceef0b-83da-42ec-a82c-9090a9be74af', '8241d358-c186-4882-b3fd-f4ef7f87fb86');
INSERT INTO option_choice (option_id, choice_id) VALUES ('069a6758-231c-4064-8e44-a0db84e86a21', '8241d358-c186-4882-b3fd-f4ef7f87fb86');
INSERT INTO option_choice (option_id, choice_id) VALUES ('c134384c-5eda-4957-9883-b965681b9fef', '8241d358-c186-4882-b3fd-f4ef7f87fb86');
INSERT INTO choice (id, questionnaire_id, interviewee_id) VALUES ('bb03fe87-f10d-4068-b30e-478c703a00f3', 'e4d0ba66-5e11-433c-8243-4d890cceaf69', '11bec96c-a73e-4770-8803-42514efe78b9');
INSERT INTO option_choice (option_id, choice_id) VALUES ('7cfec70e-33b3-4c68-9c38-38cf292cd0f9', 'bb03fe87-f10d-4068-b30e-478c703a00f3');
INSERT INTO principal (username, password) VALUES ('interviewee961', 'qwerty');
INSERT INTO interviewee (id, username, age, gender, country, marital_status) VALUES ('506596e9-37c6-4d88-9e31-8deb0fd046f2', 'interviewee961', 60, 'male', 'UA', 'divorced');
INSERT INTO choice (id, questionnaire_id, interviewee_id) VALUES ('ef923525-dc46-4dca-af5f-56c488ad6d51', 'e4d0ba66-5e11-433c-8243-4d890cceaf69', '506596e9-37c6-4d88-9e31-8deb0fd046f2');
INSERT INTO option_choice (option_id, choice_id) VALUES ('7cfec70e-33b3-4c68-9c38-38cf292cd0f9', 'ef923525-dc46-4dca-af5f-56c488ad6d51');
INSERT INTO choice (id, questionnaire_id, interviewee_id) VALUES ('6bd7a7e7-4b4a-4336-b549-9708e73f8742', '05e2761c-9435-4970-ad6d-245d7a696140', '506596e9-37c6-4d88-9e31-8deb0fd046f2');
INSERT INTO option_choice (option_id, choice_id) VALUES ('821d408d-9a3b-4716-a443-69cb45197037', '6bd7a7e7-4b4a-4336-b549-9708e73f8742');
INSERT INTO option_choice (option_id, choice_id) VALUES ('4431f860-831f-4fdf-9dbb-76fbdb1006a1', '6bd7a7e7-4b4a-4336-b549-9708e73f8742');
INSERT INTO option_choice (option_id, choice_id) VALUES ('26fa513d-ade2-4822-81ac-a6d8dc123679', '6bd7a7e7-4b4a-4336-b549-9708e73f8742');
INSERT INTO option_choice (option_id, choice_id) VALUES ('cd3191da-899e-4773-b914-291725c8c108', '6bd7a7e7-4b4a-4336-b549-9708e73f8742');
INSERT INTO principal (username, password) VALUES ('interviewee962', 'qwerty');
INSERT INTO interviewee (id, username, age, gender, country, marital_status) VALUES ('f217eec4-1eac-4cd0-b366-605cec5e0d9b', 'interviewee962', 21, 'male', 'AL', 'divorced');
INSERT INTO choice (id, questionnaire_id, interviewee_id) VALUES ('4eb7d5eb-4919-4d4a-973c-404e14b5a74d', '407203dd-9657-46e6-975f-3be5d664dd2a', 'f217eec4-1eac-4cd0-b366-605cec5e0d9b');
INSERT INTO option_choice (option_id, choice_id) VALUES ('048db851-6d32-476c-9654-e8b6208eabda', '4eb7d5eb-4919-4d4a-973c-404e14b5a74d');
INSERT INTO choice (id, questionnaire_id, interviewee_id) VALUES ('b55385e1-0c0e-4b9c-a21d-a1ceca600c22', '49c46fd6-2111-4ef5-8b91-9ee67132426d', 'f217eec4-1eac-4cd0-b366-605cec5e0d9b');
INSERT INTO option_choice (option_id, choice_id) VALUES ('0e4a5f7a-a4f3-45f1-8f7c-34efd574414b', 'b55385e1-0c0e-4b9c-a21d-a1ceca600c22');
INSERT INTO choice (id, questionnaire_id, interviewee_id) VALUES ('1b16d43b-adc3-4759-941e-2971d69735cf', 'e20dbb22-091f-4137-8450-fdeaea74363f', 'f217eec4-1eac-4cd0-b366-605cec5e0d9b');
INSERT INTO option_choice (option_id, choice_id) VALUES ('946ecf06-2d9f-4fe5-b2b7-64c51a5fdf06', '1b16d43b-adc3-4759-941e-2971d69735cf');
INSERT INTO option_choice (option_id, choice_id) VALUES ('b09da84d-7533-40da-b486-a820b6b7c110', '1b16d43b-adc3-4759-941e-2971d69735cf');
INSERT INTO principal (username, password) VALUES ('interviewee963', 'qwerty');
INSERT INTO interviewee (id, username, age, gender, country, marital_status) VALUES ('2d50c20c-8692-43e9-90c1-795c36f609d9', 'interviewee963', 43, 'male', 'SL', 'married');
INSERT INTO choice (id, questionnaire_id, interviewee_id) VALUES ('662044ae-23bd-41e2-9d13-54be3b524552', '49c46fd6-2111-4ef5-8b91-9ee67132426d', '2d50c20c-8692-43e9-90c1-795c36f609d9');
INSERT INTO option_choice (option_id, choice_id) VALUES ('210da814-c19f-4c77-ba7b-e598584d62e4', '662044ae-23bd-41e2-9d13-54be3b524552');
INSERT INTO principal (username, password) VALUES ('interviewee964', 'qwerty');
INSERT INTO interviewee (id, username, age, gender, country, marital_status) VALUES ('d38ef37f-8439-4e2f-aace-561515ecbe55', 'interviewee964', 37, 'female', 'NI', 'divorced');
INSERT INTO choice (id, questionnaire_id, interviewee_id) VALUES ('a3669c7c-25a7-4d65-8863-dbf2f6470965', '173a3ab0-8485-4aa4-8787-a2a4414f992e', 'd38ef37f-8439-4e2f-aace-561515ecbe55');
INSERT INTO option_choice (option_id, choice_id) VALUES ('f9a527bc-3f55-40db-b05e-d549f1801594', 'a3669c7c-25a7-4d65-8863-dbf2f6470965');
INSERT INTO choice (id, questionnaire_id, interviewee_id) VALUES ('b5c49d1f-056e-41bb-9192-1e307b54f6a9', '49c46fd6-2111-4ef5-8b91-9ee67132426d', 'd38ef37f-8439-4e2f-aace-561515ecbe55');
INSERT INTO option_choice (option_id, choice_id) VALUES ('210da814-c19f-4c77-ba7b-e598584d62e4', 'b5c49d1f-056e-41bb-9192-1e307b54f6a9');
INSERT INTO principal (username, password) VALUES ('interviewee965', 'qwerty');
INSERT INTO interviewee (id, username, age, gender, country, marital_status) VALUES ('f17d8e64-3abe-4d9d-a133-5a58571963ac', 'interviewee965', 50, 'male', 'KP', 'was_not_married');
INSERT INTO choice (id, questionnaire_id, interviewee_id) VALUES ('48e1b239-00fe-4cca-a57e-35c0a034b2d0', '49c46fd6-2111-4ef5-8b91-9ee67132426d', 'f17d8e64-3abe-4d9d-a133-5a58571963ac');
INSERT INTO option_choice (option_id, choice_id) VALUES ('82dcd7e2-d76d-47ad-b352-0b1d6482c730', '48e1b239-00fe-4cca-a57e-35c0a034b2d0');
INSERT INTO choice (id, questionnaire_id, interviewee_id) VALUES ('30a4cc5e-c721-426b-874e-e0349db4c2cd', '858287c2-e494-424b-a03f-6b0a55c2fce3', 'f17d8e64-3abe-4d9d-a133-5a58571963ac');
INSERT INTO option_choice (option_id, choice_id) VALUES ('a1e55f7c-aa45-466f-86bb-0d5e262ca0bc', '30a4cc5e-c721-426b-874e-e0349db4c2cd');
INSERT INTO option_choice (option_id, choice_id) VALUES ('f2fd1a72-0ca7-41a6-ad15-7bc21a02fe73', '30a4cc5e-c721-426b-874e-e0349db4c2cd');
INSERT INTO option_choice (option_id, choice_id) VALUES ('59c8e6e3-5895-4f0b-ae9e-3bb455a5f6b2', '30a4cc5e-c721-426b-874e-e0349db4c2cd');
INSERT INTO option_choice (option_id, choice_id) VALUES ('a7e89931-dbca-4a6f-bdbb-b42e57f2e7f2', '30a4cc5e-c721-426b-874e-e0349db4c2cd');
INSERT INTO choice (id, questionnaire_id, interviewee_id) VALUES ('9c8729d8-98e1-490f-ac07-e51237e8733d', '4a4f7cbc-8533-42b3-923b-6b4309f53c64', 'f17d8e64-3abe-4d9d-a133-5a58571963ac');
INSERT INTO option_choice (option_id, choice_id) VALUES ('655a67a1-3c81-4e22-99c2-2b849fa8c564', '9c8729d8-98e1-490f-ac07-e51237e8733d');
INSERT INTO principal (username, password) VALUES ('interviewee966', 'qwerty');
INSERT INTO interviewee (id, username, age, gender, country, marital_status) VALUES ('72aba29a-58c2-48cc-933e-4d3ee015605e', 'interviewee966', 64, 'female', 'GI', 'was_not_married');
INSERT INTO choice (id, questionnaire_id, interviewee_id) VALUES ('5a657a02-05a3-43bc-a651-3058eed435d2', '08310229-5370-44f1-8071-5c56f92e3dc5', '72aba29a-58c2-48cc-933e-4d3ee015605e');
INSERT INTO option_choice (option_id, choice_id) VALUES ('fc94d716-ca6a-45f3-8cbb-afd6a3ea72a3', '5a657a02-05a3-43bc-a651-3058eed435d2');
INSERT INTO choice (id, questionnaire_id, interviewee_id) VALUES ('94a0c117-ab00-4ade-91bd-9b9e7613bb48', 'e4d0ba66-5e11-433c-8243-4d890cceaf69', '72aba29a-58c2-48cc-933e-4d3ee015605e');
INSERT INTO option_choice (option_id, choice_id) VALUES ('7cfec70e-33b3-4c68-9c38-38cf292cd0f9', '94a0c117-ab00-4ade-91bd-9b9e7613bb48');
INSERT INTO option_choice (option_id, choice_id) VALUES ('cb637eae-3b8f-4d17-81fb-9b271857e55c', '94a0c117-ab00-4ade-91bd-9b9e7613bb48');
INSERT INTO principal (username, password) VALUES ('interviewee967', 'qwerty');
INSERT INTO interviewee (id, username, age, gender, country, marital_status) VALUES ('1268d03e-35bf-4099-8eff-9cf54d63a439', 'interviewee967', 58, 'female', 'MU', 'married');
INSERT INTO choice (id, questionnaire_id, interviewee_id) VALUES ('ad3ab49c-c407-4c1e-bf91-3e5ea937a1e0', 'aaacf497-4ae4-46e0-aa2e-27377271bafc', '1268d03e-35bf-4099-8eff-9cf54d63a439');
INSERT INTO option_choice (option_id, choice_id) VALUES ('d4aa64ba-49fd-4d00-9175-a646c1d6d559', 'ad3ab49c-c407-4c1e-bf91-3e5ea937a1e0');
INSERT INTO choice (id, questionnaire_id, interviewee_id) VALUES ('17a56a3c-7ace-4ffa-9b77-97247bf32d8a', '5b0a67f5-cbf2-4fde-b526-fd512ff68e24', '1268d03e-35bf-4099-8eff-9cf54d63a439');
INSERT INTO option_choice (option_id, choice_id) VALUES ('a8cdd5b8-35f3-4a35-a54f-11129d88f64d', '17a56a3c-7ace-4ffa-9b77-97247bf32d8a');
INSERT INTO choice (id, questionnaire_id, interviewee_id) VALUES ('601d835f-b60b-4c7a-9376-67a83b378783', 'e4d0ba66-5e11-433c-8243-4d890cceaf69', '1268d03e-35bf-4099-8eff-9cf54d63a439');
INSERT INTO option_choice (option_id, choice_id) VALUES ('cb637eae-3b8f-4d17-81fb-9b271857e55c', '601d835f-b60b-4c7a-9376-67a83b378783');
INSERT INTO option_choice (option_id, choice_id) VALUES ('7cfec70e-33b3-4c68-9c38-38cf292cd0f9', '601d835f-b60b-4c7a-9376-67a83b378783');
INSERT INTO principal (username, password) VALUES ('interviewee968', 'qwerty');
INSERT INTO interviewee (id, username, age, gender, country, marital_status) VALUES ('e9041be8-bf7a-4e42-b524-fc8974c6d41d', 'interviewee968', 41, 'male', 'KW', 'divorced');
INSERT INTO choice (id, questionnaire_id, interviewee_id) VALUES ('35d80077-b4ba-42b6-8045-234a0d7f00a2', 'b5c886d7-e86f-4083-958a-cbd232db7a84', 'e9041be8-bf7a-4e42-b524-fc8974c6d41d');
INSERT INTO option_choice (option_id, choice_id) VALUES ('bbe6d273-ce07-449f-a3eb-96165f0d7b7d', '35d80077-b4ba-42b6-8045-234a0d7f00a2');
INSERT INTO principal (username, password) VALUES ('interviewee969', 'qwerty');
INSERT INTO interviewee (id, username, age, gender, country, marital_status) VALUES ('6c5fce85-1d35-4246-965f-a78f2ad93999', 'interviewee969', 29, 'female', 'UM', 'divorced');
INSERT INTO choice (id, questionnaire_id, interviewee_id) VALUES ('468d8a66-2b36-412d-9b78-957a55b1563f', '81a3f075-1324-4e67-90a5-493fe3324435', '6c5fce85-1d35-4246-965f-a78f2ad93999');
INSERT INTO option_choice (option_id, choice_id) VALUES ('a1737a4b-bfa2-4208-a103-ca4bea3afaaf', '468d8a66-2b36-412d-9b78-957a55b1563f');
INSERT INTO option_choice (option_id, choice_id) VALUES ('a0eef1f9-547a-4823-b7e0-bb52d6891f8f', '468d8a66-2b36-412d-9b78-957a55b1563f');
INSERT INTO option_choice (option_id, choice_id) VALUES ('7b2bd172-1566-440a-81d8-f9b2fb43f8fc', '468d8a66-2b36-412d-9b78-957a55b1563f');
INSERT INTO option_choice (option_id, choice_id) VALUES ('ab9020e3-a12b-46eb-97f0-79dcfaab7356', '468d8a66-2b36-412d-9b78-957a55b1563f');
INSERT INTO choice (id, questionnaire_id, interviewee_id) VALUES ('c112451b-f1ab-4e6e-8184-79a5ea946046', 'e4d0ba66-5e11-433c-8243-4d890cceaf69', '6c5fce85-1d35-4246-965f-a78f2ad93999');
INSERT INTO option_choice (option_id, choice_id) VALUES ('7cfec70e-33b3-4c68-9c38-38cf292cd0f9', 'c112451b-f1ab-4e6e-8184-79a5ea946046');
INSERT INTO choice (id, questionnaire_id, interviewee_id) VALUES ('16bce9ff-70ce-4a6a-932d-4a9c9bfbd966', '08310229-5370-44f1-8071-5c56f92e3dc5', '6c5fce85-1d35-4246-965f-a78f2ad93999');
INSERT INTO option_choice (option_id, choice_id) VALUES ('996311da-bd48-491d-b381-d19b001465c4', '16bce9ff-70ce-4a6a-932d-4a9c9bfbd966');
INSERT INTO principal (username, password) VALUES ('interviewee970', 'qwerty');
INSERT INTO interviewee (id, username, age, gender, country, marital_status) VALUES ('7286678b-797e-4110-a6d6-b936fc2db05b', 'interviewee970', 36, 'female', 'TF', 'divorced');
INSERT INTO choice (id, questionnaire_id, interviewee_id) VALUES ('5d3f58e1-5ac8-4717-8be0-63bde992c65f', '8e156ed6-1a8b-4fe6-9a58-0f7cbdd6af32', '7286678b-797e-4110-a6d6-b936fc2db05b');
INSERT INTO option_choice (option_id, choice_id) VALUES ('8518e149-5509-4398-b925-19d41cf70cb2', '5d3f58e1-5ac8-4717-8be0-63bde992c65f');
INSERT INTO choice (id, questionnaire_id, interviewee_id) VALUES ('6c260231-3235-48ac-afa9-442a75f8bc46', '5b0a67f5-cbf2-4fde-b526-fd512ff68e24', '7286678b-797e-4110-a6d6-b936fc2db05b');
INSERT INTO option_choice (option_id, choice_id) VALUES ('97aa1845-210d-4e42-8c05-737698b0c66c', '6c260231-3235-48ac-afa9-442a75f8bc46');
INSERT INTO principal (username, password) VALUES ('interviewee971', 'qwerty');
INSERT INTO interviewee (id, username, age, gender, country, marital_status) VALUES ('4faef7f5-5b9c-42be-a90e-c6c85f258048', 'interviewee971', 54, 'male', 'TR', 'was_not_married');
INSERT INTO choice (id, questionnaire_id, interviewee_id) VALUES ('d89d3d7f-b9b0-4a5d-a855-3ea2b682e22a', '08310229-5370-44f1-8071-5c56f92e3dc5', '4faef7f5-5b9c-42be-a90e-c6c85f258048');
INSERT INTO option_choice (option_id, choice_id) VALUES ('fc94d716-ca6a-45f3-8cbb-afd6a3ea72a3', 'd89d3d7f-b9b0-4a5d-a855-3ea2b682e22a');
INSERT INTO principal (username, password) VALUES ('interviewee972', 'qwerty');
INSERT INTO interviewee (id, username, age, gender, country, marital_status) VALUES ('aab4bb92-69d5-4802-b3ad-a239ae674518', 'interviewee972', 16, 'female', 'CG', 'divorced');
INSERT INTO choice (id, questionnaire_id, interviewee_id) VALUES ('cc661557-cc2e-4a0a-80a2-537023333b78', '2519c51c-9863-4531-85ff-a7ddd5ea08b2', 'aab4bb92-69d5-4802-b3ad-a239ae674518');
INSERT INTO option_choice (option_id, choice_id) VALUES ('dffcbd6b-b37a-4468-8c01-26ae752e283e', 'cc661557-cc2e-4a0a-80a2-537023333b78');
INSERT INTO choice (id, questionnaire_id, interviewee_id) VALUES ('081a54e9-3d6b-44a9-a5ed-639ebbc8222b', '51436662-4eca-40ce-b552-b1c7486cf609', 'aab4bb92-69d5-4802-b3ad-a239ae674518');
INSERT INTO option_choice (option_id, choice_id) VALUES ('259215cc-47cc-4165-befd-cf997b4aaf7e', '081a54e9-3d6b-44a9-a5ed-639ebbc8222b');
INSERT INTO choice (id, questionnaire_id, interviewee_id) VALUES ('a06609c5-da56-4277-99a7-a95232071436', 'b6df4d49-3f70-4802-90cb-4ab89e24a427', 'aab4bb92-69d5-4802-b3ad-a239ae674518');
INSERT INTO option_choice (option_id, choice_id) VALUES ('e6e95e42-0740-4517-bc42-3de8cd9b1be2', 'a06609c5-da56-4277-99a7-a95232071436');
INSERT INTO principal (username, password) VALUES ('interviewee973', 'qwerty');
INSERT INTO interviewee (id, username, age, gender, country, marital_status) VALUES ('3cf5f1f0-4030-41a2-b671-7634241c3348', 'interviewee973', 67, 'female', 'LB', 'married');
INSERT INTO choice (id, questionnaire_id, interviewee_id) VALUES ('2066bdd3-2cfd-49d7-8aee-bd614c70d434', 'e4d0ba66-5e11-433c-8243-4d890cceaf69', '3cf5f1f0-4030-41a2-b671-7634241c3348');
INSERT INTO option_choice (option_id, choice_id) VALUES ('cb637eae-3b8f-4d17-81fb-9b271857e55c', '2066bdd3-2cfd-49d7-8aee-bd614c70d434');
INSERT INTO option_choice (option_id, choice_id) VALUES ('7cfec70e-33b3-4c68-9c38-38cf292cd0f9', '2066bdd3-2cfd-49d7-8aee-bd614c70d434');
INSERT INTO principal (username, password) VALUES ('interviewee974', 'qwerty');
INSERT INTO interviewee (id, username, age, gender, country, marital_status) VALUES ('88a5dee5-160d-4ae6-87fd-4fd695dbe269', 'interviewee974', 61, 'female', 'UM', 'was_not_married');
INSERT INTO choice (id, questionnaire_id, interviewee_id) VALUES ('f117548c-ff0e-4718-8f97-bfc2ee9484b8', 'aaacf497-4ae4-46e0-aa2e-27377271bafc', '88a5dee5-160d-4ae6-87fd-4fd695dbe269');
INSERT INTO option_choice (option_id, choice_id) VALUES ('d4aa64ba-49fd-4d00-9175-a646c1d6d559', 'f117548c-ff0e-4718-8f97-bfc2ee9484b8');
INSERT INTO principal (username, password) VALUES ('interviewee975', 'qwerty');
INSERT INTO interviewee (id, username, age, gender, country, marital_status) VALUES ('756f0906-9da2-4e3d-b881-fe9e19138124', 'interviewee975', 34, 'female', 'BA', 'married');
INSERT INTO choice (id, questionnaire_id, interviewee_id) VALUES ('f503b1b7-960e-451d-bcb1-b7581e2a001a', 'b6df4d49-3f70-4802-90cb-4ab89e24a427', '756f0906-9da2-4e3d-b881-fe9e19138124');
INSERT INTO option_choice (option_id, choice_id) VALUES ('77609489-aa8b-4a3f-960d-ae51ced640c1', 'f503b1b7-960e-451d-bcb1-b7581e2a001a');
INSERT INTO principal (username, password) VALUES ('interviewee976', 'qwerty');
INSERT INTO interviewee (id, username, age, gender, country, marital_status) VALUES ('9f5fb50a-e6ae-4bdf-afda-379b5803b2a4', 'interviewee976', 28, 'male', 'BZ', 'was_not_married');
INSERT INTO choice (id, questionnaire_id, interviewee_id) VALUES ('e33fbe77-6fdc-4f02-b1eb-5b08230ed7bc', 'b6df4d49-3f70-4802-90cb-4ab89e24a427', '9f5fb50a-e6ae-4bdf-afda-379b5803b2a4');
INSERT INTO option_choice (option_id, choice_id) VALUES ('372d528a-d173-4ec8-bba6-b6d6ccea7303', 'e33fbe77-6fdc-4f02-b1eb-5b08230ed7bc');
INSERT INTO choice (id, questionnaire_id, interviewee_id) VALUES ('4d47aae4-254d-4613-b4ee-3ae2fd047f44', '8e156ed6-1a8b-4fe6-9a58-0f7cbdd6af32', '9f5fb50a-e6ae-4bdf-afda-379b5803b2a4');
INSERT INTO option_choice (option_id, choice_id) VALUES ('0628ee4c-c0ee-4de7-be13-535fe01fb064', '4d47aae4-254d-4613-b4ee-3ae2fd047f44');
INSERT INTO principal (username, password) VALUES ('interviewee977', 'qwerty');
INSERT INTO interviewee (id, username, age, gender, country, marital_status) VALUES ('0132d17a-4df9-4e2a-9266-f0c06fdfc103', 'interviewee977', 44, 'male', 'UZ', 'divorced');
INSERT INTO choice (id, questionnaire_id, interviewee_id) VALUES ('84e3cded-e26d-4673-a4f1-d5ab847b01ab', '81a3f075-1324-4e67-90a5-493fe3324435', '0132d17a-4df9-4e2a-9266-f0c06fdfc103');
INSERT INTO option_choice (option_id, choice_id) VALUES ('c0afeee2-6628-4404-bc41-32bc0a1505c5', '84e3cded-e26d-4673-a4f1-d5ab847b01ab');
INSERT INTO principal (username, password) VALUES ('interviewee978', 'qwerty');
INSERT INTO interviewee (id, username, age, gender, country, marital_status) VALUES ('f43da2d7-ebc1-4d4e-98bd-eb0f3e00f083', 'interviewee978', 21, 'male', 'PN', 'married');
INSERT INTO choice (id, questionnaire_id, interviewee_id) VALUES ('eb0873e5-9de7-4267-8f8e-a44717ed5efa', 'b6df4d49-3f70-4802-90cb-4ab89e24a427', 'f43da2d7-ebc1-4d4e-98bd-eb0f3e00f083');
INSERT INTO option_choice (option_id, choice_id) VALUES ('39bf15ab-8f6e-4634-a483-d31c949b3332', 'eb0873e5-9de7-4267-8f8e-a44717ed5efa');
INSERT INTO choice (id, questionnaire_id, interviewee_id) VALUES ('50cd3cf6-78a2-4df5-aefc-3c7829ba3521', '4a4f7cbc-8533-42b3-923b-6b4309f53c64', 'f43da2d7-ebc1-4d4e-98bd-eb0f3e00f083');
INSERT INTO option_choice (option_id, choice_id) VALUES ('c8061f97-fb14-4a37-89ad-0a564fb1704d', '50cd3cf6-78a2-4df5-aefc-3c7829ba3521');
INSERT INTO choice (id, questionnaire_id, interviewee_id) VALUES ('3628c35c-b911-4dfc-9ae4-7ba13b334449', '747d0763-c99f-47ce-809b-b378d489a158', 'f43da2d7-ebc1-4d4e-98bd-eb0f3e00f083');
INSERT INTO option_choice (option_id, choice_id) VALUES ('2095cf98-27de-4722-93f9-2c09ae6b4ed1', '3628c35c-b911-4dfc-9ae4-7ba13b334449');
INSERT INTO option_choice (option_id, choice_id) VALUES ('7cc0569f-f362-4ed1-9343-6ffd1369e812', '3628c35c-b911-4dfc-9ae4-7ba13b334449');
INSERT INTO principal (username, password) VALUES ('interviewee979', 'qwerty');
INSERT INTO interviewee (id, username, age, gender, country, marital_status) VALUES ('f2144372-1253-4406-99fe-7e2dccc70b46', 'interviewee979', 18, 'male', 'YE', 'was_not_married');
INSERT INTO choice (id, questionnaire_id, interviewee_id) VALUES ('48d0a286-dcbc-42f2-895a-b5b47c7ae716', 'b6df4d49-3f70-4802-90cb-4ab89e24a427', 'f2144372-1253-4406-99fe-7e2dccc70b46');
INSERT INTO option_choice (option_id, choice_id) VALUES ('39bf15ab-8f6e-4634-a483-d31c949b3332', '48d0a286-dcbc-42f2-895a-b5b47c7ae716');
INSERT INTO principal (username, password) VALUES ('interviewee980', 'qwerty');
INSERT INTO interviewee (id, username, age, gender, country, marital_status) VALUES ('2fd95fbb-42f3-4b4c-b64b-bb43e7d10a14', 'interviewee980', 61, 'female', 'KM', 'married');
INSERT INTO choice (id, questionnaire_id, interviewee_id) VALUES ('208bf2ba-7d26-40fe-8971-79bff3e06d12', '407203dd-9657-46e6-975f-3be5d664dd2a', '2fd95fbb-42f3-4b4c-b64b-bb43e7d10a14');
INSERT INTO option_choice (option_id, choice_id) VALUES ('4285dd4d-8381-423b-8700-37e491ae1336', '208bf2ba-7d26-40fe-8971-79bff3e06d12');
INSERT INTO choice (id, questionnaire_id, interviewee_id) VALUES ('43081c75-a8e2-4009-9985-db4df894ba0b', 'b5c886d7-e86f-4083-958a-cbd232db7a84', '2fd95fbb-42f3-4b4c-b64b-bb43e7d10a14');
INSERT INTO option_choice (option_id, choice_id) VALUES ('e9ae0eb7-ed92-45ff-8ec1-bb688c3f1bfe', '43081c75-a8e2-4009-9985-db4df894ba0b');
INSERT INTO choice (id, questionnaire_id, interviewee_id) VALUES ('6319d62b-82e7-4699-8576-8ca68c6f1610', '51436662-4eca-40ce-b552-b1c7486cf609', '2fd95fbb-42f3-4b4c-b64b-bb43e7d10a14');
INSERT INTO option_choice (option_id, choice_id) VALUES ('259215cc-47cc-4165-befd-cf997b4aaf7e', '6319d62b-82e7-4699-8576-8ca68c6f1610');
INSERT INTO principal (username, password) VALUES ('interviewee981', 'qwerty');
INSERT INTO interviewee (id, username, age, gender, country, marital_status) VALUES ('3db02dc1-d478-43f0-95d7-6164c401734c', 'interviewee981', 25, 'male', 'HM', 'was_not_married');
INSERT INTO choice (id, questionnaire_id, interviewee_id) VALUES ('fb2d6b4c-1f01-438e-9f84-65661a43c4a2', '4a4f7cbc-8533-42b3-923b-6b4309f53c64', '3db02dc1-d478-43f0-95d7-6164c401734c');
INSERT INTO option_choice (option_id, choice_id) VALUES ('9626a1a6-7214-4944-83a6-f582098c61a8', 'fb2d6b4c-1f01-438e-9f84-65661a43c4a2');
INSERT INTO principal (username, password) VALUES ('interviewee982', 'qwerty');
INSERT INTO interviewee (id, username, age, gender, country, marital_status) VALUES ('aba242cb-2665-40db-be89-f89305a64e2d', 'interviewee982', 26, 'male', 'KH', 'married');
INSERT INTO choice (id, questionnaire_id, interviewee_id) VALUES ('11d4831a-892f-44b9-ac92-506b38ba23bd', 'aaacf497-4ae4-46e0-aa2e-27377271bafc', 'aba242cb-2665-40db-be89-f89305a64e2d');
INSERT INTO option_choice (option_id, choice_id) VALUES ('4d7025a3-7520-4447-9769-c495cb62415e', '11d4831a-892f-44b9-ac92-506b38ba23bd');
INSERT INTO choice (id, questionnaire_id, interviewee_id) VALUES ('0d53b1a8-34ba-4519-9718-2b0347171498', 'b5c886d7-e86f-4083-958a-cbd232db7a84', 'aba242cb-2665-40db-be89-f89305a64e2d');
INSERT INTO option_choice (option_id, choice_id) VALUES ('bbe6d273-ce07-449f-a3eb-96165f0d7b7d', '0d53b1a8-34ba-4519-9718-2b0347171498');
INSERT INTO choice (id, questionnaire_id, interviewee_id) VALUES ('3021be3a-075e-4bd3-b4c3-daa0ac8d6bd3', '4a4f7cbc-8533-42b3-923b-6b4309f53c64', 'aba242cb-2665-40db-be89-f89305a64e2d');
INSERT INTO option_choice (option_id, choice_id) VALUES ('9626a1a6-7214-4944-83a6-f582098c61a8', '3021be3a-075e-4bd3-b4c3-daa0ac8d6bd3');
INSERT INTO principal (username, password) VALUES ('interviewee983', 'qwerty');
INSERT INTO interviewee (id, username, age, gender, country, marital_status) VALUES ('bc2125f5-aa8a-4340-a4ea-655867c647f3', 'interviewee983', 28, 'male', 'QA', 'was_not_married');
INSERT INTO choice (id, questionnaire_id, interviewee_id) VALUES ('09cbe796-8302-47f3-8e59-d4a6f6d822f0', 'aaacf497-4ae4-46e0-aa2e-27377271bafc', 'bc2125f5-aa8a-4340-a4ea-655867c647f3');
INSERT INTO option_choice (option_id, choice_id) VALUES ('070ce52d-21fd-4380-9c02-d25647a035a6', '09cbe796-8302-47f3-8e59-d4a6f6d822f0');
INSERT INTO choice (id, questionnaire_id, interviewee_id) VALUES ('2d0c54f9-50ca-4acd-bfe9-a9dae5a333a6', 'b5c886d7-e86f-4083-958a-cbd232db7a84', 'bc2125f5-aa8a-4340-a4ea-655867c647f3');
INSERT INTO option_choice (option_id, choice_id) VALUES ('b3fef8ac-34c1-4143-a4bd-73c39cbbac53', '2d0c54f9-50ca-4acd-bfe9-a9dae5a333a6');
INSERT INTO choice (id, questionnaire_id, interviewee_id) VALUES ('fdd5938a-838b-48ad-a9bb-0f4fa4bd5afc', '858287c2-e494-424b-a03f-6b0a55c2fce3', 'bc2125f5-aa8a-4340-a4ea-655867c647f3');
INSERT INTO option_choice (option_id, choice_id) VALUES ('f2fd1a72-0ca7-41a6-ad15-7bc21a02fe73', 'fdd5938a-838b-48ad-a9bb-0f4fa4bd5afc');
INSERT INTO option_choice (option_id, choice_id) VALUES ('a1e55f7c-aa45-466f-86bb-0d5e262ca0bc', 'fdd5938a-838b-48ad-a9bb-0f4fa4bd5afc');
INSERT INTO option_choice (option_id, choice_id) VALUES ('a7e89931-dbca-4a6f-bdbb-b42e57f2e7f2', 'fdd5938a-838b-48ad-a9bb-0f4fa4bd5afc');
INSERT INTO principal (username, password) VALUES ('interviewee984', 'qwerty');
INSERT INTO interviewee (id, username, age, gender, country, marital_status) VALUES ('23faca9e-a8f9-434a-90e1-cedadae9e42d', 'interviewee984', 59, 'male', 'SA', 'divorced');
INSERT INTO choice (id, questionnaire_id, interviewee_id) VALUES ('77a3d421-b84a-4142-9d2a-c46c4f13daa6', '08310229-5370-44f1-8071-5c56f92e3dc5', '23faca9e-a8f9-434a-90e1-cedadae9e42d');
INSERT INTO option_choice (option_id, choice_id) VALUES ('7197ba86-c78b-43c4-bd28-4635a7094531', '77a3d421-b84a-4142-9d2a-c46c4f13daa6');
INSERT INTO choice (id, questionnaire_id, interviewee_id) VALUES ('237a7275-9f3c-4a8d-ac29-8d0c31dc1c03', '173a3ab0-8485-4aa4-8787-a2a4414f992e', '23faca9e-a8f9-434a-90e1-cedadae9e42d');
INSERT INTO option_choice (option_id, choice_id) VALUES ('a477d3c8-db0a-4572-a680-b96fd792dc75', '237a7275-9f3c-4a8d-ac29-8d0c31dc1c03');
INSERT INTO option_choice (option_id, choice_id) VALUES ('3c8e0934-801c-4afd-98de-7aaf263889f6', '237a7275-9f3c-4a8d-ac29-8d0c31dc1c03');
INSERT INTO option_choice (option_id, choice_id) VALUES ('3f698183-af22-44ca-80c1-eb668697e9ea', '237a7275-9f3c-4a8d-ac29-8d0c31dc1c03');
INSERT INTO option_choice (option_id, choice_id) VALUES ('ce62e0a7-1873-4aa1-a448-2fad3cc888ee', '237a7275-9f3c-4a8d-ac29-8d0c31dc1c03');
INSERT INTO option_choice (option_id, choice_id) VALUES ('c453fc60-b896-4f66-8dbe-cc55bc42881e', '237a7275-9f3c-4a8d-ac29-8d0c31dc1c03');
INSERT INTO principal (username, password) VALUES ('interviewee985', 'qwerty');
INSERT INTO interviewee (id, username, age, gender, country, marital_status) VALUES ('59a7452c-d9ef-4a12-ae24-81af5f12dec6', 'interviewee985', 27, 'male', 'CG', 'was_not_married');
INSERT INTO choice (id, questionnaire_id, interviewee_id) VALUES ('1f59195d-fa7b-48f4-b07c-91437faa3de8', 'c6dd214b-43b7-401f-afe6-a5ab0d2d7767', '59a7452c-d9ef-4a12-ae24-81af5f12dec6');
INSERT INTO option_choice (option_id, choice_id) VALUES ('9d2a2dd1-7979-48a6-a0b7-3de8fdea75b6', '1f59195d-fa7b-48f4-b07c-91437faa3de8');
INSERT INTO choice (id, questionnaire_id, interviewee_id) VALUES ('ede18ddc-3749-42d0-8aa7-5bad0a39a11b', 'b5c886d7-e86f-4083-958a-cbd232db7a84', '59a7452c-d9ef-4a12-ae24-81af5f12dec6');
INSERT INTO option_choice (option_id, choice_id) VALUES ('a446338d-133a-407b-9bd1-520fe1043ec3', 'ede18ddc-3749-42d0-8aa7-5bad0a39a11b');
INSERT INTO choice (id, questionnaire_id, interviewee_id) VALUES ('b0d5401b-b0ba-4a53-85ce-033c7dc836e1', '4a4f7cbc-8533-42b3-923b-6b4309f53c64', '59a7452c-d9ef-4a12-ae24-81af5f12dec6');
INSERT INTO option_choice (option_id, choice_id) VALUES ('3f8cd95c-177b-469f-b652-784cadd37582', 'b0d5401b-b0ba-4a53-85ce-033c7dc836e1');
INSERT INTO principal (username, password) VALUES ('interviewee986', 'qwerty');
INSERT INTO interviewee (id, username, age, gender, country, marital_status) VALUES ('da2edd7c-5716-4b30-b5ec-8d42051c608f', 'interviewee986', 50, 'male', 'AT', 'divorced');
INSERT INTO choice (id, questionnaire_id, interviewee_id) VALUES ('b3367a7b-c273-4e5b-b69c-ee6e45d1abc0', 'e20dbb22-091f-4137-8450-fdeaea74363f', 'da2edd7c-5716-4b30-b5ec-8d42051c608f');
INSERT INTO option_choice (option_id, choice_id) VALUES ('ff3c7a97-70db-4404-b85b-274707745879', 'b3367a7b-c273-4e5b-b69c-ee6e45d1abc0');
INSERT INTO option_choice (option_id, choice_id) VALUES ('b09da84d-7533-40da-b486-a820b6b7c110', 'b3367a7b-c273-4e5b-b69c-ee6e45d1abc0');
INSERT INTO option_choice (option_id, choice_id) VALUES ('946ecf06-2d9f-4fe5-b2b7-64c51a5fdf06', 'b3367a7b-c273-4e5b-b69c-ee6e45d1abc0');
INSERT INTO option_choice (option_id, choice_id) VALUES ('a572f3cf-b3ba-491a-9687-6cee662749f1', 'b3367a7b-c273-4e5b-b69c-ee6e45d1abc0');
INSERT INTO option_choice (option_id, choice_id) VALUES ('49d1bc1f-0fd1-4dad-ab6d-b123ea13d33a', 'b3367a7b-c273-4e5b-b69c-ee6e45d1abc0');
INSERT INTO choice (id, questionnaire_id, interviewee_id) VALUES ('59327cca-49bf-4f7d-a2ed-534ffd13e771', '858287c2-e494-424b-a03f-6b0a55c2fce3', 'da2edd7c-5716-4b30-b5ec-8d42051c608f');
INSERT INTO option_choice (option_id, choice_id) VALUES ('59c8e6e3-5895-4f0b-ae9e-3bb455a5f6b2', '59327cca-49bf-4f7d-a2ed-534ffd13e771');
INSERT INTO option_choice (option_id, choice_id) VALUES ('f2fd1a72-0ca7-41a6-ad15-7bc21a02fe73', '59327cca-49bf-4f7d-a2ed-534ffd13e771');
INSERT INTO option_choice (option_id, choice_id) VALUES ('a7e89931-dbca-4a6f-bdbb-b42e57f2e7f2', '59327cca-49bf-4f7d-a2ed-534ffd13e771');
INSERT INTO option_choice (option_id, choice_id) VALUES ('a1e55f7c-aa45-466f-86bb-0d5e262ca0bc', '59327cca-49bf-4f7d-a2ed-534ffd13e771');
INSERT INTO choice (id, questionnaire_id, interviewee_id) VALUES ('3de9669c-1dd0-4636-9c4f-3d0f6544f66e', '4a4f7cbc-8533-42b3-923b-6b4309f53c64', 'da2edd7c-5716-4b30-b5ec-8d42051c608f');
INSERT INTO option_choice (option_id, choice_id) VALUES ('c8061f97-fb14-4a37-89ad-0a564fb1704d', '3de9669c-1dd0-4636-9c4f-3d0f6544f66e');
INSERT INTO principal (username, password) VALUES ('interviewee987', 'qwerty');
INSERT INTO interviewee (id, username, age, gender, country, marital_status) VALUES ('56c6c303-c794-46a9-a6db-a1e05aeedfa2', 'interviewee987', 44, 'female', 'ES', 'divorced');
INSERT INTO choice (id, questionnaire_id, interviewee_id) VALUES ('5243979f-efea-456f-9ce7-a91ffd2a4ecf', '407203dd-9657-46e6-975f-3be5d664dd2a', '56c6c303-c794-46a9-a6db-a1e05aeedfa2');
INSERT INTO option_choice (option_id, choice_id) VALUES ('ee1ee86e-3cfc-4173-b109-2a69851e8943', '5243979f-efea-456f-9ce7-a91ffd2a4ecf');
INSERT INTO choice (id, questionnaire_id, interviewee_id) VALUES ('8ad608bb-c520-476c-9b1e-d7c8924a2e98', 'c6dd214b-43b7-401f-afe6-a5ab0d2d7767', '56c6c303-c794-46a9-a6db-a1e05aeedfa2');
INSERT INTO option_choice (option_id, choice_id) VALUES ('9d2a2dd1-7979-48a6-a0b7-3de8fdea75b6', '8ad608bb-c520-476c-9b1e-d7c8924a2e98');
INSERT INTO option_choice (option_id, choice_id) VALUES ('069a6758-231c-4064-8e44-a0db84e86a21', '8ad608bb-c520-476c-9b1e-d7c8924a2e98');
INSERT INTO option_choice (option_id, choice_id) VALUES ('17ceef0b-83da-42ec-a82c-9090a9be74af', '8ad608bb-c520-476c-9b1e-d7c8924a2e98');
INSERT INTO option_choice (option_id, choice_id) VALUES ('c134384c-5eda-4957-9883-b965681b9fef', '8ad608bb-c520-476c-9b1e-d7c8924a2e98');
INSERT INTO choice (id, questionnaire_id, interviewee_id) VALUES ('a95f602f-35ca-42bd-89b1-d856689baa2a', 'aaacf497-4ae4-46e0-aa2e-27377271bafc', '56c6c303-c794-46a9-a6db-a1e05aeedfa2');
INSERT INTO option_choice (option_id, choice_id) VALUES ('070ce52d-21fd-4380-9c02-d25647a035a6', 'a95f602f-35ca-42bd-89b1-d856689baa2a');
INSERT INTO principal (username, password) VALUES ('interviewee988', 'qwerty');
INSERT INTO interviewee (id, username, age, gender, country, marital_status) VALUES ('e0008708-25f4-4aa8-a472-cc1861dd446a', 'interviewee988', 36, 'male', 'MF', 'divorced');
INSERT INTO choice (id, questionnaire_id, interviewee_id) VALUES ('fda928d2-dad3-4271-8a92-235ce9b0bc37', '858287c2-e494-424b-a03f-6b0a55c2fce3', 'e0008708-25f4-4aa8-a472-cc1861dd446a');
INSERT INTO option_choice (option_id, choice_id) VALUES ('a7e89931-dbca-4a6f-bdbb-b42e57f2e7f2', 'fda928d2-dad3-4271-8a92-235ce9b0bc37');
INSERT INTO option_choice (option_id, choice_id) VALUES ('a1e55f7c-aa45-466f-86bb-0d5e262ca0bc', 'fda928d2-dad3-4271-8a92-235ce9b0bc37');
INSERT INTO option_choice (option_id, choice_id) VALUES ('59c8e6e3-5895-4f0b-ae9e-3bb455a5f6b2', 'fda928d2-dad3-4271-8a92-235ce9b0bc37');
INSERT INTO choice (id, questionnaire_id, interviewee_id) VALUES ('97cceb6f-fec4-4da4-bb63-821b801bf01f', '2519c51c-9863-4531-85ff-a7ddd5ea08b2', 'e0008708-25f4-4aa8-a472-cc1861dd446a');
INSERT INTO option_choice (option_id, choice_id) VALUES ('dffcbd6b-b37a-4468-8c01-26ae752e283e', '97cceb6f-fec4-4da4-bb63-821b801bf01f');
INSERT INTO principal (username, password) VALUES ('interviewee989', 'qwerty');
INSERT INTO interviewee (id, username, age, gender, country, marital_status) VALUES ('b385376e-e5ee-4d6b-b2be-4106715a1775', 'interviewee989', 60, 'female', 'GL', 'married');
INSERT INTO choice (id, questionnaire_id, interviewee_id) VALUES ('bcd9191c-e24d-4fcd-8775-a76008ef88bd', '81a3f075-1324-4e67-90a5-493fe3324435', 'b385376e-e5ee-4d6b-b2be-4106715a1775');
INSERT INTO option_choice (option_id, choice_id) VALUES ('a1737a4b-bfa2-4208-a103-ca4bea3afaaf', 'bcd9191c-e24d-4fcd-8775-a76008ef88bd');
INSERT INTO option_choice (option_id, choice_id) VALUES ('7b2bd172-1566-440a-81d8-f9b2fb43f8fc', 'bcd9191c-e24d-4fcd-8775-a76008ef88bd');
INSERT INTO option_choice (option_id, choice_id) VALUES ('c5035143-d5d2-4934-8b99-4e66507a8603', 'bcd9191c-e24d-4fcd-8775-a76008ef88bd');
INSERT INTO option_choice (option_id, choice_id) VALUES ('c0afeee2-6628-4404-bc41-32bc0a1505c5', 'bcd9191c-e24d-4fcd-8775-a76008ef88bd');
INSERT INTO option_choice (option_id, choice_id) VALUES ('a0eef1f9-547a-4823-b7e0-bb52d6891f8f', 'bcd9191c-e24d-4fcd-8775-a76008ef88bd');
INSERT INTO choice (id, questionnaire_id, interviewee_id) VALUES ('deedc427-232f-4ffe-bfa3-35b4fb6ffe55', '407203dd-9657-46e6-975f-3be5d664dd2a', 'b385376e-e5ee-4d6b-b2be-4106715a1775');
INSERT INTO option_choice (option_id, choice_id) VALUES ('13fd08f6-1546-4289-9b91-c20aea1b69e9', 'deedc427-232f-4ffe-bfa3-35b4fb6ffe55');
INSERT INTO choice (id, questionnaire_id, interviewee_id) VALUES ('1f60396d-e5af-408a-bfe1-82a72a36c477', '08310229-5370-44f1-8071-5c56f92e3dc5', 'b385376e-e5ee-4d6b-b2be-4106715a1775');
INSERT INTO option_choice (option_id, choice_id) VALUES ('996311da-bd48-491d-b381-d19b001465c4', '1f60396d-e5af-408a-bfe1-82a72a36c477');
INSERT INTO principal (username, password) VALUES ('interviewee990', 'qwerty');
INSERT INTO interviewee (id, username, age, gender, country, marital_status) VALUES ('536242ee-bafc-4ef5-8104-db2af6b0025c', 'interviewee990', 39, 'male', 'SV', 'was_not_married');
INSERT INTO choice (id, questionnaire_id, interviewee_id) VALUES ('0d48fd82-1aae-4088-a3ce-cf637116c2b9', '173a3ab0-8485-4aa4-8787-a2a4414f992e', '536242ee-bafc-4ef5-8104-db2af6b0025c');
INSERT INTO option_choice (option_id, choice_id) VALUES ('3c8e0934-801c-4afd-98de-7aaf263889f6', '0d48fd82-1aae-4088-a3ce-cf637116c2b9');
INSERT INTO option_choice (option_id, choice_id) VALUES ('bf89350f-11e0-4471-a3a1-95481edf5acd', '0d48fd82-1aae-4088-a3ce-cf637116c2b9');
INSERT INTO option_choice (option_id, choice_id) VALUES ('f9a527bc-3f55-40db-b05e-d549f1801594', '0d48fd82-1aae-4088-a3ce-cf637116c2b9');
INSERT INTO option_choice (option_id, choice_id) VALUES ('ce62e0a7-1873-4aa1-a448-2fad3cc888ee', '0d48fd82-1aae-4088-a3ce-cf637116c2b9');
INSERT INTO option_choice (option_id, choice_id) VALUES ('c453fc60-b896-4f66-8dbe-cc55bc42881e', '0d48fd82-1aae-4088-a3ce-cf637116c2b9');
INSERT INTO option_choice (option_id, choice_id) VALUES ('3f698183-af22-44ca-80c1-eb668697e9ea', '0d48fd82-1aae-4088-a3ce-cf637116c2b9');
INSERT INTO option_choice (option_id, choice_id) VALUES ('e03fcb10-1308-44a4-9ce2-e4eaf10452c1', '0d48fd82-1aae-4088-a3ce-cf637116c2b9');
INSERT INTO option_choice (option_id, choice_id) VALUES ('a477d3c8-db0a-4572-a680-b96fd792dc75', '0d48fd82-1aae-4088-a3ce-cf637116c2b9');
INSERT INTO choice (id, questionnaire_id, interviewee_id) VALUES ('01dc793f-4610-4121-8af7-41a6068fff29', '48b4658e-bc90-4bd2-97bb-92484114dfea', '536242ee-bafc-4ef5-8104-db2af6b0025c');
INSERT INTO option_choice (option_id, choice_id) VALUES ('5a5b3a6f-7875-401c-8d0b-e9c8b854b985', '01dc793f-4610-4121-8af7-41a6068fff29');
INSERT INTO choice (id, questionnaire_id, interviewee_id) VALUES ('b28852d3-f98f-419b-bc4f-17913a65a3f3', '51436662-4eca-40ce-b552-b1c7486cf609', '536242ee-bafc-4ef5-8104-db2af6b0025c');
INSERT INTO option_choice (option_id, choice_id) VALUES ('e4c4b240-61c9-4253-a93b-9a7768fbfe3f', 'b28852d3-f98f-419b-bc4f-17913a65a3f3');
INSERT INTO principal (username, password) VALUES ('interviewee991', 'qwerty');
INSERT INTO interviewee (id, username, age, gender, country, marital_status) VALUES ('0cbad78b-7d1b-4b91-83a7-2388985892c3', 'interviewee991', 34, 'male', 'VI', 'divorced');
INSERT INTO choice (id, questionnaire_id, interviewee_id) VALUES ('895d9679-eef8-4333-b793-1f079d1de075', 'c6dd214b-43b7-401f-afe6-a5ab0d2d7767', '0cbad78b-7d1b-4b91-83a7-2388985892c3');
INSERT INTO option_choice (option_id, choice_id) VALUES ('c134384c-5eda-4957-9883-b965681b9fef', '895d9679-eef8-4333-b793-1f079d1de075');
INSERT INTO option_choice (option_id, choice_id) VALUES ('9d2a2dd1-7979-48a6-a0b7-3de8fdea75b6', '895d9679-eef8-4333-b793-1f079d1de075');
INSERT INTO option_choice (option_id, choice_id) VALUES ('069a6758-231c-4064-8e44-a0db84e86a21', '895d9679-eef8-4333-b793-1f079d1de075');
INSERT INTO choice (id, questionnaire_id, interviewee_id) VALUES ('4c988d7f-cdd4-4354-a2a4-4a443b2cbbcc', '747d0763-c99f-47ce-809b-b378d489a158', '0cbad78b-7d1b-4b91-83a7-2388985892c3');
INSERT INTO option_choice (option_id, choice_id) VALUES ('2095cf98-27de-4722-93f9-2c09ae6b4ed1', '4c988d7f-cdd4-4354-a2a4-4a443b2cbbcc');
INSERT INTO option_choice (option_id, choice_id) VALUES ('65c86d12-f533-40f5-8dd6-10903d890b10', '4c988d7f-cdd4-4354-a2a4-4a443b2cbbcc');
INSERT INTO principal (username, password) VALUES ('interviewee992', 'qwerty');
INSERT INTO interviewee (id, username, age, gender, country, marital_status) VALUES ('76467168-2189-4f35-8a72-45dac8105eab', 'interviewee992', 32, 'male', 'IO', 'was_not_married');
INSERT INTO choice (id, questionnaire_id, interviewee_id) VALUES ('7952f68c-a9bb-4ba2-9b15-77eb26e91e1c', '4a4f7cbc-8533-42b3-923b-6b4309f53c64', '76467168-2189-4f35-8a72-45dac8105eab');
INSERT INTO option_choice (option_id, choice_id) VALUES ('4afeb111-4ddc-421c-ad31-de17e1e12b0c', '7952f68c-a9bb-4ba2-9b15-77eb26e91e1c');
INSERT INTO choice (id, questionnaire_id, interviewee_id) VALUES ('1402d45b-1248-41c9-87bd-6972547e343f', '173a3ab0-8485-4aa4-8787-a2a4414f992e', '76467168-2189-4f35-8a72-45dac8105eab');
INSERT INTO option_choice (option_id, choice_id) VALUES ('a477d3c8-db0a-4572-a680-b96fd792dc75', '1402d45b-1248-41c9-87bd-6972547e343f');
INSERT INTO option_choice (option_id, choice_id) VALUES ('ce62e0a7-1873-4aa1-a448-2fad3cc888ee', '1402d45b-1248-41c9-87bd-6972547e343f');
INSERT INTO option_choice (option_id, choice_id) VALUES ('3f698183-af22-44ca-80c1-eb668697e9ea', '1402d45b-1248-41c9-87bd-6972547e343f');
INSERT INTO option_choice (option_id, choice_id) VALUES ('3c8e0934-801c-4afd-98de-7aaf263889f6', '1402d45b-1248-41c9-87bd-6972547e343f');
INSERT INTO option_choice (option_id, choice_id) VALUES ('c453fc60-b896-4f66-8dbe-cc55bc42881e', '1402d45b-1248-41c9-87bd-6972547e343f');
INSERT INTO option_choice (option_id, choice_id) VALUES ('bf89350f-11e0-4471-a3a1-95481edf5acd', '1402d45b-1248-41c9-87bd-6972547e343f');
INSERT INTO option_choice (option_id, choice_id) VALUES ('e03fcb10-1308-44a4-9ce2-e4eaf10452c1', '1402d45b-1248-41c9-87bd-6972547e343f');
INSERT INTO principal (username, password) VALUES ('interviewee993', 'qwerty');
INSERT INTO interviewee (id, username, age, gender, country, marital_status) VALUES ('877c93aa-588a-4f0c-a7ce-2bb2a9212a43', 'interviewee993', 27, 'female', 'TF', 'married');
INSERT INTO choice (id, questionnaire_id, interviewee_id) VALUES ('4d7667cb-dc99-40c6-babb-a8b801c88e56', '4a4f7cbc-8533-42b3-923b-6b4309f53c64', '877c93aa-588a-4f0c-a7ce-2bb2a9212a43');
INSERT INTO option_choice (option_id, choice_id) VALUES ('3372ec3f-fffa-472e-ac84-938ef71e30be', '4d7667cb-dc99-40c6-babb-a8b801c88e56');
INSERT INTO principal (username, password) VALUES ('interviewee994', 'qwerty');
INSERT INTO interviewee (id, username, age, gender, country, marital_status) VALUES ('5bbfda5f-ddb0-4812-a588-ffca5dea89de', 'interviewee994', 66, 'female', 'KP', 'divorced');
INSERT INTO choice (id, questionnaire_id, interviewee_id) VALUES ('c8e002a3-ce5e-4d24-acd3-8bda13084b31', '81a3f075-1324-4e67-90a5-493fe3324435', '5bbfda5f-ddb0-4812-a588-ffca5dea89de');
INSERT INTO option_choice (option_id, choice_id) VALUES ('c0afeee2-6628-4404-bc41-32bc0a1505c5', 'c8e002a3-ce5e-4d24-acd3-8bda13084b31');
INSERT INTO choice (id, questionnaire_id, interviewee_id) VALUES ('39be8239-93d0-4ba6-8bfe-2aa6c49dcc10', 'e20dbb22-091f-4137-8450-fdeaea74363f', '5bbfda5f-ddb0-4812-a588-ffca5dea89de');
INSERT INTO option_choice (option_id, choice_id) VALUES ('946ecf06-2d9f-4fe5-b2b7-64c51a5fdf06', '39be8239-93d0-4ba6-8bfe-2aa6c49dcc10');
INSERT INTO option_choice (option_id, choice_id) VALUES ('4bd78eb1-72bb-47fa-8b7c-4cc826f39edd', '39be8239-93d0-4ba6-8bfe-2aa6c49dcc10');
INSERT INTO option_choice (option_id, choice_id) VALUES ('ff3c7a97-70db-4404-b85b-274707745879', '39be8239-93d0-4ba6-8bfe-2aa6c49dcc10');
INSERT INTO option_choice (option_id, choice_id) VALUES ('b09da84d-7533-40da-b486-a820b6b7c110', '39be8239-93d0-4ba6-8bfe-2aa6c49dcc10');
INSERT INTO option_choice (option_id, choice_id) VALUES ('322bbc1b-4e8d-41ae-b4f2-3466891dc809', '39be8239-93d0-4ba6-8bfe-2aa6c49dcc10');
INSERT INTO option_choice (option_id, choice_id) VALUES ('49d1bc1f-0fd1-4dad-ab6d-b123ea13d33a', '39be8239-93d0-4ba6-8bfe-2aa6c49dcc10');
INSERT INTO option_choice (option_id, choice_id) VALUES ('742176a0-b7c8-400a-a370-5871099954a4', '39be8239-93d0-4ba6-8bfe-2aa6c49dcc10');
INSERT INTO choice (id, questionnaire_id, interviewee_id) VALUES ('2a0d398e-6640-4bc9-9d34-d7930eaaeb2f', 'aaacf497-4ae4-46e0-aa2e-27377271bafc', '5bbfda5f-ddb0-4812-a588-ffca5dea89de');
INSERT INTO option_choice (option_id, choice_id) VALUES ('de1098e4-e0b7-4df4-890a-1958a8d5d465', '2a0d398e-6640-4bc9-9d34-d7930eaaeb2f');
INSERT INTO principal (username, password) VALUES ('interviewee995', 'qwerty');
INSERT INTO interviewee (id, username, age, gender, country, marital_status) VALUES ('6c83b818-4874-41b0-9686-06862b7c6b1a', 'interviewee995', 57, 'male', 'LK', 'married');
INSERT INTO choice (id, questionnaire_id, interviewee_id) VALUES ('a7e3c966-7383-4358-b1e4-f917dc4f8e92', '48b4658e-bc90-4bd2-97bb-92484114dfea', '6c83b818-4874-41b0-9686-06862b7c6b1a');
INSERT INTO option_choice (option_id, choice_id) VALUES ('72884dca-8b91-4379-bf2e-f4dbfc8f13cd', 'a7e3c966-7383-4358-b1e4-f917dc4f8e92');
INSERT INTO choice (id, questionnaire_id, interviewee_id) VALUES ('996d010c-60b1-4398-bb8f-6657cc1da2dc', '08310229-5370-44f1-8071-5c56f92e3dc5', '6c83b818-4874-41b0-9686-06862b7c6b1a');
INSERT INTO option_choice (option_id, choice_id) VALUES ('7197ba86-c78b-43c4-bd28-4635a7094531', '996d010c-60b1-4398-bb8f-6657cc1da2dc');
INSERT INTO principal (username, password) VALUES ('interviewee996', 'qwerty');
INSERT INTO interviewee (id, username, age, gender, country, marital_status) VALUES ('a97a7104-86c0-4542-b99c-016d1ae8c72b', 'interviewee996', 56, 'male', 'VC', 'was_not_married');
INSERT INTO choice (id, questionnaire_id, interviewee_id) VALUES ('2b652ebf-c96f-4dc5-9158-e90458803c90', '49c46fd6-2111-4ef5-8b91-9ee67132426d', 'a97a7104-86c0-4542-b99c-016d1ae8c72b');
INSERT INTO option_choice (option_id, choice_id) VALUES ('82dcd7e2-d76d-47ad-b352-0b1d6482c730', '2b652ebf-c96f-4dc5-9158-e90458803c90');
INSERT INTO principal (username, password) VALUES ('interviewee997', 'qwerty');
INSERT INTO interviewee (id, username, age, gender, country, marital_status) VALUES ('e35c3ecb-6045-4dde-887c-699863425cff', 'interviewee997', 69, 'female', 'LK', 'married');
INSERT INTO choice (id, questionnaire_id, interviewee_id) VALUES ('3e9f73c8-9df9-44e6-91d8-82a11e3c31fc', '51436662-4eca-40ce-b552-b1c7486cf609', 'e35c3ecb-6045-4dde-887c-699863425cff');
INSERT INTO option_choice (option_id, choice_id) VALUES ('e4c4b240-61c9-4253-a93b-9a7768fbfe3f', '3e9f73c8-9df9-44e6-91d8-82a11e3c31fc');
INSERT INTO choice (id, questionnaire_id, interviewee_id) VALUES ('443fc8d5-bd69-4ed7-9b49-6718aa814174', 'b5c886d7-e86f-4083-958a-cbd232db7a84', 'e35c3ecb-6045-4dde-887c-699863425cff');
INSERT INTO option_choice (option_id, choice_id) VALUES ('b3fef8ac-34c1-4143-a4bd-73c39cbbac53', '443fc8d5-bd69-4ed7-9b49-6718aa814174');
INSERT INTO choice (id, questionnaire_id, interviewee_id) VALUES ('be3478bf-e05f-429c-a229-c32522da161a', '858287c2-e494-424b-a03f-6b0a55c2fce3', 'e35c3ecb-6045-4dde-887c-699863425cff');
INSERT INTO option_choice (option_id, choice_id) VALUES ('a1e55f7c-aa45-466f-86bb-0d5e262ca0bc', 'be3478bf-e05f-429c-a229-c32522da161a');
INSERT INTO option_choice (option_id, choice_id) VALUES ('a7e89931-dbca-4a6f-bdbb-b42e57f2e7f2', 'be3478bf-e05f-429c-a229-c32522da161a');
INSERT INTO option_choice (option_id, choice_id) VALUES ('f2fd1a72-0ca7-41a6-ad15-7bc21a02fe73', 'be3478bf-e05f-429c-a229-c32522da161a');
INSERT INTO principal (username, password) VALUES ('interviewee998', 'qwerty');
INSERT INTO interviewee (id, username, age, gender, country, marital_status) VALUES ('aa919fb7-96fd-41d7-aa38-dd7e8fd308fa', 'interviewee998', 62, 'female', 'CL', 'was_not_married');
INSERT INTO choice (id, questionnaire_id, interviewee_id) VALUES ('b398fc7c-c224-4758-b82b-2cf5e015078a', '08310229-5370-44f1-8071-5c56f92e3dc5', 'aa919fb7-96fd-41d7-aa38-dd7e8fd308fa');
INSERT INTO option_choice (option_id, choice_id) VALUES ('38336259-fa95-40f4-865c-eff171ebbb80', 'b398fc7c-c224-4758-b82b-2cf5e015078a');
INSERT INTO choice (id, questionnaire_id, interviewee_id) VALUES ('9d888519-8e10-4185-a4f5-7e6e7bb7a59c', '407203dd-9657-46e6-975f-3be5d664dd2a', 'aa919fb7-96fd-41d7-aa38-dd7e8fd308fa');
INSERT INTO option_choice (option_id, choice_id) VALUES ('d37dcf04-38aa-46a3-914b-a881661a3989', '9d888519-8e10-4185-a4f5-7e6e7bb7a59c');
INSERT INTO choice (id, questionnaire_id, interviewee_id) VALUES ('8892f1dc-c52c-4740-813a-e3a7824bd211', 'b5c886d7-e86f-4083-958a-cbd232db7a84', 'aa919fb7-96fd-41d7-aa38-dd7e8fd308fa');
INSERT INTO option_choice (option_id, choice_id) VALUES ('a446338d-133a-407b-9bd1-520fe1043ec3', '8892f1dc-c52c-4740-813a-e3a7824bd211');
INSERT INTO principal (username, password) VALUES ('interviewee999', 'qwerty');
INSERT INTO interviewee (id, username, age, gender, country, marital_status) VALUES ('5755fbe3-6c93-4691-8d34-64e540fea47e', 'interviewee999', 27, 'male', 'FJ', 'divorced');
INSERT INTO choice (id, questionnaire_id, interviewee_id) VALUES ('a2908335-29fd-4558-a66c-37c19612d804', '2519c51c-9863-4531-85ff-a7ddd5ea08b2', '5755fbe3-6c93-4691-8d34-64e540fea47e');
INSERT INTO option_choice (option_id, choice_id) VALUES ('b2ff87be-cdaa-4b83-bb9c-9946660ea8b8', 'a2908335-29fd-4558-a66c-37c19612d804');